index,id,gene,species
0,ENSMUSG00000023994,NFYA,mus_musculus
0,ENSXETG00000011865,NFYA,xenopus_tropicalis
0,FBgn0035993,NFYA,drosophila_melanogaster
0,WBGene00043056,NFYA,caenorhabditis_elegans
0,ENSG00000001167,NFYA,homo_sapiens
1,ENSMUSG00000035277,ARX,mus_musculus
1,ENSXETG00000021832,ARX,xenopus_tropicalis
1,FBgn0000061,ARX,drosophila_melanogaster
1,ENSG00000004848,ARX,homo_sapiens
2,ENSMUSG00000038210,HOXA11,mus_musculus
2,ENSXETG00000000732,HOXA11,xenopus_tropicalis
2,FBgn0000015,HOXA11,drosophila_melanogaster
2,ENSG00000005073,HOXA11,homo_sapiens
3,ENSMUSG00000001493,MEOX1,mus_musculus
3,FBgn0014949,MEOX1,drosophila_melanogaster
3,ENSG00000005102,MEOX1,homo_sapiens
4,ENSMUSG00000035125,GCFC2,mus_musculus
4,ENSXETG00000007803,GCFC2,xenopus_tropicalis
4,FBgn0037466,GCFC2,drosophila_melanogaster
4,WBGene00009672,GCFC2,caenorhabditis_elegans
4,ENSG00000005436,GCFC2,homo_sapiens
5,ENSMUSG00000024176,SOX8,mus_musculus
5,ENSXETG00000005746,SOX8,xenopus_tropicalis
5,FBgn0024288,SOX8,drosophila_melanogaster
5,ENSG00000005513,SOX8,homo_sapiens
6,ENSMUSG00000097333,ZNF195,mus_musculus
6,ENSG00000005801,ZNF195,homo_sapiens
7,ENSMUSG00000079509,ZFX,mus_musculus
7,ENSXETG00000007785,ZFX,xenopus_tropicalis
7,FBgn0259785,ZFX,drosophila_melanogaster
7,ENSG00000005889,ZFX,homo_sapiens
8,ENSMUSG00000018554,YBX2,mus_musculus
8,ENSXETG00000025267,YBX2,xenopus_tropicalis
8,FBgn0022959,YBX2,drosophila_melanogaster
8,WBGene00000472,YBX2,caenorhabditis_elegans
8,ENSG00000006047,YBX2,homo_sapiens
9,ENSMUSG00000022529,ZNF263,mus_musculus
9,ENSG00000006194,ZNF263,homo_sapiens
10,ENSMUSG00000029754,DLX6,mus_musculus
10,ENSXETG00000016573,DLX6,xenopus_tropicalis
10,FBgn0000157,DLX6,drosophila_melanogaster
10,ENSG00000006377,DLX6,homo_sapiens
11,ENSMUSG00000004151,ETV1,mus_musculus
11,ENSXETG00000005062,ETV1,xenopus_tropicalis
11,FBgn0039225,ETV1,drosophila_melanogaster
11,ENSG00000006468,ETV1,homo_sapiens
12,ENSMUSG00000023079,GTF2IRD1,mus_musculus
12,ENSXETG00000033663,GTF2IRD1,xenopus_tropicalis
12,ENSG00000006704,GTF2IRD1,homo_sapiens
13,ENSMUSG00000027168,PAX6,mus_musculus
13,ENSXETG00000032534,PAX6,xenopus_tropicalis
13,FBgn0019650,PAX6,drosophila_melanogaster
13,WBGene00006870,PAX6,caenorhabditis_elegans
13,ENSG00000007372,PAX6,homo_sapiens
14,ENSMUSG00000002249,TEAD3,mus_musculus
14,FBgn0003345,TEAD3,drosophila_melanogaster
14,WBGene00001208,TEAD3,caenorhabditis_elegans
14,ENSG00000007866,TEAD3,homo_sapiens
15,ENSMUSG00000018983,E2F2,mus_musculus
15,FBgn0011766,E2F2,drosophila_melanogaster
15,WBGene00001162,E2F2,caenorhabditis_elegans
15,ENSG00000007968,E2F2,homo_sapiens
16,ENSMUSG00000038518,JARID2,mus_musculus
16,ENSXETG00000015433,JARID2,xenopus_tropicalis
16,FBgn0036004,JARID2,drosophila_melanogaster
16,ENSG00000008083,JARID2,homo_sapiens
17,ENSMUSG00000025927,TFAP2B,mus_musculus
17,ENSXETG00000021674,TFAP2B,xenopus_tropicalis
17,FBgn0261953,TFAP2B,drosophila_melanogaster
17,WBGene00019424,TFAP2B,caenorhabditis_elegans
17,ENSG00000008196,TFAP2B,homo_sapiens
18,ENSMUSG00000042596,TFAP2D,mus_musculus
18,ENSXETG00000032997,TFAP2D,xenopus_tropicalis
18,FBgn0261953,TFAP2D,drosophila_melanogaster
18,WBGene00019424,TFAP2D,caenorhabditis_elegans
18,ENSG00000008197,TFAP2D,homo_sapiens
19,ENSMUSG00000001911,NFIX,mus_musculus
19,ENSXETG00000016718,NFIX,xenopus_tropicalis
19,FBgn0042696,NFIX,drosophila_melanogaster
19,WBGene00003592,NFIX,caenorhabditis_elegans
19,ENSG00000008441,NFIX,homo_sapiens
20,ENSMUSG00000068823,CSDE1,mus_musculus
20,ENSXETG00000021448,CSDE1,xenopus_tropicalis
20,FBgn0263352,CSDE1,drosophila_melanogaster
20,ENSG00000009307,CSDE1,homo_sapiens
21,ENSMUSG00000028736,PAX7,mus_musculus
21,ENSXETG00000018527,PAX7,xenopus_tropicalis
21,FBgn0001148,PAX7,drosophila_melanogaster
21,WBGene00003939,PAX7,caenorhabditis_elegans
21,ENSG00000009709,PAX7,homo_sapiens
22,ENSMUSG00000005373,MLXIPL,mus_musculus
22,ENSXETG00000030310,MLXIPL,xenopus_tropicalis
22,FBgn0032940,MLXIPL,drosophila_melanogaster
22,WBGene00003378,MLXIPL,caenorhabditis_elegans
22,ENSG00000009950,MLXIPL,homo_sapiens
23,FBgn0000097,ETV7,drosophila_melanogaster
23,WBGene00016798,ETV7,caenorhabditis_elegans
23,ENSG00000010030,ETV7,homo_sapiens
24,ENSG00000010539,ZNF200,homo_sapiens
25,ENSMUSG00000015501,HIVEP2,mus_musculus
25,ENSXETG00000023284,HIVEP2,xenopus_tropicalis
25,FBgn0003396,HIVEP2,drosophila_melanogaster
25,WBGene00004862,HIVEP2,caenorhabditis_elegans
25,ENSG00000010818,HIVEP2,homo_sapiens
26,ENSXETG00000011340,NME1-NME2,xenopus_tropicalis
26,WBGene00009119,NME1-NME2,caenorhabditis_elegans
26,ENSG00000011052,NME1-NME2,homo_sapiens
27,ENSMUSG00000024050,WIZ,mus_musculus
27,ENSXETG00000013026,WIZ,xenopus_tropicalis
27,ENSG00000011451,WIZ,homo_sapiens
28,ENSMUSG00000006310,ZBTB32,mus_musculus
28,ENSG00000011590,ZBTB32,homo_sapiens
29,ENSMUSG00000047638,NR1H4,mus_musculus
29,ENSXETG00000030372,NR1H4,xenopus_tropicalis
29,FBgn0000546,NR1H4,drosophila_melanogaster
29,ENSG00000012504,NR1H4,homo_sapiens
30,ENSMUSG00000056673,KDM5D,mus_musculus
30,ENSXETG00000007178,KDM5D,xenopus_tropicalis
30,FBgn0031759,KDM5D,drosophila_melanogaster
30,WBGene00004319,KDM5D,caenorhabditis_elegans
30,ENSG00000012817,KDM5D,homo_sapiens
31,ENSMUSG00000042258,ISL1,mus_musculus
31,ENSXETG00000004188,ISL1,xenopus_tropicalis
31,FBgn0003896,ISL1,drosophila_melanogaster
31,WBGene00002989,ISL1,caenorhabditis_elegans
31,ENSG00000016082,ISL1,homo_sapiens
32,ENSMUSG00000109398,ZNF582,mus_musculus
32,ENSG00000018869,ZNF582,homo_sapiens
33,ENSMUSG00000022676,SNAI2,mus_musculus
33,ENSXETG00000024006,SNAI2,xenopus_tropicalis
33,FBgn0001981,SNAI2,drosophila_melanogaster
33,ENSG00000019549,SNAI2,homo_sapiens
34,ENSMUSG00000027551,ZFP64,mus_musculus
34,ENSXETG00000012327,ZFP64,xenopus_tropicalis
34,ENSG00000020256,ZFP64,homo_sapiens
35,ENSMUSG00000070691,RUNX3,mus_musculus
35,ENSXETG00000001029,RUNX3,xenopus_tropicalis
35,FBgn0003300,RUNX3,drosophila_melanogaster
35,WBGene00004393,RUNX3,caenorhabditis_elegans
35,ENSG00000020633,RUNX3,homo_sapiens
36,ENSMUSG00000019878,HSF2,mus_musculus
36,ENSXETG00000023290,HSF2,xenopus_tropicalis
36,FBgn0001222,HSF2,drosophila_melanogaster
36,WBGene00002004,HSF2,caenorhabditis_elegans
36,ENSG00000025156,HSF2,homo_sapiens
37,ENSMUSG00000002108,NR1H3,mus_musculus
37,FBgn0000546,NR1H3,drosophila_melanogaster
37,ENSG00000025434,NR1H3,homo_sapiens
38,ENSMUSG00000008496,POU2F2,mus_musculus
38,ENSXETG00000033156,POU2F2,xenopus_tropicalis
38,FBgn0004394,POU2F2,drosophila_melanogaster
38,WBGene00000431,POU2F2,caenorhabditis_elegans
38,ENSG00000028277,POU2F2,homo_sapiens
39,ENSMUSG00000040187,ARNTL2,mus_musculus
39,FBgn0023094,ARNTL2,drosophila_melanogaster
39,ENSG00000029153,ARNTL2,homo_sapiens
40,ENSMUSG00000037608,BCLAF1,mus_musculus
40,ENSXETG00000033794,BCLAF1,xenopus_tropicalis
40,ENSG00000029363,BCLAF1,homo_sapiens
41,ENSXETG00000007740,HMGB3,xenopus_tropicalis
41,FBgn0011764,HMGB3,drosophila_melanogaster
41,WBGene00001972,HMGB3,caenorhabditis_elegans
41,ENSG00000029993,HMGB3,homo_sapiens
42,ENSMUSG00000025997,IKZF2,mus_musculus
42,ENSXETG00000003127,IKZF2,xenopus_tropicalis
42,ENSG00000030419,IKZF2,homo_sapiens
43,ENSMUSG00000048118,ARID4A,mus_musculus
43,ENSXETG00000011968,ARID4A,xenopus_tropicalis
43,FBgn0085451,ARID4A,drosophila_melanogaster
43,WBGene00044689,ARID4A,caenorhabditis_elegans
43,ENSG00000032219,ARID4A,homo_sapiens
44,ENSMUSG00000032405,PIAS1,mus_musculus
44,ENSXETG00000007813,PIAS1,xenopus_tropicalis
44,FBgn0003612,PIAS1,drosophila_melanogaster
44,WBGene00001574,PIAS1,caenorhabditis_elegans
44,ENSG00000033800,PIAS1,homo_sapiens
45,ENSMUSG00000039068,ZZZ3,mus_musculus
45,ENSXETG00000031959,ZZZ3,xenopus_tropicalis
45,FBgn0031876,ZZZ3,drosophila_melanogaster
45,ENSG00000036549,ZZZ3,homo_sapiens
46,ENSMUSG00000001657,HOXC8,mus_musculus
46,ENSXETG00000023476,HOXC8,xenopus_tropicalis
46,FBgn0003944,HOXC8,drosophila_melanogaster
46,ENSG00000037965,HOXC8,homo_sapiens
47,ENSMUSG00000040489,SOX30,mus_musculus
47,FBgn0039938,SOX30,drosophila_melanogaster
47,WBGene00001182,SOX30,caenorhabditis_elegans
47,ENSG00000039600,SOX30,homo_sapiens
48,ENSMUSG00000039759,THAP3,mus_musculus
48,ENSG00000041988,THAP3,homo_sapiens
49,ENSMUSG00000032033,BARX2,mus_musculus
49,ENSXETG00000029918,BARX2,xenopus_tropicalis
49,ENSG00000043039,BARX2,homo_sapiens
50,ENSMUSG00000061524,ZIC2,mus_musculus
50,ENSXETG00000018864,ZIC2,xenopus_tropicalis
50,FBgn0003002,ZIC2,drosophila_melanogaster
50,WBGene00004335,ZIC2,caenorhabditis_elegans
50,ENSG00000043355,ZIC2,homo_sapiens
51,ENSMUSG00000039841,ZNF800,mus_musculus
51,ENSXETG00000022250,ZNF800,xenopus_tropicalis
51,FBgn0037379,ZNF800,drosophila_melanogaster
51,ENSG00000048405,ZNF800,homo_sapiens
52,ENSMUSG00000069729,ARID1B,mus_musculus
52,ENSXETG00000033586,ARID1B,xenopus_tropicalis
52,FBgn0261885,ARID1B,drosophila_melanogaster
52,WBGene00002717,ARID1B,caenorhabditis_elegans
52,ENSG00000049618,ARID1B,homo_sapiens
53,ENSMUSG00000039521,FOXP3,mus_musculus
53,ENSXETG00000031498,FOXP3,xenopus_tropicalis
53,FBgn0262477,FOXP3,drosophila_melanogaster
53,WBGene00001439,FOXP3,caenorhabditis_elegans
53,ENSG00000049768,FOXP3,homo_sapiens
54,ENSMUSG00000029832,NFE2L3,mus_musculus
54,ENSXETG00000012174,NFE2L3,xenopus_tropicalis
54,FBgn0262975,NFE2L3,drosophila_melanogaster
54,ENSG00000050344,NFE2L3,homo_sapiens
55,ENSMUSG00000040310,ALX4,mus_musculus
55,ENSXETG00000007545,ALX4,xenopus_tropicalis
55,ENSG00000052850,ALX4,homo_sapiens
56,ENSMUSG00000033713,FOXN3,mus_musculus
56,ENSXETG00000016645,FOXN3,xenopus_tropicalis
56,FBgn0029504,FOXN3,drosophila_melanogaster
56,ENSG00000053254,FOXN3,homo_sapiens
57,ENSMUSG00000039219,ARID4B,mus_musculus
57,ENSXETG00000024651,ARID4B,xenopus_tropicalis
57,FBgn0085451,ARID4B,drosophila_melanogaster
57,WBGene00044689,ARID4B,caenorhabditis_elegans
57,ENSG00000054267,ARID4B,homo_sapiens
58,ENSMUSG00000050295,FOXC1,mus_musculus
58,ENSXETG00000000594,FOXC1,xenopus_tropicalis
58,FBgn0014143,FOXC1,drosophila_melanogaster
58,ENSG00000054598,FOXC1,homo_sapiens
59,ENSMUSG00000038151,PRDM1,mus_musculus
59,ENSXETG00000008674,PRDM1,xenopus_tropicalis
59,FBgn0035625,PRDM1,drosophila_melanogaster
59,WBGene00003847,PRDM1,caenorhabditis_elegans
59,ENSG00000057657,PRDM1,homo_sapiens
60,ENSMUSG00000055817,MTA3,mus_musculus
60,FBgn0027951,MTA3,drosophila_melanogaster
60,WBGene00003025,MTA3,caenorhabditis_elegans
60,ENSG00000057935,MTA3,homo_sapiens
61,ENSMUSG00000001156,MXD1,mus_musculus
61,ENSXETG00000033966,MXD1,xenopus_tropicalis
61,WBGene00003163,MXD1,caenorhabditis_elegans
61,ENSG00000059728,MXD1,homo_sapiens
62,ENSMUSG00000030189,YBX3,mus_musculus
62,ENSXETG00000016239,YBX3,xenopus_tropicalis
62,FBgn0022959,YBX3,drosophila_melanogaster
62,WBGene00000472,YBX3,caenorhabditis_elegans
62,ENSG00000060138,YBX3,homo_sapiens
63,ENSMUSG00000035041,CREB3L3,mus_musculus
63,WBGene00002783,CREB3L3,caenorhabditis_elegans
63,ENSG00000060566,CREB3L3,homo_sapiens
64,ENSMUSG00000069378,PRDM6,mus_musculus
64,ENSXETG00000010261,PRDM6,xenopus_tropicalis
64,WBGene00018567,PRDM6,caenorhabditis_elegans
64,ENSG00000061455,PRDM6,homo_sapiens
65,ENSMUSG00000052675,ZNF112,mus_musculus
65,FBgn0030005,ZNF112,drosophila_melanogaster
65,ENSG00000062370,ZNF112,homo_sapiens
66,ENSMUSG00000022738,GSC2,mus_musculus
66,FBgn0010323,GSC2,drosophila_melanogaster
66,WBGene00022837,GSC2,caenorhabditis_elegans
66,ENSG00000063515,GSC2,homo_sapiens
67,ENSMUSG00000031365,ZNF275,mus_musculus
67,FBgn0050443,ZNF275,drosophila_melanogaster
67,WBGene00009448,ZNF275,caenorhabditis_elegans
67,ENSG00000063587,ZNF275,homo_sapiens
68,ENSMUSG00000001510,DLX3,mus_musculus
68,ENSXETG00000021919,DLX3,xenopus_tropicalis
68,ENSG00000064195,DLX3,homo_sapiens
69,ENSMUSG00000042372,DMRT3,mus_musculus
69,ENSXETG00000015285,DMRT3,xenopus_tropicalis
69,FBgn0038851,DMRT3,drosophila_melanogaster
69,ENSG00000064218,DMRT3,homo_sapiens
70,ENSMUSG00000079033,BORCS8-MEF2B,mus_musculus
70,FBgn0011656,BORCS8-MEF2B,drosophila_melanogaster
70,WBGene00003182,BORCS8-MEF2B,caenorhabditis_elegans
70,ENSG00000064489,BORCS8-MEF2B,homo_sapiens
71,ENSMUSG00000036120,RFXANK,mus_musculus
71,ENSXETG00000013042,RFXANK,xenopus_tropicalis
71,FBgn0032171,RFXANK,drosophila_melanogaster
71,ENSG00000064490,RFXANK,homo_sapiens
72,ENSMUSG00000004842,POU1F1,mus_musculus
72,ENSXETG00000007637,POU1F1,xenopus_tropicalis
72,ENSG00000064835,POU1F1,homo_sapiens
73,ENSMUSG00000026098,PMS1,mus_musculus
73,ENSXETG00000009885,PMS1,xenopus_tropicalis
73,WBGene00004064,PMS1,caenorhabditis_elegans
73,ENSG00000064933,PMS1,homo_sapiens
74,ENSMUSG00000020232,HMG20B,mus_musculus
74,ENSXETG00000022092,HMG20B,xenopus_tropicalis
74,FBgn0026582,HMG20B,drosophila_melanogaster
74,WBGene00012209,HMG20B,caenorhabditis_elegans
74,ENSG00000064961,HMG20B,homo_sapiens
75,ENSMUSG00000024220,ZNF76,mus_musculus
75,ENSG00000065029,ZNF76,homo_sapiens
76,ENSMUSG00000003154,FOXJ2,mus_musculus
76,ENSXETG00000027639,FOXJ2,xenopus_tropicalis
76,ENSG00000065970,FOXJ2,homo_sapiens
77,ENSMUSG00000028639,YBX1,mus_musculus
77,ENSXETG00000013436,YBX1,xenopus_tropicalis
77,FBgn0022959,YBX1,drosophila_melanogaster
77,WBGene00000472,YBX1,caenorhabditis_elegans
77,ENSG00000065978,YBX1,homo_sapiens
78,ENSMUSG00000032897,NFYC,mus_musculus
78,ENSXETG00000025363,NFYC,xenopus_tropicalis
78,FBgn0029905,NFYC,drosophila_melanogaster
78,WBGene00017742,NFYC,caenorhabditis_elegans
78,ENSG00000066136,NFYC,homo_sapiens
79,ENSMUSG00000002111,SPI1,mus_musculus
79,ENSXETG00000007913,SPI1,xenopus_tropicalis
79,ENSG00000066336,SPI1,homo_sapiens
80,ENSMUSG00000022601,ZBTB11,mus_musculus
80,ENSXETG00000021364,ZBTB11,xenopus_tropicalis
80,FBgn0030003,ZBTB11,drosophila_melanogaster
80,WBGene00013734,ZBTB11,caenorhabditis_elegans
80,ENSG00000066422,ZBTB11,homo_sapiens
81,ENSMUSG00000022335,ZFAT,mus_musculus
81,ENSXETG00000020631,ZFAT,xenopus_tropicalis
81,WBGene00016154,ZFAT,caenorhabditis_elegans
81,ENSG00000066827,ZFAT,homo_sapiens
82,ENSMUSG00000094915,SP100,mus_musculus
82,ENSXETG00000032669,SP100,xenopus_tropicalis
82,ENSG00000067066,SP100,homo_sapiens
83,ENSMUSG00000000078,KLF6,mus_musculus
83,FBgn0040765,KLF6,drosophila_melanogaster
83,ENSG00000067082,KLF6,homo_sapiens
84,ENSMUSG00000079509,ZFY,mus_musculus
84,ENSXETG00000007785,ZFY,xenopus_tropicalis
84,FBgn0259785,ZFY,drosophila_melanogaster
84,ENSG00000067646,ZFY,homo_sapiens
85,ENSMUSG00000031885,CBFB,mus_musculus
85,ENSXETG00000020027,CBFB,xenopus_tropicalis
85,FBgn0013755,CBFB,drosophila_melanogaster
85,ENSG00000067955,CBFB,homo_sapiens
86,ENSMUSG00000030557,MEF2A,mus_musculus
86,ENSXETG00000018788,MEF2A,xenopus_tropicalis
86,FBgn0011656,MEF2A,drosophila_melanogaster
86,WBGene00003182,MEF2A,caenorhabditis_elegans
86,ENSG00000068305,MEF2A,homo_sapiens
87,ENSMUSG00000000134,TFE3,mus_musculus
87,ENSXETG00000019114,TFE3,xenopus_tropicalis
87,FBgn0263112,TFE3,drosophila_melanogaster
87,WBGene00020930,TFE3,caenorhabditis_elegans
87,ENSG00000068323,TFE3,homo_sapiens
88,ENSMUSG00000021506,PITX1,mus_musculus
88,ENSXETG00000010401,PITX1,xenopus_tropicalis
88,FBgn0020912,PITX1,drosophila_melanogaster
88,WBGene00006766,PITX1,caenorhabditis_elegans
88,ENSG00000069011,PITX1,homo_sapiens
89,ENSMUSG00000032238,RORA,mus_musculus
89,ENSXETG00000021123,RORA,xenopus_tropicalis
89,FBgn0000448,RORA,drosophila_melanogaster
89,WBGene00003622,RORA,caenorhabditis_elegans
89,ENSG00000069667,RORA,homo_sapiens
90,ENSMUSG00000028940,HES2,mus_musculus
90,ENSXETG00000001163,HES2,xenopus_tropicalis
90,ENSG00000069812,HES2,homo_sapiens
91,ENSMUSG00000000282,MNT,mus_musculus
91,ENSXETG00000019434,MNT,xenopus_tropicalis
91,FBgn0023215,MNT,drosophila_melanogaster
91,ENSG00000070444,MNT,homo_sapiens
92,ENSMUSG00000034430,ZXDC,mus_musculus
92,ENSXETG00000011547,ZXDC,xenopus_tropicalis
92,FBgn0030787,ZXDC,drosophila_melanogaster
92,ENSG00000070476,ZXDC,homo_sapiens
93,ENSMUSG00000020167,TCF3,mus_musculus
93,ENSXETG00000013589,TCF3,xenopus_tropicalis
93,FBgn0000413,TCF3,drosophila_melanogaster
93,WBGene00001949,TCF3,caenorhabditis_elegans
93,ENSG00000071564,TCF3,homo_sapiens
94,ENSMUSG00000035478,MBD3,mus_musculus
94,FBgn0027950,MBD3,drosophila_melanogaster
94,ENSG00000071655,MBD3,homo_sapiens
95,ENSMUSG00000020538,SREBF1,mus_musculus
95,ENSXETG00000012160,SREBF1,xenopus_tropicalis
95,FBgn0261283,SREBF1,drosophila_melanogaster
95,WBGene00004735,SREBF1,caenorhabditis_elegans
95,ENSG00000072310,SREBF1,homo_sapiens
96,ENSMUSG00000049470,AFF4,mus_musculus
96,ENSXETG00000004169,AFF4,xenopus_tropicalis
96,FBgn0041111,AFF4,drosophila_melanogaster
96,ENSG00000072364,AFF4,homo_sapiens
97,ENSMUSG00000031902,NFATC3,mus_musculus
97,ENSXETG00000005812,NFATC3,xenopus_tropicalis
97,FBgn0030505,NFATC3,drosophila_melanogaster
97,ENSG00000072736,NFATC3,homo_sapiens
98,ENSMUSG00000022510,TP63,mus_musculus
98,ENSXETG00000026303,TP63,xenopus_tropicalis
98,ENSG00000073282,TP63,homo_sapiens
99,ENSMUSG00000037935,SMARCE1,mus_musculus
99,ENSXETG00000021355,SMARCE1,xenopus_tropicalis
99,FBgn0030093,SMARCE1,drosophila_melanogaster
99,WBGene00022182,SMARCE1,caenorhabditis_elegans
99,ENSG00000073584,SMARCE1,homo_sapiens
100,ENSMUSG00000030180,KDM5A,mus_musculus
100,ENSXETG00000003642,KDM5A,xenopus_tropicalis
100,FBgn0031759,KDM5A,drosophila_melanogaster
100,WBGene00004319,KDM5A,caenorhabditis_elegans
100,ENSG00000073614,KDM5A,homo_sapiens
101,ENSMUSG00000001444,TBX21,mus_musculus
101,WBGene00044798,TBX21,caenorhabditis_elegans
101,ENSG00000073861,TBX21,homo_sapiens
102,ENSMUSG00000048402,GLI2,mus_musculus
102,FBgn0004859,GLI2,drosophila_melanogaster
102,WBGene00010936,GLI2,caenorhabditis_elegans
102,ENSG00000074047,GLI2,homo_sapiens
103,ENSMUSG00000030796,TEAD2,mus_musculus
103,ENSXETG00000003395,TEAD2,xenopus_tropicalis
103,FBgn0003345,TEAD2,drosophila_melanogaster
103,WBGene00001208,TEAD2,caenorhabditis_elegans
103,ENSG00000074219,TEAD2,homo_sapiens
104,ENSMUSG00000042439,ZNF532,mus_musculus
104,ENSXETG00000021148,ZNF532,xenopus_tropicalis
104,ENSG00000074657,ZNF532,homo_sapiens
105,ENSG00000075407,ZNF37A,homo_sapiens
106,ENSMUSG00000029135,FOSL2,mus_musculus
106,ENSXETG00000010208,FOSL2,xenopus_tropicalis
106,FBgn0001297,FOSL2,drosophila_melanogaster
106,ENSG00000075426,FOSL2,homo_sapiens
107,ENSMUSG00000004231,PAX2,mus_musculus
107,ENSXETG00000014206,PAX2,xenopus_tropicalis
107,FBgn0005561,PAX2,drosophila_melanogaster
107,WBGene00001204,PAX2,caenorhabditis_elegans
107,ENSG00000075891,PAX2,homo_sapiens
108,ENSMUSG00000040054,BAZ2A,mus_musculus
108,ENSXETG00000021782,BAZ2A,xenopus_tropicalis
108,FBgn0033636,BAZ2A,drosophila_melanogaster
108,WBGene00001470,BAZ2A,caenorhabditis_elegans
108,ENSG00000076108,BAZ2A,homo_sapiens
109,ENSMUSG00000017491,RARB,mus_musculus
109,ENSXETG00000007272,RARB,xenopus_tropicalis
109,ENSG00000077092,RARB,homo_sapiens
110,ENSMUSG00000025225,NFKB2,mus_musculus
110,ENSXETG00000000013,NFKB2,xenopus_tropicalis
110,FBgn0014018,NFKB2,drosophila_melanogaster
110,ENSG00000077150,NFKB2,homo_sapiens
112,ENSMUSG00000025423,PIAS2,mus_musculus
112,ENSXETG00000021519,PIAS2,xenopus_tropicalis
112,FBgn0003612,PIAS2,drosophila_melanogaster
112,WBGene00001574,PIAS2,caenorhabditis_elegans
112,ENSG00000078043,PIAS2,homo_sapiens
113,ENSMUSG00000001521,TULP3,mus_musculus
113,ENSXETG00000001314,TULP3,xenopus_tropicalis
113,ENSG00000078246,TULP3,homo_sapiens
114,ENSMUSG00000038227,HOXA9,mus_musculus
114,ENSXETG00000000724,HOXA9,xenopus_tropicalis
114,FBgn0000015,HOXA9,drosophila_melanogaster
114,ENSG00000078399,HOXA9,homo_sapiens
115,ENSMUSG00000026743,MLLT10,mus_musculus
115,ENSXETG00000007391,MLLT10,xenopus_tropicalis
115,FBgn0261238,MLLT10,drosophila_melanogaster
115,WBGene00006975,MLLT10,caenorhabditis_elegans
115,ENSG00000078403,MLLT10,homo_sapiens
116,ENSMUSG00000029026,TP73,mus_musculus
116,ENSXETG00000005019,TP73,xenopus_tropicalis
116,ENSG00000078900,TP73,homo_sapiens
117,ENSMUSG00000079192,SP140,mus_musculus
117,ENSXETG00000032669,SP140,xenopus_tropicalis
117,ENSG00000079263,SP140,homo_sapiens
118,ENSMUSG00000005442,CIC,mus_musculus
118,ENSXETG00000030813,CIC,xenopus_tropicalis
118,FBgn0262582,CIC,drosophila_melanogaster
118,ENSG00000079432,CIC,homo_sapiens
119,ENSMUSG00000040929,RFX3,mus_musculus
119,ENSXETG00000011698,RFX3,xenopus_tropicalis
119,FBgn0020379,RFX3,drosophila_melanogaster
119,WBGene00000914,RFX3,caenorhabditis_elegans
119,ENSG00000080298,RFX3,homo_sapiens
120,ENSMUSG00000000782,TCF7,mus_musculus
120,ENSXETG00000016100,TCF7,xenopus_tropicalis
120,FBgn0085432,TCF7,drosophila_melanogaster
120,WBGene00004077,TCF7,caenorhabditis_elegans
120,ENSG00000081059,TCF7,homo_sapiens
121,ENSMUSG00000005583,MEF2C,mus_musculus
121,ENSXETG00000007038,MEF2C,xenopus_tropicalis
121,FBgn0011656,MEF2C,drosophila_melanogaster
121,WBGene00003182,MEF2C,caenorhabditis_elegans
121,ENSG00000081189,MEF2C,homo_sapiens
122,ENSMUSG00000056824,ZNF510,mus_musculus
122,ENSG00000081386,ZNF510,homo_sapiens
123,ENSMUSG00000097333,ZNF506,mus_musculus
123,ENSG00000081665,ZNF506,homo_sapiens
124,ENSMUSG00000031870,PGR,mus_musculus
124,ENSXETG00000005482,PGR,xenopus_tropicalis
124,ENSG00000082175,PGR,homo_sapiens
125,ENSMUSG00000038615,NFE2L1,mus_musculus
125,ENSXETG00000021958,NFE2L1,xenopus_tropicalis
125,FBgn0262975,NFE2L1,drosophila_melanogaster
125,ENSG00000082641,NFE2L1,homo_sapiens
126,ENSMUSG00000022286,GRHL2,mus_musculus
126,ENSXETG00000006632,GRHL2,xenopus_tropicalis
126,FBgn0259211,GRHL2,drosophila_melanogaster
126,WBGene00001707,GRHL2,caenorhabditis_elegans
126,ENSG00000083307,GRHL2,homo_sapiens
127,ENSMUSG00000004500,ZNF324,mus_musculus
127,WBGene00018740,ZNF324,caenorhabditis_elegans
127,ENSG00000083812,ZNF324,homo_sapiens
128,ENSG00000083814,ZNF671,homo_sapiens
129,ENSMUSG00000034538,ZNF416,mus_musculus
129,ENSG00000083817,ZNF416,homo_sapiens
130,ENSG00000083828,ZNF586,homo_sapiens
131,ENSMUSG00000033961,ZNF446,mus_musculus
131,ENSG00000083838,ZNF446,homo_sapiens
133,ENSG00000083844,ZNF264,homo_sapiens
134,ENSMUSG00000029249,REST,mus_musculus
134,ENSXETG00000005323,REST,xenopus_tropicalis
134,FBgn0001180,REST,drosophila_melanogaster
134,WBGene00001824,REST,caenorhabditis_elegans
134,ENSG00000084093,REST,homo_sapiens
135,ENSMUSG00000037730,MYNN,mus_musculus
135,ENSXETG00000033131,MYNN,xenopus_tropicalis
135,FBgn0034643,MYNN,drosophila_melanogaster
135,ENSG00000085274,MYNN,homo_sapiens
136,ENSMUSG00000027684,MECOM,mus_musculus
136,ENSXETG00000022839,MECOM,xenopus_tropicalis
136,FBgn0032707,MECOM,drosophila_melanogaster
136,WBGene00001207,MECOM,caenorhabditis_elegans
136,ENSG00000085276,MECOM,homo_sapiens
137,ENSMUSG00000071256,ZNF213,mus_musculus
137,ENSG00000085644,ZNF213,homo_sapiens
138,ENSMUSG00000028423,NFX1,mus_musculus
138,ENSXETG00000014997,NFX1,xenopus_tropicalis
138,FBgn0001978,NFX1,drosophila_melanogaster
138,WBGene00007048,NFX1,caenorhabditis_elegans
138,ENSG00000086102,NFX1,homo_sapiens
139,ENSMUSG00000028640,TFAP2C,mus_musculus
139,ENSXETG00000012025,TFAP2C,xenopus_tropicalis
139,FBgn0261953,TFAP2C,drosophila_melanogaster
139,WBGene00019424,TFAP2C,caenorhabditis_elegans
139,ENSG00000087510,TFAP2C,homo_sapiens
140,ENSMUSG00000024206,RFX2,mus_musculus
140,ENSXETG00000021877,RFX2,xenopus_tropicalis
140,FBgn0020379,RFX2,drosophila_melanogaster
140,WBGene00000914,RFX2,caenorhabditis_elegans
140,ENSG00000087903,RFX2,homo_sapiens
141,ENSG00000088876,ZNF343,homo_sapiens
142,ENSMUSG00000053552,EBF4,mus_musculus
142,ENSXETG00000030294,EBF4,xenopus_tropicalis
142,FBgn0001319,EBF4,drosophila_melanogaster
142,WBGene00006743,EBF4,caenorhabditis_elegans
142,ENSG00000088881,EBF4,homo_sapiens
143,ENSMUSG00000029595,LHX5,mus_musculus
143,ENSXETG00000017665,LHX5,xenopus_tropicalis
143,FBgn0026411,LHX5,drosophila_melanogaster
143,WBGene00003000,LHX5,caenorhabditis_elegans
143,ENSG00000089116,LHX5,homo_sapiens
144,ENSMUSG00000018263,TBX5,mus_musculus
144,ENSXETG00000017688,TBX5,xenopus_tropicalis
144,ENSG00000089225,TBX5,homo_sapiens
145,ENSG00000089335,ZNF302,homo_sapiens
146,ENSMUSG00000004071,CDIP1,mus_musculus
146,ENSXETG00000013161,CDIP1,xenopus_tropicalis
146,FBgn0052280,CDIP1,drosophila_melanogaster
146,WBGene00009484,CDIP1,caenorhabditis_elegans
146,ENSG00000089486,CDIP1,homo_sapiens
147,ENSMUSG00000056459,ZBTB25,mus_musculus
147,ENSXETG00000022529,ZBTB25,xenopus_tropicalis
147,ENSG00000089775,ZBTB25,homo_sapiens
148,ENSMUSG00000037896,RCOR1,mus_musculus
148,ENSXETG00000012743,RCOR1,xenopus_tropicalis
148,FBgn0261573,RCOR1,drosophila_melanogaster
148,WBGene00001565,RCOR1,caenorhabditis_elegans
148,ENSG00000089902,RCOR1,homo_sapiens
149,ENSMUSG00000005718,TFAP4,mus_musculus
149,ENSXETG00000033922,TFAP4,xenopus_tropicalis
149,FBgn0001994,TFAP4,drosophila_melanogaster
149,WBGene00001955,TFAP4,caenorhabditis_elegans
149,ENSG00000090447,TFAP4,homo_sapiens
150,ENSXETG00000007423,ZNF268,xenopus_tropicalis
150,ENSG00000090612,ZNF268,homo_sapiens
151,ENSMUSG00000008206,CERS4,mus_musculus
151,FBgn0040918,CERS4,drosophila_melanogaster
151,WBGene00002043,CERS4,caenorhabditis_elegans
151,ENSG00000090661,CERS4,homo_sapiens
152,ENSMUSG00000024497,POU4F3,mus_musculus
152,ENSXETG00000032363,POU4F3,xenopus_tropicalis
152,FBgn0000028,POU4F3,drosophila_melanogaster
152,WBGene00006818,POU4F3,caenorhabditis_elegans
152,ENSG00000091010,POU4F3,homo_sapiens
153,ENSMUSG00000025255,ZFHX4,mus_musculus
153,ENSXETG00000017151,ZFHX4,xenopus_tropicalis
153,FBgn0004607,ZFHX4,drosophila_melanogaster
153,WBGene00022518,ZFHX4,caenorhabditis_elegans
153,ENSG00000091656,ZFHX4,homo_sapiens
154,ENSMUSG00000019768,ESR1,mus_musculus
154,ENSXETG00000012364,ESR1,xenopus_tropicalis
154,ENSG00000091831,ESR1,homo_sapiens
155,ENSMUSG00000052435,CEBPE,mus_musculus
155,ENSXETG00000032559,CEBPE,xenopus_tropicalis
155,WBGene00016754,CEBPE,caenorhabditis_elegans
155,ENSG00000092067,CEBPE,homo_sapiens
156,ENSMUSG00000016831,TOX4,mus_musculus
156,ENSXETG00000017183,TOX4,xenopus_tropicalis
156,FBgn0035238,TOX4,drosophila_melanogaster
156,ENSG00000092203,TOX4,homo_sapiens
157,ENSMUSG00000027868,TBX15,mus_musculus
157,ENSXETG00000032807,TBX15,xenopus_tropicalis
157,ENSG00000092607,TBX15,homo_sapiens
158,ENSMUSG00000040167,IKZF5,mus_musculus
158,ENSXETG00000009559,IKZF5,xenopus_tropicalis
158,ENSG00000095574,IKZF5,homo_sapiens
159,ENSMUSG00000063889,CREM,mus_musculus
159,FBgn0265784,CREM,drosophila_melanogaster
159,WBGene00000793,CREM,caenorhabditis_elegans
159,ENSG00000095794,CREM,homo_sapiens
160,ENSMUSG00000021366,HIVEP1,mus_musculus
160,ENSXETG00000015441,HIVEP1,xenopus_tropicalis
160,FBgn0003396,HIVEP1,drosophila_melanogaster
160,WBGene00004862,HIVEP1,caenorhabditis_elegans
160,ENSG00000095951,HIVEP1,homo_sapiens
161,ENSMUSG00000023932,CDC5L,mus_musculus
161,ENSXETG00000007885,CDC5L,xenopus_tropicalis
161,FBgn0265574,CDC5L,drosophila_melanogaster
161,WBGene00008386,CDC5L,caenorhabditis_elegans
161,ENSG00000096401,CDC5L,homo_sapiens
162,ENSMUSG00000006720,ZNF184,mus_musculus
162,ENSG00000096654,ZNF184,homo_sapiens
163,ENSMUSG00000030380,MZF1,mus_musculus
163,ENSG00000099326,MZF1,homo_sapiens
164,ENSMUSG00000022761,LZTR1,mus_musculus
164,ENSXETG00000008276,LZTR1,xenopus_tropicalis
164,FBgn0040344,LZTR1,drosophila_melanogaster
164,ENSG00000099949,LZTR1,homo_sapiens
165,ENSMUSG00000020453,PATZ1,mus_musculus
165,ENSXETG00000004190,PATZ1,xenopus_tropicalis
165,ENSG00000100105,PATZ1,homo_sapiens
166,ENSMUSG00000033006,SOX10,mus_musculus
166,ENSXETG00000022348,SOX10,xenopus_tropicalis
166,FBgn0024288,SOX10,drosophila_melanogaster
166,ENSG00000100146,SOX10,homo_sapiens
167,ENSMUSG00000020484,XBP1,mus_musculus
167,ENSXETG00000027416,XBP1,xenopus_tropicalis
167,FBgn0021872,XBP1,drosophila_melanogaster
167,WBGene00006959,XBP1,caenorhabditis_elegans
167,ENSG00000100219,XBP1,homo_sapiens
168,ENSMUSG00000034518,HMGXB4,mus_musculus
168,ENSXETG00000006340,HMGXB4,xenopus_tropicalis
168,FBgn0029936,HMGXB4,drosophila_melanogaster
168,ENSG00000100281,HMGXB4,homo_sapiens
169,ENSMUSG00000034333,ZBED4,mus_musculus
169,ENSXETG00000014526,ZBED4,xenopus_tropicalis
169,FBgn0031874,ZBED4,drosophila_melanogaster
169,WBGene00015247,ZBED4,caenorhabditis_elegans
169,ENSG00000100426,ZBED4,homo_sapiens
170,ENSMUSG00000034460,SIX4,mus_musculus
170,ENSXETG00000016941,SIX4,xenopus_tropicalis
170,ENSG00000100625,SIX4,homo_sapiens
171,ENSMUSG00000021109,HIF1A,mus_musculus
171,ENSXETG00000014449,HIF1A,xenopus_tropicalis
171,FBgn0266411,HIF1A,drosophila_melanogaster
171,WBGene00001851,HIF1A,caenorhabditis_elegans
171,ENSG00000100644,HIF1A,homo_sapiens
172,ENSMUSG00000021264,YY1,mus_musculus
172,ENSXETG00000002527,YY1,xenopus_tropicalis
172,FBgn0035997,YY1,drosophila_melanogaster
172,ENSG00000100811,YY1,homo_sapiens
173,ENSMUSG00000023411,NFATC4,mus_musculus
173,ENSXETG00000016887,NFATC4,xenopus_tropicalis
173,FBgn0030505,NFATC4,drosophila_melanogaster
173,ENSG00000100968,NFATC4,homo_sapiens
174,ENSMUSG00000033080,VSX1,mus_musculus
174,ENSXETG00000012786,VSX1,xenopus_tropicalis
174,FBgn0263512,VSX1,drosophila_melanogaster
174,WBGene00000435,VSX1,caenorhabditis_elegans
174,ENSG00000100987,VSX1,homo_sapiens
175,ENSMUSG00000017861,MYBL2,mus_musculus
175,ENSXETG00000012125,MYBL2,xenopus_tropicalis
175,FBgn0002914,MYBL2,drosophila_melanogaster
175,ENSG00000101057,MYBL2,homo_sapiens
176,ENSMUSG00000017950,HNF4A,mus_musculus
176,ENSXETG00000001775,HNF4A,xenopus_tropicalis
176,FBgn0004914,HNF4A,drosophila_melanogaster
176,WBGene00003654,HNF4A,caenorhabditis_elegans
176,ENSG00000101076,HNF4A,homo_sapiens
177,ENSMUSG00000027544,NFATC2,mus_musculus
177,ENSXETG00000012311,NFATC2,xenopus_tropicalis
177,FBgn0030505,NFATC2,drosophila_melanogaster
177,ENSG00000101096,NFATC2,homo_sapiens
178,ENSMUSG00000027547,SALL4,mus_musculus
178,ENSXETG00000012326,SALL4,xenopus_tropicalis
178,FBgn0000287,SALL4,drosophila_melanogaster
178,WBGene00004773,SALL4,caenorhabditis_elegans
178,ENSG00000101115,SALL4,homo_sapiens
179,ENSMUSG00000051149,ADNP,mus_musculus
179,ENSXETG00000012300,ADNP,xenopus_tropicalis
179,ENSG00000101126,ADNP,homo_sapiens
180,ENSMUSG00000038932,TCFL5,mus_musculus
180,ENSG00000101190,TCFL5,homo_sapiens
181,ENSMUSG00000038705,GMEB2,mus_musculus
181,ENSXETG00000016232,GMEB2,xenopus_tropicalis
181,WBGene00015285,GMEB2,caenorhabditis_elegans
181,ENSG00000101216,GMEB2,homo_sapiens
182,ENSMUSG00000027490,E2F1,mus_musculus
182,ENSXETG00000021428,E2F1,xenopus_tropicalis
182,FBgn0011766,E2F1,drosophila_melanogaster
182,WBGene00001162,E2F1,caenorhabditis_elegans
182,ENSG00000101412,E2F1,homo_sapiens
183,ENSMUSG00000058881,ZNF516,mus_musculus
183,ENSG00000101493,ZNF516,homo_sapiens
184,ENSMUSG00000053950,ADNP2,mus_musculus
184,ENSXETG00000014810,ADNP2,xenopus_tropicalis
184,ENSG00000101544,ADNP2,homo_sapiens
185,ENSMUSG00000025880,SMAD7,mus_musculus
185,ENSXETG00000020317,SMAD7,xenopus_tropicalis
185,FBgn0020493,SMAD7,drosophila_melanogaster
185,ENSG00000101665,SMAD7,homo_sapiens
186,ENSMUSG00000053909,RHOXF1,mus_musculus
186,FBgn0011701,RHOXF1,drosophila_melanogaster
186,WBGene00020485,RHOXF1,caenorhabditis_elegans
186,ENSG00000101883,RHOXF1,homo_sapiens
187,ENSMUSG00000031103,ELF4,mus_musculus
187,FBgn0000567,ELF4,drosophila_melanogaster
187,WBGene00016029,ELF4,caenorhabditis_elegans
187,ENSG00000102034,ELF4,homo_sapiens
188,ENSMUSG00000031162,GATA1,mus_musculus
188,ENSXETG00000018547,GATA1,xenopus_tropicalis
188,FBgn0001138,GATA1,drosophila_melanogaster
188,WBGene00001249,GATA1,caenorhabditis_elegans
188,ENSG00000102145,GATA1,homo_sapiens
189,ENSMUSG00000041649,KLF8,mus_musculus
189,ENSXETG00000009616,KLF8,xenopus_tropicalis
189,ENSG00000102349,KLF8,homo_sapiens
190,ENSMUSG00000005148,KLF5,mus_musculus
190,ENSXETG00000004715,KLF5,xenopus_tropicalis
190,FBgn0263239,KLF5,drosophila_melanogaster
190,WBGene00009998,KLF5,caenorhabditis_elegans
190,ENSG00000102554,KLF5,homo_sapiens
191,ENSMUSG00000022010,TSC22D1,mus_musculus
191,WBGene00011824,TSC22D1,caenorhabditis_elegans
191,ENSG00000102804,TSC22D1,homo_sapiens
192,ENSMUSG00000045639,ZNF629,mus_musculus
192,ENSG00000102870,ZNF629,homo_sapiens
193,ENSMUSG00000033249,HSF4,mus_musculus
193,ENSXETG00000030007,HSF4,xenopus_tropicalis
193,FBgn0001222,HSF4,drosophila_melanogaster
193,WBGene00002004,HSF4,caenorhabditis_elegans
193,ENSG00000102878,HSF4,homo_sapiens
194,ENSMUSG00000003847,NFAT5,mus_musculus
194,ENSXETG00000017861,NFAT5,xenopus_tropicalis
194,FBgn0030505,NFAT5,drosophila_melanogaster
194,ENSG00000102908,NFAT5,homo_sapiens
195,ENSMUSG00000045333,ZNF423,mus_musculus
195,ENSXETG00000002339,ZNF423,xenopus_tropicalis
195,FBgn0014931,ZNF423,drosophila_melanogaster
195,ENSG00000102935,ZNF423,homo_sapiens
196,ENSMUSG00000005698,CTCF,mus_musculus
196,ENSXETG00000015615,CTCF,xenopus_tropicalis
196,FBgn0035769,CTCF,drosophila_melanogaster
196,ENSG00000102974,CTCF,homo_sapiens
197,ENSG00000103199,ZNF500,homo_sapiens
198,ENSMUSG00000042812,FOXF1,mus_musculus
198,ENSXETG00000003565,FOXF1,xenopus_tropicalis
198,FBgn0045759,FOXF1,drosophila_melanogaster
198,ENSG00000103241,FOXF1,homo_sapiens
199,ENSMUSG00000037326,CAPN15,mus_musculus
199,ENSXETG00000010331,CAPN15,xenopus_tropicalis
199,FBgn0003464,CAPN15,drosophila_melanogaster
199,WBGene00021041,CAPN15,caenorhabditis_elegans
199,ENSG00000103326,CAPN15,homo_sapiens
200,ENSMUSG00000054939,ZNF174,mus_musculus
200,ENSG00000103343,ZNF174,homo_sapiens
201,ENSMUSG00000031665,SALL1,mus_musculus
201,ENSXETG00000018417,SALL1,xenopus_tropicalis
201,FBgn0000287,SALL1,drosophila_melanogaster
201,WBGene00004773,SALL1,caenorhabditis_elegans
201,ENSG00000103449,SALL1,homo_sapiens
202,ENSMUSG00000043668,TOX3,mus_musculus
202,ENSXETG00000006442,TOX3,xenopus_tropicalis
202,ENSG00000103460,TOX3,homo_sapiens
203,ENSMUSG00000030678,MAZ,mus_musculus
203,ENSXETG00000004675,MAZ,xenopus_tropicalis
203,ENSG00000103495,MAZ,homo_sapiens
204,ENSMUSG00000027361,GABPB1,mus_musculus
204,ENSXETG00000016116,GABPB1,xenopus_tropicalis
204,FBgn0052343,GABPB1,drosophila_melanogaster
204,ENSG00000104064,GABPB1,homo_sapiens
205,ENSMUSG00000027201,MYEF2,mus_musculus
205,ENSXETG00000018412,MYEF2,xenopus_tropicalis
205,FBgn0267790,MYEF2,drosophila_melanogaster
205,WBGene00007706,MYEF2,caenorhabditis_elegans
205,ENSG00000104177,MYEF2,homo_sapiens
206,ENSMUSG00000038679,TRPS1,mus_musculus
206,ENSXETG00000016286,TRPS1,xenopus_tropicalis
206,ENSG00000104447,TRPS1,homo_sapiens
207,ENSMUSG00000023467,TULP2,mus_musculus
207,ENSXETG00000021227,TULP2,xenopus_tropicalis
207,ENSG00000104804,TULP2,homo_sapiens
208,ENSMUSG00000002983,RELB,mus_musculus
208,ENSXETG00000031521,RELB,xenopus_tropicalis
208,FBgn0260632,RELB,drosophila_melanogaster
208,ENSG00000104856,RELB,homo_sapiens
209,ENSMUSG00000034041,LYL1,mus_musculus
209,ENSG00000104903,LYL1,homo_sapiens
210,ENSG00000105136,ZNF419,homo_sapiens
211,ENSMUSG00000004934,PIAS4,mus_musculus
211,ENSXETG00000006386,PIAS4,xenopus_tropicalis
211,FBgn0003612,PIAS4,drosophila_melanogaster
211,WBGene00001574,PIAS4,caenorhabditis_elegans
211,ENSG00000105229,PIAS4,homo_sapiens
212,ENSMUSG00000100512,OVOL3,mus_musculus
212,ENSXETG00000030032,OVOL3,xenopus_tropicalis
212,FBgn0003028,OVOL3,drosophila_melanogaster
212,WBGene00003033,OVOL3,caenorhabditis_elegans
212,ENSG00000105261,OVOL3,homo_sapiens
213,ENSMUSG00000041578,CRX,mus_musculus
213,ENSXETG00000013025,CRX,xenopus_tropicalis
213,ENSG00000105392,CRX,homo_sapiens
214,ENSMUSG00000041420,MEIS3,mus_musculus
214,ENSXETG00000002807,MEIS3,xenopus_tropicalis
214,FBgn0001235,MEIS3,drosophila_melanogaster
214,WBGene00006796,MEIS3,caenorhabditis_elegans
214,ENSG00000105419,MEIS3,homo_sapiens
215,ENSMUSG00000056592,ZNF175,mus_musculus
215,ENSXETG00000007423,ZNF175,xenopus_tropicalis
215,ENSG00000105497,ZNF175,homo_sapiens
216,ENSMUSG00000059824,DBP,mus_musculus
216,ENSXETG00000003160,DBP,xenopus_tropicalis
216,WBGene00000469,DBP,caenorhabditis_elegans
216,ENSG00000105516,DBP,homo_sapiens
217,ENSMUSG00000054191,KLF1,mus_musculus
217,ENSG00000105610,KLF1,homo_sapiens
218,ENSMUSG00000006311,ETV2,mus_musculus
218,ENSXETG00000027926,ETV2,xenopus_tropicalis
218,FBgn0003118,ETV2,drosophila_melanogaster
218,ENSG00000105672,ETV2,homo_sapiens
219,ENSMUSG00000058239,USF2,mus_musculus
219,ENSXETG00000022225,USF2,xenopus_tropicalis
219,FBgn0029711,USF2,drosophila_melanogaster
219,ENSG00000105698,USF2,homo_sapiens
220,ENSG00000105708,ZNF14,homo_sapiens
221,ENSMUSG00000031860,PBX4,mus_musculus
221,FBgn0000611,PBX4,drosophila_melanogaster
221,WBGene00000443,PBX4,caenorhabditis_elegans
221,ENSG00000105717,PBX4,homo_sapiens
222,ENSMUSG00000040857,ERF,mus_musculus
222,ENSXETG00000012067,ERF,xenopus_tropicalis
222,ENSG00000105722,ERF,homo_sapiens
223,ENSMUSG00000045252,ZNF574,mus_musculus
223,ENSXETG00000027536,ZNF574,xenopus_tropicalis
223,ENSG00000105732,ZNF574,homo_sapiens
224,ENSMUSG00000097333,ZNF85,mus_musculus
224,ENSG00000105750,ZNF85,homo_sapiens
225,ENSMUSG00000029014,DNAJC2,mus_musculus
225,ENSXETG00000023108,DNAJC2,xenopus_tropicalis
225,FBgn0037051,DNAJC2,drosophila_melanogaster
225,WBGene00001029,DNAJC2,caenorhabditis_elegans
225,ENSG00000105821,DNAJC2,homo_sapiens
226,ENSMUSG00000002996,HBP1,mus_musculus
226,ENSXETG00000005922,HBP1,xenopus_tropicalis
226,ENSG00000105856,HBP1,homo_sapiens
227,ENSMUSG00000025323,SP4,mus_musculus
227,ENSXETG00000007429,SP4,xenopus_tropicalis
227,FBgn0039169,SP4,drosophila_melanogaster
227,WBGene00012735,SP4,caenorhabditis_elegans
227,ENSG00000105866,SP4,homo_sapiens
228,ENSMUSG00000029755,DLX5,mus_musculus
228,ENSXETG00000016572,DLX5,xenopus_tropicalis
228,ENSG00000105880,DLX5,homo_sapiens
229,ENSMUSG00000029553,TFEC,mus_musculus
229,ENSXETG00000011566,TFEC,xenopus_tropicalis
229,FBgn0263112,TFEC,drosophila_melanogaster
229,WBGene00020930,TFEC,caenorhabditis_elegans
229,ENSG00000105967,TFEC,homo_sapiens
230,ENSMUSG00000029844,HOXA1,mus_musculus
230,FBgn0002522,HOXA1,drosophila_melanogaster
230,ENSG00000105991,HOXA1,homo_sapiens
231,ENSMUSG00000014704,HOXA2,mus_musculus
231,ENSXETG00000000716,HOXA2,xenopus_tropicalis
231,FBgn0051481,HOXA2,drosophila_melanogaster
231,ENSG00000105996,HOXA2,homo_sapiens
232,ENSMUSG00000079560,HOXA3,mus_musculus
232,ENSXETG00000000717,HOXA3,xenopus_tropicalis
232,FBgn0004054,HOXA3,drosophila_melanogaster
232,WBGene00003102,HOXA3,caenorhabditis_elegans
232,ENSG00000105997,HOXA3,homo_sapiens
233,ENSMUSG00000038253,HOXA5,mus_musculus
233,ENSXETG00000000720,HOXA5,xenopus_tropicalis
233,ENSG00000106004,HOXA5,homo_sapiens
234,ENSMUSG00000043219,HOXA6,mus_musculus
234,ENSXETG00000027351,HOXA6,xenopus_tropicalis
234,FBgn0001077,HOXA6,drosophila_melanogaster
234,ENSG00000106006,HOXA6,homo_sapiens
235,ENSMUSG00000038203,HOXA13,mus_musculus
235,ENSXETG00000000734,HOXA13,xenopus_tropicalis
235,FBgn0000015,HOXA13,drosophila_melanogaster
235,ENSG00000106031,HOXA13,homo_sapiens
236,ENSMUSG00000005503,EVX1,mus_musculus
236,ENSXETG00000000736,EVX1,xenopus_tropicalis
236,FBgn0000606,EVX1,drosophila_melanogaster
236,WBGene00006873,EVX1,caenorhabditis_elegans
236,ENSG00000106038,EVX1,homo_sapiens
237,ENSMUSG00000029729,ZKSCAN1,mus_musculus
237,ENSG00000106261,ZKSCAN1,homo_sapiens
238,ENSMUSG00000029706,PAX4,mus_musculus
238,ENSG00000106331,PAX4,homo_sapiens
239,ENSMUSG00000029736,NOBOX,mus_musculus
239,ENSXETG00000017356,NOBOX,xenopus_tropicalis
239,ENSG00000106410,NOBOX,homo_sapiens
240,ENSMUSG00000058440,NRF1,mus_musculus
240,ENSXETG00000016306,NRF1,xenopus_tropicalis
240,FBgn0005427,NRF1,drosophila_melanogaster
240,ENSG00000106459,NRF1,homo_sapiens
241,ENSMUSG00000036144,MEOX2,mus_musculus
241,ENSXETG00000005051,MEOX2,xenopus_tropicalis
241,FBgn0014949,MEOX2,drosophila_melanogaster
241,ENSG00000106511,MEOX2,homo_sapiens
242,ENSMUSG00000009734,POU6F2,mus_musculus
242,ENSXETG00000005600,POU6F2,xenopus_tropicalis
242,FBgn0261588,POU6F2,drosophila_melanogaster
242,ENSG00000106536,POU6F2,homo_sapiens
243,ENSMUSG00000019256,AHR,mus_musculus
243,ENSXETG00000022784,AHR,xenopus_tropicalis
243,FBgn0003513,AHR,drosophila_melanogaster
243,WBGene00000096,AHR,caenorhabditis_elegans
243,ENSG00000106546,AHR,homo_sapiens
244,ENSMUSG00000021318,GLI3,mus_musculus
244,ENSXETG00000001856,GLI3,xenopus_tropicalis
244,FBgn0004859,GLI3,drosophila_melanogaster
244,WBGene00010936,GLI3,caenorhabditis_elegans
244,ENSG00000106571,GLI3,homo_sapiens
245,ENSMUSG00000000247,LHX2,mus_musculus
245,ENSXETG00000020776,LHX2,xenopus_tropicalis
245,FBgn0000099,LHX2,drosophila_melanogaster
245,WBGene00006654,LHX2,caenorhabditis_elegans
245,ENSG00000106689,LHX2,homo_sapiens
246,ENSMUSG00000026890,LHX6,mus_musculus
246,ENSXETG00000016325,LHX6,xenopus_tropicalis
246,FBgn0013751,LHX6,drosophila_melanogaster
246,WBGene00002987,LHX6,caenorhabditis_elegans
246,ENSG00000106852,LHX6,homo_sapiens
247,ENSMUSG00000028466,CREB3,mus_musculus
247,ENSXETG00000024221,CREB3,xenopus_tropicalis
247,WBGene00002783,CREB3,caenorhabditis_elegans
247,ENSG00000107175,CREB3,homo_sapiens
248,ENSMUSG00000026934,LHX3,mus_musculus
248,ENSXETG00000000726,LHX3,xenopus_tropicalis
248,FBgn0002023,LHX3,drosophila_melanogaster
248,WBGene00000438,LHX3,caenorhabditis_elegans
248,ENSG00000107187,LHX3,homo_sapiens
249,ENSMUSG00000052942,GLIS3,mus_musculus
249,ENSXETG00000011692,GLIS3,xenopus_tropicalis
249,FBgn0039039,GLIS3,drosophila_melanogaster
249,ENSG00000107249,GLIS3,homo_sapiens
250,ENSMUSG00000015619,GATA3,mus_musculus
250,ENSXETG00000025398,GATA3,xenopus_tropicalis
250,FBgn0001138,GATA3,drosophila_melanogaster
250,WBGene00001249,GATA3,caenorhabditis_elegans
250,ENSG00000107485,GATA3,homo_sapiens
251,ENSMUSG00000025215,TLX1,mus_musculus
251,ENSXETG00000030804,TLX1,xenopus_tropicalis
251,FBgn0004863,TLX1,drosophila_melanogaster
251,ENSG00000107807,TLX1,homo_sapiens
252,ENSMUSG00000025229,PITX3,mus_musculus
252,FBgn0020912,PITX3,drosophila_melanogaster
252,WBGene00006766,PITX3,caenorhabditis_elegans
252,ENSG00000107859,PITX3,homo_sapiens
253,ENSMUSG00000010476,EBF3,mus_musculus
253,ENSXETG00000011309,EBF3,xenopus_tropicalis
253,FBgn0001319,EBF3,drosophila_melanogaster
253,WBGene00006743,EBF3,caenorhabditis_elegans
253,ENSG00000108001,EBF3,homo_sapiens
254,ENSMUSG00000003923,TFAM,mus_musculus
254,ENSXETG00000005116,TFAM,xenopus_tropicalis
254,FBgn0038805,TFAM,drosophila_melanogaster
254,ENSG00000108064,TFAM,homo_sapiens
255,ENSMUSG00000007817,ZMIZ1,mus_musculus
255,ENSXETG00000018359,ZMIZ1,xenopus_tropicalis
255,FBgn0026160,ZMIZ1,drosophila_melanogaster
255,ENSG00000108175,ZMIZ1,homo_sapiens
257,ENSXETG00000003356,UBTF,xenopus_tropicalis
257,ENSG00000108312,UBTF,homo_sapiens
258,ENSMUSG00000040712,CAMTA2,mus_musculus
258,ENSXETG00000017389,CAMTA2,xenopus_tropicalis
258,FBgn0259234,CAMTA2,drosophila_melanogaster
258,WBGene00020251,CAMTA2,caenorhabditis_elegans
258,ENSG00000108509,CAMTA2,homo_sapiens
259,ENSMUSG00000000690,HOXB6,mus_musculus
259,ENSXETG00000021987,HOXB6,xenopus_tropicalis
259,FBgn0001077,HOXB6,drosophila_melanogaster
259,ENSG00000108511,HOXB6,homo_sapiens
261,ENSMUSG00000017801,MLX,mus_musculus
261,ENSXETG00000012035,MLX,xenopus_tropicalis
261,FBgn0039509,MLX,drosophila_melanogaster
261,ENSG00000108788,MLX,homo_sapiens
262,ENSMUSG00000020871,DLX4,mus_musculus
262,WBGene00000463,DLX4,caenorhabditis_elegans
262,ENSG00000108813,DLX4,homo_sapiens
263,ENSMUSG00000003949,HLF,mus_musculus
263,ENSXETG00000004316,HLF,xenopus_tropicalis
263,FBgn0034096,HLF,drosophila_melanogaster
263,WBGene00000469,HLF,caenorhabditis_elegans
263,ENSG00000108924,HLF,homo_sapiens
264,ENSMUSG00000002057,FOXN1,mus_musculus
264,ENSXETG00000019351,FOXN1,xenopus_tropicalis
264,FBgn0015396,FOXN1,drosophila_melanogaster
264,ENSG00000109101,FOXN1,homo_sapiens
265,ENSMUSG00000012520,PHOX2B,mus_musculus
265,ENSXETG00000021083,PHOX2B,xenopus_tropicalis
265,FBgn0020617,PHOX2B,drosophila_melanogaster
265,ENSG00000109132,PHOX2B,homo_sapiens
266,ENSMUSG00000028163,NFKB1,mus_musculus
266,ENSXETG00000021325,NFKB1,xenopus_tropicalis
266,FBgn0014018,NFKB1,drosophila_melanogaster
266,ENSG00000109320,NFKB1,homo_sapiens
267,ENSMUSG00000037174,ELF2,mus_musculus
267,ENSXETG00000016896,ELF2,xenopus_tropicalis
267,FBgn0000567,ELF2,drosophila_melanogaster
267,WBGene00016029,ELF2,caenorhabditis_elegans
267,ENSG00000109381,ELF2,homo_sapiens
268,ENSMUSG00000057406,WHSC1,mus_musculus
268,ENSXETG00000026376,WHSC1,xenopus_tropicalis
268,FBgn0039559,WHSC1,drosophila_melanogaster
268,ENSG00000109685,WHSC1,homo_sapiens
269,ENSMUSG00000049691,NKX3-2,mus_musculus
269,ENSXETG00000004060,NKX3-2,xenopus_tropicalis
269,FBgn0004862,NKX3-2,drosophila_melanogaster
269,ENSG00000109705,NKX3-2,homo_sapiens
270,ENSMUSG00000029178,KLF3,mus_musculus
270,ENSXETG00000018476,KLF3,xenopus_tropicalis
270,ENSG00000109787,KLF3,homo_sapiens
271,ENSMUSG00000030507,DBX1,mus_musculus
271,ENSXETG00000014193,DBX1,xenopus_tropicalis
271,FBgn0261723,DBX1,drosophila_melanogaster
271,ENSG00000109851,DBX1,homo_sapiens
272,ENSMUSG00000066687,ZBTB16,mus_musculus
272,ENSXETG00000033139,ZBTB16,xenopus_tropicalis
272,ENSG00000109906,ZBTB16,homo_sapiens
273,ENSMUSG00000051910,SOX6,mus_musculus
273,ENSXETG00000016058,SOX6,xenopus_tropicalis
273,FBgn0039938,SOX6,drosophila_melanogaster
273,WBGene00001182,SOX6,caenorhabditis_elegans
273,ENSG00000110693,SOX6,homo_sapiens
274,ENSMUSG00000035529,PRDM4,mus_musculus
274,ENSXETG00000011529,PRDM4,xenopus_tropicalis
274,WBGene00018567,PRDM4,caenorhabditis_elegans
274,ENSG00000110851,PRDM4,homo_sapiens
275,ENSMUSG00000035923,MYF6,mus_musculus
275,ENSXETG00000027340,MYF6,xenopus_tropicalis
275,FBgn0002922,MYF6,drosophila_melanogaster
275,WBGene00001948,MYF6,caenorhabditis_elegans
275,ENSG00000111046,MYF6,homo_sapiens
276,ENSMUSG00000000435,MYF5,mus_musculus
276,ENSXETG00000014520,MYF5,xenopus_tropicalis
276,FBgn0002922,MYF5,drosophila_melanogaster
276,WBGene00001948,MYF5,caenorhabditis_elegans
276,ENSG00000111049,MYF5,homo_sapiens
277,ENSMUSG00000025407,GLI1,mus_musculus
277,FBgn0004859,GLI1,drosophila_melanogaster
277,WBGene00010936,GLI1,caenorhabditis_elegans
277,ENSG00000111087,GLI1,homo_sapiens
278,ENSMUSG00000008398,ELK3,mus_musculus
278,ENSXETG00000001891,ELK3,xenopus_tropicalis
278,ENSG00000111145,ELK3,homo_sapiens
279,ENSMUSG00000001517,FOXM1,mus_musculus
279,ENSXETG00000001315,FOXM1,xenopus_tropicalis
279,FBgn0039937,FOXM1,drosophila_melanogaster
279,WBGene00003976,FOXM1,caenorhabditis_elegans
279,ENSG00000111206,FOXM1,homo_sapiens
280,ENSMUSG00000042589,CUX2,mus_musculus
280,ENSXETG00000011684,CUX2,xenopus_tropicalis
280,FBgn0004198,CUX2,drosophila_melanogaster
280,WBGene00000464,CUX2,caenorhabditis_elegans
280,ENSG00000111249,CUX2,homo_sapiens
281,ENSMUSG00000032652,CREBL2,mus_musculus
281,ENSXETG00000027934,CREBL2,xenopus_tropicalis
281,FBgn0032202,CREBL2,drosophila_melanogaster
281,ENSG00000111269,CREBL2,homo_sapiens
282,ENSMUSG00000022479,VDR,mus_musculus
282,ENSXETG00000010658,VDR,xenopus_tropicalis
282,ENSG00000111424,VDR,homo_sapiens
283,ENSMUSG00000012396,NANOG,mus_musculus
283,ENSG00000111704,NANOG,homo_sapiens
284,ENSMUSG00000020037,RFX4,mus_musculus
284,ENSXETG00000014145,RFX4,xenopus_tropicalis
284,ENSG00000111783,RFX4,homo_sapiens
285,ENSMUSG00000002250,PPARD,mus_musculus
285,ENSXETG00000015121,PPARD,xenopus_tropicalis
285,ENSG00000112033,PPARD,homo_sapiens
286,ENSMUSG00000037446,TULP1,mus_musculus
286,ENSXETG00000000422,TULP1,xenopus_tropicalis
286,FBgn0015721,TULP1,drosophila_melanogaster
286,WBGene00006655,TULP1,caenorhabditis_elegans
286,ENSG00000112041,TULP1,homo_sapiens
287,ENSMUSG00000040270,BACH2,mus_musculus
287,ENSXETG00000019126,BACH2,xenopus_tropicalis
287,FBgn0262975,BACH2,drosophila_melanogaster
287,ENSG00000112182,BACH2,homo_sapiens
288,ENSMUSG00000040478,PRDM13,mus_musculus
288,ENSXETG00000032719,PRDM13,xenopus_tropicalis
288,FBgn0035687,PRDM13,drosophila_melanogaster
288,ENSG00000112238,PRDM13,homo_sapiens
289,ENSMUSG00000016477,E2F3,mus_musculus
289,ENSXETG00000000021,E2F3,xenopus_tropicalis
289,FBgn0011766,E2F3,drosophila_melanogaster
289,WBGene00001162,E2F3,caenorhabditis_elegans
289,ENSG00000112242,E2F3,homo_sapiens
290,ENSMUSG00000019913,SIM1,mus_musculus
290,ENSXETG00000002406,SIM1,xenopus_tropicalis
290,FBgn0004666,SIM1,drosophila_melanogaster
290,ENSG00000112246,SIM1,homo_sapiens
291,ENSMUSG00000019803,NR2E1,mus_musculus
291,ENSXETG00000014853,NR2E1,xenopus_tropicalis
291,FBgn0003720,NR2E1,drosophila_melanogaster
291,ENSG00000112333,NR2E1,homo_sapiens
292,ENSMUSG00000019826,ZBTB24,mus_musculus
292,ENSXETG00000021294,ZBTB24,xenopus_tropicalis
292,FBgn0034643,ZBTB24,drosophila_melanogaster
292,ENSG00000112365,ZBTB24,homo_sapiens
293,ENSMUSG00000023990,TFEB,mus_musculus
293,ENSXETG00000011854,TFEB,xenopus_tropicalis
293,FBgn0263112,TFEB,drosophila_melanogaster
293,WBGene00020930,TFEB,caenorhabditis_elegans
293,ENSG00000112561,TFEB,homo_sapiens
294,ENSMUSG00000014767,TBP,mus_musculus
294,ENSXETG00000008556,TBP,xenopus_tropicalis
294,FBgn0003687,TBP,drosophila_melanogaster
294,WBGene00006542,TBP,caenorhabditis_elegans
294,ENSG00000112592,TBP,homo_sapiens
295,ENSMUSG00000015605,SRF,mus_musculus
295,ENSXETG00000018511,SRF,xenopus_tropicalis
295,FBgn0004101,SRF,drosophila_melanogaster
295,WBGene00006844,SRF,caenorhabditis_elegans
295,ENSG00000112658,SRF,homo_sapiens
296,ENSMUSG00000032419,TBX18,mus_musculus
296,ENSXETG00000018148,TBX18,xenopus_tropicalis
296,ENSG00000112837,TBX18,homo_sapiens
297,ENSMUSG00000037335,HAND1,mus_musculus
297,ENSXETG00000008479,HAND1,xenopus_tropicalis
297,FBgn0032209,HAND1,drosophila_melanogaster
297,ENSG00000113196,HAND1,homo_sapiens
298,ENSMUSG00000022205,SUB1,mus_musculus
298,ENSXETG00000027218,SUB1,xenopus_tropicalis
298,WBGene00011743,SUB1,caenorhabditis_elegans
298,ENSG00000113387,SUB1,homo_sapiens
299,ENSMUSG00000021604,IRX4,mus_musculus
299,ENSXETG00000008892,IRX4,xenopus_tropicalis
299,FBgn0015919,IRX4,drosophila_melanogaster
299,ENSG00000113430,IRX4,homo_sapiens
300,ENSMUSG00000024431,NR3C1,mus_musculus
300,ENSXETG00000001879,NR3C1,xenopus_tropicalis
300,ENSG00000113580,NR3C1,homo_sapiens
301,ENSMUSG00000021540,SMAD5,mus_musculus
301,FBgn0011648,SMAD5,drosophila_melanogaster
301,WBGene00004856,SMAD5,caenorhabditis_elegans
301,ENSG00000113658,SMAD5,homo_sapiens
302,ENSMUSG00000024622,HMGXB3,mus_musculus
302,ENSXETG00000015798,HMGXB3,xenopus_tropicalis
302,ENSG00000113716,HMGXB3,homo_sapiens
303,ENSMUSG00000024619,CDX1,mus_musculus
303,ENSXETG00000010282,CDX1,xenopus_tropicalis
303,FBgn0000251,CDX1,drosophila_melanogaster
303,WBGene00003912,CDX1,caenorhabditis_elegans
303,ENSG00000113722,CDX1,homo_sapiens
304,ENSMUSG00000022508,BCL6,mus_musculus
304,ENSXETG00000019779,BCL6,xenopus_tropicalis
304,FBgn0011236,BCL6,drosophila_melanogaster
304,ENSG00000113916,BCL6,homo_sapiens
305,ENSMUSG00000032411,TFDP2,mus_musculus
305,ENSXETG00000014750,TFDP2,xenopus_tropicalis
305,FBgn0011763,TFDP2,drosophila_melanogaster
305,WBGene00001061,TFDP2,caenorhabditis_elegans
305,ENSG00000114126,TFDP2,homo_sapiens
306,ENSMUSG00000022528,HES1,mus_musculus
306,ENSXETG00000016852,HES1,xenopus_tropicalis
306,FBgn0002734,HES1,drosophila_melanogaster
306,ENSG00000114315,HES1,homo_sapiens
307,ENSMUSG00000022641,BBX,mus_musculus
307,ENSXETG00000016131,BBX,xenopus_tropicalis
307,FBgn0024251,BBX,drosophila_melanogaster
307,WBGene00001560,BBX,caenorhabditis_elegans
307,ENSG00000114439,BBX,homo_sapiens
308,ENSMUSG00000013419,ZBTB47,mus_musculus
308,ENSXETG00000006162,ZBTB47,xenopus_tropicalis
308,ENSG00000114853,ZBTB47,homo_sapiens
309,ENSMUSG00000030067,FOXP1,mus_musculus
309,ENSXETG00000008510,FOXP1,xenopus_tropicalis
309,FBgn0262477,FOXP1,drosophila_melanogaster
309,WBGene00001439,FOXP1,caenorhabditis_elegans
309,ENSG00000114861,FOXP1,homo_sapiens
310,ENSMUSG00000026380,TFCP2L1,mus_musculus
310,ENSXETG00000030313,TFCP2L1,xenopus_tropicalis
310,FBgn0050011,TFCP2L1,drosophila_melanogaster
310,ENSG00000115112,TFCP2L1,homo_sapiens
311,ENSMUSG00000068327,TLX2,mus_musculus
311,FBgn0004863,TLX2,drosophila_melanogaster
311,ENSG00000115297,TLX2,homo_sapiens
312,ENSMUSG00000026104,STAT1,mus_musculus
312,ENSXETG00000004649,STAT1,xenopus_tropicalis
312,FBgn0016917,STAT1,drosophila_melanogaster
312,WBGene00013111,STAT1,caenorhabditis_elegans
312,ENSG00000115415,STAT1,homo_sapiens
313,ENSMUSG00000005917,OTX1,mus_musculus
313,ENSG00000115507,OTX1,homo_sapiens
314,ENSMUSG00000026135,ZNF142,mus_musculus
314,ENSXETG00000013837,ZNF142,xenopus_tropicalis
314,ENSG00000115568,ZNF142,homo_sapiens
315,ENSMUSG00000020644,ID2,mus_musculus
315,ENSXETG00000008272,ID2,xenopus_tropicalis
315,FBgn0000575,ID2,drosophila_melanogaster
315,ENSG00000115738,ID2,homo_sapiens
316,ENSMUSG00000024081,CEBPZ,mus_musculus
316,ENSXETG00000000654,CEBPZ,xenopus_tropicalis
316,FBgn0036124,CEBPZ,drosophila_melanogaster
316,WBGene00009084,CEBPZ,caenorhabditis_elegans
316,ENSG00000115816,CEBPZ,homo_sapiens
317,ENSMUSG00000023391,DLX2,mus_musculus
317,ENSXETG00000007532,DLX2,xenopus_tropicalis
317,ENSG00000115844,DLX2,homo_sapiens
318,ENSMUSG00000027104,ATF2,mus_musculus
318,ENSXETG00000007566,ATF2,xenopus_tropicalis
318,ENSG00000115966,ATF2,homo_sapiens
319,ENSMUSG00000024140,EPAS1,mus_musculus
319,ENSXETG00000026167,EPAS1,xenopus_tropicalis
319,FBgn0266411,EPAS1,drosophila_melanogaster
319,WBGene00001851,EPAS1,caenorhabditis_elegans
319,ENSG00000116016,EPAS1,homo_sapiens
320,ENSMUSG00000019564,ARID3A,mus_musculus
320,ENSXETG00000021613,ARID3A,xenopus_tropicalis
320,FBgn0004795,ARID3A,drosophila_melanogaster
320,WBGene00000476,ARID3A,caenorhabditis_elegans
320,ENSG00000116017,ARID3A,homo_sapiens
321,ENSMUSG00000034777,VAX2,mus_musculus
321,ENSXETG00000008186,VAX2,xenopus_tropicalis
321,WBGene00000430,VAX2,caenorhabditis_elegans
321,ENSG00000116035,VAX2,homo_sapiens
322,ENSMUSG00000015839,NFE2L2,mus_musculus
322,ENSXETG00000001808,NFE2L2,xenopus_tropicalis
322,FBgn0262975,NFE2L2,drosophila_melanogaster
322,ENSG00000116044,NFE2L2,homo_sapiens
323,ENSMUSG00000026586,PRRX1,mus_musculus
323,ENSXETG00000004727,PRRX1,xenopus_tropicalis
323,FBgn0034821,PRRX1,drosophila_melanogaster
323,ENSG00000116132,PRRX1,homo_sapiens
324,ENSMUSG00000028053,ASH1L,mus_musculus
324,FBgn0005386,ASH1L,drosophila_melanogaster
324,ENSG00000116539,ASH1L,homo_sapiens
325,ENSMUSG00000054199,GON4L,mus_musculus
325,ENSXETG00000021434,GON4L,xenopus_tropicalis
325,FBgn0085444,GON4L,drosophila_melanogaster
325,ENSG00000116580,GON4L,homo_sapiens
326,ENSMUSG00000001419,MEF2D,mus_musculus
326,ENSXETG00000020378,MEF2D,xenopus_tropicalis
326,FBgn0011656,MEF2D,drosophila_melanogaster
326,WBGene00003182,MEF2D,caenorhabditis_elegans
326,ENSG00000116604,MEF2D,homo_sapiens
327,ENSMUSG00000057637,PRDM2,mus_musculus
327,ENSXETG00000026865,PRDM2,xenopus_tropicalis
327,ENSG00000116731,PRDM2,homo_sapiens
328,ENSMUSG00000006215,ZBTB17,mus_musculus
328,ENSXETG00000023118,ZBTB17,xenopus_tropicalis
328,FBgn0030003,ZBTB17,drosophila_melanogaster
328,WBGene00013734,ZBTB17,caenorhabditis_elegans
328,ENSG00000116809,ZBTB17,homo_sapiens
329,ENSMUSG00000042477,TFAP2E,mus_musculus
329,ENSXETG00000027719,TFAP2E,xenopus_tropicalis
329,FBgn0261953,TFAP2E,drosophila_melanogaster
329,WBGene00019424,TFAP2E,caenorhabditis_elegans
329,ENSG00000116819,TFAP2E,homo_sapiens
330,ENSMUSG00000026398,NR5A2,mus_musculus
330,ENSXETG00000000314,NR5A2,xenopus_tropicalis
330,FBgn0001078,NR5A2,drosophila_melanogaster
330,WBGene00003623,NR5A2,caenorhabditis_elegans
330,ENSG00000116833,NR5A2,homo_sapiens
331,ENSMUSG00000028654,MYCL,mus_musculus
331,ENSXETG00000010956,MYCL,xenopus_tropicalis
331,FBgn0262656,MYCL,drosophila_melanogaster
331,ENSG00000116990,MYCL,homo_sapiens
332,ENSMUSG00000049878,RLF,mus_musculus
332,ENSXETG00000026794,RLF,xenopus_tropicalis
332,ENSG00000117000,RLF,homo_sapiens
333,ENSG00000117010,ZNF684,homo_sapiens
334,ENSMUSG00000003382,ETV3,mus_musculus
334,ENSG00000117036,ETV3,homo_sapiens
335,ENSMUSG00000042207,KDM5B,mus_musculus
335,ENSXETG00000007973,KDM5B,xenopus_tropicalis
335,FBgn0031759,KDM5B,drosophila_melanogaster
335,WBGene00004319,KDM5B,caenorhabditis_elegans
335,ENSG00000117139,KDM5B,homo_sapiens
336,ENSMUSG00000007872,ID3,mus_musculus
336,ENSXETG00000020653,ID3,xenopus_tropicalis
336,FBgn0000575,ID3,drosophila_melanogaster
336,ENSG00000117318,ID3,homo_sapiens
337,ENSMUSG00000026577,BLZF1,mus_musculus
337,ENSXETG00000002419,BLZF1,xenopus_tropicalis
337,FBgn0037688,BLZF1,drosophila_melanogaster
337,ENSG00000117475,BLZF1,homo_sapiens
338,ENSMUSG00000026638,IRF6,mus_musculus
338,ENSXETG00000018674,IRF6,xenopus_tropicalis
338,ENSG00000117595,IRF6,homo_sapiens
339,ENSMUSG00000037395,RCOR3,mus_musculus
339,ENSXETG00000005989,RCOR3,xenopus_tropicalis
339,FBgn0261573,RCOR3,drosophila_melanogaster
339,WBGene00001565,RCOR3,caenorhabditis_elegans
339,ENSG00000117625,RCOR3,homo_sapiens
340,ENSMUSG00000010175,PROX1,mus_musculus
340,ENSXETG00000023176,PROX1,xenopus_tropicalis
340,FBgn0004595,PROX1,drosophila_melanogaster
340,WBGene00000448,PROX1,caenorhabditis_elegans
340,ENSG00000117707,PROX1,homo_sapiens
341,ENSMUSG00000007880,ARID1A,mus_musculus
341,ENSXETG00000020695,ARID1A,xenopus_tropicalis
341,FBgn0261885,ARID1A,drosophila_melanogaster
341,WBGene00002717,ARID1A,caenorhabditis_elegans
341,ENSG00000117713,ARID1A,homo_sapiens
342,ENSMUSG00000078796,ZNF541,mus_musculus
342,FBgn0037698,ZNF541,drosophila_melanogaster
342,WBGene00010012,ZNF541,caenorhabditis_elegans
342,ENSG00000118156,ZNF541,homo_sapiens
343,ENSMUSG00000026663,ATF6,mus_musculus
343,ENSXETG00000004747,ATF6,xenopus_tropicalis
343,FBgn0033010,ATF6,drosophila_melanogaster
343,ENSG00000118217,ATF6,homo_sapiens
344,ENSMUSG00000025958,CREB1,mus_musculus
344,ENSXETG00000016392,CREB1,xenopus_tropicalis
344,FBgn0265784,CREB1,drosophila_melanogaster
344,WBGene00000793,CREB1,caenorhabditis_elegans
344,ENSG00000118260,CREB1,homo_sapiens
345,ENSMUSG00000025959,KLF7,mus_musculus
345,ENSXETG00000016394,KLF7,xenopus_tropicalis
345,FBgn0040765,KLF7,drosophila_melanogaster
345,ENSG00000118263,KLF7,homo_sapiens
346,ENSMUSG00000066456,HMGN3,mus_musculus
346,ENSXETG00000025850,HMGN3,xenopus_tropicalis
346,ENSG00000118418,HMGN3,homo_sapiens
347,ENSMUSG00000019817,PLAGL1,mus_musculus
347,FBgn0032401,PLAGL1,drosophila_melanogaster
347,ENSG00000118495,PLAGL1,homo_sapiens
348,ENSMUSG00000019982,MYB,mus_musculus
348,ENSXETG00000003725,MYB,xenopus_tropicalis
348,FBgn0002914,MYB,drosophila_melanogaster
348,ENSG00000118513,MYB,homo_sapiens
349,ENSMUSG00000045680,TCF21,mus_musculus
349,ENSXETG00000000114,TCF21,xenopus_tropicalis
349,FBgn0022740,TCF21,drosophila_melanogaster
349,ENSG00000118526,TCF21,homo_sapiens
350,ENSMUSG00000097333,ZNF430,mus_musculus
350,ENSG00000118620,ZNF430,homo_sapiens
351,ENSMUSG00000048756,FOXO3,mus_musculus
351,ENSXETG00000014847,FOXO3,xenopus_tropicalis
351,FBgn0038197,FOXO3,drosophila_melanogaster
351,WBGene00000912,FOXO3,caenorhabditis_elegans
351,ENSG00000118689,FOXO3,homo_sapiens
352,ENSMUSG00000062175,TGIF2,mus_musculus
352,ENSXETG00000017312,TGIF2,xenopus_tropicalis
352,FBgn0033748,TGIF2,drosophila_melanogaster
352,ENSG00000118707,TGIF2,homo_sapiens
353,ENSMUSG00000072294,KLF12,mus_musculus
353,ENSXETG00000004714,KLF12,xenopus_tropicalis
353,ENSG00000118922,KLF12,homo_sapiens
354,ENSMUSG00000038331,SATB2,mus_musculus
354,ENSG00000119042,SATB2,homo_sapiens
355,ENSMUSG00000033863,KLF9,mus_musculus
355,ENSXETG00000019051,KLF9,xenopus_tropicalis
355,FBgn0043364,KLF9,drosophila_melanogaster
355,ENSG00000119138,KLF9,homo_sapiens
356,ENSMUSG00000028341,NR4A3,mus_musculus
356,ENSXETG00000024016,NR4A3,xenopus_tropicalis
356,FBgn0014859,NR4A3,drosophila_melanogaster
356,WBGene00003605,NR4A3,caenorhabditis_elegans
356,ENSG00000119508,NR4A3,homo_sapiens
357,ENSMUSG00000045991,ONECUT2,mus_musculus
357,ENSXETG00000031047,ONECUT2,xenopus_tropicalis
357,FBgn0028996,ONECUT2,drosophila_melanogaster
357,WBGene00015934,ONECUT2,caenorhabditis_elegans
357,ENSG00000119547,ONECUT2,homo_sapiens
358,ENSMUSG00000049600,ZBTB45,mus_musculus
358,ENSXETG00000021232,ZBTB45,xenopus_tropicalis
358,ENSG00000119574,ZBTB45,homo_sapiens
359,ENSMUSG00000042320,PROX2,mus_musculus
359,FBgn0004595,PROX2,drosophila_melanogaster
359,WBGene00000448,PROX2,caenorhabditis_elegans
359,ENSG00000119608,PROX2,homo_sapiens
360,ENSMUSG00000021239,VSX2,mus_musculus
360,ENSXETG00000013302,VSX2,xenopus_tropicalis
360,FBgn0263512,VSX2,drosophila_melanogaster
360,WBGene00000435,VSX2,caenorhabditis_elegans
360,ENSG00000119614,VSX2,homo_sapiens
361,ENSMUSG00000021255,ESRRB,mus_musculus
361,ENSXETG00000013217,ESRRB,xenopus_tropicalis
361,FBgn0035849,ESRRB,drosophila_melanogaster
361,ENSG00000119715,ESRRB,homo_sapiens
362,ENSMUSG00000042472,ZNF410,mus_musculus
362,ENSXETG00000002861,ZNF410,xenopus_tropicalis
362,ENSG00000119725,ZNF410,homo_sapiens
363,ENSMUSG00000000861,BCL11A,mus_musculus
363,ENSXETG00000002206,BCL11A,xenopus_tropicalis
363,FBgn0029939,BCL11A,drosophila_melanogaster
363,WBGene00017430,BCL11A,caenorhabditis_elegans
363,ENSG00000119866,BCL11A,homo_sapiens
364,ENSMUSG00000044220,NKX2-3,mus_musculus
364,WBGene00000450,NKX2-3,caenorhabditis_elegans
364,ENSG00000119919,NKX2-3,homo_sapiens
365,ENSMUSG00000025025,MXI1,mus_musculus
365,ENSXETG00000018714,MXI1,xenopus_tropicalis
365,WBGene00003163,MXI1,caenorhabditis_elegans
365,ENSG00000119950,MXI1,homo_sapiens
366,ENSMUSG00000056648,HOXB8,mus_musculus
366,ENSXETG00000021993,HOXB8,xenopus_tropicalis
366,FBgn0003944,HOXB8,drosophila_melanogaster
366,ENSG00000120068,HOXB8,homo_sapiens
367,ENSMUSG00000038700,HOXB5,mus_musculus
367,ENSXETG00000021978,HOXB5,xenopus_tropicalis
367,ENSG00000120075,HOXB5,homo_sapiens
368,ENSMUSG00000048763,HOXB3,mus_musculus
368,ENSXETG00000021967,HOXB3,xenopus_tropicalis
368,FBgn0004054,HOXB3,drosophila_melanogaster
368,WBGene00003102,HOXB3,caenorhabditis_elegans
368,ENSG00000120093,HOXB3,homo_sapiens
369,ENSMUSG00000018973,HOXB1,mus_musculus
369,ENSG00000120094,HOXB1,homo_sapiens
370,ENSMUSG00000021469,MSX2,mus_musculus
370,ENSXETG00000009168,MSX2,xenopus_tropicalis
370,FBgn0000492,MSX2,drosophila_melanogaster
370,WBGene00006881,MSX2,caenorhabditis_elegans
370,ENSG00000120149,MSX2,homo_sapiens
371,ENSMUSG00000027794,SOHLH2,mus_musculus
371,ENSG00000120669,SOHLH2,homo_sapiens
372,ENSMUSG00000036461,ELF1,mus_musculus
372,ENSXETG00000018893,ELF1,xenopus_tropicalis
372,FBgn0000567,ELF1,drosophila_melanogaster
372,WBGene00016029,ELF1,caenorhabditis_elegans
372,ENSG00000120690,ELF1,homo_sapiens
373,ENSMUSG00000027796,SMAD9,mus_musculus
373,ENSXETG00000023689,SMAD9,xenopus_tropicalis
373,FBgn0011648,SMAD9,drosophila_melanogaster
373,WBGene00004856,SMAD9,caenorhabditis_elegans
373,ENSG00000120693,SMAD9,homo_sapiens
374,ENSMUSG00000038418,EGR1,mus_musculus
374,ENSXETG00000006697,EGR1,xenopus_tropicalis
374,FBgn0003499,EGR1,drosophila_melanogaster
374,WBGene00043705,EGR1,caenorhabditis_elegans
374,ENSG00000120738,EGR1,homo_sapiens
375,ENSMUSG00000047473,ZFP30,mus_musculus
375,ENSG00000120784,ZFP30,homo_sapiens
376,ENSMUSG00000005897,NR2C1,mus_musculus
376,ENSXETG00000023840,NR2C1,xenopus_tropicalis
376,FBgn0015239,NR2C1,drosophila_melanogaster
376,WBGene00022423,NR2C1,caenorhabditis_elegans
376,ENSG00000120798,NR2C1,homo_sapiens
377,ENSMUSG00000020248,NFYB,mus_musculus
377,ENSXETG00000019656,NFYB,xenopus_tropicalis
377,FBgn0032816,NFYB,drosophila_melanogaster
377,WBGene00021132,NFYB,caenorhabditis_elegans
377,ENSG00000120837,NFYB,homo_sapiens
378,ENSMUSG00000000093,TBX2,mus_musculus
378,ENSXETG00000020557,TBX2,xenopus_tropicalis
378,FBgn0000179,TBX2,drosophila_melanogaster
378,ENSG00000121068,TBX2,homo_sapiens
379,ENSMUSG00000000094,TBX4,mus_musculus
379,ENSXETG00000010718,TBX4,xenopus_tropicalis
379,ENSG00000121075,TBX4,homo_sapiens
380,ENSMUSG00000021217,TSHZ3,mus_musculus
380,ENSXETG00000016288,TSHZ3,xenopus_tropicalis
380,ENSG00000121297,TSHZ3,homo_sapiens
381,ENSG00000121406,ZNF549,homo_sapiens
382,ENSMUSG00000070822,ZSCAN18,mus_musculus
382,ENSG00000121413,ZSCAN18,homo_sapiens
383,ENSG00000121417,ZNF211,homo_sapiens
384,ENSMUSG00000026468,LHX4,mus_musculus
384,ENSXETG00000034077,LHX4,xenopus_tropicalis
384,FBgn0002023,LHX4,drosophila_melanogaster
384,WBGene00000438,LHX4,caenorhabditis_elegans
384,ENSG00000121454,LHX4,homo_sapiens
385,ENSMUSG00000027667,ZNF639,mus_musculus
385,ENSXETG00000007256,ZNF639,xenopus_tropicalis
385,FBgn0259785,ZNF639,drosophila_melanogaster
385,ENSG00000121864,ZNF639,homo_sapiens
386,ENSMUSG00000061894,ZSCAN20,mus_musculus
386,ENSG00000121903,ZSCAN20,homo_sapiens
387,ENSMUSG00000016503,GTF3A,mus_musculus
387,ENSXETG00000032930,GTF3A,xenopus_tropicalis
387,FBgn0030787,GTF3A,drosophila_melanogaster
387,ENSG00000122034,GTF3A,homo_sapiens
388,ENSMUSG00000031241,TBX22,mus_musculus
388,ENSXETG00000006730,TBX22,xenopus_tropicalis
388,ENSG00000122145,TBX22,homo_sapiens
389,ENSMUSG00000026459,MYOG,mus_musculus
389,ENSXETG00000001704,MYOG,xenopus_tropicalis
389,FBgn0002922,MYOG,drosophila_melanogaster
389,WBGene00001948,MYOG,caenorhabditis_elegans
389,ENSG00000122180,MYOG,homo_sapiens
390,ENSMUSG00000062012,ZNF205,mus_musculus
390,ENSG00000122386,ZNF205,homo_sapiens
391,ENSMUSG00000041164,ZMIZ2,mus_musculus
391,ENSXETG00000018991,ZMIZ2,xenopus_tropicalis
391,FBgn0026160,ZMIZ2,drosophila_melanogaster
391,ENSG00000122515,ZMIZ2,homo_sapiens
392,ENSMUSG00000038236,HOXA7,mus_musculus
392,ENSXETG00000000722,HOXA7,xenopus_tropicalis
392,FBgn0260642,HOXA7,drosophila_melanogaster
392,ENSG00000122592,HOXA7,homo_sapiens
393,ENSMUSG00000035799,TWIST1,mus_musculus
393,ENSXETG00000025630,TWIST1,xenopus_tropicalis
393,FBgn0003900,TWIST1,drosophila_melanogaster
393,WBGene00001953,TWIST1,caenorhabditis_elegans
393,ENSG00000122691,TWIST1,homo_sapiens
394,ENSMUSG00000044312,NEUROG3,mus_musculus
394,ENSXETG00000026423,NEUROG3,xenopus_tropicalis
394,FBgn0015550,NEUROG3,drosophila_melanogaster
394,WBGene00003595,NEUROG3,caenorhabditis_elegans
394,ENSG00000122859,NEUROG3,homo_sapiens
395,ENSMUSG00000037868,EGR2,mus_musculus
395,ENSXETG00000014066,EGR2,xenopus_tropicalis
395,FBgn0003499,EGR2,drosophila_melanogaster
395,WBGene00043705,EGR2,caenorhabditis_elegans
395,ENSG00000122877,EGR2,homo_sapiens
396,ENSMUSG00000030256,BHLHE41,mus_musculus
396,ENSXETG00000023482,BHLHE41,xenopus_tropicalis
396,ENSG00000123095,BHLHE41,homo_sapiens
397,ENSMUSG00000023027,ATF1,mus_musculus
397,ENSXETG00000007299,ATF1,xenopus_tropicalis
397,FBgn0265784,ATF1,drosophila_melanogaster
397,WBGene00000793,ATF1,caenorhabditis_elegans
397,ENSG00000123268,ATF1,homo_sapiens
398,ENSMUSG00000048015,NEUROD4,mus_musculus
398,ENSXETG00000004295,NEUROD4,xenopus_tropicalis
398,FBgn0003270,NEUROD4,drosophila_melanogaster
398,WBGene00000561,NEUROD4,caenorhabditis_elegans
398,ENSG00000123307,NEUROD4,homo_sapiens
399,ENSMUSG00000023034,NR4A1,mus_musculus
399,ENSXETG00000000579,NR4A1,xenopus_tropicalis
399,FBgn0014859,NR4A1,drosophila_melanogaster
399,WBGene00003605,NR4A1,caenorhabditis_elegans
399,ENSG00000123358,NR4A1,homo_sapiens
400,ENSMUSG00000001655,HOXC13,mus_musculus
400,FBgn0000015,HOXC13,drosophila_melanogaster
400,ENSG00000123364,HOXC13,homo_sapiens
401,ENSMUSG00000001656,HOXC11,mus_musculus
401,ENSXETG00000023471,HOXC11,xenopus_tropicalis
401,FBgn0000015,HOXC11,drosophila_melanogaster
401,ENSG00000123388,HOXC11,homo_sapiens
402,ENSMUSG00000058794,NFE2,mus_musculus
402,ENSXETG00000027400,NFE2,xenopus_tropicalis
402,FBgn0262975,NFE2,drosophila_melanogaster
402,ENSG00000123405,NFE2,homo_sapiens
403,ENSMUSG00000050328,HOXC12,mus_musculus
403,ENSXETG00000023470,HOXC12,xenopus_tropicalis
403,FBgn0000015,HOXC12,drosophila_melanogaster
403,ENSG00000123407,HOXC12,homo_sapiens
404,ENSMUSG00000002578,IKZF4,mus_musculus
404,ENSXETG00000009449,IKZF4,xenopus_tropicalis
404,ENSG00000123411,IKZF4,homo_sapiens
405,ENSMUSG00000023443,ESX1,mus_musculus
405,FBgn0011701,ESX1,drosophila_melanogaster
405,WBGene00020485,ESX1,caenorhabditis_elegans
405,ENSG00000123576,ESX1,homo_sapiens
406,ENSMUSG00000026987,BAZ2B,mus_musculus
406,ENSXETG00000007584,BAZ2B,xenopus_tropicalis
406,FBgn0033636,BAZ2B,drosophila_melanogaster
406,WBGene00001470,BAZ2B,caenorhabditis_elegans
406,ENSG00000123636,BAZ2B,homo_sapiens
407,ENSMUSG00000026630,BATF3,mus_musculus
407,ENSG00000123685,BATF3,homo_sapiens
408,ENSMUSG00000037235,MXD4,mus_musculus
408,ENSXETG00000020483,MXD4,xenopus_tropicalis
408,WBGene00003163,MXD4,caenorhabditis_elegans
408,ENSG00000123933,MXD4,homo_sapiens
409,ENSMUSG00000070495,CTCFL,mus_musculus
409,FBgn0035769,CTCFL,drosophila_melanogaster
409,ENSG00000124092,CTCFL,homo_sapiens
410,ENSMUSG00000074607,TOX2,mus_musculus
410,ENSXETG00000021435,TOX2,xenopus_tropicalis
410,WBGene00009827,TOX2,caenorhabditis_elegans
410,ENSG00000124191,TOX2,homo_sapiens
411,ENSMUSG00000050600,ZNF831,mus_musculus
411,FBgn0003396,ZNF831,drosophila_melanogaster
411,WBGene00004862,ZNF831,caenorhabditis_elegans
411,ENSG00000124203,ZNF831,homo_sapiens
412,ENSMUSG00000042821,SNAI1,mus_musculus
412,ENSXETG00000027366,SNAI1,xenopus_tropicalis
412,FBgn0003448,SNAI1,drosophila_melanogaster
412,ENSG00000124216,SNAI1,homo_sapiens
413,ENSMUSG00000017007,RBPJL,mus_musculus
413,WBGene00002245,RBPJL,caenorhabditis_elegans
413,ENSG00000124232,RBPJL,homo_sapiens
414,ENSMUSG00000004328,HIF3A,mus_musculus
414,FBgn0266411,HIF3A,drosophila_melanogaster
414,WBGene00001851,HIF3A,caenorhabditis_elegans
414,ENSG00000124440,HIF3A,homo_sapiens
415,ENSG00000124444,ZNF576,homo_sapiens
416,ENSMUSG00000074282,ZNF45,mus_musculus
416,FBgn0030005,ZNF45,drosophila_melanogaster
416,ENSG00000124459,ZNF45,homo_sapiens
417,ENSXETG00000000198,TRERF1,xenopus_tropicalis
417,FBgn0037698,TRERF1,drosophila_melanogaster
417,WBGene00010012,TRERF1,caenorhabditis_elegans
417,ENSG00000124496,TRERF1,homo_sapiens
418,FBgn0000286,ZNF391,drosophila_melanogaster
418,ENSG00000124613,ZNF391,homo_sapiens
419,ENSMUSG00000024215,SPDEF,mus_musculus
419,ENSXETG00000034149,SPDEF,xenopus_tropicalis
419,FBgn0005659,SPDEF,drosophila_melanogaster
419,WBGene00017687,SPDEF,caenorhabditis_elegans
419,ENSG00000124664,SPDEF,homo_sapiens
420,ENSMUSG00000076431,SOX4,mus_musculus
420,FBgn0005612,SOX4,drosophila_melanogaster
420,WBGene00004771,SOX4,caenorhabditis_elegans
420,ENSG00000124766,SOX4,homo_sapiens
421,ENSMUSG00000039087,RREB1,mus_musculus
421,ENSXETG00000015435,RREB1,xenopus_tropicalis
421,FBgn0003053,RREB1,drosophila_melanogaster
421,ENSG00000124782,RREB1,homo_sapiens
422,ENSMUSG00000039153,RUNX2,mus_musculus
422,ENSXETG00000001397,RUNX2,xenopus_tropicalis
422,FBgn0003300,RUNX2,drosophila_melanogaster
422,WBGene00004393,RUNX2,caenorhabditis_elegans
422,ENSG00000124813,RUNX2,homo_sapiens
423,ENSMUSG00000021362,GCM2,mus_musculus
423,ENSXETG00000001068,GCM2,xenopus_tropicalis
423,FBgn0014179,GCM2,drosophila_melanogaster
423,ENSG00000124827,GCM2,homo_sapiens
424,ENSMUSG00000036098,MYRF,mus_musculus
424,ENSXETG00000006702,MYRF,xenopus_tropicalis
424,FBgn0034985,MYRF,drosophila_melanogaster
424,WBGene00004134,MYRF,caenorhabditis_elegans
424,ENSG00000124920,MYRF,homo_sapiens
425,ENSMUSG00000061517,SOX21,mus_musculus
425,ENSXETG00000010955,SOX21,xenopus_tropicalis
425,FBgn0036411,SOX21,drosophila_melanogaster
425,WBGene00004950,SOX21,caenorhabditis_elegans
425,ENSG00000125285,SOX21,homo_sapiens
426,ENSMUSG00000018899,IRF1,mus_musculus
426,ENSXETG00000016586,IRF1,xenopus_tropicalis
426,ENSG00000125347,IRF1,homo_sapiens
427,ENSMUSG00000000567,SOX9,mus_musculus
427,FBgn0024288,SOX9,drosophila_melanogaster
427,ENSG00000125398,SOX9,homo_sapiens
428,ENSMUSG00000026803,TTF1,mus_musculus
428,ENSG00000125482,TTF1,homo_sapiens
429,ENSMUSG00000026805,BARHL1,mus_musculus
429,ENSXETG00000006257,BARHL1,xenopus_tropicalis
429,FBgn0011758,BARHL1,drosophila_melanogaster
429,WBGene00000451,BARHL1,caenorhabditis_elegans
429,ENSG00000125492,BARHL1,homo_sapiens
430,FBgn0267336,SLC2A4RG,drosophila_melanogaster
430,ENSG00000125520,SLC2A4RG,homo_sapiens
431,ENSMUSG00000045493,BHLHE23,mus_musculus
431,ENSXETG00000006104,BHLHE23,xenopus_tropicalis
431,FBgn0032651,BHLHE23,drosophila_melanogaster
431,WBGene00013665,BHLHE23,caenorhabditis_elegans
431,ENSG00000125533,BHLHE23,homo_sapiens
432,ENSMUSG00000026976,PAX8,mus_musculus
432,ENSXETG00000001272,PAX8,xenopus_tropicalis
432,FBgn0005561,PAX8,drosophila_melanogaster
432,WBGene00001204,PAX8,caenorhabditis_elegans
432,ENSG00000125618,PAX8,homo_sapiens
433,ENSMUSG00000003545,FOSB,mus_musculus
433,ENSXETG00000018237,FOSB,xenopus_tropicalis
433,FBgn0001297,FOSB,drosophila_melanogaster
433,ENSG00000125740,FOSB,homo_sapiens
434,ENSMUSG00000037025,FOXA2,mus_musculus
434,ENSXETG00000026998,FOXA2,xenopus_tropicalis
434,FBgn0000659,FOXA2,drosophila_melanogaster
434,ENSG00000125798,FOXA2,homo_sapiens
435,ENSMUSG00000027439,GZF1,mus_musculus
435,ENSXETG00000004510,GZF1,xenopus_tropicalis
435,FBgn0051365,GZF1,drosophila_melanogaster
435,ENSG00000125812,GZF1,homo_sapiens
436,ENSMUSG00000037034,PAX1,mus_musculus
436,ENSXETG00000023497,PAX1,xenopus_tropicalis
436,FBgn0003129,PAX1,drosophila_melanogaster
436,WBGene00003937,PAX1,caenorhabditis_elegans
436,ENSG00000125813,PAX1,homo_sapiens
437,ENSMUSG00000054160,NKX2-4,mus_musculus
437,ENSXETG00000023500,NKX2-4,xenopus_tropicalis
437,WBGene00000447,NKX2-4,caenorhabditis_elegans
437,ENSG00000125816,NKX2-4,homo_sapiens
438,ENSMUSG00000027434,NKX2-2,mus_musculus
438,ENSXETG00000023499,NKX2-2,xenopus_tropicalis
438,FBgn0261930,NKX2-2,drosophila_melanogaster
438,WBGene00000447,NKX2-2,caenorhabditis_elegans
438,ENSG00000125820,NKX2-2,homo_sapiens
439,ENSG00000125846,ZNF133,homo_sapiens
440,ENSMUSG00000037279,OVOL2,mus_musculus
440,ENSXETG00000024897,OVOL2,xenopus_tropicalis
440,FBgn0003028,OVOL2,drosophila_melanogaster
440,WBGene00003033,OVOL2,caenorhabditis_elegans
440,ENSG00000125850,OVOL2,homo_sapiens
441,ENSMUSG00000068079,TCF15,mus_musculus
441,ENSXETG00000002557,TCF15,xenopus_tropicalis
441,FBgn0053557,TCF15,drosophila_melanogaster
441,ENSG00000125878,TCF15,homo_sapiens
442,ENSMUSG00000051351,ZNF436,mus_musculus
442,ENSXETG00000016786,ZNF436,xenopus_tropicalis
442,ENSG00000125945,ZNF436,homo_sapiens
443,ENSMUSG00000059436,MAX,mus_musculus
443,ENSXETG00000007650,MAX,xenopus_tropicalis
443,FBgn0017578,MAX,drosophila_melanogaster
443,WBGene00003509,MAX,caenorhabditis_elegans
443,ENSG00000125952,MAX,homo_sapiens
444,ENSMUSG00000042745,ID1,mus_musculus
444,FBgn0000575,ID1,drosophila_melanogaster
444,ENSG00000125968,ID1,homo_sapiens
445,ENSMUSG00000051413,PLAGL2,mus_musculus
445,FBgn0032401,PLAGL2,drosophila_melanogaster
445,ENSG00000126003,PLAGL2,homo_sapiens
446,ENSMUSG00000025332,KDM5C,mus_musculus
446,ENSXETG00000007178,KDM5C,xenopus_tropicalis
446,FBgn0031759,KDM5C,drosophila_melanogaster
446,WBGene00004319,KDM5C,caenorhabditis_elegans
446,ENSG00000126012,KDM5C,homo_sapiens
447,ENSMUSG00000058756,THRA,mus_musculus
447,ENSXETG00000024399,THRA,xenopus_tropicalis
447,ENSG00000126351,THRA,homo_sapiens
448,ENSMUSG00000020889,NR1D1,mus_musculus
448,ENSXETG00000024397,NR1D1,xenopus_tropicalis
448,FBgn0004865,NR1D1,drosophila_melanogaster
448,WBGene00004786,NR1D1,caenorhabditis_elegans
448,ENSG00000126368,NR1D1,homo_sapiens
449,ENSMUSG00000003184,IRF3,mus_musculus
449,ENSXETG00000002863,IRF3,xenopus_tropicalis
449,ENSG00000126456,IRF3,homo_sapiens
450,ENSMUSG00000004043,STAT5A,mus_musculus
450,ENSXETG00000000836,STAT5A,xenopus_tropicalis
450,FBgn0016917,STAT5A,drosophila_melanogaster
450,WBGene00013111,STAT5A,caenorhabditis_elegans
450,ENSG00000126561,STAT5A,homo_sapiens
451,ENSMUSG00000014303,GLIS2,mus_musculus
451,ENSXETG00000024432,GLIS2,xenopus_tropicalis
451,FBgn0033782,GLIS2,drosophila_melanogaster
451,ENSG00000126603,GLIS2,homo_sapiens
452,ENSMUSG00000025592,DACH2,mus_musculus
452,ENSXETG00000015905,DACH2,xenopus_tropicalis
452,FBgn0005677,DACH2,drosophila_melanogaster
452,WBGene00000895,DACH2,caenorhabditis_elegans
452,ENSG00000126733,DACH2,homo_sapiens
453,ENSMUSG00000038346,ZNF384,mus_musculus
453,ENSXETG00000011532,ZNF384,xenopus_tropicalis
453,FBgn0010768,ZNF384,drosophila_melanogaster
453,WBGene00003015,ZNF384,caenorhabditis_elegans
453,ENSG00000126746,ZNF384,homo_sapiens
454,ENSMUSG00000009406,ELK1,mus_musculus
454,ENSXETG00000024193,ELK1,xenopus_tropicalis
454,ENSG00000126767,ELK1,homo_sapiens
455,ENSMUSG00000051367,SIX1,mus_musculus
455,ENSXETG00000016943,SIX1,xenopus_tropicalis
455,FBgn0003460,SIX1,drosophila_melanogaster
455,ENSG00000126778,SIX1,homo_sapiens
456,ENSMUSG00000033454,ZBTB1,mus_musculus
456,ENSXETG00000022532,ZBTB1,xenopus_tropicalis
456,ENSG00000126804,ZBTB1,homo_sapiens
457,ENSMUSG00000056592,ZNF484,mus_musculus
457,ENSXETG00000007423,ZNF484,xenopus_tropicalis
457,ENSG00000127081,ZNF484,homo_sapiens
458,ENSMUSG00000028634,HIVEP3,mus_musculus
458,ENSXETG00000012923,HIVEP3,xenopus_tropicalis
458,FBgn0003396,HIVEP3,drosophila_melanogaster
458,WBGene00004862,HIVEP3,caenorhabditis_elegans
458,ENSG00000127124,HIVEP3,homo_sapiens
459,ENSMUSG00000048251,BCL11B,mus_musculus
459,ENSXETG00000011434,BCL11B,xenopus_tropicalis
459,FBgn0029939,BCL11B,drosophila_melanogaster
459,WBGene00017430,BCL11B,caenorhabditis_elegans
459,ENSG00000127152,BCL11B,homo_sapiens
460,ENSMUSG00000020171,YEATS4,mus_musculus
460,ENSXETG00000026783,YEATS4,xenopus_tropicalis
460,FBgn0031873,YEATS4,drosophila_melanogaster
460,ENSG00000127337,YEATS4,homo_sapiens
461,ENSMUSG00000055148,KLF2,mus_musculus
461,ENSXETG00000002075,KLF2,xenopus_tropicalis
461,ENSG00000127528,KLF2,homo_sapiens
462,ENSXETG00000008076,ZNF835,xenopus_tropicalis
462,ENSG00000127903,ZNF835,homo_sapiens
463,ENSMUSG00000030604,ZNF780B,mus_musculus
463,ENSG00000128000,ZNF780B,homo_sapiens
464,ENSMUSG00000042406,ATF4,mus_musculus
464,ENSXETG00000024806,ATF4,xenopus_tropicalis
464,ENSG00000128272,ATF4,homo_sapiens
465,ENSMUSG00000029563,FOXP2,mus_musculus
465,ENSXETG00000011560,FOXP2,xenopus_tropicalis
465,FBgn0262477,FOXP2,drosophila_melanogaster
465,WBGene00001439,FOXP2,caenorhabditis_elegans
465,ENSG00000128573,FOXP2,homo_sapiens
466,ENSMUSG00000029771,IRF5,mus_musculus
466,ENSXETG00000015005,IRF5,xenopus_tropicalis
466,ENSG00000128604,IRF5,homo_sapiens
467,ENSMUSG00000029697,FEZF1,mus_musculus
467,ENSXETG00000022748,FEZF1,xenopus_tropicalis
467,FBgn0031375,FEZF1,drosophila_melanogaster
467,WBGene00012639,FEZF1,caenorhabditis_elegans
467,ENSG00000128610,FEZF1,homo_sapiens
468,ENSMUSG00000042448,HOXD1,mus_musculus
468,ENSXETG00000001801,HOXD1,xenopus_tropicalis
468,WBGene00000437,HOXD1,caenorhabditis_elegans
468,ENSG00000128645,HOXD1,homo_sapiens
469,ENSMUSG00000079277,HOXD3,mus_musculus
469,ENSXETG00000001800,HOXD3,xenopus_tropicalis
469,FBgn0004054,HOXD3,drosophila_melanogaster
469,WBGene00003102,HOXD3,caenorhabditis_elegans
469,ENSG00000128652,HOXD3,homo_sapiens
470,ENSMUSG00000043342,HOXD9,mus_musculus
470,ENSXETG00000007581,HOXD9,xenopus_tropicalis
470,FBgn0000015,HOXD9,drosophila_melanogaster
470,ENSG00000128709,HOXD9,homo_sapiens
471,ENSMUSG00000050368,HOXD10,mus_musculus
471,ENSXETG00000007580,HOXD10,xenopus_tropicalis
471,FBgn0000015,HOXD10,drosophila_melanogaster
471,ENSG00000128710,HOXD10,homo_sapiens
472,ENSMUSG00000042499,HOXD11,mus_musculus
472,ENSXETG00000032416,HOXD11,xenopus_tropicalis
472,FBgn0000015,HOXD11,drosophila_melanogaster
472,ENSG00000128713,HOXD11,homo_sapiens
473,ENSMUSG00000001819,HOXD13,mus_musculus
473,ENSXETG00000007575,HOXD13,xenopus_tropicalis
473,FBgn0000015,HOXD13,drosophila_melanogaster
473,ENSG00000128714,HOXD13,homo_sapiens
474,ENSG00000129028,THAP10,homo_sapiens
475,ENSMUSG00000030322,MBD4,mus_musculus
475,ENSXETG00000026622,MBD4,xenopus_tropicalis
475,ENSG00000129071,MBD4,homo_sapiens
476,ENSMUSG00000009471,MYOD1,mus_musculus
476,ENSXETG00000001320,MYOD1,xenopus_tropicalis
476,FBgn0002922,MYOD1,drosophila_melanogaster
476,WBGene00001948,MYOD1,caenorhabditis_elegans
476,ENSG00000129152,MYOD1,homo_sapiens
477,ENSMUSG00000046179,E2F8,mus_musculus
477,ENSXETG00000004436,E2F8,xenopus_tropicalis
477,WBGene00009899,E2F8,caenorhabditis_elegans
477,ENSG00000129173,E2F8,homo_sapiens
478,ENSMUSG00000041287,SOX15,mus_musculus
478,ENSG00000129194,SOX15,homo_sapiens
479,ENSMUSG00000035451,FOXA1,mus_musculus
479,ENSXETG00000025867,FOXA1,xenopus_tropicalis
479,FBgn0000659,FOXA1,drosophila_melanogaster
479,WBGene00004013,FOXA1,caenorhabditis_elegans
479,ENSG00000129514,FOXA1,homo_sapiens
480,ENSMUSG00000040632,NRL,mus_musculus
480,ENSXETG00000022130,NRL,xenopus_tropicalis
480,FBgn0000964,NRL,drosophila_melanogaster
480,ENSG00000129535,NRL,homo_sapiens
481,ENSMUSG00000034227,FOXJ1,mus_musculus
481,ENSXETG00000019549,FOXJ1,xenopus_tropicalis
481,ENSG00000129654,FOXJ1,homo_sapiens
482,ENSMUSG00000035397,KLF16,mus_musculus
482,FBgn0043364,KLF16,drosophila_melanogaster
482,ENSG00000129911,KLF16,homo_sapiens
483,ENSMUSG00000023902,ZSCAN10,mus_musculus
483,ENSG00000130182,ZSCAN10,homo_sapiens
484,ENSMUSG00000034377,TULP4,mus_musculus
484,ENSXETG00000032878,TULP4,xenopus_tropicalis
484,FBgn0039530,TULP4,drosophila_melanogaster
484,WBGene00022139,TULP4,caenorhabditis_elegans
484,ENSG00000130338,TULP4,homo_sapiens
485,ENSMUSG00000024212,MLLT1,mus_musculus
485,ENSXETG00000021875,MLLT1,xenopus_tropicalis
485,FBgn0026441,MLLT1,drosophila_melanogaster
485,ENSG00000130382,MLLT1,homo_sapiens
486,ENSMUSG00000071076,JUND,mus_musculus
486,ENSXETG00000006441,JUND,xenopus_tropicalis
486,FBgn0001291,JUND,drosophila_melanogaster
486,ENSG00000130522,JUND,homo_sapiens
487,ENSG00000130544,ZNF557,homo_sapiens
488,ENSMUSG00000001566,MNX1,mus_musculus
488,ENSXETG00000021615,MNX1,xenopus_tropicalis
488,FBgn0041156,MNX1,drosophila_melanogaster
488,ENSG00000130675,MNX1,homo_sapiens
489,ENSMUSG00000050954,ZNF337,mus_musculus
489,ENSXETG00000007423,ZNF337,xenopus_tropicalis
489,ENSG00000130684,ZNF337,homo_sapiens
490,ENSMUSG00000015627,GATA5,mus_musculus
490,ENSXETG00000005127,GATA5,xenopus_tropicalis
490,FBgn0003117,GATA5,drosophila_melanogaster
490,ENSG00000130700,GATA5,homo_sapiens
491,ENSMUSG00000079466,PRDM12,mus_musculus
491,ENSXETG00000001343,PRDM12,xenopus_tropicalis
491,WBGene00018567,PRDM12,caenorhabditis_elegans
491,ENSG00000130711,PRDM12,homo_sapiens
492,ENSMUSG00000001988,NPAS1,mus_musculus
492,FBgn0262139,NPAS1,drosophila_melanogaster
492,WBGene00011327,NPAS1,caenorhabditis_elegans
492,ENSG00000130751,NPAS1,homo_sapiens
493,ENSMUSG00000057551,ZNF317,mus_musculus
493,ENSG00000130803,ZNF317,homo_sapiens
494,ENSMUSG00000059475,ZNF426,mus_musculus
494,ENSG00000130818,ZNF426,homo_sapiens
495,ENSG00000130844,ZNF331,homo_sapiens
496,ENSMUSG00000041258,ZNF236,mus_musculus
496,ENSXETG00000010789,ZNF236,xenopus_tropicalis
496,WBGene00016154,ZNF236,caenorhabditis_elegans
496,ENSG00000130856,ZNF236,homo_sapiens
497,ENSMUSG00000028977,CASZ1,mus_musculus
497,ENSXETG00000006312,CASZ1,xenopus_tropicalis
497,FBgn0004878,CASZ1,drosophila_melanogaster
497,ENSG00000130940,CASZ1,homo_sapiens
498,ENSMUSG00000059842,ZNF341,mus_musculus
498,ENSXETG00000021426,ZNF341,xenopus_tropicalis
498,ENSG00000131061,ZNF341,homo_sapiens
499,FBgn0030005,ZNF227,drosophila_melanogaster
499,ENSG00000131115,ZNF227,homo_sapiens
500,ENSMUSG00000097333,ZNF141,mus_musculus
500,ENSG00000131127,ZNF141,homo_sapiens
501,ENSMUSG00000033016,NFATC1,mus_musculus
501,ENSXETG00000000853,NFATC1,xenopus_tropicalis
501,FBgn0030505,NFATC1,drosophila_melanogaster
501,ENSG00000131196,NFATC1,homo_sapiens
502,ENSMUSG00000031326,CDX4,mus_musculus
502,ENSXETG00000004589,CDX4,xenopus_tropicalis
502,WBGene00003912,CDX4,caenorhabditis_elegans
502,ENSG00000131264,CDX4,homo_sapiens
503,ENSMUSG00000060601,NR1H2,mus_musculus
503,ENSXETG00000000307,NR1H2,xenopus_tropicalis
503,FBgn0000546,NR1H2,drosophila_melanogaster
503,ENSG00000131408,NR1H2,homo_sapiens
504,ENSMUSG00000021381,BARX1,mus_musculus
504,ENSXETG00000017172,BARX1,xenopus_tropicalis
504,ENSG00000131668,BARX1,homo_sapiens
505,FBgn0011701,RHOXF2,drosophila_melanogaster
505,WBGene00020485,RHOXF2,caenorhabditis_elegans
505,ENSG00000131721,RHOXF2,homo_sapiens
506,ENSMUSG00000037992,RARA,mus_musculus
506,ENSXETG00000024390,RARA,xenopus_tropicalis
506,ENSG00000131759,RARA,homo_sapiens
507,ENSMUSG00000028101,PIAS3,mus_musculus
507,ENSXETG00000018642,PIAS3,xenopus_tropicalis
507,FBgn0003612,PIAS3,drosophila_melanogaster
507,WBGene00001574,PIAS3,caenorhabditis_elegans
507,ENSG00000131788,PIAS3,homo_sapiens
508,ENSG00000131845,ZNF304,homo_sapiens
509,ENSMUSG00000058028,ZSCAN5A,mus_musculus
509,ENSG00000131848,ZSCAN5A,homo_sapiens
510,ENSG00000131849,ZNF132,homo_sapiens
511,ENSMUSG00000037583,NR0B2,mus_musculus
511,ENSXETG00000011771,NR0B2,xenopus_tropicalis
511,ENSG00000131910,NR0B2,homo_sapiens
512,ENSMUSG00000050966,LIN28A,mus_musculus
512,ENSXETG00000012324,LIN28A,xenopus_tropicalis
512,FBgn0035626,LIN28A,drosophila_melanogaster
512,WBGene00003014,LIN28A,caenorhabditis_elegans
512,ENSG00000131914,LIN28A,homo_sapiens
513,ENSMUSG00000037214,THAP1,mus_musculus
513,ENSXETG00000010197,THAP1,xenopus_tropicalis
513,ENSG00000131931,THAP1,homo_sapiens
514,ENSMUSG00000031706,RFX1,mus_musculus
514,ENSXETG00000005567,RFX1,xenopus_tropicalis
514,FBgn0020379,RFX1,drosophila_melanogaster
514,WBGene00000914,RFX1,caenorhabditis_elegans
514,ENSG00000132005,RFX1,homo_sapiens
515,ENSG00000132010,ZNF20,homo_sapiens
517,ENSMUSG00000000440,PPARG,mus_musculus
517,ENSXETG00000017422,PPARG,xenopus_tropicalis
517,ENSG00000132170,PPARG,homo_sapiens
518,ENSMUSG00000031921,TERF2,mus_musculus
518,ENSXETG00000031339,TERF2,xenopus_tropicalis
518,ENSG00000132604,TERF2,homo_sapiens
519,ENSMUSG00000041995,ZBED3,mus_musculus
519,ENSG00000132846,ZBED3,homo_sapiens
520,ENSMUSG00000027552,E2F5,mus_musculus
520,ENSXETG00000013780,E2F5,xenopus_tropicalis
520,FBgn0024371,E2F5,drosophila_melanogaster
520,WBGene00001161,E2F5,caenorhabditis_elegans
520,ENSG00000133740,E2F5,homo_sapiens
521,ENSMUSG00000055116,ARNTL,mus_musculus
521,ENSXETG00000024204,ARNTL,xenopus_tropicalis
521,FBgn0023094,ARNTL,drosophila_melanogaster
521,ENSG00000133794,ARNTL,homo_sapiens
522,ENSMUSG00000024826,DPF2,mus_musculus
522,ENSXETG00000001672,DPF2,xenopus_tropicalis
522,FBgn0033015,DPF2,drosophila_melanogaster
522,WBGene00016200,DPF2,caenorhabditis_elegans
522,ENSG00000133884,DPF2,homo_sapiens
523,ENSMUSG00000021095,GSC,mus_musculus
523,ENSXETG00000023328,GSC,xenopus_tropicalis
523,FBgn0010323,GSC,drosophila_melanogaster
523,WBGene00022837,GSC,caenorhabditis_elegans
523,ENSG00000133937,GSC,homo_sapiens
524,ENSMUSG00000024513,MBD2,mus_musculus
524,ENSXETG00000013688,MBD2,xenopus_tropicalis
524,FBgn0027950,MBD2,drosophila_melanogaster
524,ENSG00000134046,MBD2,homo_sapiens
525,ENSMUSG00000030103,BHLHE40,mus_musculus
525,ENSXETG00000005207,BHLHE40,xenopus_tropicalis
525,ENSG00000134107,BHLHE40,homo_sapiens
526,ENSMUSG00000027210,MEIS2,mus_musculus
526,ENSXETG00000012882,MEIS2,xenopus_tropicalis
526,FBgn0001235,MEIS2,drosophila_melanogaster
526,WBGene00006796,MEIS2,caenorhabditis_elegans
526,ENSG00000134138,MEIS2,homo_sapiens
527,ENSMUSG00000020656,GRHL1,mus_musculus
527,ENSXETG00000007012,GRHL1,xenopus_tropicalis
527,FBgn0259211,GRHL1,drosophila_melanogaster
527,WBGene00001707,GRHL1,caenorhabditis_elegans
527,ENSG00000134317,GRHL1,homo_sapiens
528,ENSMUSG00000037169,MYCN,mus_musculus
528,ENSXETG00000015485,MYCN,xenopus_tropicalis
528,FBgn0262656,MYCN,drosophila_melanogaster
528,ENSG00000134323,MYCN,homo_sapiens
529,ENSMUSG00000024518,RAX,mus_musculus
529,ENSXETG00000031298,RAX,xenopus_tropicalis
529,WBGene00000433,RAX,caenorhabditis_elegans
529,ENSG00000134438,RAX,homo_sapiens
530,ENSMUSG00000041540,SOX5,mus_musculus
530,ENSXETG00000026458,SOX5,xenopus_tropicalis
530,FBgn0039938,SOX5,drosophila_melanogaster
530,WBGene00001182,SOX5,caenorhabditis_elegans
530,ENSG00000134532,SOX5,homo_sapiens
531,ENSMUSG00000045179,SOX3,mus_musculus
531,ENSXETG00000007607,SOX3,xenopus_tropicalis
531,FBgn0029123,SOX3,drosophila_melanogaster
531,ENSG00000134595,SOX3,homo_sapiens
532,ENSMUSG00000024317,RNF138,mus_musculus
532,ENSXETG00000004739,RNF138,xenopus_tropicalis
532,ENSG00000134758,RNF138,homo_sapiens
533,ENSMUSG00000029238,CLOCK,mus_musculus
533,ENSXETG00000021064,CLOCK,xenopus_tropicalis
533,FBgn0023076,CLOCK,drosophila_melanogaster
533,ENSG00000134852,CLOCK,homo_sapiens
534,ENSMUSG00000032035,ETS1,mus_musculus
534,ENSXETG00000022781,ETS1,xenopus_tropicalis
534,ENSG00000134954,ETS1,homo_sapiens
535,ENSMUSG00000029556,HNF1A,mus_musculus
535,ENSXETG00000012278,HNF1A,xenopus_tropicalis
535,ENSG00000135100,HNF1A,homo_sapiens
536,ENSMUSG00000018604,TBX3,mus_musculus
536,ENSXETG00000006579,TBX3,xenopus_tropicalis
536,FBgn0000179,TBX3,drosophila_melanogaster
536,ENSG00000135111,TBX3,homo_sapiens
537,ENSMUSG00000042508,DMTF1,mus_musculus
537,ENSXETG00000005412,DMTF1,xenopus_tropicalis
537,ENSG00000135164,DMTF1,homo_sapiens
538,ENSMUSG00000012350,EHF,mus_musculus
538,ENSXETG00000007559,EHF,xenopus_tropicalis
538,WBGene00006462,EHF,caenorhabditis_elegans
538,ENSG00000135373,EHF,homo_sapiens
539,ENSMUSG00000027186,ELF5,mus_musculus
539,ENSXETG00000007560,ELF5,xenopus_tropicalis
539,WBGene00006462,ELF5,caenorhabditis_elegans
539,ENSG00000135374,ELF5,homo_sapiens
540,ENSMUSG00000009733,TFCP2,mus_musculus
540,ENSXETG00000009632,TFCP2,xenopus_tropicalis
540,FBgn0050011,TFCP2,drosophila_melanogaster
540,ENSG00000135457,TFCP2,homo_sapiens
541,ENSMUSG00000019789,HEY2,mus_musculus
541,ENSXETG00000021844,HEY2,xenopus_tropicalis
541,FBgn0027788,HEY2,drosophila_melanogaster
541,ENSG00000135547,HEY2,homo_sapiens
542,ENSMUSG00000071341,EGR4,mus_musculus
542,ENSXETG00000011775,EGR4,xenopus_tropicalis
542,FBgn0003499,EGR4,drosophila_melanogaster
542,WBGene00043705,EGR4,caenorhabditis_elegans
542,ENSG00000135625,EGR4,homo_sapiens
543,ENSMUSG00000033726,EMX1,mus_musculus
543,FBgn0000576,EMX1,drosophila_melanogaster
543,WBGene00000429,EMX1,caenorhabditis_elegans
543,ENSG00000135638,EMX1,homo_sapiens
544,ENSMUSG00000097565,ZNF670-ZNF695,mus_musculus
544,ENSG00000135747,ZNF670-ZNF695,homo_sapiens
545,ENSMUSG00000095672,SP110,mus_musculus
545,ENSXETG00000032669,SP110,xenopus_tropicalis
545,ENSG00000135899,SP110,homo_sapiens
546,ENSMUSG00000004872,PAX3,mus_musculus
546,ENSXETG00000007640,PAX3,xenopus_tropicalis
546,FBgn0001148,PAX3,drosophila_melanogaster
546,WBGene00003939,PAX3,caenorhabditis_elegans
546,ENSG00000135903,PAX3,homo_sapiens
547,ENSMUSG00000071350,SETDB2,mus_musculus
547,ENSXETG00000015666,SETDB2,xenopus_tropicalis
547,WBGene00019883,SETDB2,caenorhabditis_elegans
547,ENSG00000136169,SETDB2,homo_sapiens
548,ENSMUSG00000058669,NKX2-8,mus_musculus
548,ENSXETG00000002908,NKX2-8,xenopus_tropicalis
548,FBgn0261930,NKX2-8,drosophila_melanogaster
548,WBGene00000450,NKX2-8,caenorhabditis_elegans
548,ENSG00000136327,NKX2-8,homo_sapiens
549,ENSMUSG00000001496,NKX2-1,mus_musculus
549,ENSXETG00000002909,NKX2-1,xenopus_tropicalis
549,WBGene00000447,NKX2-1,caenorhabditis_elegans
549,ENSG00000136352,NKX2-1,homo_sapiens
550,ENSMUSG00000040721,ZFHX2,mus_musculus
550,ENSXETG00000022562,ZFHX2,xenopus_tropicalis
550,FBgn0004607,ZFHX2,drosophila_melanogaster
550,WBGene00022518,ZFHX2,caenorhabditis_elegans
550,ENSG00000136367,ZFHX2,homo_sapiens
551,ENSMUSG00000018377,VEZF1,mus_musculus
551,ENSXETG00000008951,VEZF1,xenopus_tropicalis
551,ENSG00000136451,VEZF1,homo_sapiens
552,ENSMUSG00000038909,KAT7,mus_musculus
552,ENSXETG00000021908,KAT7,xenopus_tropicalis
552,FBgn0028387,KAT7,drosophila_melanogaster
552,ENSG00000136504,KAT7,homo_sapiens
553,ENSMUSG00000035033,TBR1,mus_musculus
553,ENSXETG00000016201,TBR1,xenopus_tropicalis
553,WBGene00044798,TBR1,caenorhabditis_elegans
553,ENSG00000136535,TBR1,homo_sapiens
554,ENSMUSG00000021944,GATA4,mus_musculus
554,ENSXETG00000000673,GATA4,xenopus_tropicalis
554,FBgn0003117,GATA4,drosophila_melanogaster
554,ENSG00000136574,GATA4,homo_sapiens
555,ENSMUSG00000039377,HLX,mus_musculus
555,ENSXETG00000002734,HLX,xenopus_tropicalis
555,FBgn0001170,HLX,drosophila_melanogaster
555,ENSG00000136630,HLX,homo_sapiens
556,ENSMUSG00000026740,DNAJC1,mus_musculus
556,ENSXETG00000007390,DNAJC1,xenopus_tropicalis
556,FBgn0030990,DNAJC1,drosophila_melanogaster
556,WBGene00018836,DNAJC1,caenorhabditis_elegans
556,ENSG00000136770,DNAJC1,homo_sapiens
557,ENSMUSG00000003032,KLF4,mus_musculus
557,ENSXETG00000005739,KLF4,xenopus_tropicalis
557,ENSG00000136826,KLF4,homo_sapiens
558,ENSMUSG00000028389,ZFP37,mus_musculus
558,ENSXETG00000007423,ZFP37,xenopus_tropicalis
558,ENSG00000136866,ZFP37,homo_sapiens
559,ENSMUSG00000039634,ZNF189,mus_musculus
559,ENSG00000136870,ZNF189,homo_sapiens
560,ENSMUSG00000026751,NR5A1,mus_musculus
560,ENSXETG00000011456,NR5A1,xenopus_tropicalis
560,FBgn0001078,NR5A1,drosophila_melanogaster
560,WBGene00003623,NR5A1,caenorhabditis_elegans
560,ENSG00000136931,NR5A1,homo_sapiens
561,ENSMUSG00000038765,LMX1B,mus_musculus
561,ENSXETG00000000742,LMX1B,xenopus_tropicalis
561,FBgn0036274,LMX1B,drosophila_melanogaster
561,WBGene00002988,LMX1B,caenorhabditis_elegans
561,ENSG00000136944,LMX1B,homo_sapiens
562,ENSMUSG00000022346,MYC,mus_musculus
562,ENSXETG00000025372,MYC,xenopus_tropicalis
562,FBgn0262656,MYC,drosophila_melanogaster
562,ENSG00000136997,MYC,homo_sapiens
563,ENSMUSG00000024837,DMRT1,mus_musculus
563,ENSXETG00000002277,DMRT1,xenopus_tropicalis
563,WBGene00007776,DMRT1,caenorhabditis_elegans
563,ENSG00000137090,DMRT1,homo_sapiens
564,ENSMUSG00000023991,FOXP4,mus_musculus
564,ENSXETG00000011856,FOXP4,xenopus_tropicalis
564,FBgn0262477,FOXP4,drosophila_melanogaster
564,WBGene00001439,FOXP4,caenorhabditis_elegans
564,ENSG00000137166,FOXP4,homo_sapiens
565,ENSG00000137185,ZSCAN9,homo_sapiens
566,ENSMUSG00000021359,TFAP2A,mus_musculus
566,ENSXETG00000001074,TFAP2A,xenopus_tropicalis
566,FBgn0261953,TFAP2A,drosophila_melanogaster
566,WBGene00019424,TFAP2A,caenorhabditis_elegans
566,ENSG00000137203,TFAP2A,homo_sapiens
567,ENSMUSG00000021356,IRF4,mus_musculus
567,ENSXETG00000011413,IRF4,xenopus_tropicalis
567,ENSG00000137265,IRF4,homo_sapiens
568,ENSMUSG00000023333,GCM1,mus_musculus
568,ENSXETG00000027375,GCM1,xenopus_tropicalis
568,FBgn0014179,GCM1,drosophila_melanogaster
568,ENSG00000137270,GCM1,homo_sapiens
569,ENSMUSG00000038402,FOXF2,mus_musculus
569,ENSXETG00000000589,FOXF2,xenopus_tropicalis
569,FBgn0045759,FOXF2,drosophila_melanogaster
569,ENSG00000137273,FOXF2,homo_sapiens
570,ENSMUSG00000078249,HMGA1,mus_musculus
570,ENSG00000137309,HMGA1,homo_sapiens
571,ENSMUSG00000050410,TCF19,mus_musculus
571,ENSXETG00000024079,TCF19,xenopus_tropicalis
571,ENSG00000137310,TCF19,homo_sapiens
572,ENSMUSG00000030753,THAP12,mus_musculus
572,ENSXETG00000019230,THAP12,xenopus_tropicalis
572,ENSG00000137492,THAP12,homo_sapiens
573,ENSMUSG00000051451,CREBZF,mus_musculus
573,ENSG00000137504,CREBZF,homo_sapiens
574,ENSMUSG00000032015,POU2F3,mus_musculus
574,ENSXETG00000015251,POU2F3,xenopus_tropicalis
574,FBgn0004394,POU2F3,drosophila_melanogaster
574,WBGene00000431,POU2F3,caenorhabditis_elegans
574,ENSG00000137709,POU2F3,homo_sapiens
575,ENSMUSG00000036867,SMAD6,mus_musculus
575,ENSXETG00000015939,SMAD6,xenopus_tropicalis
575,FBgn0020493,SMAD6,drosophila_melanogaster
575,ENSG00000137834,SMAD6,homo_sapiens
576,ENSMUSG00000045302,PREB,mus_musculus
576,FBgn0031779,PREB,drosophila_melanogaster
576,WBGene00010496,PREB,caenorhabditis_elegans
576,ENSG00000138073,PREB,homo_sapiens
577,ENSMUSG00000038805,SIX3,mus_musculus
577,ENSXETG00000002758,SIX3,xenopus_tropicalis
577,FBgn0025360,SIX3,drosophila_melanogaster
577,WBGene00000453,SIX3,caenorhabditis_elegans
577,ENSG00000138083,SIX3,homo_sapiens
578,ENSMUSG00000025216,LBX1,mus_musculus
578,FBgn0008651,LBX1,drosophila_melanogaster
578,ENSG00000138136,LBX1,homo_sapiens
579,ENSMUSG00000062939,STAT4,mus_musculus
579,ENSXETG00000004662,STAT4,xenopus_tropicalis
579,FBgn0016917,STAT4,drosophila_melanogaster
579,WBGene00013111,STAT4,caenorhabditis_elegans
579,ENSG00000138378,STAT4,homo_sapiens
580,ENSMUSG00000026017,CARF,mus_musculus
580,ENSXETG00000031604,CARF,xenopus_tropicalis
580,ENSG00000138380,CARF,homo_sapiens
581,ENSMUSG00000029913,PRDM5,mus_musculus
581,ENSXETG00000002101,PRDM5,xenopus_tropicalis
581,FBgn0037031,PRDM5,drosophila_melanogaster
581,ENSG00000138738,PRDM5,homo_sapiens
582,ENSMUSG00000027985,LEF1,mus_musculus
582,ENSXETG00000021102,LEF1,xenopus_tropicalis
582,FBgn0085432,LEF1,drosophila_melanogaster
582,WBGene00004077,LEF1,caenorhabditis_elegans
582,ENSG00000138795,LEF1,homo_sapiens
583,ENSMUSG00000030199,ETV6,mus_musculus
583,ENSXETG00000008919,ETV6,xenopus_tropicalis
583,FBgn0000097,ETV6,drosophila_melanogaster
583,WBGene00016798,ETV6,caenorhabditis_elegans
583,ENSG00000139083,ETV6,homo_sapiens
584,ENSMUSG00000030232,AEBP2,mus_musculus
584,ENSXETG00000008185,AEBP2,xenopus_tropicalis
584,FBgn0086655,AEBP2,drosophila_melanogaster
584,ENSG00000139154,AEBP2,homo_sapiens
585,ENSMUSG00000020052,ASCL1,mus_musculus
585,ENSXETG00000002872,ASCL1,xenopus_tropicalis
585,FBgn0000022,ASCL1,drosophila_melanogaster
585,ENSG00000139352,ASCL1,homo_sapiens
586,ENSMUSG00000042002,FOXN4,mus_musculus
586,ENSXETG00000018573,FOXN4,xenopus_tropicalis
586,FBgn0015396,FOXN4,drosophila_melanogaster
586,ENSG00000139445,FOXN4,homo_sapiens
587,ENSMUSG00000029644,PDX1,mus_musculus
587,ENSXETG00000011787,PDX1,xenopus_tropicalis
587,FBgn0004054,PDX1,drosophila_melanogaster
587,WBGene00003102,PDX1,caenorhabditis_elegans
587,ENSG00000139515,PDX1,homo_sapiens
588,ENSMUSG00000025369,SMARCC2,mus_musculus
588,ENSXETG00000009486,SMARCC2,xenopus_tropicalis
588,FBgn0002783,SMARCC2,drosophila_melanogaster
588,WBGene00004203,SMARCC2,caenorhabditis_elegans
588,ENSG00000139613,SMARCC2,homo_sapiens
589,ENSMUSG00000023021,CERS5,mus_musculus
589,ENSXETG00000013344,CERS5,xenopus_tropicalis
589,FBgn0040918,CERS5,drosophila_melanogaster
589,WBGene00002043,CERS5,caenorhabditis_elegans
589,ENSG00000139624,CERS5,homo_sapiens
590,ENSMUSG00000046897,ZNF740,mus_musculus
590,ENSXETG00000025177,ZNF740,xenopus_tropicalis
590,ENSG00000139651,ZNF740,homo_sapiens
591,ENSMUSG00000041703,ZIC5,mus_musculus
591,ENSXETG00000018872,ZIC5,xenopus_tropicalis
591,FBgn0003002,ZIC5,drosophila_melanogaster
591,WBGene00004335,ZIC5,caenorhabditis_elegans
591,ENSG00000139800,ZIC5,homo_sapiens
592,ENSMUSG00000021055,ESR2,mus_musculus
592,ENSXETG00000007257,ESR2,xenopus_tropicalis
592,ENSG00000140009,ESR2,homo_sapiens
593,ENSMUSG00000034271,JDP2,mus_musculus
593,ENSG00000140044,JDP2,homo_sapiens
594,ENSMUSG00000032228,TCF12,mus_musculus
594,ENSXETG00000016563,TCF12,xenopus_tropicalis
594,FBgn0000413,TCF12,drosophila_melanogaster
594,WBGene00001949,TCF12,caenorhabditis_elegans
594,ENSG00000140262,TCF12,homo_sapiens
595,ENSMUSG00000050619,ZSCAN29,mus_musculus
595,ENSG00000140265,ZSCAN29,homo_sapiens
596,ENSMUSG00000032329,HMG20A,mus_musculus
596,ENSXETG00000015269,HMG20A,xenopus_tropicalis
596,FBgn0026582,HMG20A,drosophila_melanogaster
596,WBGene00012209,HMG20A,caenorhabditis_elegans
596,ENSG00000140382,HMG20A,homo_sapiens
597,ENSMUSG00000048897,ZNF710,mus_musculus
597,ENSXETG00000012971,ZNF710,xenopus_tropicalis
597,WBGene00012385,ZNF710,caenorhabditis_elegans
597,ENSG00000140548,ZNF710,homo_sapiens
598,ENSMUSG00000038872,ZFHX3,mus_musculus
598,ENSXETG00000023509,ZFHX3,xenopus_tropicalis
598,FBgn0004607,ZFHX3,drosophila_melanogaster
598,WBGene00022518,ZFHX3,caenorhabditis_elegans
598,ENSG00000140836,ZFHX3,homo_sapiens
599,ENSMUSG00000041515,IRF8,mus_musculus
599,ENSXETG00000003561,IRF8,xenopus_tropicalis
599,ENSG00000140968,IRF8,homo_sapiens
600,ENSG00000140987,ZSCAN32,homo_sapiens
601,ENSMUSG00000001472,TCF25,mus_musculus
601,ENSXETG00000023414,TCF25,xenopus_tropicalis
601,FBgn0027549,TCF25,drosophila_melanogaster
601,WBGene00010620,TCF25,caenorhabditis_elegans
601,ENSG00000141002,TCF25,homo_sapiens
602,ENSMUSG00000018501,NCOR1,mus_musculus
602,ENSXETG00000006720,NCOR1,xenopus_tropicalis
602,FBgn0265523,NCOR1,drosophila_melanogaster
602,ENSG00000141027,NCOR1,homo_sapiens
603,ENSMUSG00000005267,ZNF287,mus_musculus
603,ENSG00000141040,ZNF287,homo_sapiens
604,ENSMUSG00000005836,GATA6,mus_musculus
604,ENSXETG00000003144,GATA6,xenopus_tropicalis
604,FBgn0003117,GATA6,drosophila_melanogaster
604,ENSG00000141448,GATA6,homo_sapiens
605,ENSMUSG00000059552,TP53,mus_musculus
605,ENSXETG00000025055,TP53,xenopus_tropicalis
605,ENSG00000141510,TP53,homo_sapiens
606,ENSMUSG00000039275,FOXK2,mus_musculus
606,ENSXETG00000022803,FOXK2,xenopus_tropicalis
606,FBgn0036134,FOXK2,drosophila_melanogaster
606,ENSG00000141568,FOXK2,homo_sapiens
607,ENSMUSG00000024561,MBD1,mus_musculus
607,ENSG00000141644,MBD1,homo_sapiens
608,ENSMUSG00000024515,SMAD4,mus_musculus
608,ENSXETG00000027701,SMAD4,xenopus_tropicalis
608,FBgn0011655,SMAD4,drosophila_melanogaster
608,WBGene00004858,SMAD4,caenorhabditis_elegans
608,ENSG00000141646,SMAD4,homo_sapiens
609,ENSMUSG00000055053,NFIC,mus_musculus
609,ENSXETG00000008149,NFIC,xenopus_tropicalis
609,FBgn0042696,NFIC,drosophila_melanogaster
609,WBGene00003592,NFIC,caenorhabditis_elegans
609,ENSG00000141905,NFIC,homo_sapiens
610,ENSG00000141946,ZIM3,homo_sapiens
611,ENSMUSG00000014039,PRDM15,mus_musculus
611,ENSXETG00000000068,PRDM15,xenopus_tropicalis
611,ENSG00000141956,PRDM15,homo_sapiens
612,ENSMUSG00000011349,DMRTC2,mus_musculus
612,ENSG00000142025,DMRTC2,homo_sapiens
613,ENSMUSG00000053985,ZFP14,mus_musculus
613,ENSG00000142065,ZFP14,homo_sapiens
614,ENSMUSG00000046792,ZNF787,mus_musculus
614,FBgn0004606,ZNF787,drosophila_melanogaster
614,WBGene00006970,ZNF787,caenorhabditis_elegans
614,ENSG00000142409,ZNF787,homo_sapiens
615,ENSMUSG00000048012,ZNF473,mus_musculus
615,ENSG00000142528,ZNF473,homo_sapiens
616,ENSMUSG00000008193,CTD-2545M3.6,mus_musculus
616,ENSXETG00000009034,CTD-2545M3.6,xenopus_tropicalis
616,ENSG00000142539,CTD-2545M3.6,homo_sapiens
617,ENSXETG00000007423,ZNF614,xenopus_tropicalis
617,ENSG00000142556,ZNF614,homo_sapiens
618,ENSMUSG00000039852,RERE,mus_musculus
618,ENSXETG00000011890,RERE,xenopus_tropicalis
618,FBgn0010825,RERE,drosophila_melanogaster
618,WBGene00001194,RERE,caenorhabditis_elegans
618,ENSG00000142599,RERE,homo_sapiens
619,ENSMUSG00000039410,PRDM16,mus_musculus
619,ENSXETG00000012050,PRDM16,xenopus_tropicalis
619,FBgn0032707,PRDM16,drosophila_melanogaster
619,WBGene00001207,PRDM16,caenorhabditis_elegans
619,ENSG00000142611,PRDM16,homo_sapiens
620,ENSMUSG00000047143,DMRTA2,mus_musculus
620,ENSXETG00000002846,DMRTA2,xenopus_tropicalis
620,FBgn0039683,DMRTA2,drosophila_melanogaster
620,WBGene00017326,DMRTA2,caenorhabditis_elegans
620,ENSG00000142700,DMRTA2,homo_sapiens
621,ENSMUSG00000028610,DMRTB1,mus_musculus
621,FBgn0000504,DMRTB1,drosophila_melanogaster
621,WBGene00003100,DMRTB1,caenorhabditis_elegans
621,ENSG00000143006,DMRTB1,homo_sapiens
622,ENSMUSG00000034384,BARHL2,mus_musculus
622,ENSXETG00000023986,BARHL2,xenopus_tropicalis
622,FBgn0011758,BARHL2,drosophila_melanogaster
622,WBGene00000451,BARHL2,caenorhabditis_elegans
622,ENSG00000143032,BARHL2,homo_sapiens
623,ENSMUSG00000050064,ZNF697,mus_musculus
623,ENSXETG00000002097,ZNF697,xenopus_tropicalis
623,FBgn0034570,ZNF697,drosophila_melanogaster
623,ENSG00000143067,ZNF697,homo_sapiens
624,ENSMUSG00000015843,RXRG,mus_musculus
624,ENSXETG00000004750,RXRG,xenopus_tropicalis
624,FBgn0003964,RXRG,drosophila_melanogaster
624,ENSG00000143171,RXRG,homo_sapiens
625,ENSMUSG00000026572,TBX19,mus_musculus
625,FBgn0011723,TBX19,drosophila_melanogaster
625,ENSG00000143178,TBX19,homo_sapiens
626,ENSMUSG00000026565,POU2F1,mus_musculus
626,ENSXETG00000006231,POU2F1,xenopus_tropicalis
626,FBgn0085424,POU2F1,drosophila_melanogaster
626,WBGene00000431,POU2F1,caenorhabditis_elegans
626,ENSG00000143190,POU2F1,homo_sapiens
627,ENSMUSG00000040629,MAEL,mus_musculus
627,ENSXETG00000027834,MAEL,xenopus_tropicalis
627,ENSG00000143194,MAEL,homo_sapiens
628,ENSMUSG00000005677,NR1I3,mus_musculus
628,ENSXETG00000031759,NR1I3,xenopus_tropicalis
628,ENSG00000143257,NR1I3,homo_sapiens
629,ENSMUSG00000019230,LHX9,mus_musculus
629,ENSXETG00000009957,LHX9,xenopus_tropicalis
629,FBgn0000099,LHX9,drosophila_melanogaster
629,WBGene00006654,LHX9,caenorhabditis_elegans
629,ENSG00000143355,LHX9,homo_sapiens
630,ENSMUSG00000028150,RORC,mus_musculus
630,ENSXETG00000002131,RORC,xenopus_tropicalis
630,FBgn0000448,RORC,drosophila_melanogaster
630,WBGene00003622,RORC,caenorhabditis_elegans
630,ENSG00000143365,RORC,homo_sapiens
631,ENSMUSG00000019338,ZNF687,mus_musculus
631,ENSXETG00000010001,ZNF687,xenopus_tropicalis
631,ENSG00000143373,ZNF687,homo_sapiens
632,ENSMUSG00000015697,SETDB1,mus_musculus
632,ENSXETG00000008936,SETDB1,xenopus_tropicalis
632,FBgn0086908,SETDB1,drosophila_melanogaster
632,WBGene00019883,SETDB1,caenorhabditis_elegans
632,ENSG00000143379,SETDB1,homo_sapiens
633,ENSMUSG00000005774,RFX5,mus_musculus
633,ENSXETG00000027541,RFX5,xenopus_tropicalis
633,FBgn0020379,RFX5,drosophila_melanogaster
633,WBGene00000914,RFX5,caenorhabditis_elegans
633,ENSG00000143390,RFX5,homo_sapiens
634,ENSMUSG00000015522,ARNT,mus_musculus
634,ENSXETG00000008942,ARNT,xenopus_tropicalis
634,FBgn0264075,ARNT,drosophila_melanogaster
634,WBGene00000095,ARNT,caenorhabditis_elegans
634,ENSG00000143437,ARNT,homo_sapiens
635,ENSMUSG00000027938,CREB3L4,mus_musculus
635,ENSXETG00000002133,CREB3L4,xenopus_tropicalis
635,WBGene00002783,CREB3L4,caenorhabditis_elegans
635,ENSG00000143578,CREB3L4,homo_sapiens
636,ENSMUSG00000042390,GATAD2B,mus_musculus
636,ENSXETG00000019921,GATAD2B,xenopus_tropicalis
636,FBgn0010762,GATAD2B,drosophila_melanogaster
636,WBGene00000938,GATAD2B,caenorhabditis_elegans
636,ENSG00000143614,GATAD2B,homo_sapiens
637,ENSMUSG00000026496,PARP1,mus_musculus
637,ENSXETG00000022610,PARP1,xenopus_tropicalis
637,FBgn0010247,PARP1,drosophila_melanogaster
637,WBGene00004049,PARP1,caenorhabditis_elegans
637,ENSG00000143799,PARP1,homo_sapiens
638,ENSMUSG00000070643,SOX13,mus_musculus
638,ENSXETG00000017139,SOX13,xenopus_tropicalis
638,FBgn0039938,SOX13,drosophila_melanogaster
638,WBGene00001182,SOX13,caenorhabditis_elegans
638,ENSG00000143842,SOX13,homo_sapiens
639,ENSMUSG00000048387,OSR1,mus_musculus
639,ENSXETG00000007992,OSR1,xenopus_tropicalis
639,FBgn0024244,OSR1,drosophila_melanogaster
639,WBGene00003846,OSR1,caenorhabditis_elegans
639,ENSG00000143867,OSR1,homo_sapiens
640,ENSMUSG00000020160,MEIS1,mus_musculus
640,ENSXETG00000011473,MEIS1,xenopus_tropicalis
640,FBgn0001235,MEIS1,drosophila_melanogaster
640,WBGene00006796,MEIS1,caenorhabditis_elegans
640,ENSG00000143995,MEIS1,homo_sapiens
641,ENSG00000144026,ZNF514,homo_sapiens
642,ENSMUSG00000037138,AFF3,mus_musculus
642,ENSXETG00000030016,AFF3,xenopus_tropicalis
642,FBgn0041111,AFF3,drosophila_melanogaster
642,ENSG00000144218,AFF3,homo_sapiens
643,ENSMUSG00000041911,DLX1,mus_musculus
643,ENSXETG00000007533,DLX1,xenopus_tropicalis
643,FBgn0000157,DLX1,drosophila_melanogaster
643,ENSG00000144355,DLX1,homo_sapiens
644,ENSMUSG00000067071,HES6,mus_musculus
644,ENSXETG00000005911,HES6,xenopus_tropicalis
644,ENSG00000144485,HES6,homo_sapiens
645,ENSMUSG00000030059,TMF1,mus_musculus
645,ENSXETG00000016166,TMF1,xenopus_tropicalis
645,FBgn0029912,TMF1,drosophila_melanogaster
645,ENSG00000144747,TMF1,homo_sapiens
646,ENSXETG00000008076,ZNF660,xenopus_tropicalis
646,ENSG00000144792,ZNF660,homo_sapiens
647,ENSMUSG00000022809,NR1I2,mus_musculus
647,ENSXETG00000018029,NR1I2,xenopus_tropicalis
647,ENSG00000144852,NR1I2,homo_sapiens
648,ENSXETG00000007423,ZNF300,xenopus_tropicalis
648,ENSG00000145908,ZNF300,homo_sapiens
649,ENSMUSG00000061898,RBAK,mus_musculus
649,ENSG00000146587,RBAK,homo_sapiens
650,ENSMUSG00000053007,CREB5,mus_musculus
650,ENSXETG00000012041,CREB5,xenopus_tropicalis
650,ENSG00000146592,CREB5,homo_sapiens
651,ENSMUSG00000046518,FERD3L,mus_musculus
651,ENSXETG00000031751,FERD3L,xenopus_tropicalis
651,FBgn0037937,FERD3L,drosophila_melanogaster
651,ENSG00000146618,FERD3L,homo_sapiens
652,ENSMUSG00000094483,PURB,mus_musculus
652,ENSXETG00000001257,PURB,xenopus_tropicalis
652,FBgn0022361,PURB,drosophila_melanogaster
652,WBGene00004046,PURB,caenorhabditis_elegans
652,ENSG00000146676,PURB,homo_sapiens
653,ENSMUSG00000097333,ZNF92,mus_musculus
653,ENSG00000146757,ZNF92,homo_sapiens
654,ENSG00000147117,ZNF157,homo_sapiens
655,ENSMUSG00000054737,ZNF182,mus_musculus
655,ENSXETG00000007423,ZNF182,xenopus_tropicalis
655,ENSG00000147118,ZNF182,homo_sapiens
656,ENSMUSG00000056592,ZNF41,mus_musculus
656,ENSXETG00000007423,ZNF41,xenopus_tropicalis
656,ENSG00000147124,ZNF41,homo_sapiens
657,ENSMUSG00000025529,ZNF711,mus_musculus
657,ENSXETG00000017817,ZNF711,xenopus_tropicalis
657,FBgn0259785,ZNF711,drosophila_melanogaster
657,ENSG00000147180,ZNF711,homo_sapiens
658,ENSMUSG00000021972,HMBOX1,mus_musculus
658,WBGene00018786,HMBOX1,caenorhabditis_elegans
658,ENSG00000147421,HMBOX1,homo_sapiens
659,ENSMUSG00000033740,ST18,mus_musculus
659,ENSXETG00000005673,ST18,xenopus_tropicalis
659,FBgn0263772,ST18,drosophila_melanogaster
659,WBGene00009939,ST18,caenorhabditis_elegans
659,ENSG00000147488,ST18,homo_sapiens
660,ENSMUSG00000042414,PRDM14,mus_musculus
660,ENSXETG00000015915,PRDM14,xenopus_tropicalis
660,WBGene00018567,PRDM14,caenorhabditis_elegans
660,ENSG00000147596,PRDM14,homo_sapiens
661,ENSMUSG00000025925,TERF1,mus_musculus
661,ENSXETG00000033317,TERF1,xenopus_tropicalis
661,ENSG00000147601,TERF1,homo_sapiens
662,ENSMUSG00000033669,ZNF7,mus_musculus
662,WBGene00001324,ZNF7,caenorhabditis_elegans
662,ENSG00000147789,ZNF7,homo_sapiens
663,ENSMUSG00000008575,NFIB,mus_musculus
663,ENSXETG00000000835,NFIB,xenopus_tropicalis
663,FBgn0042696,NFIB,drosophila_melanogaster
663,WBGene00003592,NFIB,caenorhabditis_elegans
663,ENSG00000147862,NFIB,homo_sapiens
664,ENSMUSG00000063972,NR6A1,mus_musculus
664,ENSXETG00000008578,NR6A1,xenopus_tropicalis
664,FBgn0264562,NR6A1,drosophila_melanogaster
664,WBGene00003681,NR6A1,caenorhabditis_elegans
664,ENSG00000148200,NR6A1,homo_sapiens
665,ENSMUSG00000039205,CIZ1,mus_musculus
665,ENSG00000148337,CIZ1,homo_sapiens
666,ENSMUSG00000007827,ANKRD30A,mus_musculus
666,ENSXETG00000021831,ANKRD30A,xenopus_tropicalis
666,ENSG00000148513,ANKRD30A,homo_sapiens
667,ENSMUSG00000024238,ZEB1,mus_musculus
667,ENSXETG00000011655,ZEB1,xenopus_tropicalis
667,FBgn0004606,ZEB1,drosophila_melanogaster
667,WBGene00006970,ZEB1,caenorhabditis_elegans
667,ENSG00000148516,ZEB1,homo_sapiens
668,ENSMUSG00000006270,VAX1,mus_musculus
668,ENSXETG00000008186,VAX1,xenopus_tropicalis
668,WBGene00000430,VAX1,caenorhabditis_elegans
668,ENSG00000148704,VAX1,homo_sapiens
669,ENSMUSG00000024985,TCF7L2,mus_musculus
669,ENSXETG00000018735,TCF7L2,xenopus_tropicalis
669,FBgn0085432,TCF7L2,drosophila_melanogaster
669,WBGene00004077,TCF7L2,caenorhabditis_elegans
669,ENSG00000148737,TCF7L2,homo_sapiens
670,ENSMUSG00000041309,NKX6-2,mus_musculus
670,ENSXETG00000023614,NKX6-2,xenopus_tropicalis
670,FBgn0040318,NKX6-2,drosophila_melanogaster
670,WBGene00000584,NKX6-2,caenorhabditis_elegans
670,ENSG00000148826,NKX6-2,homo_sapiens
671,FBgn0030005,ZNF214,drosophila_melanogaster
671,ENSG00000149050,ZNF214,homo_sapiens
672,ENSG00000149054,ZNF215,homo_sapiens
673,ENSMUSG00000027067,SSRP1,mus_musculus
673,ENSXETG00000000781,SSRP1,xenopus_tropicalis
673,FBgn0010228,SSRP1,drosophila_melanogaster
673,ENSG00000149136,SSRP1,homo_sapiens
674,ENSMUSG00000071646,MTA2,mus_musculus
674,ENSXETG00000005633,MTA2,xenopus_tropicalis
674,FBgn0027951,MTA2,drosophila_melanogaster
674,ENSG00000149480,MTA2,homo_sapiens
675,ENSMUSG00000030699,TBX6,mus_musculus
675,ENSXETG00000004260,TBX6,xenopus_tropicalis
675,WBGene00003376,TBX6,caenorhabditis_elegans
675,ENSG00000149922,TBX6,homo_sapiens
676,ENSMUSG00000056758,HMGA2,mus_musculus
676,ENSXETG00000027772,HMGA2,xenopus_tropicalis
676,ENSG00000149948,HMGA2,homo_sapiens
677,ENSMUSG00000061013,MKX,mus_musculus
677,ENSXETG00000004554,MKX,xenopus_tropicalis
677,FBgn0031232,MKX,drosophila_melanogaster
677,WBGene00007984,MKX,caenorhabditis_elegans
677,ENSG00000150051,MKX,homo_sapiens
678,ENSMUSG00000019947,ARID5B,mus_musculus
678,ENSXETG00000014055,ARID5B,xenopus_tropicalis
678,FBgn0085451,ARID5B,drosophila_melanogaster
678,WBGene00044689,ARID5B,caenorhabditis_elegans
678,ENSG00000150347,ARID5B,homo_sapiens
679,ENSMUSG00000044167,FOXO1,mus_musculus
679,FBgn0038197,FOXO1,drosophila_melanogaster
679,WBGene00000912,FOXO1,caenorhabditis_elegans
679,ENSG00000150907,FOXO1,homo_sapiens
680,ENSMUSG00000023087,NOCT,mus_musculus
680,ENSXETG00000016899,NOCT,xenopus_tropicalis
680,FBgn0261808,NOCT,drosophila_melanogaster
680,ENSG00000151014,NOCT,homo_sapiens
681,ENSMUSG00000021779,THRB,mus_musculus
681,ENSXETG00000003871,THRB,xenopus_tropicalis
681,ENSG00000151090,THRB,homo_sapiens
682,ENSMUSG00000047002,MSGN1,mus_musculus
682,ENSXETG00000015571,MSGN1,xenopus_tropicalis
682,ENSG00000151379,MSGN1,homo_sapiens
683,ENSMUSG00000071064,ZNF827,mus_musculus
683,ENSXETG00000023684,ZNF827,xenopus_tropicalis
683,FBgn0001180,ZNF827,drosophila_melanogaster
683,WBGene00001824,ZNF827,caenorhabditis_elegans
683,ENSG00000151612,ZNF827,homo_sapiens
684,ENSMUSG00000031688,POU4F2,mus_musculus
684,ENSXETG00000026053,POU4F2,xenopus_tropicalis
684,FBgn0000028,POU4F2,drosophila_melanogaster
684,WBGene00006818,POU4F2,caenorhabditis_elegans
684,ENSG00000151615,POU4F2,homo_sapiens
685,ENSMUSG00000031618,NR3C2,mus_musculus
685,ENSXETG00000026061,NR3C2,xenopus_tropicalis
685,ENSG00000151623,NR3C2,homo_sapiens
686,ENSXETG00000026798,VENTX,xenopus_tropicalis
686,WBGene00000432,VENTX,caenorhabditis_elegans
686,ENSG00000151650,VENTX,homo_sapiens
687,ENSMUSG00000016087,FLI1,mus_musculus
687,ENSXETG00000022780,FLI1,xenopus_tropicalis
687,FBgn0005658,FLI1,drosophila_melanogaster
687,WBGene00016600,FLI1,caenorhabditis_elegans
687,ENSG00000151702,FLI1,homo_sapiens
688,ENSMUSG00000048349,POU4F1,mus_musculus
688,ENSXETG00000017814,POU4F1,xenopus_tropicalis
688,FBgn0000028,POU4F1,drosophila_melanogaster
688,WBGene00006818,POU4F1,caenorhabditis_elegans
688,ENSG00000152192,POU4F1,homo_sapiens
689,ENSMUSG00000055799,TCF7L1,mus_musculus
689,ENSXETG00000019015,TCF7L1,xenopus_tropicalis
689,FBgn0085432,TCF7L1,drosophila_melanogaster
689,WBGene00004077,TCF7L1,caenorhabditis_elegans
689,ENSG00000152284,TCF7L1,homo_sapiens
690,ENSG00000152433,ZNF547,homo_sapiens
691,ENSG00000152439,ZNF773,homo_sapiens
692,ENSG00000152443,ZNF776,homo_sapiens
693,ENSG00000152454,ZNF256,homo_sapiens
694,ENSG00000152467,ZSCAN1,homo_sapiens
695,ENSG00000152475,ZNF837,homo_sapiens
696,ENSMUSG00000045817,ZFP36L2,mus_musculus
696,ENSXETG00000009274,ZFP36L2,xenopus_tropicalis
696,FBgn0011837,ZFP36L2,drosophila_melanogaster
696,WBGene00009532,ZFP36L2,caenorhabditis_elegans
696,ENSG00000152518,ZFP36L2,homo_sapiens
697,ENSMUSG00000035456,PRDM8,mus_musculus
697,ENSXETG00000021533,PRDM8,xenopus_tropicalis
697,FBgn0035643,PRDM8,drosophila_melanogaster
697,ENSG00000152784,PRDM8,homo_sapiens
698,ENSMUSG00000024986,HHEX,mus_musculus
698,ENSXETG00000012215,HHEX,xenopus_tropicalis
698,FBgn0038852,HHEX,drosophila_melanogaster
698,WBGene00004011,HHEX,caenorhabditis_elegans
698,ENSG00000152804,HHEX,homo_sapiens
699,ENSMUSG00000074824,ZNF117,mus_musculus
699,ENSG00000152926,ZNF117,homo_sapiens
700,ENSMUSG00000032368,ZIC1,mus_musculus
700,ENSXETG00000015467,ZIC1,xenopus_tropicalis
700,FBgn0003002,ZIC1,drosophila_melanogaster
700,WBGene00004335,ZIC1,caenorhabditis_elegans
700,ENSG00000152977,ZIC1,homo_sapiens
701,ENSMUSG00000008393,CARHSP1,mus_musculus
701,ENSXETG00000008696,CARHSP1,xenopus_tropicalis
701,FBgn0036661,CARHSP1,drosophila_melanogaster
701,ENSG00000153048,CARHSP1,homo_sapiens
702,ENSMUSG00000026826,NR4A2,mus_musculus
702,ENSXETG00000031753,NR4A2,xenopus_tropicalis
702,FBgn0014859,NR4A2,drosophila_melanogaster
702,WBGene00003605,NR4A2,caenorhabditis_elegans
702,ENSG00000153234,NR4A2,homo_sapiens
703,ENSMUSG00000021743,FEZF2,mus_musculus
703,ENSXETG00000022248,FEZF2,xenopus_tropicalis
703,FBgn0031375,FEZF2,drosophila_melanogaster
703,WBGene00012639,FEZF2,caenorhabditis_elegans
703,ENSG00000153266,FEZF2,homo_sapiens
704,ENSMUSG00000009741,UBP1,mus_musculus
704,FBgn0050011,UBP1,drosophila_melanogaster
704,ENSG00000153560,UBP1,homo_sapiens
705,ENSMUSG00000100133,TGIF2LX,mus_musculus
705,ENSXETG00000017312,TGIF2LX,xenopus_tropicalis
705,FBgn0033748,TGIF2LX,drosophila_melanogaster
705,ENSG00000153779,TGIF2LX,homo_sapiens
706,ENSMUSG00000056216,CEBPG,mus_musculus
706,ENSXETG00000027337,CEBPG,xenopus_tropicalis
706,WBGene00016754,CEBPG,caenorhabditis_elegans
706,ENSG00000153879,CEBPG,homo_sapiens
707,ENSG00000153896,ZNF599,homo_sapiens
708,ENSMUSG00000030510,CERS3,mus_musculus
708,ENSXETG00000027994,CERS3,xenopus_tropicalis
708,FBgn0040918,CERS3,drosophila_melanogaster
708,WBGene00002044,CERS3,caenorhabditis_elegans
708,ENSG00000154227,CERS3,homo_sapiens
709,ENSMUSG00000041565,L3MBTL4,mus_musculus
709,FBgn0002441,L3MBTL4,drosophila_melanogaster
709,ENSG00000154655,L3MBTL4,homo_sapiens
710,ENSMUSG00000008976,GABPA,mus_musculus
710,ENSXETG00000013611,GABPA,xenopus_tropicalis
710,FBgn0004510,GABPA,drosophila_melanogaster
710,ENSG00000154727,GABPA,homo_sapiens
711,ENSMUSG00000018347,ZNF18,mus_musculus
711,ENSG00000154957,ZNF18,homo_sapiens
712,ENSMUSG00000037465,KLF10,mus_musculus
712,ENSXETG00000004120,KLF10,xenopus_tropicalis
712,FBgn0043364,KLF10,drosophila_melanogaster
712,ENSG00000155090,KLF10,homo_sapiens
713,ENSMUSG00000032727,MIER3,mus_musculus
713,ENSXETG00000015520,MIER3,xenopus_tropicalis
713,FBgn0033183,MIER3,drosophila_melanogaster
713,WBGene00020320,MIER3,caenorhabditis_elegans
713,ENSG00000155545,MIER3,homo_sapiens
714,ENSMUSG00000030757,ZKSCAN2,mus_musculus
714,ENSG00000155592,ZKSCAN2,homo_sapiens
715,ENSMUSG00000031189,AFF2,mus_musculus
715,ENSXETG00000019630,AFF2,xenopus_tropicalis
715,FBgn0041111,AFF2,drosophila_melanogaster
715,ENSG00000155966,AFF2,homo_sapiens
716,ENSMUSG00000034266,BATF,mus_musculus
716,ENSXETG00000013235,BATF,xenopus_tropicalis
716,ENSG00000156127,BATF,homo_sapiens
717,ENSMUSG00000014603,ALX3,mus_musculus
717,ENSG00000156150,ALX3,homo_sapiens
718,ENSMUSG00000025612,BACH1,mus_musculus
718,ENSXETG00000020266,BACH1,xenopus_tropicalis
718,FBgn0262975,BACH1,drosophila_melanogaster
718,ENSG00000156273,BACH1,homo_sapiens
719,ENSMUSG00000048921,ZNF689,mus_musculus
719,ENSG00000156853,ZNF689,homo_sapiens
720,ENSMUSG00000067860,ZIC3,mus_musculus
720,ENSXETG00000024458,ZIC3,xenopus_tropicalis
720,FBgn0003002,ZIC3,drosophila_melanogaster
720,WBGene00004335,ZIC3,caenorhabditis_elegans
720,ENSG00000156925,ZIC3,homo_sapiens
721,ENSMUSG00000044676,ZNF19,mus_musculus
721,WBGene00001324,ZNF19,caenorhabditis_elegans
721,ENSG00000157429,ZNF19,homo_sapiens
722,ENSMUSG00000031431,TSC22D3,mus_musculus
722,ENSXETG00000022572,TSC22D3,xenopus_tropicalis
722,WBGene00011824,TSC22D3,caenorhabditis_elegans
722,ENSG00000157514,TSC22D3,homo_sapiens
723,ENSMUSG00000040732,ERG,mus_musculus
723,FBgn0005658,ERG,drosophila_melanogaster
723,WBGene00016600,ERG,caenorhabditis_elegans
723,ENSG00000157554,ERG,homo_sapiens
724,ENSMUSG00000022895,ETS2,mus_musculus
724,ENSG00000157557,ETS2,homo_sapiens
725,ENSMUSG00000027230,CREB3L1,mus_musculus
725,ENSXETG00000031075,CREB3L1,xenopus_tropicalis
725,FBgn0004396,CREB3L1,drosophila_melanogaster
725,WBGene00016162,CREB3L1,caenorhabditis_elegans
725,ENSG00000157613,CREB3L1,homo_sapiens
726,ENSMUSG00000028358,ZNF618,mus_musculus
726,ENSXETG00000022935,ZNF618,xenopus_tropicalis
726,ENSG00000157657,ZNF618,homo_sapiens
727,ENSMUSG00000037188,GRHL3,mus_musculus
727,ENSXETG00000003899,GRHL3,xenopus_tropicalis
727,FBgn0259211,GRHL3,drosophila_melanogaster
727,WBGene00001707,GRHL3,caenorhabditis_elegans
727,ENSG00000158055,GRHL3,homo_sapiens
728,ENSMUSG00000036721,ZSCAN12,mus_musculus
728,ENSG00000158691,ZSCAN12,homo_sapiens
729,ENSMUSG00000026436,ELK4,mus_musculus
729,ENSXETG00000000987,ELK4,xenopus_tropicalis
729,ENSG00000158711,ELK4,homo_sapiens
730,ENSMUSG00000026641,USF1,mus_musculus
730,ENSXETG00000024720,USF1,xenopus_tropicalis
730,FBgn0029711,USF1,drosophila_melanogaster
730,ENSG00000158773,USF1,homo_sapiens
731,ENSMUSG00000001065,ZNF276,mus_musculus
731,ENSXETG00000019874,ZNF276,xenopus_tropicalis
731,ENSG00000158805,ZNF276,homo_sapiens
732,ENSMUSG00000022974,PAXBP1,mus_musculus
732,ENSXETG00000009903,PAXBP1,xenopus_tropicalis
732,FBgn0037466,PAXBP1,drosophila_melanogaster
732,WBGene00009672,PAXBP1,caenorhabditis_elegans
732,ENSG00000159086,PAXBP1,homo_sapiens
733,ENSMUSG00000049604,HOXB13,mus_musculus
733,FBgn0000015,HOXB13,drosophila_melanogaster
733,ENSG00000159184,HOXB13,homo_sapiens
734,ENSMUSG00000022952,RUNX1,mus_musculus
734,ENSXETG00000014140,RUNX1,xenopus_tropicalis
734,FBgn0003300,RUNX1,drosophila_melanogaster
734,WBGene00004393,RUNX1,caenorhabditis_elegans
734,ENSG00000159216,RUNX1,homo_sapiens
735,ENSMUSG00000062713,SIM2,mus_musculus
735,ENSXETG00000013022,SIM2,xenopus_tropicalis
735,FBgn0004666,SIM2,drosophila_melanogaster
735,ENSG00000159263,SIM2,homo_sapiens
736,ENSMUSG00000031738,IRX6,mus_musculus
736,FBgn0015904,IRX6,drosophila_melanogaster
736,ENSG00000159387,IRX6,homo_sapiens
737,ENSMUSG00000032318,ISL2,mus_musculus
737,ENSXETG00000015323,ISL2,xenopus_tropicalis
737,FBgn0003896,ISL2,drosophila_melanogaster
737,WBGene00002989,ISL2,caenorhabditis_elegans
737,ENSG00000159556,ISL2,homo_sapiens
738,FBgn0030005,ZNF230,drosophila_melanogaster
738,ENSG00000159882,ZNF230,homo_sapiens
739,FBgn0030005,ZNF222,drosophila_melanogaster
739,ENSG00000159885,ZNF222,homo_sapiens
740,FBgn0030005,ZNF221,drosophila_melanogaster
740,ENSG00000159905,ZNF221,homo_sapiens
741,FBgn0030005,ZNF233,drosophila_melanogaster
741,ENSG00000159915,ZNF233,homo_sapiens
742,ENSMUSG00000047603,ZNF235,mus_musculus
742,FBgn0030005,ZNF235,drosophila_melanogaster
742,ENSG00000159917,ZNF235,homo_sapiens
743,ENSMUSG00000028807,ZBTB8A,mus_musculus
743,ENSXETG00000033102,ZBTB8A,xenopus_tropicalis
743,ENSG00000160062,ZBTB8A,homo_sapiens
744,ENSMUSG00000028799,ZNF362,mus_musculus
744,ENSXETG00000009496,ZNF362,xenopus_tropicalis
744,FBgn0010768,ZNF362,drosophila_melanogaster
744,WBGene00003015,ZNF362,caenorhabditis_elegans
744,ENSG00000160094,ZNF362,homo_sapiens
745,ENSMUSG00000002393,NR2F6,mus_musculus
745,ENSXETG00000013531,NR2F6,xenopus_tropicalis
745,ENSG00000160113,NR2F6,homo_sapiens
746,ENSMUSG00000006705,PKNOX1,mus_musculus
746,ENSXETG00000032286,PKNOX1,xenopus_tropicalis
746,ENSG00000160199,PKNOX1,homo_sapiens
747,ENSMUSG00000000731,AIRE,mus_musculus
747,ENSG00000160224,AIRE,homo_sapiens
748,ENSMUSG00000097333,ZNF66,mus_musculus
748,ENSG00000160229,ZNF66,homo_sapiens
749,ENSMUSG00000048280,ZNF208,mus_musculus
749,ENSG00000160321,ZNF208,homo_sapiens
750,ENSMUSG00000097333,ZNF714,mus_musculus
750,ENSG00000160352,ZNF714,homo_sapiens
751,ENSMUSG00000028042,ZBTB7B,mus_musculus
751,ENSXETG00000020041,ZBTB7B,xenopus_tropicalis
751,ENSG00000160685,ZBTB7B,homo_sapiens
752,ENSMUSG00000029627,ZNF394,mus_musculus
752,ENSG00000160908,ZNF394,homo_sapiens
753,ENSG00000160961,ZNF333,homo_sapiens
754,ENSMUSG00000033837,FOXH1,mus_musculus
754,ENSXETG00000020879,FOXH1,xenopus_tropicalis
754,ENSG00000160973,FOXH1,homo_sapiens
755,ENSXETG00000030406,THAP8,xenopus_tropicalis
755,ENSG00000161277,THAP8,homo_sapiens
756,ENSMUSG00000074220,ZNF382,mus_musculus
756,ENSG00000161298,ZNF382,homo_sapiens
757,ENSMUSG00000018168,IKZF3,mus_musculus
757,ENSXETG00000015152,IKZF3,xenopus_tropicalis
757,ENSG00000161405,IKZF3,homo_sapiens
758,ENSXETG00000007423,ZNF577,xenopus_tropicalis
758,ENSG00000161551,ZNF577,homo_sapiens
759,ENSMUSG00000038895,ZNF653,mus_musculus
759,ENSXETG00000016739,ZNF653,xenopus_tropicalis
759,ENSG00000161914,ZNF653,homo_sapiens
760,ENSMUSG00000000317,BCL6B,mus_musculus
760,FBgn0011236,BCL6B,drosophila_melanogaster
760,ENSG00000161940,BCL6B,homo_sapiens
761,ENSG00000162086,ZNF75A,homo_sapiens
762,ENSMUSG00000028717,TAL1,mus_musculus
762,ENSXETG00000016346,TAL1,xenopus_tropicalis
762,ENSG00000162367,TAL1,homo_sapiens
763,ENSMUSG00000028901,GMEB1,mus_musculus
763,ENSXETG00000020625,GMEB1,xenopus_tropicalis
763,WBGene00015285,GMEB1,caenorhabditis_elegans
763,ENSG00000162419,GMEB1,homo_sapiens
764,ENSMUSG00000028565,NFIA,mus_musculus
764,ENSXETG00000008871,NFIA,xenopus_tropicalis
764,FBgn0042696,NFIA,drosophila_melanogaster
764,WBGene00003592,NFIA,caenorhabditis_elegans
764,ENSG00000162599,NFIA,homo_sapiens
765,ENSMUSG00000062627,MYSM1,mus_musculus
765,ENSXETG00000011126,MYSM1,xenopus_tropicalis
765,FBgn0032348,MYSM1,drosophila_melanogaster
765,ENSG00000162601,MYSM1,homo_sapiens
766,ENSMUSG00000028034,FUBP1,mus_musculus
766,ENSXETG00000013137,FUBP1,xenopus_tropicalis
766,FBgn0014870,FUBP1,drosophila_melanogaster
766,WBGene00022738,FUBP1,caenorhabditis_elegans
766,ENSG00000162613,FUBP1,homo_sapiens
767,ENSMUSG00000096225,LHX8,mus_musculus
767,ENSXETG00000002992,LHX8,xenopus_tropicalis
767,FBgn0013751,LHX8,drosophila_melanogaster
767,WBGene00002987,LHX8,caenorhabditis_elegans
767,ENSG00000162624,LHX8,homo_sapiens
768,ENSMUSG00000029275,GFI1,mus_musculus
768,ENSXETG00000023006,GFI1,xenopus_tropicalis
768,FBgn0002573,GFI1,drosophila_melanogaster
768,WBGene00003909,GFI1,caenorhabditis_elegans
768,ENSG00000162676,GFI1,homo_sapiens
769,ENSMUSG00000041483,ZNF281,mus_musculus
769,ENSXETG00000018651,ZNF281,xenopus_tropicalis
769,ENSG00000162702,ZNF281,homo_sapiens
770,ENSMUSG00000020472,ZNF496,mus_musculus
770,ENSG00000162714,ZNF496,homo_sapiens
771,ENSMUSG00000026686,LMX1A,mus_musculus
771,ENSXETG00000013183,LMX1A,xenopus_tropicalis
771,FBgn0036274,LMX1A,drosophila_melanogaster
771,WBGene00002988,LMX1A,caenorhabditis_elegans
771,ENSG00000162761,LMX1A,homo_sapiens
772,ENSMUSG00000026628,ATF3,mus_musculus
772,ENSXETG00000014375,ATF3,xenopus_tropicalis
772,ENSG00000162772,ATF3,homo_sapiens
773,ENSMUSG00000020275,REL,mus_musculus
773,ENSXETG00000002209,REL,xenopus_tropicalis
773,FBgn0260632,REL,drosophila_melanogaster
773,ENSG00000162924,REL,homo_sapiens
774,ENSMUSG00000034701,NEUROD1,mus_musculus
774,ENSXETG00000014068,NEUROD1,xenopus_tropicalis
774,FBgn0003270,NEUROD1,drosophila_melanogaster
774,WBGene00000561,NEUROD1,caenorhabditis_elegans
774,ENSG00000162992,NEUROD1,homo_sapiens
775,ENSMUSG00000058665,EN1,mus_musculus
775,FBgn0000577,EN1,drosophila_melanogaster
775,WBGene00000439,EN1,caenorhabditis_elegans
775,ENSG00000163064,EN1,homo_sapiens
777,ENSMUSG00000048450,MSX1,mus_musculus
777,ENSXETG00000016052,MSX1,xenopus_tropicalis
777,FBgn0000492,MSX1,drosophila_melanogaster
777,WBGene00006881,MSX1,caenorhabditis_elegans
777,ENSG00000163132,MSX1,homo_sapiens
778,ENSMUSG00000003051,ELF3,mus_musculus
778,ENSXETG00000031510,ELF3,xenopus_tropicalis
778,WBGene00006462,ELF3,caenorhabditis_elegans
778,ENSG00000163435,ELF3,homo_sapiens
779,ENSMUSG00000055197,FEV,mus_musculus
779,FBgn0005658,FEV,drosophila_melanogaster
779,WBGene00016600,FEV,caenorhabditis_elegans
779,ENSG00000163497,FEV,homo_sapiens
780,ENSMUSG00000032446,EOMES,mus_musculus
780,ENSXETG00000019924,EOMES,xenopus_tropicalis
780,WBGene00044798,EOMES,caenorhabditis_elegans
780,ENSG00000163508,EOMES,homo_sapiens
781,ENSMUSG00000035187,NKX6-1,mus_musculus
781,ENSXETG00000013227,NKX6-1,xenopus_tropicalis
781,FBgn0040318,NKX6-1,drosophila_melanogaster
781,WBGene00000584,NKX6-1,caenorhabditis_elegans
781,ENSG00000163623,NKX6-1,homo_sapiens
782,ENSMUSG00000040726,HESX1,mus_musculus
782,ENSXETG00000008710,HESX1,xenopus_tropicalis
782,ENSG00000163666,HESX1,homo_sapiens
783,ENSMUSG00000006642,TCF23,mus_musculus
783,FBgn0022740,TCF23,drosophila_melanogaster
783,ENSG00000163792,TCF23,homo_sapiens
784,ENSMUSG00000043059,ZNF513,mus_musculus
784,ENSXETG00000031268,ZNF513,xenopus_tropicalis
784,FBgn0001180,ZNF513,drosophila_melanogaster
784,WBGene00001824,ZNF513,caenorhabditis_elegans
784,ENSG00000163795,ZNF513,homo_sapiens
785,ENSMUSG00000022811,ZNF148,mus_musculus
785,ENSXETG00000023383,ZNF148,xenopus_tropicalis
785,ENSG00000163848,ZNF148,homo_sapiens
786,ENSMUSG00000030087,KLF15,mus_musculus
786,ENSXETG00000011549,KLF15,xenopus_tropicalis
786,FBgn0025679,KLF15,drosophila_melanogaster
786,ENSG00000163884,KLF15,homo_sapiens
787,ENSMUSG00000032744,HEYL,mus_musculus
787,FBgn0027788,HEYL,drosophila_melanogaster
787,ENSG00000163909,HEYL,homo_sapiens
788,ENSMUSG00000042323,PBRM1,mus_musculus
788,ENSXETG00000013671,PBRM1,xenopus_tropicalis
788,FBgn0039227,PBRM1,drosophila_melanogaster
788,WBGene00007042,PBRM1,caenorhabditis_elegans
788,ENSG00000163939,PBRM1,homo_sapiens
789,ENSMUSG00000045268,ZNF691,mus_musculus
789,ENSG00000164011,ZNF691,homo_sapiens
790,ENSG00000164048,ZNF589,homo_sapiens
791,ENSMUSG00000028023,PITX2,mus_musculus
791,ENSXETG00000013330,PITX2,xenopus_tropicalis
791,FBgn0020912,PITX2,drosophila_melanogaster
791,WBGene00006766,PITX2,caenorhabditis_elegans
791,ENSG00000164093,PITX2,homo_sapiens
792,ENSMUSG00000054717,HMGB2,mus_musculus
792,ENSXETG00000016916,HMGB2,xenopus_tropicalis
792,FBgn0011764,HMGB2,drosophila_melanogaster
792,WBGene00001972,HMGB2,caenorhabditis_elegans
792,ENSG00000164104,HMGB2,homo_sapiens
793,ENSMUSG00000038193,HAND2,mus_musculus
793,ENSXETG00000016908,HAND2,xenopus_tropicalis
793,FBgn0032209,HAND2,drosophila_melanogaster
793,ENSG00000164107,HAND2,homo_sapiens
794,ENSG00000164256,PRDM9,homo_sapiens
795,ENSMUSG00000046957,SPZ1,mus_musculus
795,ENSG00000164299,SPZ1,homo_sapiens
796,ENSMUSG00000057098,EBF1,mus_musculus
796,ENSXETG00000031092,EBF1,xenopus_tropicalis
796,FBgn0001319,EBF1,drosophila_melanogaster
796,WBGene00006743,EBF1,caenorhabditis_elegans
796,ENSG00000164330,EBF1,homo_sapiens
797,ENSMUSG00000038415,FOXQ1,mus_musculus
797,ENSXETG00000008529,FOXQ1,xenopus_tropicalis
797,WBGene00002601,FOXQ1,caenorhabditis_elegans
797,ENSG00000164379,FOXQ1,homo_sapiens
798,ENSMUSG00000040610,TLX3,mus_musculus
798,FBgn0004863,TLX3,drosophila_melanogaster
798,ENSG00000164438,TLX3,homo_sapiens
799,ENSMUSG00000062327,T,mus_musculus
799,ENSXETG00000005370,T,xenopus_tropicalis
799,FBgn0011723,T,drosophila_melanogaster
799,ENSG00000164458,T,homo_sapiens
800,ENSMUSG00000031965,TBX20,mus_musculus
800,ENSXETG00000013110,TBX20,xenopus_tropicalis
800,FBgn0261963,TBX20,drosophila_melanogaster
800,WBGene00003106,TBX20,caenorhabditis_elegans
800,ENSG00000164532,TBX20,homo_sapiens
801,ENSMUSG00000037984,NEUROD6,mus_musculus
801,ENSXETG00000023427,NEUROD6,xenopus_tropicalis
801,FBgn0003270,NEUROD6,drosophila_melanogaster
801,WBGene00000561,NEUROD6,caenorhabditis_elegans
801,ENSG00000164600,NEUROD6,homo_sapiens
802,ENSMUSG00000029587,ZNF12,mus_musculus
802,ENSG00000164631,ZNF12,homo_sapiens
803,ENSMUSG00000048562,SP8,mus_musculus
803,ENSXETG00000030115,SP8,xenopus_tropicalis
803,WBGene00012735,SP8,caenorhabditis_elegans
803,ENSG00000164651,SP8,homo_sapiens
804,ENSMUSG00000040289,HEY1,mus_musculus
804,ENSXETG00000007864,HEY1,xenopus_tropicalis
804,FBgn0027788,HEY1,drosophila_melanogaster
804,ENSG00000164683,HEY1,homo_sapiens
805,ENSMUSG00000025902,SOX17,mus_musculus
805,ENSXETG00000025005,SOX17,xenopus_tropicalis
805,FBgn0005613,SOX17,drosophila_melanogaster
805,ENSG00000164736,SOX17,homo_sapiens
806,ENSMUSG00000017688,HNF4G,mus_musculus
806,ENSXETG00000017845,HNF4G,xenopus_tropicalis
806,FBgn0004914,HNF4G,drosophila_melanogaster
806,WBGene00003654,HNF4G,caenorhabditis_elegans
806,ENSG00000164749,HNF4G,homo_sapiens
807,ENSMUSG00000039095,EN2,mus_musculus
807,ENSXETG00000013496,EN2,xenopus_tropicalis
807,FBgn0001269,EN2,drosophila_melanogaster
807,WBGene00000439,EN2,caenorhabditis_elegans
807,ENSG00000164778,EN2,homo_sapiens
808,ENSMUSG00000029546,UNCX,mus_musculus
808,ENSXETG00000004021,UNCX,xenopus_tropicalis
808,FBgn0026058,UNCX,drosophila_melanogaster
808,WBGene00006744,UNCX,caenorhabditis_elegans
808,ENSG00000164853,UNCX,homo_sapiens
809,ENSMUSG00000067724,GBX1,mus_musculus
809,ENSXETG00000011991,GBX1,xenopus_tropicalis
809,FBgn0015561,GBX1,drosophila_melanogaster
809,ENSG00000164900,GBX1,homo_sapiens
810,ENSMUSG00000056493,FOXK1,mus_musculus
810,FBgn0036134,FOXK1,drosophila_melanogaster
810,ENSG00000164916,FOXK1,homo_sapiens
811,ENSMUSG00000022330,OSR2,mus_musculus
811,ENSXETG00000017850,OSR2,xenopus_tropicalis
811,FBgn0024244,OSR2,drosophila_melanogaster
811,WBGene00003846,OSR2,caenorhabditis_elegans
811,ENSG00000164920,OSR2,homo_sapiens
812,ENSMUSG00000056749,NFIL3,mus_musculus
812,ENSXETG00000000804,NFIL3,xenopus_tropicalis
812,FBgn0016076,NFIL3,drosophila_melanogaster
812,WBGene00000220,NFIL3,caenorhabditis_elegans
812,ENSG00000165030,NFIL3,homo_sapiens
813,ENSMUSG00000063672,NKX6-3,mus_musculus
813,ENSXETG00000023614,NKX6-3,xenopus_tropicalis
813,FBgn0040318,NKX6-3,drosophila_melanogaster
813,WBGene00000584,NKX6-3,caenorhabditis_elegans
813,ENSG00000165066,NKX6-3,homo_sapiens
814,ENSMUSG00000022361,ZHX1,mus_musculus
814,ENSXETG00000023192,ZHX1,xenopus_tropicalis
814,ENSG00000165156,ZHX1,homo_sapiens
815,ENSMUSG00000044934,ZNF367,mus_musculus
815,ENSXETG00000014840,ZNF367,xenopus_tropicalis
815,ENSG00000165244,ZNF367,homo_sapiens
816,ENSMUSG00000034551,HDX,mus_musculus
816,ENSXETG00000014523,HDX,xenopus_tropicalis
816,ENSG00000165259,HDX,homo_sapiens
818,ENSMUSG00000007946,PHOX2A,mus_musculus
818,ENSXETG00000010505,PHOX2A,xenopus_tropicalis
818,FBgn0020617,PHOX2A,drosophila_melanogaster
818,ENSG00000165462,PHOX2A,homo_sapiens
819,ENSMUSG00000035934,PKNOX2,mus_musculus
819,ENSXETG00000017781,PKNOX2,xenopus_tropicalis
819,ENSG00000165495,PKNOX2,homo_sapiens
820,ENSMUSG00000059878,ZNF22,mus_musculus
820,ENSXETG00000024279,ZNF22,xenopus_tropicalis
820,FBgn0000286,ZNF22,drosophila_melanogaster
820,ENSG00000165512,ZNF22,homo_sapiens
821,ENSMUSG00000029646,CDX2,mus_musculus
821,FBgn0000251,CDX2,drosophila_melanogaster
821,WBGene00003912,CDX2,caenorhabditis_elegans
821,ENSG00000165556,CDX2,homo_sapiens
822,ENSMUSG00000021848,OTX2,mus_musculus
822,ENSXETG00000013025,OTX2,xenopus_tropicalis
822,ENSG00000165588,OTX2,homo_sapiens
823,ENSMUSG00000041730,DRGX,mus_musculus
823,ENSXETG00000030565,DRGX,xenopus_tropicalis
823,FBgn0085369,DRGX,drosophila_melanogaster
823,ENSG00000165606,DRGX,homo_sapiens
824,ENSMUSG00000059625,SOHLH1,mus_musculus
824,ENSG00000165643,SOHLH1,homo_sapiens
826,ENSMUSG00000036281,SNAPC4,mus_musculus
826,ENSXETG00000000743,SNAPC4,xenopus_tropicalis
826,FBgn0037540,SNAPC4,drosophila_melanogaster
826,WBGene00001568,SNAPC4,caenorhabditis_elegans
826,ENSG00000165684,SNAPC4,homo_sapiens
827,ENSMUSG00000026815,GFI1B,mus_musculus
827,ENSXETG00000006263,GFI1B,xenopus_tropicalis
827,FBgn0002573,GFI1B,drosophila_melanogaster
827,WBGene00003909,GFI1B,caenorhabditis_elegans
827,ENSG00000165702,GFI1B,homo_sapiens
828,ENSMUSG00000049295,ZNF219,mus_musculus
828,ENSXETG00000016157,ZNF219,xenopus_tropicalis
828,ENSG00000165804,ZNF219,homo_sapiens
829,ENSMUSG00000049532,SALL2,mus_musculus
829,ENSXETG00000017176,SALL2,xenopus_tropicalis
829,FBgn0000287,SALL2,drosophila_melanogaster
829,WBGene00004773,SALL2,caenorhabditis_elegans
829,ENSG00000165821,SALL2,homo_sapiens
830,ENSMUSG00000020185,E2F7,mus_musculus
830,ENSXETG00000014320,E2F7,xenopus_tropicalis
830,WBGene00009899,E2F7,caenorhabditis_elegans
830,ENSG00000165891,E2F7,homo_sapiens
831,ENSMUSG00000046556,ZNF319,mus_musculus
831,ENSXETG00000013744,ZNF319,xenopus_tropicalis
831,ENSG00000166188,ZNF319,homo_sapiens
832,ENSMUSG00000004359,SPIC,mus_musculus
832,ENSG00000166211,SPIC,homo_sapiens
833,ENSMUSG00000025602,ZNF202,mus_musculus
833,ENSG00000166261,ZNF202,homo_sapiens
834,ENSMUSG00000034057,MYRFL,mus_musculus
834,ENSXETG00000011388,MYRFL,xenopus_tropicalis
834,FBgn0034985,MYRFL,drosophila_melanogaster
834,WBGene00004134,MYRFL,caenorhabditis_elegans
834,ENSG00000166268,MYRFL,homo_sapiens
835,ENSMUSG00000031028,TUB,mus_musculus
835,ENSXETG00000019686,TUB,xenopus_tropicalis
835,ENSG00000166402,TUB,homo_sapiens
836,ENSMUSG00000061079,ZNF143,mus_musculus
836,ENSXETG00000024199,ZNF143,xenopus_tropicalis
836,ENSG00000166478,ZNF143,homo_sapiens
837,ENSMUSG00000037007,ZNF3,mus_musculus
837,FBgn0000286,ZNF3,drosophila_melanogaster
837,ENSG00000166526,ZNF3,homo_sapiens
838,ENSMUSG00000037017,ZSCAN21,mus_musculus
838,ENSG00000166529,ZSCAN21,homo_sapiens
839,ENSMUSG00000110107,ZNF606,mus_musculus
839,ENSXETG00000008076,ZNF606,xenopus_tropicalis
839,ENSG00000166704,ZNF606,homo_sapiens
840,ENSMUSG00000030544,MESP1,mus_musculus
840,ENSXETG00000031287,MESP1,xenopus_tropicalis
840,ENSG00000166823,MESP1,homo_sapiens
841,ENSMUSG00000044617,ZBTB39,mus_musculus
841,ENSXETG00000004417,ZBTB39,xenopus_tropicalis
841,ENSG00000166860,ZBTB39,homo_sapiens
842,ENSMUSG00000002147,STAT6,mus_musculus
842,ENSXETG00000004431,STAT6,xenopus_tropicalis
842,FBgn0016917,STAT6,drosophila_melanogaster
842,WBGene00013111,STAT6,caenorhabditis_elegans
842,ENSG00000166888,STAT6,homo_sapiens
843,ENSMUSG00000029723,TSC22D4,mus_musculus
843,ENSXETG00000033531,TSC22D4,xenopus_tropicalis
843,FBgn0259176,TSC22D4,drosophila_melanogaster
843,WBGene00016269,TSC22D4,caenorhabditis_elegans
843,ENSG00000166925,TSC22D4,homo_sapiens
844,ENSMUSG00000032402,SMAD3,mus_musculus
844,ENSXETG00000007804,SMAD3,xenopus_tropicalis
844,FBgn0025800,SMAD3,drosophila_melanogaster
844,ENSG00000166949,SMAD3,homo_sapiens
845,ENSMUSG00000022061,NKX3-1,mus_musculus
845,ENSXETG00000007765,NKX3-1,xenopus_tropicalis
845,FBgn0004862,NKX3-1,drosophila_melanogaster
845,ENSG00000167034,NKX3-1,homo_sapiens
846,ENSMUSG00000022389,TEF,mus_musculus
846,ENSXETG00000006333,TEF,xenopus_tropicalis
846,FBgn0034096,TEF,drosophila_melanogaster
846,WBGene00000469,TEF,caenorhabditis_elegans
846,ENSG00000167074,TEF,homo_sapiens
847,ENSMUSG00000038718,PBX3,mus_musculus
847,ENSXETG00000000502,PBX3,xenopus_tropicalis
847,FBgn0000611,PBX3,drosophila_melanogaster
847,WBGene00000443,PBX3,caenorhabditis_elegans
847,ENSG00000167081,PBX3,homo_sapiens
848,ENSMUSG00000039476,PRRX2,mus_musculus
848,ENSXETG00000014169,PRRX2,xenopus_tropicalis
848,FBgn0034821,PRRX2,drosophila_melanogaster
848,ENSG00000167157,PRRX2,homo_sapiens
849,ENSMUSG00000018678,SP2,mus_musculus
849,ENSXETG00000021952,SP2,xenopus_tropicalis
849,FBgn0039169,SP2,drosophila_melanogaster
849,WBGene00012735,SP2,caenorhabditis_elegans
849,ENSG00000167182,SP2,homo_sapiens
850,ENSMUSG00000048280,ZNF91,mus_musculus
850,ENSG00000167232,ZNF91,homo_sapiens
851,ENSG00000167377,ZNF23,homo_sapiens
852,FBgn0030005,ZNF226,drosophila_melanogaster
852,ENSG00000167380,ZNF226,homo_sapiens
854,ENSMUSG00000057101,ZNF180,mus_musculus
854,ENSXETG00000008076,ZNF180,xenopus_tropicalis
854,ENSG00000167384,ZNF180,homo_sapiens
855,ENSMUSG00000049728,ZNF668,mus_musculus
855,ENSXETG00000001911,ZNF668,xenopus_tropicalis
855,FBgn0028895,ZNF668,drosophila_melanogaster
855,ENSG00000167394,ZNF668,homo_sapiens
856,ENSMUSG00000049739,ZNF646,mus_musculus
856,ENSXETG00000001910,ZNF646,xenopus_tropicalis
856,ENSG00000167395,ZNF646,homo_sapiens
857,ENSMUSG00000036180,GATAD2A,mus_musculus
857,ENSXETG00000013053,GATAD2A,xenopus_tropicalis
857,FBgn0010762,GATAD2A,drosophila_melanogaster
857,WBGene00000938,GATAD2A,caenorhabditis_elegans
857,ENSG00000167491,GATAD2A,homo_sapiens
858,ENSMUSG00000022987,ZNF641,mus_musculus
858,ENSG00000167528,ZNF641,homo_sapiens
859,FBgn0032979,ZNF610,drosophila_melanogaster
859,ENSG00000167554,ZNF610,homo_sapiens
860,FBgn0032979,ZNF528,drosophila_melanogaster
860,ENSG00000167555,ZNF528,homo_sapiens
861,FBgn0032979,ZNF701,drosophila_melanogaster
861,ENSG00000167562,ZNF701,homo_sapiens
862,ENSMUSG00000046541,ZNF526,mus_musculus
862,ENSXETG00000033486,ZNF526,xenopus_tropicalis
862,ENSG00000167625,ZNF526,homo_sapiens
863,ENSMUSG00000037029,ZNF146,mus_musculus
863,ENSXETG00000023998,ZNF146,xenopus_tropicalis
863,FBgn0032295,ZNF146,drosophila_melanogaster
863,WBGene00019751,ZNF146,caenorhabditis_elegans
863,ENSG00000167635,ZNF146,homo_sapiens
864,ENSG00000167637,ZNF283,homo_sapiens
865,ENSMUSG00000044876,ZNF444,mus_musculus
865,ENSG00000167685,ZNF444,homo_sapiens
866,FBgn0032979,ZNF83,drosophila_melanogaster
866,ENSG00000167766,ZNF83,homo_sapiens
867,ENSMUSG00000024968,RCOR2,mus_musculus
867,ENSXETG00000002710,RCOR2,xenopus_tropicalis
867,FBgn0261573,RCOR2,drosophila_melanogaster
867,WBGene00001565,RCOR2,caenorhabditis_elegans
867,ENSG00000167771,RCOR2,homo_sapiens
868,ENSMUSG00000074500,ZNF558,mus_musculus
868,ENSG00000167785,ZNF558,homo_sapiens
869,ENSMUSG00000037477,TBX10,mus_musculus
869,FBgn0021767,TBX10,drosophila_melanogaster
869,ENSG00000167800,TBX10,homo_sapiens
870,ENSG00000167840,ZNF232,homo_sapiens
871,ENSMUSG00000024137,E4F1,mus_musculus
871,ENSXETG00000016091,E4F1,xenopus_tropicalis
871,ENSG00000167967,E4F1,homo_sapiens
872,ENSMUSG00000039789,ZNF597,mus_musculus
872,ENSG00000167981,ZNF597,homo_sapiens
873,ENSMUSG00000039699,BATF2,mus_musculus
873,ENSG00000168062,BATF2,homo_sapiens
874,ENSG00000168152,THAP9,homo_sapiens
875,ENSMUSG00000039191,RBPJ,mus_musculus
875,ENSXETG00000000935,RBPJ,xenopus_tropicalis
875,FBgn0004837,RBPJ,drosophila_melanogaster
875,ENSG00000168214,RBPJ,homo_sapiens
876,ENSMUSG00000026735,PTF1A,mus_musculus
876,ENSXETG00000005914,PTF1A,xenopus_tropicalis
876,FBgn0037475,PTF1A,drosophila_melanogaster
876,WBGene00001957,PTF1A,caenorhabditis_elegans
876,ENSG00000168267,PTF1A,homo_sapiens
877,ENSMUSG00000047861,FOXI1,mus_musculus
877,ENSXETG00000025404,FOXI1,xenopus_tropicalis
877,FBgn0004895,FOXI1,drosophila_melanogaster
877,ENSG00000168269,FOXI1,homo_sapiens
878,ENSMUSG00000036442,THAP11,mus_musculus
878,ENSXETG00000005807,THAP11,xenopus_tropicalis
878,ENSG00000168286,THAP11,homo_sapiens
879,ENSMUSG00000031627,IRF2,mus_musculus
879,ENSXETG00000001536,IRF2,xenopus_tropicalis
879,ENSG00000168310,IRF2,homo_sapiens
880,ENSMUSG00000045440,INSM2,mus_musculus
880,ENSXETG00000002917,INSM2,xenopus_tropicalis
880,FBgn0028999,INSM2,drosophila_melanogaster
880,WBGene00001210,INSM2,caenorhabditis_elegans
880,ENSG00000168348,INSM2,homo_sapiens
882,ENSMUSG00000034486,GBX2,mus_musculus
882,ENSXETG00000003290,GBX2,xenopus_tropicalis
882,FBgn0015561,GBX2,drosophila_melanogaster
882,ENSG00000168505,GBX2,homo_sapiens
883,ENSMUSG00000004040,STAT3,mus_musculus
883,ENSXETG00000007642,STAT3,xenopus_tropicalis
883,FBgn0016917,STAT3,drosophila_melanogaster
883,WBGene00013111,STAT3,caenorhabditis_elegans
883,ENSG00000168610,STAT3,homo_sapiens
884,ENSG00000168661,ZNF30,homo_sapiens
885,ENSMUSG00000027833,SHOX2,mus_musculus
885,ENSXETG00000014058,SHOX2,xenopus_tropicalis
885,FBgn0085396,SHOX2,drosophila_melanogaster
885,ENSG00000168779,SHOX2,homo_sapiens
886,ENSMUSG00000044452,ZNF507,mus_musculus
886,ENSXETG00000013603,ZNF507,xenopus_tropicalis
886,ENSG00000168813,ZNF507,homo_sapiens
887,ENSMUSG00000029127,ZBTB49,mus_musculus
887,ENSXETG00000016041,ZBTB49,xenopus_tropicalis
887,FBgn0034643,ZBTB49,drosophila_melanogaster
887,ENSG00000168826,ZBTB49,homo_sapiens
888,ENSMUSG00000037621,ATOH8,mus_musculus
888,FBgn0002931,ATOH8,drosophila_melanogaster
888,ENSG00000168874,ATOH8,homo_sapiens
889,ENSMUSG00000053747,SOX14,mus_musculus
889,ENSXETG00000022689,SOX14,xenopus_tropicalis
889,FBgn0036411,SOX14,drosophila_melanogaster
889,WBGene00004950,SOX14,caenorhabditis_elegans
889,ENSG00000168875,SOX14,homo_sapiens
890,ENSMUSG00000057469,E2F6,mus_musculus
890,FBgn0011766,E2F6,drosophila_melanogaster
890,WBGene00001162,E2F6,caenorhabditis_elegans
890,ENSG00000169016,E2F6,homo_sapiens
891,ENSMUSG00000031393,MECP2,mus_musculus
891,ENSXETG00000014242,MECP2,xenopus_tropicalis
891,ENSG00000169057,MECP2,homo_sapiens
892,ENSMUSG00000046532,AR,mus_musculus
892,ENSXETG00000005089,AR,xenopus_tropicalis
892,ENSG00000169083,AR,homo_sapiens
893,ENSMUSG00000020364,ZNF354A,mus_musculus
893,WBGene00003380,ZNF354A,caenorhabditis_elegans
893,ENSG00000169131,ZNF354A,homo_sapiens
894,ENSMUSG00000038539,ATF5,mus_musculus
894,ENSXETG00000008803,ATF5,xenopus_tropicalis
894,ENSG00000169136,ATF5,homo_sapiens
895,ENSMUSG00000026788,ZBTB43,mus_musculus
895,ENSXETG00000009643,ZBTB43,xenopus_tropicalis
895,ENSG00000169155,ZBTB43,homo_sapiens
897,ENSMUSG00000025056,NR0B1,mus_musculus
897,ENSXETG00000015374,NR0B1,xenopus_tropicalis
897,ENSG00000169297,NR0B1,homo_sapiens
898,ENSMUSG00000026872,ZEB2,mus_musculus
898,ENSXETG00000000237,ZEB2,xenopus_tropicalis
898,FBgn0004606,ZEB2,drosophila_melanogaster
898,WBGene00006970,ZEB2,caenorhabditis_elegans
898,ENSG00000169554,ZEB2,homo_sapiens
899,ENSMUSG00000025105,BNC1,mus_musculus
899,ENSXETG00000016084,BNC1,xenopus_tropicalis
899,FBgn0000459,BNC1,drosophila_melanogaster
899,WBGene00044791,BNC1,caenorhabditis_elegans
899,ENSG00000169594,BNC1,homo_sapiens
900,ENSMUSG00000050240,HIC2,mus_musculus
900,ENSXETG00000022419,HIC2,xenopus_tropicalis
900,ENSG00000169635,HIC2,homo_sapiens
901,ENSMUSG00000030057,CNBP,mus_musculus
901,ENSXETG00000025147,CNBP,xenopus_tropicalis
901,FBgn0034802,CNBP,drosophila_melanogaster
901,WBGene00019537,CNBP,caenorhabditis_elegans
901,ENSG00000169714,CNBP,homo_sapiens
902,ENSMUSG00000059689,ZNF32,mus_musculus
902,ENSXETG00000013033,ZNF32,xenopus_tropicalis
902,FBgn0039355,ZNF32,drosophila_melanogaster
902,ENSG00000169740,ZNF32,homo_sapiens
903,ENSMUSG00000053129,GSX1,mus_musculus
903,ENSXETG00000011784,GSX1,xenopus_tropicalis
903,FBgn0025776,GSX1,drosophila_melanogaster
903,ENSG00000169840,GSX1,homo_sapiens
904,ENSMUSG00000043013,ONECUT1,mus_musculus
904,ENSXETG00000006349,ONECUT1,xenopus_tropicalis
904,FBgn0028996,ONECUT1,drosophila_melanogaster
904,WBGene00015934,ONECUT1,caenorhabditis_elegans
904,ENSG00000169856,ONECUT1,homo_sapiens
905,ENSMUSG00000052040,KLF13,mus_musculus
905,ENSXETG00000016478,KLF13,xenopus_tropicalis
905,FBgn0043364,KLF13,drosophila_melanogaster
905,ENSG00000169926,KLF13,homo_sapiens
906,ENSG00000169951,ZNF764,homo_sapiens
907,ENSMUSG00000045336,HSFY2,mus_musculus
907,ENSG00000169953,HSFY2,homo_sapiens
908,ENSG00000169955,ZNF747,homo_sapiens
909,ENSMUSG00000047371,ZNF768,mus_musculus
909,FBgn0030963,ZNF768,drosophila_melanogaster
909,ENSG00000169957,ZNF768,homo_sapiens
910,ENSMUSG00000057895,ZNF35,mus_musculus
910,ENSXETG00000008076,ZNF35,xenopus_tropicalis
910,ENSG00000169981,ZNF35,homo_sapiens
911,ENSG00000170100,ZNF778,homo_sapiens
912,ENSMUSG00000051490,FOXD4,mus_musculus
912,ENSXETG00000001668,FOXD4,xenopus_tropicalis
912,FBgn0004896,FOXD4,drosophila_melanogaster
912,WBGene00006853,FOXD4,caenorhabditis_elegans
912,ENSG00000170122,FOXD4,homo_sapiens
913,ENSMUSG00000101174,HOXD4,mus_musculus
913,ENSXETG00000001799,HOXD4,xenopus_tropicalis
913,FBgn0000439,HOXD4,drosophila_melanogaster
913,WBGene00003024,HOXD4,caenorhabditis_elegans
913,ENSG00000170166,HOXD4,homo_sapiens
914,ENSMUSG00000001823,HOXD12,mus_musculus
914,FBgn0000015,HOXD12,drosophila_melanogaster
914,ENSG00000170178,HOXD12,homo_sapiens
915,ENSMUSG00000052763,ZNF212,mus_musculus
915,ENSG00000170260,ZNF212,homo_sapiens
916,ENSMUSG00000025821,ZNF282,mus_musculus
916,ENSG00000170265,ZNF282,homo_sapiens
917,ENSMUSG00000042185,NFRKB,mus_musculus
917,ENSXETG00000004078,NFRKB,xenopus_tropicalis
917,FBgn0027503,NFRKB,drosophila_melanogaster
917,ENSG00000170322,NFRKB,homo_sapiens
918,ENSMUSG00000042496,PRDM10,mus_musculus
918,ENSXETG00000032173,PRDM10,xenopus_tropicalis
918,ENSG00000170325,PRDM10,homo_sapiens
919,ENSMUSG00000021250,FOS,mus_musculus
919,ENSXETG00000013238,FOS,xenopus_tropicalis
919,FBgn0001297,FOS,drosophila_melanogaster
919,ENSG00000170345,FOS,homo_sapiens
920,ENSMUSG00000031681,SMAD1,mus_musculus
920,ENSXETG00000026047,SMAD1,xenopus_tropicalis
920,FBgn0011648,SMAD1,drosophila_melanogaster
920,WBGene00004856,SMAD1,caenorhabditis_elegans
920,ENSG00000170365,SMAD1,homo_sapiens
921,ENSMUSG00000043969,EMX2,mus_musculus
921,ENSXETG00000022080,EMX2,xenopus_tropicalis
921,FBgn0000576,EMX2,drosophila_melanogaster
921,WBGene00000429,EMX2,caenorhabditis_elegans
921,ENSG00000170370,EMX2,homo_sapiens
922,ENSMUSG00000060284,SP7,mus_musculus
922,ENSXETG00000012663,SP7,xenopus_tropicalis
922,FBgn0020378,SP7,drosophila_melanogaster
922,WBGene00012735,SP7,caenorhabditis_elegans
922,ENSG00000170374,SP7,homo_sapiens
923,ENSMUSG00000072889,NFXL1,mus_musculus
923,ENSXETG00000009836,NFXL1,xenopus_tropicalis
923,FBgn0035518,NFXL1,drosophila_melanogaster
923,ENSG00000170448,NFXL1,homo_sapiens
924,ENSMUSG00000026077,NPAS2,mus_musculus
924,ENSXETG00000021769,NPAS2,xenopus_tropicalis
924,FBgn0023076,NPAS2,drosophila_melanogaster
924,ENSG00000170485,NPAS2,homo_sapiens
925,ENSMUSG00000060969,IRX1,mus_musculus
925,ENSXETG00000006958,IRX1,xenopus_tropicalis
925,FBgn0015904,IRX1,drosophila_melanogaster
925,ENSG00000170549,IRX1,homo_sapiens
926,ENSMUSG00000001504,IRX2,mus_musculus
926,ENSXETG00000012653,IRX2,xenopus_tropicalis
926,FBgn0014343,IRX2,drosophila_melanogaster
926,ENSG00000170561,IRX2,homo_sapiens
927,ENSMUSG00000024134,SIX2,mus_musculus
927,ENSXETG00000026158,SIX2,xenopus_tropicalis
927,FBgn0003460,SIX2,drosophila_melanogaster
927,ENSG00000170577,SIX2,homo_sapiens
928,ENSMUSG00000040033,STAT2,mus_musculus
928,ENSXETG00000021830,STAT2,xenopus_tropicalis
928,FBgn0016917,STAT2,drosophila_melanogaster
928,WBGene00013111,STAT2,caenorhabditis_elegans
928,ENSG00000170581,STAT2,homo_sapiens
929,ENSMUSG00000040891,FOXA3,mus_musculus
929,FBgn0000659,FOXA3,drosophila_melanogaster
929,WBGene00004013,FOXA3,caenorhabditis_elegans
929,ENSG00000170608,FOXA3,homo_sapiens
931,ENSG00000170631,ZNF16,homo_sapiens
932,ENSMUSG00000099083,ATF7,mus_musculus
932,ENSXETG00000012641,ATF7,xenopus_tropicalis
932,ENSG00000170653,ATF7,homo_sapiens
933,ENSMUSG00000011267,ZNF296,mus_musculus
933,FBgn0029939,ZNF296,drosophila_melanogaster
933,WBGene00017430,ZNF296,caenorhabditis_elegans
933,ENSG00000170684,ZNF296,homo_sapiens
934,ENSMUSG00000020875,HOXB9,mus_musculus
934,ENSXETG00000027350,HOXB9,xenopus_tropicalis
934,FBgn0000015,HOXB9,drosophila_melanogaster
934,ENSG00000170689,HOXB9,homo_sapiens
935,ENSMUSG00000034998,FOXN2,mus_musculus
935,ENSXETG00000022651,FOXN2,xenopus_tropicalis
935,FBgn0029504,FOXN2,drosophila_melanogaster
935,ENSG00000170802,FOXN2,homo_sapiens
936,ENSMUSG00000067942,ZNF160,mus_musculus
936,ENSG00000170949,ZNF160,homo_sapiens
937,FBgn0032979,ZNF415,drosophila_melanogaster
937,ENSG00000170954,ZNF415,homo_sapiens
938,ENSMUSG00000063060,SOX7,mus_musculus
938,ENSXETG00000000693,SOX7,xenopus_tropicalis
938,FBgn0005613,SOX7,drosophila_melanogaster
938,ENSG00000171056,SOX7,homo_sapiens
939,ENSG00000171116,HSFX1,homo_sapiens
941,ENSMUSG00000049755,ZNF672,mus_musculus
941,ENSG00000171161,ZNF672,homo_sapiens
942,ENSMUSG00000037243,ZNF692,mus_musculus
942,ENSG00000171163,ZNF692,homo_sapiens
943,ENSMUSG00000052837,JUNB,mus_musculus
943,ENSXETG00000004766,JUNB,xenopus_tropicalis
943,FBgn0001291,JUNB,drosophila_melanogaster
943,ENSG00000171223,JUNB,homo_sapiens
944,ENSG00000171291,ZNF439,homo_sapiens
945,ENSG00000171295,ZNF440,homo_sapiens
946,FBgn0262636,ZNF581,drosophila_melanogaster
946,ENSG00000171425,ZNF581,homo_sapiens
947,ENSMUSG00000109129,ZNF524,mus_musculus
947,FBgn0262636,ZNF524,drosophila_melanogaster
947,ENSG00000171443,ZNF524,homo_sapiens
948,ENSMUSG00000050714,ZBTB26,mus_musculus
948,ENSXETG00000020531,ZBTB26,xenopus_tropicalis
948,ENSG00000171448,ZBTB26,homo_sapiens
949,ENSMUSG00000060510,ZNF562,mus_musculus
949,ENSG00000171466,ZNF562,homo_sapiens
950,ENSMUSG00000060510,ZNF561,mus_musculus
950,ENSG00000171469,ZNF561,homo_sapiens
951,ENSMUSG00000038255,NEUROD2,mus_musculus
951,FBgn0003270,NEUROD2,drosophila_melanogaster
951,WBGene00000561,NEUROD2,caenorhabditis_elegans
951,ENSG00000171532,NEUROD2,homo_sapiens
952,ENSMUSG00000021685,OTP,mus_musculus
952,ENSXETG00000017073,OTP,xenopus_tropicalis
952,FBgn0015524,OTP,drosophila_melanogaster
952,ENSG00000171540,OTP,homo_sapiens
953,ENSG00000171574,ZNF584,homo_sapiens
954,ENSMUSG00000058638,ZNF274,mus_musculus
954,ENSG00000171606,ZNF274,homo_sapiens
955,ENSMUSG00000030393,ZIK1,mus_musculus
955,ENSG00000171649,ZIK1,homo_sapiens
956,ENSMUSG00000014592,CAMTA1,mus_musculus
956,ENSXETG00000005040,CAMTA1,xenopus_tropicalis
956,FBgn0259234,CAMTA1,drosophila_melanogaster
956,WBGene00020251,CAMTA1,caenorhabditis_elegans
956,ENSG00000171735,CAMTA1,homo_sapiens
957,ENSXETG00000005841,NHLH1,xenopus_tropicalis
957,FBgn0011277,NHLH1,drosophila_melanogaster
957,WBGene00001959,NHLH1,caenorhabditis_elegans
957,ENSG00000171786,NHLH1,homo_sapiens
958,ENSG00000171817,ZNF540,homo_sapiens
959,ENSG00000171827,ZNF570,homo_sapiens
960,ENSMUSG00000048626,KLF17,mus_musculus
960,WBGene00003480,KLF17,caenorhabditis_elegans
960,ENSG00000171872,KLF17,homo_sapiens
961,ENSMUSG00000052056,ZNF217,mus_musculus
961,ENSXETG00000017550,ZNF217,xenopus_tropicalis
961,ENSG00000171940,ZNF217,homo_sapiens
962,ENSMUSG00000059246,FOXB1,mus_musculus
962,ENSXETG00000017708,FOXB1,xenopus_tropicalis
962,FBgn0004898,FOXB1,drosophila_melanogaster
962,WBGene00003017,FOXB1,caenorhabditis_elegans
962,ENSG00000171956,FOXB1,homo_sapiens
963,ENSG00000171970,ZNF57,homo_sapiens
964,ENSG00000172000,ZNF556,homo_sapiens
965,ENSMUSG00000095206,ZNF554,mus_musculus
965,FBgn0024244,ZNF554,drosophila_melanogaster
965,WBGene00003846,ZNF554,caenorhabditis_elegans
965,ENSG00000172006,ZNF554,homo_sapiens
966,ENSMUSG00000020653,KLF11,mus_musculus
966,ENSXETG00000007013,KLF11,xenopus_tropicalis
966,FBgn0043364,KLF11,drosophila_melanogaster
966,ENSG00000172059,KLF11,homo_sapiens
967,ENSMUSG00000021379,ID4,mus_musculus
967,ENSXETG00000025736,ID4,xenopus_tropicalis
967,FBgn0000575,ID4,drosophila_melanogaster
967,ENSG00000172201,ID4,homo_sapiens
968,ENSMUSG00000056501,CEBPB,mus_musculus
968,ENSXETG00000012286,CEBPB,xenopus_tropicalis
968,WBGene00016754,CEBPB,caenorhabditis_elegans
968,ENSG00000172216,CEBPB,homo_sapiens
969,ENSMUSG00000073043,ATOH1,mus_musculus
969,ENSXETG00000023279,ATOH1,xenopus_tropicalis
969,FBgn0024249,ATOH1,drosophila_melanogaster
969,WBGene00003018,ATOH1,caenorhabditis_elegans
969,ENSG00000172238,ATOH1,homo_sapiens
970,ENSMUSG00000094870,ZNF131,mus_musculus
970,ENSXETG00000032207,ZNF131,xenopus_tropicalis
970,ENSG00000172262,ZNF131,homo_sapiens
971,ENSMUSG00000032119,HINFP,mus_musculus
971,ENSXETG00000024631,HINFP,xenopus_tropicalis
971,FBgn0025635,HINFP,drosophila_melanogaster
971,WBGene00009553,HINFP,caenorhabditis_elegans
971,ENSG00000172273,HINFP,homo_sapiens
972,ENSMUSG00000027035,CERS6,mus_musculus
972,ENSXETG00000016207,CERS6,xenopus_tropicalis
972,FBgn0040918,CERS6,drosophila_melanogaster
972,WBGene00002043,CERS6,caenorhabditis_elegans
972,ENSG00000172292,CERS6,homo_sapiens
973,ENSMUSG00000042109,CSDC2,mus_musculus
973,ENSXETG00000033238,CSDC2,xenopus_tropicalis
973,FBgn0036661,CSDC2,drosophila_melanogaster
973,ENSG00000172346,CSDC2,homo_sapiens
974,ENSMUSG00000015709,ARNT2,mus_musculus
974,ENSXETG00000012988,ARNT2,xenopus_tropicalis
974,FBgn0264075,ARNT2,drosophila_melanogaster
974,WBGene00000095,ARNT2,caenorhabditis_elegans
974,ENSG00000172379,ARNT2,homo_sapiens
975,ENSMUSG00000051469,ZNF24,mus_musculus
975,ENSG00000172466,ZNF24,homo_sapiens
976,ENSMUSG00000045336,HSFY1,mus_musculus
976,ENSG00000172468,HSFY1,homo_sapiens
977,ENSMUSG00000029313,AFF1,mus_musculus
977,ENSXETG00000019955,AFF1,xenopus_tropicalis
977,FBgn0041111,AFF1,drosophila_melanogaster
977,ENSG00000172493,AFF1,homo_sapiens
978,ENSG00000172748,ZNF596,homo_sapiens
979,ENSMUSG00000022485,HOXC5,mus_musculus
979,ENSXETG00000025183,HOXC5,xenopus_tropicalis
979,ENSG00000172789,HOXC5,homo_sapiens
980,ENSMUSG00000024922,OVOL1,mus_musculus
980,ENSXETG00000020587,OVOL1,xenopus_tropicalis
980,FBgn0003028,OVOL1,drosophila_melanogaster
980,WBGene00003033,OVOL1,caenorhabditis_elegans
980,ENSG00000172818,OVOL1,homo_sapiens
981,ENSMUSG00000001288,RARG,mus_musculus
981,ENSXETG00000012670,RARG,xenopus_tropicalis
981,ENSG00000172819,RARG,homo_sapiens
982,ENSMUSG00000027109,SP3,mus_musculus
982,ENSXETG00000008503,SP3,xenopus_tropicalis
982,FBgn0039169,SP3,drosophila_melanogaster
982,WBGene00012735,SP3,caenorhabditis_elegans
982,ENSG00000172845,SP3,homo_sapiens
983,ENSG00000172888,ZNF621,homo_sapiens
984,ENSMUSG00000029196,TADA2B,mus_musculus
984,ENSXETG00000022903,TADA2B,xenopus_tropicalis
984,FBgn0037555,TADA2B,drosophila_melanogaster
984,ENSG00000173011,TADA2B,homo_sapiens
985,ENSMUSG00000024927,RELA,mus_musculus
985,ENSXETG00000026173,RELA,xenopus_tropicalis
985,FBgn0260632,RELA,drosophila_melanogaster
985,ENSG00000173039,RELA,homo_sapiens
986,ENSMUSG00000097333,ZNF680,mus_musculus
986,ENSG00000173041,ZNF680,homo_sapiens
987,ENSMUSG00000028487,BNC2,mus_musculus
987,ENSXETG00000018036,BNC2,xenopus_tropicalis
987,FBgn0000459,BNC2,drosophila_melanogaster
987,WBGene00044791,BNC2,caenorhabditis_elegans
987,ENSG00000173068,BNC2,homo_sapiens
988,ENSMUSG00000024955,ESRRA,mus_musculus
988,ENSXETG00000007211,ESRRA,xenopus_tropicalis
988,FBgn0035849,ESRRA,drosophila_melanogaster
988,ENSG00000173153,ESRRA,homo_sapiens
989,ENSMUSG00000048138,DMRT2,mus_musculus
989,ENSXETG00000033983,DMRT2,xenopus_tropicalis
989,FBgn0030477,DMRT2,drosophila_melanogaster
989,WBGene00007930,DMRT2,caenorhabditis_elegans
989,ENSG00000173253,DMRT2,homo_sapiens
990,ENSMUSG00000038630,ZNF483,mus_musculus
990,ENSG00000173258,ZNF483,homo_sapiens
991,ENSMUSG00000073176,ZNF449,mus_musculus
991,ENSG00000173275,ZNF449,homo_sapiens
992,ENSMUSG00000046962,ZBTB21,mus_musculus
992,ENSG00000173276,ZBTB21,homo_sapiens
993,ENSMUSG00000068154,INSM1,mus_musculus
993,FBgn0028999,INSM1,drosophila_melanogaster
993,WBGene00001210,INSM1,caenorhabditis_elegans
993,ENSG00000173404,INSM1,homo_sapiens
994,ENSMUSG00000020137,THAP2,mus_musculus
994,ENSG00000173451,THAP2,homo_sapiens
995,ENSMUSG00000032481,SMARCC1,mus_musculus
995,ENSXETG00000014492,SMARCC1,xenopus_tropicalis
995,FBgn0002783,SMARCC1,drosophila_melanogaster
995,WBGene00004203,SMARCC1,caenorhabditis_elegans
995,ENSG00000173473,SMARCC1,homo_sapiens
996,ENSG00000173480,ZNF417,homo_sapiens
997,ENSMUSG00000028946,HES3,mus_musculus
997,ENSG00000173673,HES3,homo_sapiens
998,ENSMUSG00000020919,STAT5B,mus_musculus
998,ENSXETG00000000836,STAT5B,xenopus_tropicalis
998,FBgn0016917,STAT5B,drosophila_melanogaster
998,WBGene00013111,STAT5B,caenorhabditis_elegans
998,ENSG00000173757,STAT5B,homo_sapiens
999,ENSMUSG00000074194,ZNF791,mus_musculus
999,ENSG00000173875,ZNF791,homo_sapiens
1000,ENSMUSG00000075588,HOXB2,mus_musculus
1000,FBgn0051481,HOXB2,drosophila_melanogaster
1000,ENSG00000173917,HOXB2,homo_sapiens
1001,WBGene00000433,RAX2,caenorhabditis_elegans
1001,ENSG00000173976,RAX2,homo_sapiens
1002,ENSMUSG00000033943,MGA,mus_musculus
1002,ENSXETG00000000051,MGA,xenopus_tropicalis
1002,ENSG00000174197,MGA,homo_sapiens
1003,ENSG00000174255,ZNF80,homo_sapiens
1004,ENSMUSG00000001815,EVX2,mus_musculus
1004,FBgn0000606,EVX2,drosophila_melanogaster
1004,WBGene00006873,EVX2,caenorhabditis_elegans
1004,ENSG00000174279,EVX2,homo_sapiens
1005,ENSMUSG00000018750,ZBTB4,mus_musculus
1005,ENSG00000174282,ZBTB4,homo_sapiens
1006,ENSMUSG00000035877,ZHX3,mus_musculus
1006,ENSXETG00000019457,ZHX3,xenopus_tropicalis
1006,ENSG00000174306,ZHX3,homo_sapiens
1007,ENSMUSG00000034762,GLIS1,mus_musculus
1007,FBgn0039039,GLIS1,drosophila_melanogaster
1007,ENSG00000174332,GLIS1,homo_sapiens
1008,ENSMUSG00000015942,GTF2IRD2B,mus_musculus
1008,ENSXETG00000032520,GTF2IRD2B,xenopus_tropicalis
1008,ENSG00000174428,GTF2IRD2B,homo_sapiens
1009,ENSMUSG00000045903,NPAS4,mus_musculus
1009,ENSXETG00000020576,NPAS4,xenopus_tropicalis
1009,FBgn0039411,NPAS4,drosophila_melanogaster
1009,WBGene00000521,NPAS4,caenorhabditis_elegans
1009,ENSG00000174576,NPAS4,homo_sapiens
1010,FBgn0037717,ZNF497,drosophila_melanogaster
1010,ENSG00000174586,ZNF497,homo_sapiens
1012,ENSG00000174652,ZNF266,homo_sapiens
1013,ENSMUSG00000021775,NR1D2,mus_musculus
1013,ENSXETG00000003869,NR1D2,xenopus_tropicalis
1013,FBgn0004865,NR1D2,drosophila_melanogaster
1013,WBGene00004786,NR1D2,caenorhabditis_elegans
1013,ENSG00000174738,NR1D2,homo_sapiens
1014,ENSG00000174796,THAP6,homo_sapiens
1015,ENSMUSG00000036972,ZIC4,mus_musculus
1015,FBgn0003002,ZIC4,drosophila_melanogaster
1015,WBGene00004335,ZIC4,caenorhabditis_elegans
1015,ENSG00000174963,ZIC4,homo_sapiens
1016,ENSMUSG00000047141,ZNF654,mus_musculus
1016,ENSXETG00000007629,ZNF654,xenopus_tropicalis
1016,ENSG00000175105,ZNF654,homo_sapiens
1017,ENSMUSG00000025408,DDIT3,mus_musculus
1017,ENSXETG00000006245,DDIT3,xenopus_tropicalis
1017,ENSG00000175197,DDIT3,homo_sapiens
1018,ENSMUSG00000075040,ZNF408,mus_musculus
1018,ENSXETG00000001980,ZNF408,xenopus_tropicalis
1018,ENSG00000175213,ZNF408,homo_sapiens
1019,ENSMUSG00000033883,ZNF519,mus_musculus
1019,ENSG00000175322,ZNF519,homo_sapiens
1020,ENSMUSG00000044542,PROP1,mus_musculus
1020,FBgn0052532,PROP1,drosophila_melanogaster
1020,WBGene00006778,PROP1,caenorhabditis_elegans
1020,ENSG00000175325,PROP1,homo_sapiens
1021,ENSMUSG00000031621,ISX,mus_musculus
1021,FBgn0008636,ISX,drosophila_melanogaster
1021,ENSG00000175329,ISX,homo_sapiens
1022,ENSMUSG00000024563,SMAD2,mus_musculus
1022,ENSXETG00000020292,SMAD2,xenopus_tropicalis
1022,FBgn0025800,SMAD2,drosophila_melanogaster
1022,ENSG00000175387,SMAD2,homo_sapiens
1023,ENSMUSG00000072623,ZNF25,mus_musculus
1023,ENSG00000175395,ZNF25,homo_sapiens
1024,ENSMUSG00000024912,FOSL1,mus_musculus
1024,ENSXETG00000020606,FOSL1,xenopus_tropicalis
1024,FBgn0001297,FOSL1,drosophila_melanogaster
1024,ENSG00000175592,FOSL1,homo_sapiens
1025,ENSG00000175691,ZNF77,homo_sapiens
1026,ENSMUSG00000038342,MLXIP,mus_musculus
1026,ENSXETG00000003773,MLXIP,xenopus_tropicalis
1026,FBgn0032940,MLXIP,drosophila_melanogaster
1026,WBGene00003378,MLXIP,caenorhabditis_elegans
1026,ENSG00000175727,MLXIP,homo_sapiens
1027,ENSMUSG00000069171,NR2F1,mus_musculus
1027,ENSXETG00000011594,NR2F1,xenopus_tropicalis
1027,FBgn0003651,NR2F1,drosophila_melanogaster
1027,ENSG00000175745,NR2F1,homo_sapiens
1028,ENSMUSG00000053297,ZNF169,mus_musculus
1028,ENSG00000175787,ZNF169,homo_sapiens
1029,ENSMUSG00000017724,ETV4,mus_musculus
1029,ENSXETG00000030031,ETV4,xenopus_tropicalis
1029,FBgn0039225,ETV4,drosophila_melanogaster
1029,ENSG00000175832,ETV4,homo_sapiens
1030,ENSMUSG00000027102,HOXD8,mus_musculus
1030,ENSXETG00000024424,HOXD8,xenopus_tropicalis
1030,FBgn0003944,HOXD8,drosophila_melanogaster
1030,ENSG00000175879,HOXD8,homo_sapiens
1031,ENSMUSG00000035951,ASCL3,mus_musculus
1031,ENSXETG00000026272,ASCL3,xenopus_tropicalis
1031,WBGene00001952,ASCL3,caenorhabditis_elegans
1031,ENSG00000176009,ASCL3,homo_sapiens
1032,ENSXETG00000007423,ZNF613,xenopus_tropicalis
1032,ENSG00000176024,ZNF613,homo_sapiens
1033,ENSMUSG00000049410,ZNF683,mus_musculus
1033,FBgn0035625,ZNF683,drosophila_melanogaster
1033,WBGene00003847,ZNF683,caenorhabditis_elegans
1033,ENSG00000176083,ZNF683,homo_sapiens
1034,ENSMUSG00000070345,HSF5,mus_musculus
1034,ENSXETG00000033030,HSF5,xenopus_tropicalis
1034,ENSG00000176160,HSF5,homo_sapiens
1035,ENSMUSG00000020950,FOXG1,mus_musculus
1035,FBgn0004567,FOXG1,drosophila_melanogaster
1035,WBGene00001434,FOXG1,caenorhabditis_elegans
1035,ENSG00000176165,FOXG1,homo_sapiens
1036,ENSG00000176222,ZNF404,homo_sapiens
1037,ENSMUSG00000048686,HMGB4,mus_musculus
1037,FBgn0011764,HMGB4,drosophila_melanogaster
1037,WBGene00001972,HMGB4,caenorhabditis_elegans
1037,ENSG00000176256,HMGB4,homo_sapiens
1038,ENSXETG00000008076,ZNF135,xenopus_tropicalis
1038,ENSG00000176293,ZNF135,homo_sapiens
1039,ENSMUSG00000074397,FOXR1,mus_musculus
1039,ENSXETG00000021565,FOXR1,xenopus_tropicalis
1039,FBgn0015396,FOXR1,drosophila_melanogaster
1039,ENSG00000176302,FOXR1,homo_sapiens
1040,ENSMUSG00000038797,ZSCAN2,mus_musculus
1040,ENSG00000176371,ZSCAN2,homo_sapiens
1041,ENSMUSG00000043753,DMRTA1,mus_musculus
1041,ENSXETG00000005462,DMRTA1,xenopus_tropicalis
1041,FBgn0039683,DMRTA1,drosophila_melanogaster
1041,WBGene00017326,DMRTA1,caenorhabditis_elegans
1041,ENSG00000176399,DMRTA1,homo_sapiens
1042,ENSMUSG00000066721,ZNF575,mus_musculus
1042,ENSG00000176472,ZNF575,homo_sapiens
1043,ENSMUSG00000068284,USF3,mus_musculus
1043,ENSXETG00000031896,USF3,xenopus_tropicalis
1043,ENSG00000176542,USF3,homo_sapiens
1044,ENSMUSG00000097084,FOXL1,mus_musculus
1044,ENSXETG00000016388,FOXL1,xenopus_tropicalis
1044,FBgn0004895,FOXL1,drosophila_melanogaster
1044,ENSG00000176678,FOXL1,homo_sapiens
1045,ENSMUSG00000100133,TGIF2LY,mus_musculus
1045,ENSXETG00000017312,TGIF2LY,xenopus_tropicalis
1045,FBgn0033748,TGIF2LY,drosophila_melanogaster
1045,ENSG00000176679,TGIF2LY,homo_sapiens
1046,ENSMUSG00000046714,FOXC2,mus_musculus
1046,FBgn0014143,FOXC2,drosophila_melanogaster
1046,ENSG00000176692,FOXC2,homo_sapiens
1047,ENSMUSG00000031737,IRX5,mus_musculus
1047,ENSXETG00000002816,IRX5,xenopus_tropicalis
1047,FBgn0014343,IRX5,drosophila_melanogaster
1047,ENSG00000176842,IRX5,homo_sapiens
1048,ENSMUSG00000063632,SOX11,mus_musculus
1048,FBgn0005612,SOX11,drosophila_melanogaster
1048,WBGene00004771,SOX11,caenorhabditis_elegans
1048,ENSG00000176887,SOX11,homo_sapiens
1049,ENSMUSG00000026279,THAP4,mus_musculus
1049,ENSXETG00000031164,THAP4,xenopus_tropicalis
1049,WBGene00008260,THAP4,caenorhabditis_elegans
1049,ENSG00000176946,THAP4,homo_sapiens
1050,ENSMUSG00000058886,DEAF1,mus_musculus
1050,ENSXETG00000033517,DEAF1,xenopus_tropicalis
1050,FBgn0013799,DEAF1,drosophila_melanogaster
1050,ENSG00000177030,DEAF1,homo_sapiens
1051,ENSMUSG00000040841,SIX5,mus_musculus
1051,FBgn0027364,SIX5,drosophila_melanogaster
1051,WBGene00000455,SIX5,caenorhabditis_elegans
1051,ENSG00000177045,SIX5,homo_sapiens
1052,ENSMUSG00000068966,ZBTB34,mus_musculus
1052,ENSXETG00000021754,ZBTB34,xenopus_tropicalis
1052,ENSG00000177125,ZBTB34,homo_sapiens
1053,ENSMUSG00000040433,ZBTB38,mus_musculus
1053,ENSXETG00000014756,ZBTB38,xenopus_tropicalis
1053,ENSG00000177311,ZBTB38,homo_sapiens
1054,ENSMUSG00000043099,HIC1,mus_musculus
1054,ENSXETG00000023803,HIC1,xenopus_tropicalis
1054,ENSG00000177374,HIC1,homo_sapiens
1055,ENSMUSG00000047407,TGIF1,mus_musculus
1055,ENSXETG00000025010,TGIF1,xenopus_tropicalis
1055,FBgn0033749,TGIF1,drosophila_melanogaster
1055,ENSG00000177426,TGIF1,homo_sapiens
1056,ENSMUSG00000005893,NR2C2,mus_musculus
1056,ENSXETG00000004817,NR2C2,xenopus_tropicalis
1056,FBgn0015239,NR2C2,drosophila_melanogaster
1056,WBGene00022423,NR2C2,caenorhabditis_elegans
1056,ENSG00000177463,NR2C2,homo_sapiens
1057,ENSMUSG00000045591,OLIG3,mus_musculus
1057,ENSXETG00000022490,OLIG3,xenopus_tropicalis
1057,WBGene00001960,OLIG3,caenorhabditis_elegans
1057,ENSG00000177468,OLIG3,homo_sapiens
1058,ENSG00000177494,ZBED2,homo_sapiens
1059,ENSMUSG00000031734,IRX3,mus_musculus
1059,ENSXETG00000005818,IRX3,xenopus_tropicalis
1059,FBgn0014343,IRX3,drosophila_melanogaster
1059,ENSG00000177508,IRX3,homo_sapiens
1060,ENSMUSG00000048540,NHLH2,mus_musculus
1060,ENSXETG00000005841,NHLH2,xenopus_tropicalis
1060,FBgn0011277,NHLH2,drosophila_melanogaster
1060,WBGene00001959,NHLH2,caenorhabditis_elegans
1060,ENSG00000177551,NHLH2,homo_sapiens
1061,ENSG00000177599,ZNF491,homo_sapiens
1062,ENSMUSG00000052684,JUN,mus_musculus
1062,ENSXETG00000011124,JUN,xenopus_tropicalis
1062,FBgn0001291,JUN,drosophila_melanogaster
1062,ENSG00000177606,JUN,homo_sapiens
1063,ENSXETG00000015756,THAP5,xenopus_tropicalis
1063,ENSG00000177683,THAP5,homo_sapiens
1064,ENSMUSG00000051817,SOX12,mus_musculus
1064,ENSXETG00000024011,SOX12,xenopus_tropicalis
1064,FBgn0005612,SOX12,drosophila_melanogaster
1064,WBGene00004771,SOX12,caenorhabditis_elegans
1064,ENSG00000177732,SOX12,homo_sapiens
1065,ENSMUSG00000043773,ZNF620,mus_musculus
1065,ENSG00000177842,ZNF620,homo_sapiens
1066,ENSG00000177873,ZNF619,homo_sapiens
1067,ENSMUSG00000033964,ZBTB41,mus_musculus
1067,ENSXETG00000009952,ZBTB41,xenopus_tropicalis
1067,FBgn0033569,ZBTB41,drosophila_melanogaster
1067,ENSG00000177888,ZBTB41,homo_sapiens
1068,ENSMUSG00000044807,ZNF354C,mus_musculus
1068,WBGene00003380,ZNF354C,caenorhabditis_elegans
1068,ENSG00000177932,ZNF354C,homo_sapiens
1069,ENSG00000178150,ZNF114,homo_sapiens
1070,ENSMUSG00000050919,ZNF366,mus_musculus
1070,ENSXETG00000033098,ZNF366,xenopus_tropicalis
1070,WBGene00012385,ZNF366,caenorhabditis_elegans
1070,ENSG00000178175,ZNF366,homo_sapiens
1071,ENSMUSG00000015882,LCORL,mus_musculus
1071,ENSXETG00000031509,LCORL,xenopus_tropicalis
1071,FBgn0264490,LCORL,drosophila_melanogaster
1071,WBGene00011315,LCORL,caenorhabditis_elegans
1071,ENSG00000178177,LCORL,homo_sapiens
1072,ENSMUSG00000048728,ZNF454,mus_musculus
1072,WBGene00001324,ZNF454,caenorhabditis_elegans
1072,ENSG00000178187,ZNF454,homo_sapiens
1073,ENSG00000178229,ZNF543,homo_sapiens
1074,WBGene00003380,ZNF354B,caenorhabditis_elegans
1074,ENSG00000178338,ZNF354B,homo_sapiens
1075,FBgn0030005,ZNF223,drosophila_melanogaster
1075,ENSG00000178386,ZNF223,homo_sapiens
1076,ENSMUSG00000027967,NEUROG2,mus_musculus
1076,ENSXETG00000024100,NEUROG2,xenopus_tropicalis
1076,FBgn0015550,NEUROG2,drosophila_melanogaster
1076,WBGene00003595,NEUROG2,caenorhabditis_elegans
1076,ENSG00000178403,NEUROG2,homo_sapiens
1077,ENSMUSG00000055435,MAF,mus_musculus
1077,ENSXETG00000000172,MAF,xenopus_tropicalis
1077,FBgn0000964,MAF,drosophila_melanogaster
1077,ENSG00000178573,MAF,homo_sapiens
1078,ENSG00000178665,ZNF713,homo_sapiens
1079,ENSMUSG00000071757,ZHX2,mus_musculus
1079,ENSXETG00000023182,ZHX2,xenopus_tropicalis
1079,ENSG00000178764,ZHX2,homo_sapiens
1080,ENSMUSG00000025930,MSC,mus_musculus
1080,ENSXETG00000015977,MSC,xenopus_tropicalis
1080,FBgn0022740,MSC,drosophila_melanogaster
1080,ENSG00000178860,MSC,homo_sapiens
1081,ENSMUSG00000063488,ZNF852,mus_musculus
1081,ENSXETG00000008076,ZNF852,xenopus_tropicalis
1081,ENSG00000178917,ZNF852,homo_sapiens
1082,ENSMUSG00000070990,FOXE1,mus_musculus
1082,ENSXETG00000024889,FOXE1,xenopus_tropicalis
1082,ENSG00000178919,FOXE1,homo_sapiens
1083,ENSG00000178928,TPRX1,homo_sapiens
1084,ENSG00000178935,ZNF552,homo_sapiens
1085,ENSMUSG00000035011,ZBTB7A,mus_musculus
1085,ENSG00000178951,ZBTB7A,homo_sapiens
1086,ENSMUSG00000051176,ZFP42,mus_musculus
1086,ENSG00000179059,ZFP42,homo_sapiens
1087,ENSMUSG00000023781,HES7,mus_musculus
1087,ENSXETG00000009079,HES7,xenopus_tropicalis
1087,ENSG00000179111,HES7,homo_sapiens
1088,ENSMUSG00000079215,ZNF664,mus_musculus
1088,FBgn0030005,ZNF664,drosophila_melanogaster
1088,ENSG00000179195,ZNF664,homo_sapiens
1089,ENSMUSG00000015053,GATA2,mus_musculus
1089,ENSXETG00000016171,GATA2,xenopus_tropicalis
1089,FBgn0001138,GATA2,drosophila_melanogaster
1089,WBGene00001249,GATA2,caenorhabditis_elegans
1089,ENSG00000179348,GATA2,homo_sapiens
1090,ENSMUSG00000004661,ARID3B,mus_musculus
1090,ENSXETG00000010647,ARID3B,xenopus_tropicalis
1090,FBgn0004795,ARID3B,drosophila_melanogaster
1090,WBGene00000476,ARID3B,caenorhabditis_elegans
1090,ENSG00000179361,ARID3B,homo_sapiens
1091,ENSMUSG00000033730,EGR3,mus_musculus
1091,ENSXETG00000031881,EGR3,xenopus_tropicalis
1091,FBgn0003499,EGR3,drosophila_melanogaster
1091,WBGene00043705,EGR3,caenorhabditis_elegans
1091,ENSG00000179388,EGR3,homo_sapiens
1092,ENSMUSG00000063659,ZBTB18,mus_musculus
1092,ENSXETG00000014541,ZBTB18,xenopus_tropicalis
1092,ENSG00000179456,ZBTB18,homo_sapiens
1093,ENSMUSG00000034968,LBX2,mus_musculus
1093,FBgn0008651,LBX2,drosophila_melanogaster
1093,ENSG00000179528,LBX2,homo_sapiens
1094,ENSMUSG00000049577,ZFPM1,mus_musculus
1094,ENSXETG00000023988,ZFPM1,xenopus_tropicalis
1094,ENSG00000179588,ZFPM1,homo_sapiens
1095,ENSMUSG00000037638,ZBTB42,mus_musculus
1095,ENSXETG00000008601,ZBTB42,xenopus_tropicalis
1095,ENSG00000179627,ZBTB42,homo_sapiens
1096,ENSMUSG00000074676,FOXS1,mus_musculus
1096,ENSG00000179772,FOXS1,homo_sapiens
1097,ENSMUSG00000036816,ATOH7,mus_musculus
1097,ENSXETG00000023575,ATOH7,xenopus_tropicalis
1097,FBgn0024249,ATOH7,drosophila_melanogaster
1097,WBGene00003018,ATOH7,caenorhabditis_elegans
1097,ENSG00000179774,ATOH7,homo_sapiens
1098,ENSG00000179909,ZNF154,homo_sapiens
1099,ENSMUSG00000043290,ZNF784,mus_musculus
1099,ENSXETG00000031192,ZNF784,xenopus_tropicalis
1099,ENSG00000179922,ZNF784,homo_sapiens
1100,ENSMUSG00000066797,ZNF648,mus_musculus
1100,ENSG00000179930,ZNF648,homo_sapiens
1101,ENSMUSG00000061374,FIZ1,mus_musculus
1101,ENSG00000179943,FIZ1,homo_sapiens
1102,ENSMUSG00000054716,ZNF771,mus_musculus
1102,ENSXETG00000011203,ZNF771,xenopus_tropicalis
1102,FBgn0003512,ZNF771,drosophila_melanogaster
1102,WBGene00021846,ZNF771,caenorhabditis_elegans
1102,ENSG00000179965,ZNF771,homo_sapiens
1103,ENSMUSG00000046982,TSHZ1,mus_musculus
1103,ENSG00000179981,TSHZ1,homo_sapiens
1104,ENSMUSG00000045598,ZNF48,mus_musculus
1104,ENSG00000180035,ZNF48,homo_sapiens
1105,ENSMUSG00000044186,NKX2-6,mus_musculus
1105,WBGene00000450,NKX2-6,caenorhabditis_elegans
1105,ENSG00000180053,NKX2-6,homo_sapiens
1106,FBgn0032979,ZNF816,drosophila_melanogaster
1106,ENSG00000180257,ZNF816,homo_sapiens
1107,ENSMUSG00000036602,ALX1,mus_musculus
1107,ENSXETG00000021397,ALX1,xenopus_tropicalis
1107,ENSG00000180318,ALX1,homo_sapiens
1108,ENSG00000180479,ZNF571,homo_sapiens
1109,ENSMUSG00000095936,ZSCAN4,mus_musculus
1109,ENSG00000180532,ZSCAN4,homo_sapiens
1110,ENSMUSG00000052271,BHLHA15,mus_musculus
1110,ENSXETG00000032164,BHLHA15,xenopus_tropicalis
1110,FBgn0023091,BHLHA15,drosophila_melanogaster
1110,ENSG00000180535,BHLHA15,homo_sapiens
1111,ENSMUSG00000035946,GSX2,mus_musculus
1111,ENSXETG00000021030,GSX2,xenopus_tropicalis
1111,ENSG00000180613,GSX2,homo_sapiens
1112,ENSG00000180626,ZNF594,homo_sapiens
1113,ENSMUSG00000043602,ZFP3,mus_musculus
1113,ENSXETG00000008076,ZFP3,xenopus_tropicalis
1113,ENSG00000180787,ZFP3,homo_sapiens
1114,ENSMUSG00000036139,HOXC9,mus_musculus
1114,ENSXETG00000023475,HOXC9,xenopus_tropicalis
1114,FBgn0000015,HOXC9,drosophila_melanogaster
1114,ENSG00000180806,HOXC9,homo_sapiens
1115,ENSMUSG00000022484,HOXC10,mus_musculus
1115,ENSXETG00000023472,HOXC10,xenopus_tropicalis
1115,FBgn0000015,HOXC10,drosophila_melanogaster
1115,ENSG00000180818,HOXC10,homo_sapiens
1116,ENSMUSG00000025128,BHLHE22,mus_musculus
1116,FBgn0032651,BHLHE22,drosophila_melanogaster
1116,WBGene00001961,BHLHE22,caenorhabditis_elegans
1116,ENSG00000180828,BHLHE22,homo_sapiens
1117,ENSG00000180855,ZNF443,homo_sapiens
1118,ENSG00000180884,ZNF792,homo_sapiens
1119,ENSG00000180938,ZNF572,homo_sapiens
1120,ENSMUSG00000098022,ZFP82,mus_musculus
1120,ENSG00000181007,ZFP82,homo_sapiens
1121,ENSMUSG00000034429,ZNF707,mus_musculus
1121,ENSG00000181135,ZNF707,homo_sapiens
1122,ENSMUSG00000057691,ZNF746,mus_musculus
1122,ENSG00000181220,ZNF746,homo_sapiens
1123,ENSMUSG00000046351,ZNF322,mus_musculus
1123,ENSG00000181315,ZNF322,homo_sapiens
1124,ENSMUSG00000068551,ZNF467,mus_musculus
1124,FBgn0038418,ZNF467,drosophila_melanogaster
1124,ENSG00000181444,ZNF467,homo_sapiens
1125,ENSMUSG00000074637,SOX2,mus_musculus
1125,FBgn0029123,SOX2,drosophila_melanogaster
1125,ENSG00000181449,SOX2,homo_sapiens
1126,ENSXETG00000008076,ZNF678,xenopus_tropicalis
1126,ENSG00000181450,ZNF678,homo_sapiens
1127,ENSMUSG00000075327,ZBTB2,mus_musculus
1127,ENSXETG00000012362,ZBTB2,xenopus_tropicalis
1127,ENSG00000181472,ZBTB2,homo_sapiens
1128,ENSMUSG00000047003,ZFP41,mus_musculus
1128,ENSG00000181638,ZFP41,homo_sapiens
1129,ENSG00000181666,HKR1,homo_sapiens
1130,ENSMUSG00000003282,PLAG1,mus_musculus
1130,ENSXETG00000005654,PLAG1,xenopus_tropicalis
1130,FBgn0032401,PLAG1,drosophila_melanogaster
1130,ENSG00000181690,PLAG1,homo_sapiens
1131,ENSMUSG00000022708,ZBTB20,mus_musculus
1131,ENSXETG00000031873,ZBTB20,xenopus_tropicalis
1131,ENSG00000181722,ZBTB20,homo_sapiens
1132,ENSMUSG00000037674,RFX7,mus_musculus
1132,ENSXETG00000024544,RFX7,xenopus_tropicalis
1132,FBgn0037445,RFX7,drosophila_melanogaster
1132,ENSG00000181827,RFX7,homo_sapiens
1133,ENSMUSG00000057894,ZNF329,mus_musculus
1133,ENSXETG00000008076,ZNF329,xenopus_tropicalis
1133,ENSG00000181894,ZNF329,homo_sapiens
1134,ENSG00000181896,ZNF101,homo_sapiens
1135,ENSMUSG00000048904,NEUROG1,mus_musculus
1135,ENSXETG00000007898,NEUROG1,xenopus_tropicalis
1135,FBgn0015550,NEUROG1,drosophila_melanogaster
1135,WBGene00003595,NEUROG1,caenorhabditis_elegans
1135,ENSG00000181965,NEUROG1,homo_sapiens
1136,ENSMUSG00000097333,ZNF716,mus_musculus
1136,ENSG00000182111,ZNF716,homo_sapiens
1137,ENSMUSG00000097333,ZNF708,mus_musculus
1137,ENSG00000182141,ZNF708,homo_sapiens
1138,ENSMUSG00000038648,CREB3L2,mus_musculus
1138,ENSXETG00000033093,CREB3L2,xenopus_tropicalis
1138,FBgn0004396,CREB3L2,drosophila_melanogaster
1138,WBGene00016162,CREB3L2,caenorhabditis_elegans
1138,ENSG00000182158,CREB3L2,homo_sapiens
1139,ENSMUSG00000054715,ZSCAN22,mus_musculus
1139,FBgn0000286,ZSCAN22,drosophila_melanogaster
1139,ENSG00000182318,ZSCAN22,homo_sapiens
1140,ENSMUSG00000047907,TSHZ2,mus_musculus
1140,ENSXETG00000017555,TSHZ2,xenopus_tropicalis
1140,ENSG00000182463,TSHZ2,homo_sapiens
1141,ENSMUSG00000023927,SATB1,mus_musculus
1141,ENSXETG00000009045,SATB1,xenopus_tropicalis
1141,ENSG00000182568,SATB1,homo_sapiens
1142,ENSMUSG00000038692,HOXB4,mus_musculus
1142,ENSXETG00000021973,HOXB4,xenopus_tropicalis
1142,FBgn0000439,HOXB4,drosophila_melanogaster
1142,WBGene00003024,HOXB4,caenorhabditis_elegans
1142,ENSG00000182742,HOXB4,homo_sapiens
1143,ENSMUSG00000047591,MAFA,mus_musculus
1143,ENSXETG00000032364,MAFA,xenopus_tropicalis
1143,FBgn0000964,MAFA,drosophila_melanogaster
1143,ENSG00000182759,MAFA,homo_sapiens
1144,ENSMUSG00000048280,ZNF721,mus_musculus
1144,ENSG00000182903,ZNF721,homo_sapiens
1145,ENSMUSG00000096014,SOX1,mus_musculus
1145,ENSXETG00000001902,SOX1,xenopus_tropicalis
1145,FBgn0029123,SOX1,drosophila_melanogaster
1145,ENSG00000182968,SOX1,homo_sapiens
1146,ENSMUSG00000021144,MTA1,mus_musculus
1146,ENSXETG00000017948,MTA1,xenopus_tropicalis
1146,FBgn0027951,MTA1,drosophila_melanogaster
1146,ENSG00000182979,MTA1,homo_sapiens
1147,FBgn0000286,ZNF662,drosophila_melanogaster
1147,ENSG00000182983,ZNF662,homo_sapiens
1148,FBgn0032979,ZNF320,drosophila_melanogaster
1148,ENSG00000182986,ZNF320,homo_sapiens
1149,ENSMUSG00000015579,NKX2-5,mus_musculus
1149,WBGene00000450,NKX2-5,caenorhabditis_elegans
1149,ENSG00000183072,NKX2-5,homo_sapiens
1150,ENSMUSG00000050846,ZNF623,mus_musculus
1150,ENSG00000183309,ZNF623,homo_sapiens
1151,ENSMUSG00000038482,TFDP3,mus_musculus
1151,ENSXETG00000017776,TFDP3,xenopus_tropicalis
1151,FBgn0011763,TFDP3,drosophila_melanogaster
1151,WBGene00001061,TFDP3,caenorhabditis_elegans
1151,ENSG00000183434,TFDP3,homo_sapiens
1152,ENSG00000183647,ZNF530,homo_sapiens
1153,ENSMUSG00000030001,FIGLA,mus_musculus
1153,ENSXETG00000024917,FIGLA,xenopus_tropicalis
1153,ENSG00000183733,FIGLA,homo_sapiens
1154,ENSMUSG00000009248,ASCL2,mus_musculus
1154,ENSXETG00000002872,ASCL2,xenopus_tropicalis
1154,FBgn0002561,ASCL2,drosophila_melanogaster
1154,ENSG00000183734,ASCL2,homo_sapiens
1155,ENSMUSG00000050397,FOXL2,mus_musculus
1155,ENSXETG00000008253,FOXL2,xenopus_tropicalis
1155,FBgn0004895,FOXL2,drosophila_melanogaster
1155,ENSG00000183770,FOXL2,homo_sapiens
1156,ENSMUSG00000097333,ZNF730,mus_musculus
1156,ENSG00000183850,ZNF730,homo_sapiens
1157,ENSMUSG00000009097,TBX1,mus_musculus
1157,ENSXETG00000006304,TBX1,xenopus_tropicalis
1157,FBgn0021767,TBX1,drosophila_melanogaster
1157,ENSG00000184058,TBX1,homo_sapiens
1158,ENSMUSG00000046160,OLIG1,mus_musculus
1158,ENSXETG00000033110,OLIG1,xenopus_tropicalis
1158,WBGene00001960,OLIG1,caenorhabditis_elegans
1158,ENSG00000184221,OLIG1,homo_sapiens
1159,ENSMUSG00000009739,POU6F1,mus_musculus
1159,ENSXETG00000014200,POU6F1,xenopus_tropicalis
1159,ENSG00000184271,POU6F1,homo_sapiens
1160,ENSMUSG00000021099,SIX6,mus_musculus
1160,ENSXETG00000016945,SIX6,xenopus_tropicalis
1160,FBgn0025360,SIX6,drosophila_melanogaster
1160,WBGene00000453,SIX6,caenorhabditis_elegans
1160,ENSG00000184302,SIX6,homo_sapiens
1161,ENSMUSG00000022760,THAP7,mus_musculus
1161,ENSXETG00000019248,THAP7,xenopus_tropicalis
1161,ENSG00000184436,THAP7,homo_sapiens
1162,ENSMUSG00000042903,FOXO4,mus_musculus
1162,ENSXETG00000020899,FOXO4,xenopus_tropicalis
1162,FBgn0038197,FOXO4,drosophila_melanogaster
1162,WBGene00000912,FOXO4,caenorhabditis_elegans
1162,ENSG00000184481,FOXO4,homo_sapiens
1163,ENSMUSG00000095139,POU3F2,mus_musculus
1163,ENSXETG00000028057,POU3F2,xenopus_tropicalis
1163,FBgn0086680,POU3F2,drosophila_melanogaster
1163,WBGene00000431,POU3F2,caenorhabditis_elegans
1163,ENSG00000184486,POU3F2,homo_sapiens
1164,ENSMUSG00000051490,FOXD4L1,mus_musculus
1164,ENSXETG00000001668,FOXD4L1,xenopus_tropicalis
1164,FBgn0004896,FOXD4L1,drosophila_melanogaster
1164,WBGene00006853,FOXD4L1,caenorhabditis_elegans
1164,ENSG00000184492,FOXD4L1,homo_sapiens
1165,ENSMUSG00000055835,ZFP1,mus_musculus
1165,ENSXETG00000013033,ZFP1,xenopus_tropicalis
1165,FBgn0039355,ZFP1,drosophila_melanogaster
1165,ENSG00000184517,ZFP1,homo_sapiens
1166,ENSMUSG00000097333,ZNF93,mus_musculus
1166,ENSG00000184635,ZNF93,homo_sapiens
1167,ENSMUSG00000051490,FOXD4L4,mus_musculus
1167,ENSXETG00000001667,FOXD4L4,xenopus_tropicalis
1167,FBgn0004896,FOXD4L4,drosophila_melanogaster
1167,WBGene00006853,FOXD4L4,caenorhabditis_elegans
1167,ENSG00000184659,FOXD4L4,homo_sapiens
1168,ENSMUSG00000060862,ZBTB40,mus_musculus
1168,ENSXETG00000004737,ZBTB40,xenopus_tropicalis
1168,ENSG00000184677,ZBTB40,homo_sapiens
1169,ENSMUSG00000044646,ZBTB7C,mus_musculus
1169,ENSXETG00000020303,ZBTB7C,xenopus_tropicalis
1169,ENSG00000184828,ZBTB7C,homo_sapiens
1170,ENSMUSG00000069036,SRY,mus_musculus
1170,ENSXETG00000007607,SRY,xenopus_tropicalis
1170,FBgn0029123,SRY,drosophila_melanogaster
1170,ENSG00000184895,SRY,homo_sapiens
1171,ENSMUSG00000016458,WT1,mus_musculus
1171,ENSXETG00000008172,WT1,xenopus_tropicalis
1171,FBgn0013469,WT1,drosophila_melanogaster
1171,WBGene00022592,WT1,caenorhabditis_elegans
1171,ENSG00000184937,WT1,homo_sapiens
1172,ENSMUSG00000031907,ZFP90,mus_musculus
1172,WBGene00003380,ZFP90,caenorhabditis_elegans
1172,ENSG00000184939,ZFP90,homo_sapiens
1173,ENSMUSG00000019900,RFX6,mus_musculus
1173,ENSXETG00000033810,RFX6,xenopus_tropicalis
1173,ENSG00000185002,RFX6,homo_sapiens
1174,ENSMUSG00000042622,MAFF,mus_musculus
1174,ENSXETG00000006355,MAFF,xenopus_tropicalis
1174,FBgn0034534,MAFF,drosophila_melanogaster
1174,WBGene00077521,MAFF,caenorhabditis_elegans
1174,ENSG00000185022,MAFF,homo_sapiens
1175,ENSMUSG00000022556,HSF1,mus_musculus
1175,ENSXETG00000005693,HSF1,xenopus_tropicalis
1175,FBgn0001222,HSF1,drosophila_melanogaster
1175,WBGene00002004,HSF1,caenorhabditis_elegans
1175,ENSG00000185122,HSF1,homo_sapiens
1176,ENSMUSG00000043991,PURA,mus_musculus
1176,ENSXETG00000003837,PURA,xenopus_tropicalis
1176,FBgn0022361,PURA,drosophila_melanogaster
1176,WBGene00004046,PURA,caenorhabditis_elegans
1176,ENSG00000185129,PURA,homo_sapiens
1177,ENSMUSG00000026497,MIXL1,mus_musculus
1177,ENSXETG00000022633,MIXL1,xenopus_tropicalis
1177,ENSG00000185155,MIXL1,homo_sapiens
1178,ENSMUSG00000097333,ZNF479,mus_musculus
1178,ENSG00000185177,ZNF479,homo_sapiens
1179,ENSMUSG00000047036,ZNF445,mus_musculus
1179,ENSG00000185219,ZNF445,homo_sapiens
1180,ENSG00000185252,ZNF74,homo_sapiens
1181,ENSMUSG00000043467,ZBTB37,mus_musculus
1181,ENSXETG00000020042,ZBTB37,xenopus_tropicalis
1181,ENSG00000185278,ZBTB37,homo_sapiens
1182,ENSXETG00000032669,SP140L,xenopus_tropicalis
1182,ENSG00000185404,SP140L,homo_sapiens
1183,ENSMUSG00000025498,IRF7,mus_musculus
1183,ENSXETG00000006030,IRF7,xenopus_tropicalis
1183,ENSG00000185507,IRF7,homo_sapiens
1184,ENSMUSG00000035576,L3MBTL1,mus_musculus
1184,ENSXETG00000012115,L3MBTL1,xenopus_tropicalis
1184,FBgn0002441,L3MBTL1,drosophila_melanogaster
1184,ENSG00000185513,L3MBTL1,homo_sapiens
1185,ENSMUSG00000030551,NR2F2,mus_musculus
1185,ENSXETG00000022346,NR2F2,xenopus_tropicalis
1185,FBgn0003651,NR2F2,drosophila_melanogaster
1185,ENSG00000185551,NR2F2,homo_sapiens
1186,ENSMUSG00000001280,SP1,mus_musculus
1186,ENSXETG00000012660,SP1,xenopus_tropicalis
1186,FBgn0039169,SP1,drosophila_melanogaster
1186,WBGene00012735,SP1,caenorhabditis_elegans
1186,ENSG00000185591,SP1,homo_sapiens
1187,ENSMUSG00000045608,DBX2,mus_musculus
1187,ENSXETG00000030548,DBX2,xenopus_tropicalis
1187,FBgn0261723,DBX2,drosophila_melanogaster
1187,ENSG00000185610,DBX2,homo_sapiens
1188,ENSMUSG00000052534,PBX1,mus_musculus
1188,ENSXETG00000010464,PBX1,xenopus_tropicalis
1188,FBgn0000611,PBX1,drosophila_melanogaster
1188,WBGene00000443,PBX1,caenorhabditis_elegans
1188,ENSG00000185630,PBX1,homo_sapiens
1189,ENSMUSG00000021127,ZFP36L1,mus_musculus
1189,ENSXETG00000016987,ZFP36L1,xenopus_tropicalis
1189,FBgn0011837,ZFP36L1,drosophila_melanogaster
1189,WBGene00009532,ZFP36L1,caenorhabditis_elegans
1189,ENSG00000185650,ZFP36L1,homo_sapiens
1190,ENSMUSG00000090125,POU3F1,mus_musculus
1190,ENSXETG00000011510,POU3F1,xenopus_tropicalis
1190,FBgn0086680,POU3F1,drosophila_melanogaster
1190,WBGene00000431,POU3F1,caenorhabditis_elegans
1190,ENSG00000185668,POU3F1,homo_sapiens
1191,ENSMUSG00000006587,SNAI3,mus_musculus
1191,FBgn0003448,SNAI3,drosophila_melanogaster
1191,ENSG00000185669,SNAI3,homo_sapiens
1192,ENSMUSG00000071661,ZBTB3,mus_musculus
1192,ENSXETG00000006025,ZBTB3,xenopus_tropicalis
1192,ENSG00000185670,ZBTB3,homo_sapiens
1193,ENSMUSG00000025912,MYBL1,mus_musculus
1193,ENSXETG00000029934,MYBL1,xenopus_tropicalis
1193,FBgn0002914,MYBL1,drosophila_melanogaster
1193,ENSG00000185697,MYBL1,homo_sapiens
1194,FBgn0000286,ZNF696,drosophila_melanogaster
1194,ENSG00000185730,ZNF696,homo_sapiens
1195,ENSMUSG00000018654,IKZF1,mus_musculus
1195,ENSXETG00000015684,IKZF1,xenopus_tropicalis
1195,ENSG00000185811,IKZF1,homo_sapiens
1196,ENSG00000185869,ZNF829,homo_sapiens
1197,ENSMUSG00000033883,ZNF267,mus_musculus
1197,ENSG00000185947,ZNF267,homo_sapiens
1198,ENSXETG00000016879,SHOX,xenopus_tropicalis
1198,FBgn0085396,SHOX,drosophila_melanogaster
1198,ENSG00000185960,SHOX,homo_sapiens
1199,ENSMUSG00000078768,ZNF566,mus_musculus
1199,ENSG00000186017,ZNF566,homo_sapiens
1200,ENSG00000186020,ZNF529,homo_sapiens
1201,FBgn0030005,ZNF284,drosophila_melanogaster
1201,ENSG00000186026,ZNF284,homo_sapiens
1202,ENSMUSG00000028417,TAL2,mus_musculus
1202,ENSXETG00000000908,TAL2,xenopus_tropicalis
1202,FBgn0011276,TAL2,drosophila_melanogaster
1202,ENSG00000186051,TAL2,homo_sapiens
1203,ENSG00000186103,ARGFX,homo_sapiens
1204,ENSMUSG00000066798,ZBTB6,mus_musculus
1204,ENSXETG00000020530,ZBTB6,xenopus_tropicalis
1204,ENSG00000186130,ZBTB6,homo_sapiens
1205,ENSG00000186230,ZNF749,homo_sapiens
1206,ENSG00000186272,ZNF17,homo_sapiens
1207,ENSG00000186300,ZNF555,homo_sapiens
1208,ENSMUSG00000015846,RXRA,mus_musculus
1208,FBgn0003964,RXRA,drosophila_melanogaster
1208,ENSG00000186350,RXRA,homo_sapiens
1209,ENSG00000186376,ZNF75D,homo_sapiens
1210,ENSMUSG00000044149,NKRF,mus_musculus
1210,ENSXETG00000007438,NKRF,xenopus_tropicalis
1210,ENSG00000186416,NKRF,homo_sapiens
1211,ENSXETG00000008076,ZNF501,xenopus_tropicalis
1211,ENSG00000186446,ZNF501,homo_sapiens
1212,ENSG00000186448,ZNF197,homo_sapiens
1213,ENSMUSG00000061911,MYT1L,mus_musculus
1213,ENSXETG00000027983,MYT1L,xenopus_tropicalis
1213,FBgn0263772,MYT1L,drosophila_melanogaster
1213,WBGene00009939,MYT1L,caenorhabditis_elegans
1213,ENSG00000186487,MYT1L,homo_sapiens
1214,ENSG00000186496,ZNF396,homo_sapiens
1215,ENSMUSG00000055210,FOXD2,mus_musculus
1215,ENSXETG00000016818,FOXD2,xenopus_tropicalis
1215,FBgn0004896,FOXD2,drosophila_melanogaster
1215,WBGene00006853,FOXD2,caenorhabditis_elegans
1215,ENSG00000186564,FOXD2,homo_sapiens
1216,ENSMUSG00000024695,ZFP91,mus_musculus
1216,ENSXETG00000020715,ZFP91,xenopus_tropicalis
1216,ENSG00000186660,ZFP91,homo_sapiens
1217,ENSMUSG00000048377,FOXI2,mus_musculus
1217,FBgn0004895,FOXI2,drosophila_melanogaster
1217,ENSG00000186766,FOXI2,homo_sapiens
1218,ENSMUSG00000097333,ZNF732,mus_musculus
1218,ENSG00000186777,ZNF732,homo_sapiens
1219,ENSMUSG00000044518,FOXE3,mus_musculus
1219,ENSG00000186790,FOXE3,homo_sapiens
1220,ENSMUSG00000024276,ZNF397,mus_musculus
1220,ENSG00000186812,ZNF397,homo_sapiens
1221,ENSMUSG00000024274,ZSCAN30,mus_musculus
1221,ENSG00000186814,ZSCAN30,homo_sapiens
1222,ENSMUSG00000022383,PPARA,mus_musculus
1222,ENSXETG00000023454,PPARA,xenopus_tropicalis
1222,ENSG00000186951,PPARA,homo_sapiens
1223,ENSMUSG00000055320,TEAD1,mus_musculus
1223,FBgn0003345,TEAD1,drosophila_melanogaster
1223,WBGene00001208,TEAD1,caenorhabditis_elegans
1223,ENSG00000187079,TEAD1,homo_sapiens
1224,ENSMUSG00000035158,MITF,mus_musculus
1224,ENSXETG00000000154,MITF,xenopus_tropicalis
1224,FBgn0263112,MITF,drosophila_melanogaster
1224,WBGene00020930,MITF,caenorhabditis_elegans
1224,ENSG00000187098,MITF,homo_sapiens
1225,ENSMUSG00000067261,FOXD3,mus_musculus
1225,FBgn0004896,FOXD3,drosophila_melanogaster
1225,WBGene00006853,FOXD3,caenorhabditis_elegans
1225,ENSG00000187140,FOXD3,homo_sapiens
1226,ENSG00000187187,ZNF546,homo_sapiens
1227,ENSMUSG00000051490,FOXD4L3,mus_musculus
1227,ENSXETG00000001668,FOXD4L3,xenopus_tropicalis
1227,FBgn0004896,FOXD4L3,drosophila_melanogaster
1227,WBGene00006853,FOXD4L3,caenorhabditis_elegans
1227,ENSG00000187559,FOXD4L3,homo_sapiens
1228,ENSMUSG00000047342,ZNF286A,mus_musculus
1228,ENSG00000187607,ZNF286A,homo_sapiens
1229,ENSG00000187626,ZKSCAN4,homo_sapiens
1230,ENSMUSG00000063804,LIN28B,mus_musculus
1230,ENSXETG00000013293,LIN28B,xenopus_tropicalis
1230,FBgn0035626,LIN28B,drosophila_melanogaster
1230,WBGene00003014,LIN28B,caenorhabditis_elegans
1230,ENSG00000187772,LIN28B,homo_sapiens
1232,ENSXETG00000008076,ZNF70,xenopus_tropicalis
1232,ENSG00000187792,ZNF70,homo_sapiens
1233,ENSG00000187801,ZFP69B,homo_sapiens
1234,ENSMUSG00000064141,ZFP69,mus_musculus
1234,ENSG00000187815,ZFP69,homo_sapiens
1235,ENSMUSG00000047171,HELT,mus_musculus
1235,ENSXETG00000030981,HELT,xenopus_tropicalis
1235,FBgn0259938,HELT,drosophila_melanogaster
1235,ENSG00000187821,HELT,homo_sapiens
1236,ENSMUSG00000085111,ASCL4,mus_musculus
1236,WBGene00001952,ASCL4,caenorhabditis_elegans
1236,ENSG00000187855,ASCL4,homo_sapiens
1237,ENSG00000187987,ZSCAN23,homo_sapiens
1238,ENSG00000188033,ZNF490,homo_sapiens
1239,ENSMUSG00000030543,MESP2,mus_musculus
1239,ENSXETG00000031287,MESP2,xenopus_tropicalis
1239,ENSG00000188095,MESP2,homo_sapiens
1240,ENSMUSG00000097333,ZNF626,mus_musculus
1240,ENSG00000188171,ZNF626,homo_sapiens
1241,ENSG00000188227,ZNF793,homo_sapiens
1242,ENSMUSG00000099689,ZNF383,mus_musculus
1242,ENSG00000188283,ZNF383,homo_sapiens
1243,FBgn0002734,HES4,drosophila_melanogaster
1243,ENSG00000188290,HES4,homo_sapiens
1244,ENSG00000188295,ZNF669,homo_sapiens
1245,ENSG00000188321,ZNF559,homo_sapiens
1247,ENSMUSG00000040148,HMX3,mus_musculus
1247,ENSXETG00000009562,HMX3,xenopus_tropicalis
1247,FBgn0264005,HMX3,drosophila_melanogaster
1247,ENSG00000188620,HMX3,homo_sapiens
1248,ENSG00000188629,ZNF177,homo_sapiens
1250,ENSG00000188785,ZNF548,homo_sapiens
1251,ENSMUSG00000028890,MTF1,mus_musculus
1251,ENSXETG00000014429,MTF1,xenopus_tropicalis
1251,FBgn0040305,MTF1,drosophila_melanogaster
1251,ENSG00000188786,MTF1,homo_sapiens
1252,ENSMUSG00000050100,HMX2,mus_musculus
1252,ENSXETG00000027771,HMX2,xenopus_tropicalis
1252,FBgn0264005,HMX2,drosophila_melanogaster
1252,ENSG00000188816,HMX2,homo_sapiens
1253,ENSG00000188868,ZNF563,homo_sapiens
1254,ENSMUSG00000054360,BSX,mus_musculus
1254,ENSXETG00000016950,BSX,xenopus_tropicalis
1254,FBgn0000529,BSX,drosophila_melanogaster
1254,WBGene00006380,BSX,caenorhabditis_elegans
1254,ENSG00000188909,BSX,homo_sapiens
1255,ENSMUSG00000039967,ZNF292,mus_musculus
1255,ENSXETG00000018018,ZNF292,xenopus_tropicalis
1255,ENSG00000188994,ZNF292,homo_sapiens
1256,ENSG00000189042,ZNF567,homo_sapiens
1257,ENSMUSG00000022500,LITAF,mus_musculus
1257,ENSXETG00000024896,LITAF,xenopus_tropicalis
1257,FBgn0052280,LITAF,drosophila_melanogaster
1257,WBGene00009484,LITAF,caenorhabditis_elegans
1257,ENSG00000189067,LITAF,homo_sapiens
1258,ENSMUSG00000033237,ARID2,mus_musculus
1258,ENSXETG00000014656,ARID2,xenopus_tropicalis
1258,FBgn0042085,ARID2,drosophila_melanogaster
1258,WBGene00007433,ARID2,caenorhabditis_elegans
1258,ENSG00000189079,ARID2,homo_sapiens
1259,ENSMUSG00000038560,SP6,mus_musculus
1259,ENSXETG00000021949,SP6,xenopus_tropicalis
1259,WBGene00012735,SP6,caenorhabditis_elegans
1259,ENSG00000189120,SP6,homo_sapiens
1260,ENSG00000189144,ZNF573,homo_sapiens
1261,ENSG00000189164,ZNF527,homo_sapiens
1262,ENSG00000189180,ZNF33A,homo_sapiens
1263,FBgn0032979,ZNF600,drosophila_melanogaster
1263,ENSG00000189190,ZNF600,homo_sapiens
1264,ENSMUSG00000054931,ZKSCAN3,mus_musculus
1264,ENSG00000189298,ZKSCAN3,homo_sapiens
1265,ENSMUSG00000071665,FOXR2,mus_musculus
1265,ENSXETG00000021565,FOXR2,xenopus_tropicalis
1265,FBgn0015396,FOXR2,drosophila_melanogaster
1265,ENSG00000189299,FOXR2,homo_sapiens
1266,ENSXETG00000019166,HMGB1,xenopus_tropicalis
1266,FBgn0011764,HMGB1,drosophila_melanogaster
1266,WBGene00001972,HMGB1,caenorhabditis_elegans
1266,ENSG00000189403,HMGB1,homo_sapiens
1267,ENSMUSG00000031374,ZFP92,mus_musculus
1267,ENSG00000189420,ZFP92,homo_sapiens
1268,ENSMUSG00000097333,ZNF724P,mus_musculus
1268,ENSG00000196081,ZNF724P,homo_sapiens
1269,ENSMUSG00000014030,PAX5,mus_musculus
1269,ENSXETG00000006547,PAX5,xenopus_tropicalis
1269,FBgn0005561,PAX5,drosophila_melanogaster
1269,WBGene00001204,PAX5,caenorhabditis_elegans
1269,ENSG00000196092,PAX5,homo_sapiens
1270,ENSMUSG00000097333,ZNF676,mus_musculus
1270,ENSG00000196109,ZNF676,homo_sapiens
1271,ENSG00000196110,ZNF699,homo_sapiens
1272,ENSMUSG00000010505,MYT1,mus_musculus
1272,ENSXETG00000011499,MYT1,xenopus_tropicalis
1272,FBgn0263772,MYT1,drosophila_melanogaster
1272,WBGene00009939,MYT1,caenorhabditis_elegans
1272,ENSG00000196132,MYT1,homo_sapiens
1273,ENSMUSG00000054967,ZNF250,mus_musculus
1273,WBGene00001324,ZNF250,caenorhabditis_elegans
1273,ENSG00000196150,ZNF250,homo_sapiens
1274,ENSXETG00000008076,ZNF79,xenopus_tropicalis
1274,ENSG00000196152,ZNF79,homo_sapiens
1275,ENSMUSG00000097333,ZNF681,mus_musculus
1275,ENSG00000196172,ZNF681,homo_sapiens
1276,FBgn0032979,ZNF766,drosophila_melanogaster
1276,ENSG00000196214,ZNF766,homo_sapiens
1277,ENSMUSG00000090673,LCOR,mus_musculus
1277,ENSXETG00000025995,LCOR,xenopus_tropicalis
1277,ENSG00000196233,LCOR,homo_sapiens
1278,ENSMUSG00000097333,ZNF107,mus_musculus
1278,ENSG00000196247,ZNF107,homo_sapiens
1279,ENSMUSG00000055150,ZNF471,mus_musculus
1279,ENSG00000196263,ZNF471,homo_sapiens
1280,ENSG00000196267,ZNF836,homo_sapiens
1281,ENSMUSG00000097333,ZNF493,mus_musculus
1281,ENSG00000196268,ZNF493,homo_sapiens
1282,ENSMUSG00000015942,GTF2IRD2,mus_musculus
1282,ENSXETG00000032520,GTF2IRD2,xenopus_tropicalis
1282,ENSG00000196275,GTF2IRD2,homo_sapiens
1283,ENSMUSG00000047412,ZBTB44,mus_musculus
1283,ENSXETG00000017921,ZBTB44,xenopus_tropicalis
1283,ENSG00000196323,ZBTB44,homo_sapiens
1284,ENSMUSG00000063488,ZKSCAN7,mus_musculus
1284,ENSXETG00000008076,ZKSCAN7,xenopus_tropicalis
1284,ENSG00000196345,ZKSCAN7,homo_sapiens
1285,ENSMUSG00000048280,ZNF729,mus_musculus
1285,ENSG00000196350,ZNF729,homo_sapiens
1286,ENSG00000196357,ZNF565,homo_sapiens
1287,WBGene00001324,ZNF34,caenorhabditis_elegans
1287,ENSG00000196378,ZNF34,homo_sapiens
1288,ENSMUSG00000057924,ZNF781,mus_musculus
1288,ENSG00000196381,ZNF781,homo_sapiens
1289,ENSG00000196387,ZNF140,homo_sapiens
1290,ENSG00000196391,ZNF774,homo_sapiens
1292,FBgn0032979,ZNF765,drosophila_melanogaster
1292,ENSG00000196417,ZNF765,homo_sapiens
1293,ENSG00000196418,ZNF124,homo_sapiens
1294,ENSMUSG00000027806,TSC22D2,mus_musculus
1294,ENSXETG00000020092,TSC22D2,xenopus_tropicalis
1294,WBGene00011824,TSC22D2,caenorhabditis_elegans
1294,ENSG00000196428,TSC22D2,homo_sapiens
1295,ENSMUSG00000059975,ZNF569,mus_musculus
1295,ENSG00000196437,ZNF569,homo_sapiens
1296,ENSMUSG00000071477,ZNF777,mus_musculus
1296,ENSG00000196453,ZNF777,homo_sapiens
1297,ENSMUSG00000007216,ZNF775,mus_musculus
1297,ENSG00000196456,ZNF775,homo_sapiens
1298,ENSMUSG00000023284,ZNF605,mus_musculus
1298,ENSXETG00000007423,ZNF605,xenopus_tropicalis
1298,ENSG00000196458,ZNF605,homo_sapiens
1299,ENSMUSG00000057173,RFX8,mus_musculus
1299,ENSG00000196460,RFX8,homo_sapiens
1300,ENSG00000196466,ZNF799,homo_sapiens
1301,ENSMUSG00000026610,ESRRG,mus_musculus
1301,ENSXETG00000020932,ESRRG,xenopus_tropicalis
1301,FBgn0035849,ESRRG,drosophila_melanogaster
1301,ENSG00000196482,ESRRG,homo_sapiens
1302,ENSMUSG00000029478,NCOR2,mus_musculus
1302,ENSXETG00000001192,NCOR2,xenopus_tropicalis
1302,FBgn0265523,NCOR2,drosophila_melanogaster
1302,ENSG00000196498,NCOR2,homo_sapiens
1303,ENSMUSG00000056824,ZNF782,mus_musculus
1303,ENSG00000196597,ZNF782,homo_sapiens
1304,ENSG00000196605,ZNF846,homo_sapiens
1305,ENSMUSG00000053477,TCF4,mus_musculus
1305,ENSXETG00000019086,TCF4,xenopus_tropicalis
1305,FBgn0000413,TCF4,drosophila_melanogaster
1305,WBGene00001949,TCF4,caenorhabditis_elegans
1305,ENSG00000196628,TCF4,homo_sapiens
1306,ENSG00000196646,ZNF136,homo_sapiens
1307,ENSMUSG00000055991,ZKSCAN5,mus_musculus
1307,ENSG00000196652,ZKSCAN5,homo_sapiens
1308,ENSXETG00000008076,ZNF502,xenopus_tropicalis
1308,ENSG00000196653,ZNF502,homo_sapiens
1309,ENSMUSG00000046311,ZFP62,mus_musculus
1309,ENSG00000196670,ZFP62,homo_sapiens
1310,ENSG00000196693,ZNF33B,homo_sapiens
1311,ENSMUSG00000000823,ZNF512B,mus_musculus
1311,ENSXETG00000031346,ZNF512B,xenopus_tropicalis
1311,ENSG00000196700,ZNF512B,homo_sapiens
1312,ENSMUSG00000097333,ZNF431,mus_musculus
1312,ENSG00000196705,ZNF431,homo_sapiens
1313,ENSG00000196724,ZNF418,homo_sapiens
1314,ENSG00000196757,ZNF700,homo_sapiens
1315,ENSMUSG00000056854,POU3F4,mus_musculus
1315,ENSXETG00000014504,POU3F4,xenopus_tropicalis
1315,FBgn0086680,POU3F4,drosophila_melanogaster
1315,WBGene00000431,POU3F4,caenorhabditis_elegans
1315,ENSG00000196767,POU3F4,homo_sapiens
1316,ENSMUSG00000042097,ZNF239,mus_musculus
1316,FBgn0030005,ZNF239,drosophila_melanogaster
1316,ENSG00000196793,ZNF239,homo_sapiens
1317,ENSG00000196812,ZSCAN16,homo_sapiens
1318,ENSMUSG00000074472,CTD-2192J16.17,mus_musculus
1318,ENSG00000196826,CTD-2192J16.17,homo_sapiens
1319,ENSMUSG00000037447,ARID5A,mus_musculus
1319,FBgn0085451,ARID5A,drosophila_melanogaster
1319,WBGene00044689,ARID5A,caenorhabditis_elegans
1319,ENSG00000196843,ARID5A,homo_sapiens
1320,ENSG00000196867,ZFP28,homo_sapiens
1321,ENSG00000196946,ZNF705A,homo_sapiens
1322,ENSMUSG00000062040,ZNF585A,mus_musculus
1322,ENSG00000196967,ZNF585A,homo_sapiens
1323,ENSMUSG00000097333,ZNF138,mus_musculus
1323,ENSG00000197008,ZNF138,homo_sapiens
1324,ENSMUSG00000097333,ZNF429,mus_musculus
1324,ENSG00000197013,ZNF429,homo_sapiens
1325,ENSG00000197016,ZNF470,homo_sapiens
1326,ENSMUSG00000097333,ZNF100,mus_musculus
1326,ENSG00000197020,ZNF100,homo_sapiens
1327,ENSMUSG00000062519,ZNF398,mus_musculus
1327,ENSG00000197024,ZNF398,homo_sapiens
1328,ENSMUSG00000070420,ZSCAN25,mus_musculus
1328,ENSG00000197037,ZSCAN25,homo_sapiens
1329,ENSG00000197044,ZNF441,homo_sapiens
1330,ENSMUSG00000058402,ZNF420,mus_musculus
1330,ENSG00000197050,ZNF420,homo_sapiens
1331,ENSG00000197054,ZNF763,homo_sapiens
1332,ENSMUSG00000051510,MAFG,mus_musculus
1332,ENSXETG00000005386,MAFG,xenopus_tropicalis
1332,FBgn0034534,MAFG,drosophila_melanogaster
1332,WBGene00077521,MAFG,caenorhabditis_elegans
1332,ENSG00000197063,MAFG,homo_sapiens
1333,ENSMUSG00000097333,ZNF679,mus_musculus
1333,ENSG00000197123,ZNF679,homo_sapiens
1334,ENSMUSG00000097333,ZNF682,mus_musculus
1334,ENSG00000197124,ZNF682,homo_sapiens
1335,ENSG00000197128,ZNF772,homo_sapiens
1336,ENSMUSG00000097333,ZNF257,mus_musculus
1336,ENSG00000197134,ZNF257,homo_sapiens
1337,ENSG00000197162,ZNF785,homo_sapiens
1338,ENSMUSG00000058028,ZSCAN5B,mus_musculus
1338,ENSG00000197213,ZSCAN5B,homo_sapiens
1339,ENSG00000197279,ZNF165,homo_sapiens
1340,ENSMUSG00000097565,ZNF720,mus_musculus
1340,ENSG00000197302,ZNF720,homo_sapiens
1341,ENSMUSG00000007812,ZNF655,mus_musculus
1341,ENSG00000197343,ZNF655,homo_sapiens
1342,ENSMUSG00000097333,ZNF98,mus_musculus
1342,ENSG00000197360,ZNF98,homo_sapiens
1343,ENSMUSG00000051499,ZNF786,mus_musculus
1343,ENSG00000197362,ZNF786,homo_sapiens
1344,WBGene00001324,ZNF517,caenorhabditis_elegans
1344,ENSG00000197363,ZNF517,homo_sapiens
1345,ENSMUSG00000097333,ZNF675,mus_musculus
1345,ENSG00000197372,ZNF675,homo_sapiens
1346,FBgn0032979,ZNF860,drosophila_melanogaster
1346,ENSG00000197385,ZNF860,homo_sapiens
1347,ENSMUSG00000097333,ZNF695,mus_musculus
1347,ENSG00000197472,ZNF695,homo_sapiens
1348,ENSMUSG00000074406,ZNF628,mus_musculus
1348,ENSXETG00000008801,ZNF628,xenopus_tropicalis
1348,FBgn0259789,ZNF628,drosophila_melanogaster
1348,ENSG00000197483,ZNF628,homo_sapiens
1349,FBgn0032979,ZNF665,drosophila_melanogaster
1349,ENSG00000197497,ZNF665,homo_sapiens
1350,ENSG00000197566,ZNF624,homo_sapiens
1351,ENSMUSG00000000942,HOXA4,mus_musculus
1351,ENSXETG00000027534,HOXA4,xenopus_tropicalis
1351,FBgn0000439,HOXA4,drosophila_melanogaster
1351,WBGene00003024,HOXA4,caenorhabditis_elegans
1351,ENSG00000197576,HOXA4,homo_sapiens
1352,ENSMUSG00000028707,DMBX1,mus_musculus
1352,ENSXETG00000004360,DMBX1,xenopus_tropicalis
1352,WBGene00000457,DMBX1,caenorhabditis_elegans
1352,ENSG00000197587,DMBX1,homo_sapiens
1353,ENSG00000197608,ZNF841,homo_sapiens
1354,ENSXETG00000007423,ZNF615,xenopus_tropicalis
1354,ENSG00000197619,ZNF615,homo_sapiens
1355,ENSG00000197647,ZNF433,homo_sapiens
1356,ENSG00000197714,ZNF460,homo_sapiens
1357,ENSMUSG00000001661,HOXC6,mus_musculus
1357,ENSXETG00000023479,HOXC6,xenopus_tropicalis
1357,FBgn0003944,HOXC6,drosophila_melanogaster
1357,ENSG00000197757,HOXC6,homo_sapiens
1358,ENSMUSG00000056592,ZNF81,mus_musculus
1358,ENSXETG00000007423,ZNF81,xenopus_tropicalis
1358,ENSG00000197779,ZNF81,homo_sapiens
1359,WBGene00001324,ZNF780A,caenorhabditis_elegans
1359,ENSG00000197782,ZNF780A,homo_sapiens
1360,ENSG00000197808,ZNF461,homo_sapiens
1361,ENSG00000197841,ZNF181,homo_sapiens
1362,ENSG00000197857,ZNF44,homo_sapiens
1363,ENSMUSG00000011427,ZNF790,mus_musculus
1363,ENSG00000197863,ZNF790,homo_sapiens
1364,ENSMUSG00000030353,TEAD4,mus_musculus
1364,FBgn0003345,TEAD4,drosophila_melanogaster
1364,WBGene00001208,TEAD4,caenorhabditis_elegans
1364,ENSG00000197905,TEAD4,homo_sapiens
1365,ENSMUSG00000048001,HES5,mus_musculus
1365,ENSXETG00000012081,HES5,xenopus_tropicalis
1365,FBgn0030899,HES5,drosophila_melanogaster
1365,ENSG00000197921,HES5,homo_sapiens
1366,FBgn0032979,ZNF677,drosophila_melanogaster
1366,ENSG00000197928,ZNF677,homo_sapiens
1367,ENSG00000197933,ZNF823,homo_sapiens
1368,WBGene00006827,ZNF311,caenorhabditis_elegans
1368,ENSG00000197935,ZNF311,homo_sapiens
1369,ENSMUSG00000067942,ZNF347,mus_musculus
1369,ENSG00000197937,ZNF347,homo_sapiens
1370,ENSXETG00000008076,ZNF71,xenopus_tropicalis
1370,ENSG00000197951,ZNF71,homo_sapiens
1371,ENSG00000197961,ZNF121,homo_sapiens
1372,ENSMUSG00000039834,ZNF335,mus_musculus
1372,ENSXETG00000031992,ZNF335,xenopus_tropicalis
1372,ENSG00000198026,ZNF335,homo_sapiens
1373,ENSG00000198028,ZNF560,homo_sapiens
1374,ENSMUSG00000097333,ZNF273,mus_musculus
1374,ENSG00000198039,ZNF273,homo_sapiens
1375,ENSG00000198040,ZNF84,homo_sapiens
1376,ENSMUSG00000054893,ZNF667,mus_musculus
1376,ENSG00000198046,ZNF667,homo_sapiens
1377,ENSMUSG00000049672,ZBTB14,mus_musculus
1377,ENSXETG00000002279,ZBTB14,xenopus_tropicalis
1377,ENSG00000198081,ZBTB14,homo_sapiens
1378,ENSXETG00000007423,ZNF649,xenopus_tropicalis
1378,ENSG00000198093,ZNF649,homo_sapiens
1379,ENSMUSG00000030145,ZNF248,mus_musculus
1379,ENSG00000198105,ZNF248,homo_sapiens
1380,ENSXETG00000008076,ZNF544,xenopus_tropicalis
1380,ENSG00000198131,ZNF544,homo_sapiens
1381,ENSMUSG00000040321,ZNF770,mus_musculus
1381,ENSXETG00000012900,ZNF770,xenopus_tropicalis
1381,FBgn0031894,ZNF770,drosophila_melanogaster
1381,ENSG00000198146,ZNF770,homo_sapiens
1382,ENSMUSG00000028522,MIER1,mus_musculus
1382,ENSXETG00000012401,MIER1,xenopus_tropicalis
1382,FBgn0033183,MIER1,drosophila_melanogaster
1382,WBGene00020320,MIER1,caenorhabditis_elegans
1382,ENSG00000198160,MIER1,homo_sapiens
1383,ENSMUSG00000022526,ZNF251,mus_musculus
1383,WBGene00001324,ZNF251,caenorhabditis_elegans
1383,ENSG00000198169,ZNF251,homo_sapiens
1384,ENSMUSG00000038482,TFDP1,mus_musculus
1384,ENSXETG00000017776,TFDP1,xenopus_tropicalis
1384,FBgn0011763,TFDP1,drosophila_melanogaster
1384,WBGene00001061,TFDP1,caenorhabditis_elegans
1384,ENSG00000198176,TFDP1,homo_sapiens
1385,ENSG00000198182,ZNF607,homo_sapiens
1386,ENSMUSG00000017667,ZNF334,mus_musculus
1386,ENSG00000198185,ZNF334,homo_sapiens
1387,ENSMUSG00000073062,ZXDA,mus_musculus
1387,ENSXETG00000011547,ZXDA,xenopus_tropicalis
1387,FBgn0030787,ZXDA,drosophila_melanogaster
1387,ENSG00000198205,ZXDA,homo_sapiens
1388,WBGene00001324,ZNF485,caenorhabditis_elegans
1388,ENSG00000198298,ZNF485,homo_sapiens
1389,ENSMUSG00000002265,PEG3,mus_musculus
1389,ENSG00000198300,PEG3,homo_sapiens
1390,ENSMUSG00000063894,ZKSCAN8,mus_musculus
1390,ENSG00000198315,ZKSCAN8,homo_sapiens
1391,ENSG00000198342,ZNF442,homo_sapiens
1392,FBgn0032979,ZNF813,drosophila_melanogaster
1392,ENSG00000198346,ZNF813,homo_sapiens
1393,ENSMUSG00000075394,HOXC4,mus_musculus
1393,ENSXETG00000023484,HOXC4,xenopus_tropicalis
1393,FBgn0000439,HOXC4,drosophila_melanogaster
1393,WBGene00003024,HOXC4,caenorhabditis_elegans
1393,ENSG00000198353,HOXC4,homo_sapiens
1394,ENSXETG00000007423,ZNF26,xenopus_tropicalis
1394,ENSG00000198393,ZNF26,homo_sapiens
1395,ENSMUSG00000080717,ZNF69,mus_musculus
1395,ENSG00000198429,ZNF69,homo_sapiens
1396,ENSMUSG00000030443,ZNF583,mus_musculus
1396,ENSG00000198440,ZNF583,homo_sapiens
1397,ENSXETG00000007423,ZNF568,xenopus_tropicalis
1397,ENSG00000198453,ZNF568,homo_sapiens
1398,ENSMUSG00000073062,ZXDB,mus_musculus
1398,ENSXETG00000011547,ZXDB,xenopus_tropicalis
1398,FBgn0030787,ZXDB,drosophila_melanogaster
1398,ENSG00000198455,ZXDB,homo_sapiens
1399,FBgn0032979,ZNF480,drosophila_melanogaster
1399,ENSG00000198464,ZNF480,homo_sapiens
1400,ENSG00000198466,ZNF587,homo_sapiens
1401,FBgn0032979,ZNF808,drosophila_melanogaster
1401,ENSG00000198482,ZNF808,homo_sapiens
1402,ENSMUSG00000018143,MAFK,mus_musculus
1402,ENSXETG00000018118,MAFK,xenopus_tropicalis
1402,FBgn0034534,MAFK,drosophila_melanogaster
1402,WBGene00077521,MAFK,caenorhabditis_elegans
1402,ENSG00000198517,MAFK,homo_sapiens
1403,ENSMUSG00000097333,ZNF43,mus_musculus
1403,ENSG00000198521,ZNF43,homo_sapiens
1404,FBgn0032979,ZNF28,drosophila_melanogaster
1404,ENSG00000198538,ZNF28,homo_sapiens
1405,ENSG00000198551,ZNF627,homo_sapiens
1406,ENSMUSG00000037572,WDHD1,mus_musculus
1406,ENSXETG00000012210,WDHD1,xenopus_tropicalis
1406,FBgn0033890,WDHD1,drosophila_melanogaster
1406,WBGene00008921,WDHD1,caenorhabditis_elegans
1406,ENSG00000198554,WDHD1,homo_sapiens
1407,ENSG00000198556,ZNF789,homo_sapiens
1408,ENSMUSG00000043456,ZNF536,mus_musculus
1408,ENSXETG00000033671,ZNF536,xenopus_tropicalis
1408,ENSG00000198597,ZNF536,homo_sapiens
1409,FBgn0032979,ZNF534,drosophila_melanogaster
1409,ENSG00000198633,ZNF534,homo_sapiens
1410,ENSMUSG00000001418,GLMP,mus_musculus
1410,ENSXETG00000034121,GLMP,xenopus_tropicalis
1410,ENSG00000198715,GLMP,homo_sapiens
1411,ENSMUSG00000075595,ZNF652,mus_musculus
1411,ENSXETG00000018641,ZNF652,xenopus_tropicalis
1411,ENSG00000198740,ZNF652,homo_sapiens
1412,ENSMUSG00000024420,ZNF521,mus_musculus
1412,FBgn0261613,ZNF521,drosophila_melanogaster
1412,ENSG00000198795,ZNF521,homo_sapiens
1413,ENSMUSG00000001497,PAX9,mus_musculus
1413,ENSXETG00000002907,PAX9,xenopus_tropicalis
1413,FBgn0003129,PAX9,drosophila_melanogaster
1413,WBGene00003937,PAX9,caenorhabditis_elegans
1413,ENSG00000198807,PAX9,homo_sapiens
1414,ENSMUSG00000032998,FOXJ3,mus_musculus
1414,ENSXETG00000013466,FOXJ3,xenopus_tropicalis
1414,ENSG00000198815,FOXJ3,homo_sapiens
1415,ENSMUSG00000047264,ZNF358,mus_musculus
1415,FBgn0030963,ZNF358,drosophila_melanogaster
1415,ENSG00000198816,ZNF358,homo_sapiens
1416,ENSMUSG00000041272,TOX,mus_musculus
1416,ENSXETG00000020167,TOX,xenopus_tropicalis
1416,ENSG00000198846,TOX,homo_sapiens
1417,ENSMUSG00000022463,SREBF2,mus_musculus
1417,ENSXETG00000017449,SREBF2,xenopus_tropicalis
1417,FBgn0261283,SREBF2,drosophila_melanogaster
1417,WBGene00004735,SREBF2,caenorhabditis_elegans
1417,ENSG00000198911,SREBF2,homo_sapiens
1418,ENSMUSG00000045515,POU3F3,mus_musculus
1418,ENSXETG00000025593,POU3F3,xenopus_tropicalis
1418,FBgn0086680,POU3F3,drosophila_melanogaster
1418,WBGene00000431,POU3F3,caenorhabditis_elegans
1418,ENSG00000198914,POU3F3,homo_sapiens
1419,ENSMUSG00000049321,ZFP2,mus_musculus
1419,ENSXETG00000008076,ZFP2,xenopus_tropicalis
1419,ENSG00000198939,ZFP2,homo_sapiens
1420,ENSMUSG00000036192,RORB,mus_musculus
1420,ENSXETG00000031251,RORB,xenopus_tropicalis
1420,FBgn0000448,RORB,drosophila_melanogaster
1420,WBGene00003622,RORB,caenorhabditis_elegans
1420,ENSG00000198963,RORB,homo_sapiens
1421,FBgn0032979,ZNF525,drosophila_melanogaster
1421,ENSG00000203326,ZNF525,homo_sapiens
1422,ENSMUSG00000046470,SOX18,mus_musculus
1422,ENSXETG00000032706,SOX18,xenopus_tropicalis
1422,FBgn0005613,SOX18,drosophila_melanogaster
1422,ENSG00000203883,SOX18,homo_sapiens
1423,FBgn0011701,RHOXF2B,drosophila_melanogaster
1423,WBGene00020485,RHOXF2B,caenorhabditis_elegans
1423,ENSG00000203989,RHOXF2B,homo_sapiens
1424,ENSMUSG00000052135,FOXO6,mus_musculus
1424,ENSXETG00000012944,FOXO6,xenopus_tropicalis
1424,FBgn0038197,FOXO6,drosophila_melanogaster
1424,WBGene00000912,FOXO6,caenorhabditis_elegans
1424,ENSG00000204060,FOXO6,homo_sapiens
1425,ENSMUSG00000074622,MAFB,mus_musculus
1425,ENSXETG00000032746,MAFB,xenopus_tropicalis
1425,FBgn0000964,MAFB,drosophila_melanogaster
1425,ENSG00000204103,MAFB,homo_sapiens
1426,ENSMUSG00000039656,RXRB,mus_musculus
1426,FBgn0003964,RXRB,drosophila_melanogaster
1426,ENSG00000204231,RXRB,homo_sapiens
1427,ENSMUSG00000034673,PBX2,mus_musculus
1427,ENSXETG00000005223,PBX2,xenopus_tropicalis
1427,FBgn0000611,PBX2,drosophila_melanogaster
1427,WBGene00000443,PBX2,caenorhabditis_elegans
1427,ENSG00000204304,PBX2,homo_sapiens
1428,ENSMUSG00000075304,SP5,mus_musculus
1428,ENSXETG00000025407,SP5,xenopus_tropicalis
1428,WBGene00012735,SP5,caenorhabditis_elegans
1428,ENSG00000204335,SP5,homo_sapiens
1429,ENSMUSG00000049823,ZBTB12,mus_musculus
1429,ENSXETG00000030672,ZBTB12,xenopus_tropicalis
1429,ENSG00000204366,ZBTB12,homo_sapiens
1430,ENSG00000204514,ZNF814,homo_sapiens
1431,ENSMUSG00000034071,ZNF551,mus_musculus
1431,ENSG00000204519,ZNF551,homo_sapiens
1432,ENSG00000204524,ZNF805,homo_sapiens
1433,ENSMUSG00000024406,POU5F1,mus_musculus
1433,ENSXETG00000026475,POU5F1,xenopus_tropicalis
1433,WBGene00000431,POU5F1,caenorhabditis_elegans
1433,ENSG00000204531,POU5F1,homo_sapiens
1434,ENSMUSG00000058028,ZSCAN5CP,mus_musculus
1434,ENSG00000204532,ZSCAN5CP,homo_sapiens
1435,ENSG00000204595,DPRX,homo_sapiens
1436,FBgn0032979,ZNF468,drosophila_melanogaster
1436,ENSG00000204604,ZNF468,homo_sapiens
1437,ENSG00000204611,ZNF616,homo_sapiens
1438,ENSMUSG00000056829,FOXB2,mus_musculus
1438,FBgn0004898,FOXB2,drosophila_melanogaster
1438,WBGene00003017,FOXB2,caenorhabditis_elegans
1438,ENSG00000204612,FOXB2,homo_sapiens
1439,ENSMUSG00000036036,ZFP57,mus_musculus
1439,ENSG00000204644,ZFP57,homo_sapiens
1440,ENSMUSG00000051490,FOXD4L5,mus_musculus
1440,ENSXETG00000001667,FOXD4L5,xenopus_tropicalis
1440,FBgn0004896,FOXD4L5,drosophila_melanogaster
1440,WBGene00006853,FOXD4L5,caenorhabditis_elegans
1440,ENSG00000204779,FOXD4L5,homo_sapiens
1443,ENSMUSG00000028952,ZBTB48,mus_musculus
1443,ENSXETG00000011113,ZBTB48,xenopus_tropicalis
1443,FBgn0030003,ZBTB48,drosophila_melanogaster
1443,WBGene00013734,ZBTB48,caenorhabditis_elegans
1443,ENSG00000204859,ZBTB48,homo_sapiens
1444,FBgn0030005,ZNF155,drosophila_melanogaster
1444,ENSG00000204920,ZNF155,homo_sapiens
1445,ENSG00000204946,ZNF783,homo_sapiens
1446,ENSG00000204947,ZNF425,homo_sapiens
1447,ENSMUSG00000066224,ARID3C,mus_musculus
1447,FBgn0004795,ARID3C,drosophila_melanogaster
1447,WBGene00000476,ARID3C,caenorhabditis_elegans
1447,ENSG00000205143,ARID3C,homo_sapiens
1448,ENSMUSG00000014859,E2F4,mus_musculus
1448,ENSXETG00000003083,E2F4,xenopus_tropicalis
1448,FBgn0024371,E2F4,drosophila_melanogaster
1448,WBGene00001161,E2F4,caenorhabditis_elegans
1448,ENSG00000205250,E2F4,homo_sapiens
1449,ENSMUSG00000044243,BHLHA9,mus_musculus
1449,ENSG00000205899,BHLHA9,homo_sapiens
1450,ENSMUSG00000045518,ONECUT3,mus_musculus
1450,ENSXETG00000032205,ONECUT3,xenopus_tropicalis
1450,FBgn0028996,ONECUT3,drosophila_melanogaster
1450,WBGene00015934,ONECUT3,caenorhabditis_elegans
1450,ENSG00000205922,ONECUT3,homo_sapiens
1451,ENSMUSG00000039830,OLIG2,mus_musculus
1451,ENSXETG00000024839,OLIG2,xenopus_tropicalis
1451,WBGene00001960,OLIG2,caenorhabditis_elegans
1451,ENSG00000205927,OLIG2,homo_sapiens
1458,ENSMUSG00000024406,POU5F1B,mus_musculus
1458,ENSXETG00000026475,POU5F1B,xenopus_tropicalis
1458,WBGene00000431,POU5F1B,caenorhabditis_elegans
1458,ENSG00000212993,POU5F1B,homo_sapiens
1459,ENSMUSG00000055633,ZNF580,mus_musculus
1459,FBgn0262636,ZNF580,drosophila_melanogaster
1459,ENSG00000213015,ZNF580,homo_sapiens
1460,FBgn0032979,ZNF611,drosophila_melanogaster
1460,ENSG00000213020,ZNF611,homo_sapiens
1461,ENSMUSG00000097333,ZNF254,mus_musculus
1461,ENSG00000213096,ZNF254,homo_sapiens
1462,ENSMUSG00000021485,MXD3,mus_musculus
1462,ENSXETG00000007236,MXD3,xenopus_tropicalis
1462,WBGene00003163,MXD3,caenorhabditis_elegans
1462,ENSG00000213347,MXD3,homo_sapiens
1463,ENSMUSG00000015461,ATF6B,mus_musculus
1463,ENSXETG00000005164,ATF6B,xenopus_tropicalis
1463,FBgn0033010,ATF6B,drosophila_melanogaster
1463,ENSG00000213676,ATF6B,homo_sapiens
1464,ENSG00000213762,ZNF134,homo_sapiens
1465,ENSG00000213799,ZNF845,homo_sapiens
1466,ENSG00000213921,LEUTX,homo_sapiens
1467,ENSMUSG00000002325,IRF9,mus_musculus
1467,ENSXETG00000031889,IRF9,xenopus_tropicalis
1467,ENSG00000213928,IRF9,homo_sapiens
1468,ENSMUSG00000097333,ZNF726,mus_musculus
1468,ENSG00000213967,ZNF726,homo_sapiens
1469,ENSMUSG00000097333,ZNF99,mus_musculus
1469,ENSG00000213973,ZNF99,homo_sapiens
1470,ENSMUSG00000097333,ZNF90,mus_musculus
1470,ENSG00000213988,ZNF90,homo_sapiens
1471,ENSMUSG00000002345,MEF2B,mus_musculus
1471,FBgn0011656,MEF2B,drosophila_melanogaster
1471,WBGene00003182,MEF2B,caenorhabditis_elegans
1471,ENSG00000213999,MEF2B,homo_sapiens
1472,ENSMUSG00000052751,REPIN1,mus_musculus
1472,ENSG00000214022,REPIN1,homo_sapiens
1473,ENSG00000214029,ZNF891,homo_sapiens
1475,ENSMUSG00000068302,NOTO,mus_musculus
1475,ENSG00000214513,NOTO,homo_sapiens
1476,ENSXETG00000031433,ZBED1,xenopus_tropicalis
1476,ENSG00000214717,ZBED1,homo_sapiens
1477,ENSMUSG00000057156,HOMEZ,mus_musculus
1477,ENSG00000215271,HOMEZ,homo_sapiens
1478,ENSG00000215343,ZNF705D,homo_sapiens
1479,ENSG00000215356,ZNF705B,homo_sapiens
1480,ENSG00000215372,ZNF705G,homo_sapiens
1481,ENSMUSG00000060257,SCRT2,mus_musculus
1481,FBgn0004880,SCRT2,drosophila_melanogaster
1481,WBGene00000468,SCRT2,caenorhabditis_elegans
1481,ENSG00000215397,SCRT2,homo_sapiens
1482,ENSMUSG00000048410,ZNF407,mus_musculus
1482,FBgn0051612,ZNF407,drosophila_melanogaster
1482,ENSG00000215421,ZNF407,homo_sapiens
1483,ENSMUSG00000067438,HMX1,mus_musculus
1483,ENSXETG00000015419,HMX1,xenopus_tropicalis
1483,FBgn0264005,HMX1,drosophila_melanogaster
1483,ENSG00000215612,HMX1,homo_sapiens
1484,ENSMUSG00000068859,SP9,mus_musculus
1484,ENSXETG00000030987,SP9,xenopus_tropicalis
1484,WBGene00012735,SP9,caenorhabditis_elegans
1484,ENSG00000217236,SP9,homo_sapiens
1486,ENSMUSG00000051550,ZNF579,mus_musculus
1486,ENSG00000218891,ZNF579,homo_sapiens
1487,ENSMUSG00000079681,ZGLP1,mus_musculus
1487,ENSG00000220201,ZGLP1,homo_sapiens
1488,ENSMUSG00000022053,EBF2,mus_musculus
1488,ENSXETG00000010153,EBF2,xenopus_tropicalis
1488,FBgn0001319,EBF2,drosophila_melanogaster
1488,WBGene00006743,EBF2,caenorhabditis_elegans
1488,ENSG00000221818,EBF2,homo_sapiens
1489,ENSMUSG00000071637,CEBPD,mus_musculus
1489,ENSXETG00000004850,CEBPD,xenopus_tropicalis
1489,WBGene00016754,CEBPD,caenorhabditis_elegans
1489,ENSG00000221869,CEBPD,homo_sapiens
1490,FBgn0032979,ZNF880,drosophila_melanogaster
1490,ENSG00000221923,ZNF880,homo_sapiens
1491,ENSXETG00000007423,ZNF630,xenopus_tropicalis
1491,ENSG00000221994,ZNF630,homo_sapiens
1492,ENSG00000223547,ZNF844,homo_sapiens
1498,ENSMUSG00000060510,ZNF812P,mus_musculus
1498,ENSG00000224689,ZNF812P,homo_sapiens
1502,ENSG00000225614,ZNF469,homo_sapiens
1505,ENSG00000227059,ANHX,homo_sapiens
1506,ENSMUSG00000020491,ZNF717,mus_musculus
1506,ENSG00000227124,ZNF717,homo_sapiens
1512,ENSMUSG00000048528,NKX1-2,mus_musculus
1512,ENSXETG00000023620,NKX1-2,xenopus_tropicalis
1512,FBgn0002941,NKX1-2,drosophila_melanogaster
1512,WBGene00000428,NKX1-2,caenorhabditis_elegans
1512,ENSG00000229544,NKX1-2,homo_sapiens
1514,ENSMUSG00000097333,ZNF492,mus_musculus
1514,ENSG00000229676,ZNF492,homo_sapiens
1515,ENSMUSG00000045251,ZNF688,mus_musculus
1515,ENSG00000229809,ZNF688,homo_sapiens
1517,ENSMUSG00000091736,YY2,mus_musculus
1517,ENSXETG00000002527,YY2,xenopus_tropicalis
1517,FBgn0035997,YY2,drosophila_melanogaster
1517,ENSG00000230797,YY2,homo_sapiens
1521,ENSMUSG00000097918,ASCL5,mus_musculus
1521,WBGene00001952,ASCL5,caenorhabditis_elegans
1521,ENSG00000232237,ASCL5,homo_sapiens
1522,ENSMUSG00000007805,TWIST2,mus_musculus
1522,ENSXETG00000025630,TWIST2,xenopus_tropicalis
1522,FBgn0003900,TWIST2,drosophila_melanogaster
1522,WBGene00001953,TWIST2,caenorhabditis_elegans
1522,ENSG00000233608,TWIST2,homo_sapiens
1527,ENSG00000234284,ZNF879,homo_sapiens
1528,ENSMUSG00000097333,ZNF736,mus_musculus
1528,ENSG00000234444,ZNF736,homo_sapiens
1534,ENSG00000235109,ZSCAN31,homo_sapiens
1537,ENSMUSG00000029112,NKX1-1,mus_musculus
1537,ENSXETG00000003881,NKX1-1,xenopus_tropicalis
1537,FBgn0002941,NKX1-1,drosophila_melanogaster
1537,WBGene00000428,NKX1-1,caenorhabditis_elegans
1537,ENSG00000235608,NKX1-1,homo_sapiens
1541,ENSMUSG00000093910,ZNF853,mus_musculus
1541,FBgn0004606,ZNF853,drosophila_melanogaster
1541,WBGene00006970,ZNF853,caenorhabditis_elegans
1541,ENSG00000236609,ZNF853,homo_sapiens
1543,ENSMUSG00000097333,ZNF737,mus_musculus
1543,ENSG00000237440,ZNF737,homo_sapiens
1544,ENSMUSG00000085601,BHMG1,mus_musculus
1544,ENSG00000237452,BHMG1,homo_sapiens
1547,ENSMUSG00000074472,ZNF709,mus_musculus
1547,ENSG00000242852,ZNF709,homo_sapiens
1548,ENSG00000243660,ZNF487,homo_sapiens
1549,ENSMUSG00000062761,ZNF512,mus_musculus
1549,ENSG00000243943,ZNF512,homo_sapiens
1550,ENSMUSG00000013089,ETV5,mus_musculus
1550,FBgn0039225,ETV5,drosophila_melanogaster
1550,ENSG00000244405,ETV5,homo_sapiens
1551,ENSMUSG00000062040,ZNF585B,mus_musculus
1551,ENSG00000245680,ZNF585B,homo_sapiens
1552,ENSMUSG00000034957,CEBPA,mus_musculus
1552,ENSXETG00000018291,CEBPA,xenopus_tropicalis
1552,WBGene00016754,CEBPA,caenorhabditis_elegans
1552,ENSG00000245848,CEBPA,homo_sapiens
1553,ENSMUSG00000093668,POU5F2,mus_musculus
1553,ENSXETG00000026475,POU5F2,xenopus_tropicalis
1553,WBGene00000431,POU5F2,caenorhabditis_elegans
1553,ENSG00000248483,POU5F2,homo_sapiens
1554,ENSMUSG00000047342,ZNF286B,mus_musculus
1554,ENSG00000249459,ZNF286B,homo_sapiens
1555,ENSMUSG00000004500,ZNF324B,mus_musculus
1555,WBGene00018740,ZNF324B,caenorhabditis_elegans
1555,ENSG00000249471,ZNF324B,homo_sapiens
1556,ENSG00000249709,ZNF564,homo_sapiens
1557,ENSMUSG00000052616,TERB1,mus_musculus
1557,ENSXETG00000033662,TERB1,xenopus_tropicalis
1557,ENSG00000249961,TERB1,homo_sapiens
1558,FBgn0000286,GLI4,drosophila_melanogaster
1558,ENSG00000250571,GLI4,homo_sapiens
1559,ENSMUSG00000027794,CCDC169-SOHLH2,mus_musculus
1559,ENSG00000250709,CCDC169-SOHLH2,homo_sapiens
1560,ENSXETG00000007423,ZNF674,xenopus_tropicalis
1560,ENSG00000251192,ZNF674,homo_sapiens
1561,ENSXETG00000008076,ZNF345,xenopus_tropicalis
1561,ENSG00000251247,ZNF345,homo_sapiens
1562,ENSG00000251369,ZNF550,homo_sapiens
1563,ENSMUSG00000078302,FOXD1,mus_musculus
1563,ENSXETG00000016818,FOXD1,xenopus_tropicalis
1563,FBgn0004896,FOXD1,drosophila_melanogaster
1563,WBGene00006853,FOXD1,caenorhabditis_elegans
1563,ENSG00000251493,FOXD1,homo_sapiens
1564,ENSMUSG00000000938,HOXA10,mus_musculus
1564,ENSXETG00000000728,HOXA10,xenopus_tropicalis
1564,FBgn0000015,HOXA10,drosophila_melanogaster
1564,ENSG00000253293,HOXA10,homo_sapiens
1565,ENSG00000253831,ETV3L,homo_sapiens
1566,ENSMUSG00000049421,ZNF260,mus_musculus
1566,ENSXETG00000023998,ZNF260,xenopus_tropicalis
1566,FBgn0032295,ZNF260,drosophila_melanogaster
1566,WBGene00019751,ZNF260,caenorhabditis_elegans
1566,ENSG00000254004,ZNF260,homo_sapiens
1567,ENSMUSG00000048485,RP1-27O5.3,mus_musculus
1567,ENSXETG00000003914,RP1-27O5.3,xenopus_tropicalis
1567,ENSG00000254553,RP1-27O5.3,homo_sapiens
1568,ENSMUSG00000024695,ZFP91-CNTF,mus_musculus
1568,ENSXETG00000020715,ZFP91-CNTF,xenopus_tropicalis
1568,ENSG00000255073,ZFP91-CNTF,homo_sapiens
1569,ENSXETG00000020613,TBC1D26,xenopus_tropicalis
1569,FBgn0020620,TBC1D26,drosophila_melanogaster
1569,WBGene00012894,TBC1D26,caenorhabditis_elegans
1569,ENSG00000255104,TBC1D26,homo_sapiens
1570,ENSXETG00000007423,ZNF432,xenopus_tropicalis
1570,ENSG00000256087,ZNF432,homo_sapiens
1571,ENSXETG00000008076,ZNF10,xenopus_tropicalis
1571,ENSG00000256223,ZNF10,homo_sapiens
1572,ENSMUSG00000097333,ZNF486,mus_musculus
1572,ENSG00000256229,ZNF486,homo_sapiens
1573,FBgn0030005,ZNF225,drosophila_melanogaster
1573,ENSG00000256294,ZNF225,homo_sapiens
1574,ENSMUSG00000024565,SALL3,mus_musculus
1574,ENSXETG00000000845,SALL3,xenopus_tropicalis
1574,FBgn0000287,SALL3,drosophila_melanogaster
1574,WBGene00004773,SALL3,caenorhabditis_elegans
1574,ENSG00000256463,SALL3,homo_sapiens
1575,ENSXETG00000007423,ZNF350,xenopus_tropicalis
1575,ENSG00000256683,ZNF350,homo_sapiens
1576,ENSMUSG00000097333,ZNF253,mus_musculus
1576,ENSG00000256771,ZNF253,homo_sapiens
1577,ENSXETG00000000724,HOXA10-HOXA9,xenopus_tropicalis
1577,FBgn0000015,HOXA10-HOXA9,drosophila_melanogaster
1577,ENSG00000257184,HOXA10-HOXA9,homo_sapiens
1578,ENSMUSG00000102049,ZBED6,mus_musculus
1578,ENSXETG00000023933,ZBED6,xenopus_tropicalis
1578,FBgn0031874,ZBED6,drosophila_melanogaster
1578,WBGene00015247,ZBED6,caenorhabditis_elegans
1578,ENSG00000257315,ZBED6,homo_sapiens
1579,ENSG00000257446,ZNF878,homo_sapiens
1581,ENSG00000257591,ZNF625,homo_sapiens
1582,ENSMUSG00000029705,CUX1,mus_musculus
1582,ENSXETG00000005476,CUX1,xenopus_tropicalis
1582,FBgn0004198,CUX1,drosophila_melanogaster
1582,WBGene00000464,CUX1,caenorhabditis_elegans
1582,ENSG00000257923,CUX1,homo_sapiens
1583,ENSG00000258064,RP11-293I14.2,homo_sapiens
1585,FBgn0032979,ZNF578,drosophila_melanogaster
1585,ENSG00000258405,ZNF578,homo_sapiens
1587,ENSXETG00000000693,CTD-2135J3.4,xenopus_tropicalis
1587,FBgn0005613,CTD-2135J3.4,drosophila_melanogaster
1587,ENSG00000258724,CTD-2135J3.4,homo_sapiens
1589,ENSG00000258873,DUXA,homo_sapiens
1594,ENSMUSG00000038721,HOXB7,mus_musculus
1594,FBgn0260642,HOXB7,drosophila_melanogaster
1594,ENSG00000260027,HOXB7,homo_sapiens
1599,ENSMUSG00000034161,SCX,mus_musculus
1599,ENSXETG00000005692,SCX,xenopus_tropicalis
1599,FBgn0053557,SCX,drosophila_melanogaster
1599,ENSG00000260428,SCX,homo_sapiens
1601,ENSMUSG00000075046,DUX4,mus_musculus
1601,ENSG00000260596,DUX4,homo_sapiens
1605,ENSMUSG00000074405,ZNF865,mus_musculus
1605,ENSXETG00000019138,ZNF865,xenopus_tropicalis
1605,ENSG00000261221,ZNF865,homo_sapiens
1608,ENSG00000261459,AC002310.11,homo_sapiens
1610,ENSMUSG00000048385,SCRT1,mus_musculus
1610,FBgn0004880,SCRT1,drosophila_melanogaster
1610,WBGene00000468,SCRT1,caenorhabditis_elegans
1610,ENSG00000261678,SCRT1,homo_sapiens
1613,ENSMUSG00000099032,TCF24,mus_musculus
1613,FBgn0022740,TCF24,drosophila_melanogaster
1613,ENSG00000261787,TCF24,homo_sapiens
1627,ENSMUSG00000060261,GTF2I,mus_musculus
1627,ENSXETG00000018435,GTF2I,xenopus_tropicalis
1627,ENSG00000263001,GTF2I,homo_sapiens
1628,FBgn0030005,ZNF234,drosophila_melanogaster
1628,ENSG00000263002,ZNF234,homo_sapiens
1635,ENSMUSG00000047003,RP13-582O9.6,mus_musculus
1635,ENSG00000264668,RP13-582O9.6,homo_sapiens
1636,ENSMUSG00000044519,ZNF488,mus_musculus
1636,FBgn0035643,ZNF488,drosophila_melanogaster
1636,ENSG00000265763,ZNF488,homo_sapiens
1638,ENSMUSG00000073209,KLF14,mus_musculus
1638,FBgn0043364,KLF14,drosophila_melanogaster
1638,ENSG00000266265,KLF14,homo_sapiens
1639,FBgn0030005,AC084219.2,drosophila_melanogaster
1639,ENSG00000267022,AC084219.2,homo_sapiens
1640,ENSG00000267041,ZNF850,homo_sapiens
1641,ENSG00000267179,CTD-2006C1.13,homo_sapiens
1642,ENSMUSG00000052414,RP11-793H13.10,mus_musculus
1642,ENSXETG00000012641,RP11-793H13.10,xenopus_tropicalis
1642,ENSG00000267281,RP11-793H13.10,homo_sapiens
1643,FBgn0030005,ZNF285,drosophila_melanogaster
1643,ENSG00000267508,ZNF285,homo_sapiens
1644,FBgn0030005,ZNF224,drosophila_melanogaster
1644,ENSG00000267680,ZNF224,homo_sapiens
1653,ENSG00000268738,HSFX2,homo_sapiens
1656,ENSMUSG00000097333,ZNF728,mus_musculus
1656,ENSG00000269067,ZNF728,homo_sapiens
1660,ENSG00000269343,ZNF587B,homo_sapiens
1661,ENSMUSG00000008193,SPIB,mus_musculus
1661,ENSXETG00000009034,SPIB,xenopus_tropicalis
1661,ENSG00000269404,SPIB,homo_sapiens
1667,ENSG00000269693,CTD-2192J16.20,homo_sapiens
1668,ENSG00000269699,ZIM2,homo_sapiens
1672,ENSG00000270011,ZNF559-ZNF177,homo_sapiens
1678,ENSMUSG00000097333,ZNF595,mus_musculus
1678,ENSG00000272602,ZNF595,homo_sapiens
1681,ENSXETG00000025183,RP11-834C11.12,xenopus_tropicalis
1681,ENSG00000273049,RP11-834C11.12,homo_sapiens
1684,ENSMUSG00000048485,ZBTB8B,mus_musculus
1684,ENSXETG00000003914,ZBTB8B,xenopus_tropicalis
1684,ENSG00000273274,ZBTB8B,homo_sapiens
1687,ENSMUSG00000022521,CREBBP,mus_musculus
1687,ENSXETG00000010317,CREBBP,xenopus_tropicalis
1687,FBgn0261617,CREBBP,drosophila_melanogaster
1687,WBGene00016220,CREBBP,caenorhabditis_elegans
1687,ENSG00000005339,CREBBP,homo_sapiens
1688,ENSMUSG00000029004,KMT2E,mus_musculus
1688,ENSXETG00000025679,KMT2E,xenopus_tropicalis
1688,FBgn0036398,KMT2E,drosophila_melanogaster
1688,WBGene00022203,KMT2E,caenorhabditis_elegans
1688,ENSG00000005483,KMT2E,homo_sapiens
1689,ENSMUSG00000020038,CRY1,mus_musculus
1689,ENSXETG00000016951,CRY1,xenopus_tropicalis
1689,FBgn0025680,CRY1,drosophila_melanogaster
1689,ENSG00000008405,CRY1,homo_sapiens
1690,ENSMUSG00000017210,MED24,mus_musculus
1690,ENSXETG00000013814,MED24,xenopus_tropicalis
1690,FBgn0035851,MED24,drosophila_melanogaster
1690,ENSG00000008838,MED24,homo_sapiens
1691,ENSMUSG00000017146,BRCA1,mus_musculus
1691,ENSXETG00000024564,BRCA1,xenopus_tropicalis
1691,ENSG00000012048,BRCA1,homo_sapiens
1692,ENSMUSG00000023055,CALCOCO1,mus_musculus
1692,ENSXETG00000031742,CALCOCO1,xenopus_tropicalis
1692,ENSG00000012822,CALCOCO1,homo_sapiens
1693,ENSMUSG00000060450,RNF14,mus_musculus
1693,ENSXETG00000027142,RNF14,xenopus_tropicalis
1693,WBGene00018966,RNF14,caenorhabditis_elegans
1693,ENSG00000013561,RNF14,homo_sapiens
1694,ENSMUSG00000022634,YAF2,mus_musculus
1694,ENSXETG00000006795,YAF2,xenopus_tropicalis
1694,FBgn0034763,YAF2,drosophila_melanogaster
1694,ENSG00000015153,YAF2,homo_sapiens
1695,ENSMUSG00000027803,WWTR1,mus_musculus
1695,ENSXETG00000016011,WWTR1,xenopus_tropicalis
1695,FBgn0034970,WWTR1,drosophila_melanogaster
1695,ENSG00000018408,WWTR1,homo_sapiens
1696,ENSMUSG00000021103,MNAT1,mus_musculus
1696,ENSXETG00000016938,MNAT1,xenopus_tropicalis
1696,FBgn0024956,MNAT1,drosophila_melanogaster
1696,WBGene00018769,MNAT1,caenorhabditis_elegans
1696,ENSG00000020426,MNAT1,homo_sapiens
1697,ENSMUSG00000041740,RNF10,mus_musculus
1697,ENSXETG00000012226,RNF10,xenopus_tropicalis
1697,FBgn0035232,RNF10,drosophila_melanogaster
1697,ENSG00000022840,RNF10,homo_sapiens
1698,ENSMUSG00000071359,TBPL1,mus_musculus
1698,ENSXETG00000000116,TBPL1,xenopus_tropicalis
1698,FBgn0261793,TBPL1,drosophila_melanogaster
1698,WBGene00006577,TBPL1,caenorhabditis_elegans
1698,ENSG00000028839,TBPL1,homo_sapiens
1699,ENSMUSG00000029191,RFC1,mus_musculus
1699,ENSXETG00000012866,RFC1,xenopus_tropicalis
1699,FBgn0004913,RFC1,drosophila_melanogaster
1699,WBGene00004337,RFC1,caenorhabditis_elegans
1699,ENSG00000035928,RFC1,homo_sapiens
1700,ENSMUSG00000031935,MED17,mus_musculus
1700,ENSXETG00000017118,MED17,xenopus_tropicalis
1700,FBgn0038578,MED17,drosophila_melanogaster
1700,WBGene00007017,MED17,caenorhabditis_elegans
1700,ENSG00000042429,MED17,homo_sapiens
1701,ENSMUSG00000043962,THRAP3,mus_musculus
1701,ENSXETG00000003925,THRAP3,xenopus_tropicalis
1701,ENSG00000054118,THRAP3,homo_sapiens
1702,ENSMUSG00000020074,CCAR1,mus_musculus
1702,ENSXETG00000008844,CCAR1,xenopus_tropicalis
1702,WBGene00003085,CCAR1,caenorhabditis_elegans
1702,ENSG00000060339,CCAR1,homo_sapiens
1703,ENSMUSG00000036306,LZTS1,mus_musculus
1703,ENSXETG00000016474,LZTS1,xenopus_tropicalis
1703,FBgn0030077,LZTS1,drosophila_melanogaster
1703,ENSG00000061337,LZTS1,homo_sapiens
1704,ENSMUSG00000021575,AHRR,mus_musculus
1704,ENSXETG00000006186,AHRR,xenopus_tropicalis
1704,FBgn0003513,AHRR,drosophila_melanogaster
1704,WBGene00000096,AHRR,caenorhabditis_elegans
1704,ENSG00000063438,AHRR,homo_sapiens
1705,ENSMUSG00000029110,RNF4,mus_musculus
1705,ENSXETG00000025752,RNF4,xenopus_tropicalis
1705,ENSG00000063978,RNF4,homo_sapiens
1706,ENSMUSG00000061436,HIPK2,mus_musculus
1706,ENSXETG00000014419,HIPK2,xenopus_tropicalis
1706,FBgn0035142,HIPK2,drosophila_melanogaster
1706,WBGene00001994,HIPK2,caenorhabditis_elegans
1706,ENSG00000064393,HIPK2,homo_sapiens
1707,ENSMUSG00000017897,EYA2,mus_musculus
1707,ENSXETG00000003474,EYA2,xenopus_tropicalis
1707,FBgn0000320,EYA2,drosophila_melanogaster
1707,WBGene00001377,EYA2,caenorhabditis_elegans
1707,ENSG00000064655,EYA2,homo_sapiens
1708,ENSMUSG00000027905,DDX20,mus_musculus
1708,ENSXETG00000013568,DDX20,xenopus_tropicalis
1708,FBgn0011802,DDX20,drosophila_melanogaster
1708,WBGene00020284,DDX20,caenorhabditis_elegans
1708,ENSG00000064703,DDX20,homo_sapiens
1709,ENSXETG00000030212,TAF11,xenopus_tropicalis
1709,FBgn0011291,TAF11,drosophila_melanogaster
1709,WBGene00006395,TAF11,caenorhabditis_elegans
1709,ENSG00000064995,TAF11,homo_sapiens
1710,ENSMUSG00000040761,SPEN,mus_musculus
1710,ENSXETG00000023114,SPEN,xenopus_tropicalis
1710,FBgn0016977,SPEN,drosophila_melanogaster
1710,ENSG00000065526,SPEN,homo_sapiens
1711,ENSMUSG00000034771,TLE2,mus_musculus
1711,FBgn0001139,TLE2,drosophila_melanogaster
1711,WBGene00006773,TLE2,caenorhabditis_elegans
1711,ENSG00000065717,TLE2,homo_sapiens
1712,ENSMUSG00000036463,RHOA,mus_musculus
1712,ENSXETG00000005934,RHOA,xenopus_tropicalis
1712,FBgn0014020,RHOA,drosophila_melanogaster
1712,WBGene00004357,RHOA,caenorhabditis_elegans
1712,ENSG00000067560,RHOA,homo_sapiens
1713,ENSMUSG00000053175,BCL3,mus_musculus
1713,ENSXETG00000030363,BCL3,xenopus_tropicalis
1713,WBGene00002069,BCL3,caenorhabditis_elegans
1713,ENSG00000069399,BCL3,homo_sapiens
1714,ENSMUSG00000028431,IKBKAP,mus_musculus
1714,ENSXETG00000009534,IKBKAP,xenopus_tropicalis
1714,FBgn0037926,IKBKAP,drosophila_melanogaster
1714,WBGene00022463,IKBKAP,caenorhabditis_elegans
1714,ENSG00000070061,IKBKAP,homo_sapiens
1715,ENSMUSG00000057604,LMCD1,mus_musculus
1715,ENSXETG00000015748,LMCD1,xenopus_tropicalis
1715,FBgn0034223,LMCD1,drosophila_melanogaster
1715,WBGene00015217,LMCD1,caenorhabditis_elegans
1715,ENSG00000071282,LMCD1,homo_sapiens
1716,ENSMUSG00000002428,HLTF,mus_musculus
1716,ENSXETG00000029917,HLTF,xenopus_tropicalis
1716,ENSG00000071794,HLTF,homo_sapiens
1717,ENSMUSG00000014402,TSG101,mus_musculus
1717,ENSXETG00000014566,TSG101,xenopus_tropicalis
1717,FBgn0036666,TSG101,drosophila_melanogaster
1717,WBGene00015658,TSG101,caenorhabditis_elegans
1717,ENSG00000074319,TSG101,homo_sapiens
1718,ENSMUSG00000063524,ENO1,mus_musculus
1718,ENSXETG00000011897,ENO1,xenopus_tropicalis
1718,FBgn0000579,ENO1,drosophila_melanogaster
1718,WBGene00011884,ENO1,caenorhabditis_elegans
1718,ENSG00000074800,ENO1,homo_sapiens
1719,ENSMUSG00000029712,ACTL6B,mus_musculus
1719,ENSXETG00000033860,ACTL6B,xenopus_tropicalis
1719,FBgn0025716,ACTL6B,drosophila_melanogaster
1719,WBGene00022774,ACTL6B,caenorhabditis_elegans
1719,ENSG00000077080,ACTL6B,homo_sapiens
1720,ENSMUSG00000038533,CBFA2T2,mus_musculus
1720,ENSXETG00000021431,CBFA2T2,xenopus_tropicalis
1720,FBgn0005636,CBFA2T2,drosophila_melanogaster
1720,ENSG00000078699,CBFA2T2,homo_sapiens
1721,ENSMUSG00000053877,SRCAP,mus_musculus
1721,ENSXETG00000018840,SRCAP,xenopus_tropicalis
1721,FBgn0020306,SRCAP,drosophila_melanogaster
1721,WBGene00007027,SRCAP,caenorhabditis_elegans
1721,ENSG00000080603,SRCAP,homo_sapiens
1722,ENSMUSG00000027641,RBL1,mus_musculus
1722,ENSXETG00000007414,RBL1,xenopus_tropicalis
1722,FBgn0015799,RBL1,drosophila_melanogaster
1722,WBGene00003020,RBL1,caenorhabditis_elegans
1722,ENSG00000080839,RBL1,homo_sapiens
1723,ENSMUSG00000022019,TDRD3,mus_musculus
1723,ENSXETG00000012815,TDRD3,xenopus_tropicalis
1723,FBgn0036450,TDRD3,drosophila_melanogaster
1723,WBGene00021748,TDRD3,caenorhabditis_elegans
1723,ENSG00000083544,TDRD3,homo_sapiens
1724,ENSMUSG00000020647,NCOA1,mus_musculus
1724,ENSXETG00000021173,NCOA1,xenopus_tropicalis
1724,ENSG00000084676,NCOA1,homo_sapiens
1725,ENSMUSG00000022682,RRN3,mus_musculus
1725,ENSXETG00000005536,RRN3,xenopus_tropicalis
1725,FBgn0032988,RRN3,drosophila_melanogaster
1725,WBGene00007980,RRN3,caenorhabditis_elegans
1725,ENSG00000085721,RRN3,homo_sapiens
1726,ENSMUSG00000023348,TRIP6,mus_musculus
1726,FBgn0011642,TRIP6,drosophila_melanogaster
1726,ENSG00000087077,TRIP6,homo_sapiens
1727,ENSMUSG00000017376,NLK,mus_musculus
1727,ENSXETG00000012503,NLK,xenopus_tropicalis
1727,FBgn0011817,NLK,drosophila_melanogaster
1727,WBGene00003048,NLK,caenorhabditis_elegans
1727,ENSG00000087095,NLK,homo_sapiens
1728,ENSMUSG00000059995,ATXN7L3,mus_musculus
1728,ENSXETG00000027265,ATXN7L3,xenopus_tropicalis
1728,FBgn0036804,ATXN7L3,drosophila_melanogaster
1728,ENSG00000087152,ATXN7L3,homo_sapiens
1729,ENSMUSG00000025878,UIMC1,mus_musculus
1729,ENSXETG00000003513,UIMC1,xenopus_tropicalis
1729,ENSG00000087206,UIMC1,homo_sapiens
1730,ENSMUSG00000031379,PIR,mus_musculus
1730,ENSXETG00000022439,PIR,xenopus_tropicalis
1730,ENSG00000087842,PIR,homo_sapiens
1731,ENSMUSG00000035632,CNOT3,mus_musculus
1731,ENSXETG00000003166,CNOT3,xenopus_tropicalis
1731,FBgn0033029,CNOT3,drosophila_melanogaster
1731,WBGene00003826,CNOT3,caenorhabditis_elegans
1731,ENSG00000088038,CNOT3,homo_sapiens
1732,ENSMUSG00000027478,DNMT3B,mus_musculus
1732,ENSG00000088305,DNMT3B,homo_sapiens
1733,ENSMUSG00000025246,TBL1Y,mus_musculus
1733,ENSXETG00000015786,TBL1Y,xenopus_tropicalis
1733,FBgn0263933,TBL1Y,drosophila_melanogaster
1733,ENSG00000092377,TBL1Y,homo_sapiens
1734,ENSMUSG00000040565,BTAF1,mus_musculus
1734,ENSXETG00000012188,BTAF1,xenopus_tropicalis
1734,FBgn0022787,BTAF1,drosophila_melanogaster
1734,WBGene00000274,BTAF1,caenorhabditis_elegans
1734,ENSG00000095564,BTAF1,homo_sapiens
1735,ENSMUSG00000026842,ABL1,mus_musculus
1735,ENSXETG00000001464,ABL1,xenopus_tropicalis
1735,FBgn0000017,ABL1,drosophila_melanogaster
1735,WBGene00000018,ABL1,caenorhabditis_elegans
1735,ENSG00000097007,ABL1,homo_sapiens
1736,ENSMUSG00000012114,MED15,mus_musculus
1736,ENSXETG00000004253,MED15,xenopus_tropicalis
1736,FBgn0027592,MED15,drosophila_melanogaster
1736,ENSG00000099917,MED15,homo_sapiens
1737,ENSMUSG00000022702,HIRA,mus_musculus
1737,ENSXETG00000018598,HIRA,xenopus_tropicalis
1737,FBgn0022786,HIRA,drosophila_melanogaster
1737,WBGene00019627,HIRA,caenorhabditis_elegans
1737,ENSG00000100084,HIRA,homo_sapiens
1738,ENSMUSG00000055065,DDX17,mus_musculus
1738,ENSXETG00000006900,DDX17,xenopus_tropicalis
1738,FBgn0003261,DDX17,drosophila_melanogaster
1738,WBGene00010260,DDX17,caenorhabditis_elegans
1738,ENSG00000100201,DDX17,homo_sapiens
1739,ENSMUSG00000041852,TCF20,mus_musculus
1739,ENSXETG00000013417,TCF20,xenopus_tropicalis
1739,FBgn0034300,TCF20,drosophila_melanogaster
1739,ENSG00000100207,TCF20,homo_sapiens
1740,ENSMUSG00000033565,RBFOX2,mus_musculus
1740,ENSXETG00000000231,RBFOX2,xenopus_tropicalis
1740,FBgn0052062,RBFOX2,drosophila_melanogaster
1740,WBGene00001484,RBFOX2,caenorhabditis_elegans
1740,ENSG00000100320,RBFOX2,homo_sapiens
1741,ENSMUSG00000055024,EP300,mus_musculus
1741,ENSXETG00000022974,EP300,xenopus_tropicalis
1741,FBgn0261617,EP300,drosophila_melanogaster
1741,WBGene00016221,EP300,caenorhabditis_elegans
1741,ENSG00000100393,EP300,homo_sapiens
1742,ENSMUSG00000022394,L3MBTL2,mus_musculus
1742,ENSXETG00000022981,L3MBTL2,xenopus_tropicalis
1742,FBgn0032475,L3MBTL2,drosophila_melanogaster
1742,ENSG00000100395,L3MBTL2,homo_sapiens
1743,ENSMUSG00000061360,PHF5A,mus_musculus
1743,ENSXETG00000006893,PHF5A,xenopus_tropicalis
1743,FBgn0031822,PHF5A,drosophila_melanogaster
1743,WBGene00004016,PHF5A,caenorhabditis_elegans
1743,ENSG00000100410,PHF5A,homo_sapiens
1744,ENSMUSG00000021039,SNW1,mus_musculus
1744,ENSXETG00000011087,SNW1,xenopus_tropicalis
1744,FBgn0004856,SNW1,drosophila_melanogaster
1744,WBGene00004806,SNW1,caenorhabditis_elegans
1744,ENSG00000100603,SNW1,homo_sapiens
1745,ENSMUSG00000021188,TRIP11,mus_musculus
1745,ENSXETG00000027050,TRIP11,xenopus_tropicalis
1745,FBgn0027287,TRIP11,drosophila_melanogaster
1745,WBGene00013730,TRIP11,caenorhabditis_elegans
1745,ENSG00000100815,TRIP11,homo_sapiens
1746,ENSMUSG00000035960,APEX1,mus_musculus
1746,ENSXETG00000024773,APEX1,xenopus_tropicalis
1746,FBgn0004584,APEX1,drosophila_melanogaster
1746,WBGene00001372,APEX1,caenorhabditis_elegans
1746,ENSG00000100823,APEX1,homo_sapiens
1747,ENSMUSG00000021025,NFKBIA,mus_musculus
1747,ENSXETG00000017950,NFKBIA,xenopus_tropicalis
1747,FBgn0000250,NFKBIA,drosophila_melanogaster
1747,ENSG00000100906,NFKBIA,homo_sapiens
1748,ENSMUSG00000002455,PRPF6,mus_musculus
1748,ENSXETG00000012054,PRPF6,xenopus_tropicalis
1748,FBgn0036828,PRPF6,drosophila_melanogaster
1748,WBGene00013343,PRPF6,caenorhabditis_elegans
1748,ENSG00000101161,PRPF6,homo_sapiens
1749,ENSMUSG00000032715,TRIB3,mus_musculus
1749,FBgn0028978,TRIB3,drosophila_melanogaster
1749,WBGene00010700,TRIB3,caenorhabditis_elegans
1749,ENSG00000101255,TRIB3,homo_sapiens
1750,ENSMUSG00000024052,LPIN2,mus_musculus
1750,ENSXETG00000001617,LPIN2,xenopus_tropicalis
1750,FBgn0263593,LPIN2,drosophila_melanogaster
1750,WBGene00010425,LPIN2,caenorhabditis_elegans
1750,ENSG00000101577,LPIN2,homo_sapiens
1751,ENSMUSG00000041238,RBBP8,mus_musculus
1751,ENSXETG00000031362,RBBP8,xenopus_tropicalis
1751,ENSG00000101773,RBBP8,homo_sapiens
1752,ENSMUSG00000031353,RBBP7,mus_musculus
1752,ENSXETG00000026983,RBBP7,xenopus_tropicalis
1752,WBGene00003036,RBBP7,caenorhabditis_elegans
1752,ENSG00000102054,RBBP7,homo_sapiens
1753,ENSMUSG00000031157,PQBP1,mus_musculus
1753,WBGene00020295,PQBP1,caenorhabditis_elegans
1753,ENSG00000102103,PQBP1,homo_sapiens
1754,ENSMUSG00000031131,VGLL1,mus_musculus
1754,ENSXETG00000019748,VGLL1,xenopus_tropicalis
1754,ENSG00000102243,VGLL1,homo_sapiens
1755,ENSMUSG00000074734,TAF7L,mus_musculus
1755,FBgn0024909,TAF7L,drosophila_melanogaster
1755,WBGene00006389,TAF7L,caenorhabditis_elegans
1755,ENSG00000102387,TAF7L,homo_sapiens
1756,ENSMUSG00000031776,ARL2BP,mus_musculus
1756,ENSXETG00000018410,ARL2BP,xenopus_tropicalis
1756,ENSG00000102931,ARL2BP,homo_sapiens
1757,ENSMUSG00000031832,TAF1C,mus_musculus
1757,ENSXETG00000031615,TAF1C,xenopus_tropicalis
1757,ENSG00000103168,TAF1C,homo_sapiens
1758,ENSMUSG00000015120,UBE2I,mus_musculus
1758,ENSXETG00000004027,UBE2I,xenopus_tropicalis
1758,FBgn0010602,UBE2I,drosophila_melanogaster
1758,WBGene00006706,UBE2I,caenorhabditis_elegans
1758,ENSG00000103275,UBE2I,homo_sapiens
1759,ENSMUSG00000030905,CRYM,mus_musculus
1759,ENSXETG00000016698,CRYM,xenopus_tropicalis
1759,FBgn0030799,CRYM,drosophila_melanogaster
1759,ENSG00000103316,CRYM,homo_sapiens
1760,ENSMUSG00000055839,TCEB2,mus_musculus
1760,ENSXETG00000018362,TCEB2,xenopus_tropicalis
1760,FBgn0023212,TCEB2,drosophila_melanogaster
1760,WBGene00001235,TCEB2,caenorhabditis_elegans
1760,ENSG00000103363,TCEB2,homo_sapiens
1761,ENSMUSG00000031666,RBL2,mus_musculus
1761,ENSXETG00000000346,RBL2,xenopus_tropicalis
1761,FBgn0015799,RBL2,drosophila_melanogaster
1761,WBGene00003020,RBL2,caenorhabditis_elegans
1761,ENSG00000103479,RBL2,homo_sapiens
1762,ENSMUSG00000032386,TRIP4,mus_musculus
1762,ENSXETG00000010649,TRIP4,xenopus_tropicalis
1762,FBgn0031115,TRIP4,drosophila_melanogaster
1762,WBGene00000208,TRIP4,caenorhabditis_elegans
1762,ENSG00000103671,TRIP4,homo_sapiens
1763,ENSMUSG00000031487,BRF2,mus_musculus
1763,ENSXETG00000034155,BRF2,xenopus_tropicalis
1763,ENSG00000104221,BRF2,homo_sapiens
1764,ENSMUSG00000025932,EYA1,mus_musculus
1764,ENSXETG00000015955,EYA1,xenopus_tropicalis
1764,FBgn0000320,EYA1,drosophila_melanogaster
1764,WBGene00001377,EYA1,caenorhabditis_elegans
1764,ENSG00000104313,EYA1,homo_sapiens
1765,ENSMUSG00000030595,NFKBIB,mus_musculus
1765,FBgn0000250,NFKBIB,drosophila_melanogaster
1765,ENSG00000104825,NFKBIB,homo_sapiens
1766,ENSMUSG00000040734,PPP1R13L,mus_musculus
1766,ENSXETG00000018235,PPP1R13L,xenopus_tropicalis
1766,ENSG00000104881,PPP1R13L,homo_sapiens
1767,ENSMUSG00000030400,ERCC2,mus_musculus
1767,ENSXETG00000018229,ERCC2,xenopus_tropicalis
1767,FBgn0261850,ERCC2,drosophila_melanogaster
1767,WBGene00021759,ERCC2,caenorhabditis_elegans
1767,ENSG00000104884,ERCC2,homo_sapiens
1768,ENSMUSG00000054452,AES,mus_musculus
1768,ENSXETG00000014365,AES,xenopus_tropicalis
1768,FBgn0001139,AES,drosophila_melanogaster
1768,WBGene00006773,AES,caenorhabditis_elegans
1768,ENSG00000104964,AES,homo_sapiens
1769,ENSMUSG00000002968,MED25,mus_musculus
1769,ENSXETG00000000296,MED25,xenopus_tropicalis
1769,FBgn0038760,MED25,drosophila_melanogaster
1769,ENSG00000104973,MED25,homo_sapiens
1770,ENSMUSG00000045248,MED26,mus_musculus
1770,ENSXETG00000021451,MED26,xenopus_tropicalis
1770,FBgn0039923,MED26,drosophila_melanogaster
1770,ENSG00000105085,MED26,homo_sapiens
1771,ENSMUSG00000002068,CCNE1,mus_musculus
1771,ENSXETG00000012929,CCNE1,xenopus_tropicalis
1771,FBgn0010382,CCNE1,drosophila_melanogaster
1771,WBGene00000871,CCNE1,caenorhabditis_elegans
1771,ENSG00000105173,CCNE1,homo_sapiens
1772,ENSMUSG00000030421,URI1,mus_musculus
1772,ENSXETG00000012924,URI1,xenopus_tropicalis
1772,ENSG00000105176,URI1,homo_sapiens
1773,ENSMUSG00000002409,DYRK1B,mus_musculus
1773,ENSXETG00000032961,DYRK1B,xenopus_tropicalis
1773,FBgn0259168,DYRK1B,drosophila_melanogaster
1773,WBGene00003149,DYRK1B,caenorhabditis_elegans
1773,ENSG00000105204,DYRK1B,homo_sapiens
1774,ENSMUSG00000002603,TGFB1,mus_musculus
1774,ENSXETG00000018738,TGFB1,xenopus_tropicalis
1774,FBgn0031461,TGFB1,drosophila_melanogaster
1774,ENSG00000105329,TGFB1,homo_sapiens
1775,ENSMUSG00000003575,CRTC1,mus_musculus
1775,ENSXETG00000011199,CRTC1,xenopus_tropicalis
1775,ENSG00000105662,CRTC1,homo_sapiens
1776,ENSMUSG00000036980,TAF6,mus_musculus
1776,ENSXETG00000004009,TAF6,xenopus_tropicalis
1776,FBgn0010417,TAF6,drosophila_melanogaster
1776,ENSG00000106290,TAF6,homo_sapiens
1777,ENSMUSG00000020473,AEBP1,mus_musculus
1777,ENSXETG00000032698,AEBP1,xenopus_tropicalis
1777,ENSG00000106624,AEBP1,homo_sapiens
1778,ENSMUSG00000024642,TLE4,mus_musculus
1778,ENSXETG00000010266,TLE4,xenopus_tropicalis
1778,FBgn0001139,TLE4,drosophila_melanogaster
1778,WBGene00006773,TLE4,caenorhabditis_elegans
1778,ENSG00000106829,TLE4,homo_sapiens
1779,ENSMUSG00000015092,EDF1,mus_musculus
1779,ENSXETG00000003971,EDF1,xenopus_tropicalis
1779,FBgn0262732,EDF1,drosophila_melanogaster
1779,WBGene00003148,EDF1,caenorhabditis_elegans
1779,ENSG00000107223,EDF1,homo_sapiens
1780,ENSMUSG00000055044,PDLIM1,mus_musculus
1780,ENSXETG00000008826,PDLIM1,xenopus_tropicalis
1780,ENSG00000107438,PDLIM1,homo_sapiens
1781,ENSMUSG00000025231,SUFU,mus_musculus
1781,ENSXETG00000015219,SUFU,xenopus_tropicalis
1781,FBgn0005355,SUFU,drosophila_melanogaster
1781,ENSG00000107882,SUFU,homo_sapiens
1784,ENSMUSG00000034297,MED13,mus_musculus
1784,ENSXETG00000010728,MED13,xenopus_tropicalis
1784,FBgn0003415,MED13,drosophila_melanogaster
1784,WBGene00002295,MED13,caenorhabditis_elegans
1784,ENSG00000108510,MED13,homo_sapiens
1785,ENSMUSG00000018446,C1QBP,mus_musculus
1785,ENSXETG00000021363,C1QBP,xenopus_tropicalis
1785,FBgn0034259,C1QBP,drosophila_melanogaster
1785,WBGene00010303,C1QBP,caenorhabditis_elegans
1785,ENSG00000108561,C1QBP,homo_sapiens
1786,ENSMUSG00000020801,MED31,mus_musculus
1786,ENSXETG00000017618,MED31,xenopus_tropicalis
1786,FBgn0037262,MED31,drosophila_melanogaster
1786,WBGene00007026,MED31,caenorhabditis_elegans
1786,ENSG00000108590,MED31,homo_sapiens
1787,ENSMUSG00000020719,DDX5,mus_musculus
1787,ENSXETG00000012580,DDX5,xenopus_tropicalis
1787,FBgn0003261,DDX5,drosophila_melanogaster
1787,WBGene00010260,DDX5,caenorhabditis_elegans
1787,ENSG00000108654,DDX5,homo_sapiens
1788,ENSMUSG00000037791,PHF12,mus_musculus
1788,ENSXETG00000014345,PHF12,xenopus_tropicalis
1788,FBgn0029861,PHF12,drosophila_melanogaster
1788,ENSG00000109118,PHF12,homo_sapiens
1789,ENSMUSG00000029167,PPARGC1A,mus_musculus
1789,ENSXETG00000020468,PPARGC1A,xenopus_tropicalis
1789,FBgn0037248,PPARGC1A,drosophila_melanogaster
1789,ENSG00000109819,PPARGC1A,homo_sapiens
1790,ENSMUSG00000039745,HTATIP2,mus_musculus
1790,ENSXETG00000014192,HTATIP2,xenopus_tropicalis
1790,WBGene00050941,HTATIP2,caenorhabditis_elegans
1790,ENSG00000109854,HTATIP2,homo_sapiens
1791,ENSMUSG00000030788,RNF141,mus_musculus
1791,ENSXETG00000008400,RNF141,xenopus_tropicalis
1791,WBGene00010028,RNF141,caenorhabditis_elegans
1791,ENSG00000110315,RNF141,homo_sapiens
1792,ENSMUSG00000057367,BIRC2,mus_musculus
1792,ENSXETG00000022183,BIRC2,xenopus_tropicalis
1792,FBgn0015247,BIRC2,drosophila_melanogaster
1792,ENSG00000110330,BIRC2,homo_sapiens
1793,ENSMUSG00000034342,CBL,mus_musculus
1793,ENSXETG00000021588,CBL,xenopus_tropicalis
1793,FBgn0020224,CBL,drosophila_melanogaster
1793,WBGene00004829,CBL,caenorhabditis_elegans
1793,ENSG00000110395,CBL,homo_sapiens
1794,ENSMUSG00000027177,HIPK3,mus_musculus
1794,ENSXETG00000017947,HIPK3,xenopus_tropicalis
1794,FBgn0035142,HIPK3,drosophila_melanogaster
1794,WBGene00001994,HIPK3,caenorhabditis_elegans
1794,ENSG00000110422,HIPK3,homo_sapiens
1795,ENSMUSG00000024847,AIP,mus_musculus
1795,ENSXETG00000017438,AIP,xenopus_tropicalis
1795,FBgn0030345,AIP,drosophila_melanogaster
1795,WBGene00016966,AIP,caenorhabditis_elegans
1795,ENSG00000110711,AIP,homo_sapiens
1796,ENSMUSG00000032053,POU2AF1,mus_musculus
1796,ENSXETG00000010155,POU2AF1,xenopus_tropicalis
1796,ENSG00000110777,POU2AF1,homo_sapiens
1797,ENSMUSG00000029440,PSMD9,mus_musculus
1797,ENSXETG00000003768,PSMD9,xenopus_tropicalis
1797,FBgn0038166,PSMD9,drosophila_melanogaster
1797,WBGene00016623,PSMD9,caenorhabditis_elegans
1797,ENSG00000110801,PSMD9,homo_sapiens
1798,ENSMUSG00000020166,CNOT2,mus_musculus
1798,ENSXETG00000011385,CNOT2,xenopus_tropicalis
1798,FBgn0017550,CNOT2,drosophila_melanogaster
1798,WBGene00003825,CNOT2,caenorhabditis_elegans
1798,ENSG00000111596,CNOT2,homo_sapiens
1799,ENSMUSG00000107478,ATN1,mus_musculus
1799,ENSXETG00000023922,ATN1,xenopus_tropicalis
1799,FBgn0010825,ATN1,drosophila_melanogaster
1799,WBGene00001194,ATN1,caenorhabditis_elegans
1799,ENSG00000111676,ATN1,homo_sapiens
1800,ENSMUSG00000020246,HCFC2,mus_musculus
1800,ENSXETG00000019643,HCFC2,xenopus_tropicalis
1800,FBgn0039904,HCFC2,drosophila_melanogaster
1800,WBGene00001827,HCFC2,caenorhabditis_elegans
1800,ENSG00000111727,HCFC2,homo_sapiens
1801,ENSMUSG00000035958,TDP2,mus_musculus
1801,ENSXETG00000014826,TDP2,xenopus_tropicalis
1801,WBGene00013405,TDP2,caenorhabditis_elegans
1801,ENSG00000111802,TDP2,homo_sapiens
1802,ENSMUSG00000021363,MAK,mus_musculus
1802,ENSXETG00000001069,MAK,xenopus_tropicalis
1802,FBgn0259712,MAK,drosophila_melanogaster
1802,WBGene00001121,MAK,caenorhabditis_elegans
1802,ENSG00000111837,MAK,homo_sapiens
1803,ENSMUSG00000039697,NCOA7,mus_musculus
1803,ENSXETG00000011699,NCOA7,xenopus_tropicalis
1803,ENSG00000111912,NCOA7,homo_sapiens
1804,ENSMUSG00000028259,FHL5,mus_musculus
1804,ENSXETG00000001065,FHL5,xenopus_tropicalis
1804,WBGene00006407,FHL5,caenorhabditis_elegans
1804,ENSG00000112214,FHL5,homo_sapiens
1805,ENSMUSG00000028252,CCNC,mus_musculus
1805,ENSXETG00000026026,CCNC,xenopus_tropicalis
1805,FBgn0004597,CCNC,drosophila_melanogaster
1805,WBGene00000506,CCNC,caenorhabditis_elegans
1805,ENSG00000112237,CCNC,homo_sapiens
1806,ENSMUSG00000019984,MED23,mus_musculus
1806,ENSXETG00000008243,MED23,xenopus_tropicalis
1806,FBgn0034795,MED23,drosophila_melanogaster
1806,WBGene00006349,MED23,caenorhabditis_elegans
1806,ENSG00000112282,MED23,homo_sapiens
1807,ENSMUSG00000006715,GMNN,mus_musculus
1807,ENSXETG00000014814,GMNN,xenopus_tropicalis
1807,ENSG00000112312,GMNN,homo_sapiens
1808,ENSMUSG00000032717,MDFI,mus_musculus
1808,ENSG00000112559,MDFI,homo_sapiens
1809,ENSMUSG00000020362,CNOT6,mus_musculus
1809,FBgn0011725,CNOT6,drosophila_melanogaster
1809,WBGene00000376,CNOT6,caenorhabditis_elegans
1809,ENSG00000113300,CNOT6,homo_sapiens
1810,ENSMUSG00000018849,WWC1,mus_musculus
1810,ENSXETG00000016462,WWC1,xenopus_tropicalis
1810,FBgn0262127,WWC1,drosophila_melanogaster
1810,ENSG00000113645,WWC1,homo_sapiens
1811,ENSMUSG00000024498,TCERG1,mus_musculus
1811,ENSXETG00000002324,TCERG1,xenopus_tropicalis
1811,FBgn0261641,TCERG1,drosophila_melanogaster
1811,WBGene00022855,TCERG1,caenorhabditis_elegans
1811,ENSG00000113649,TCERG1,homo_sapiens
1812,ENSMUSG00000025326,UBE3A,mus_musculus
1812,ENSXETG00000024326,UBE3A,xenopus_tropicalis
1812,FBgn0061469,UBE3A,drosophila_melanogaster
1812,ENSG00000114062,UBE3A,homo_sapiens
1813,ENSMUSG00000079056,KCNIP3,mus_musculus
1813,ENSXETG00000004341,KCNIP3,xenopus_tropicalis
1813,FBgn0039380,KCNIP3,drosophila_melanogaster
1813,WBGene00015867,KCNIP3,caenorhabditis_elegans
1813,ENSG00000115041,KCNIP3,homo_sapiens
1814,ENSMUSG00000069678,PCGF1,mus_musculus
1814,ENSG00000115289,PCGF1,homo_sapiens
1815,ENSMUSG00000055027,SMYD1,mus_musculus
1815,ENSXETG00000001940,SMYD1,xenopus_tropicalis
1815,FBgn0011566,SMYD1,drosophila_melanogaster
1815,WBGene00011068,SMYD1,caenorhabditis_elegans
1815,ENSG00000115593,SMYD1,homo_sapiens
1816,ENSMUSG00000008136,FHL2,mus_musculus
1816,ENSXETG00000002577,FHL2,xenopus_tropicalis
1816,WBGene00006407,FHL2,caenorhabditis_elegans
1816,ENSG00000115641,FHL2,homo_sapiens
1817,ENSMUSG00000026037,ORC2,mus_musculus
1817,ENSXETG00000004151,ORC2,xenopus_tropicalis
1817,FBgn0015270,ORC2,drosophila_melanogaster
1817,WBGene00003882,ORC2,caenorhabditis_elegans
1817,ENSG00000115942,ORC2,homo_sapiens
1818,ENSMUSG00000026021,SUMO1,mus_musculus
1818,ENSXETG00000022072,SUMO1,xenopus_tropicalis
1818,WBGene00004888,SUMO1,caenorhabditis_elegans
1818,ENSG00000116030,SUMO1,homo_sapiens
1819,ENSMUSG00000000561,WDR77,mus_musculus
1819,ENSXETG00000006758,WDR77,xenopus_tropicalis
1819,ENSG00000116455,WDR77,homo_sapiens
1820,ENSMUSG00000028820,SFPQ,mus_musculus
1820,ENSXETG00000009682,SFPQ,xenopus_tropicalis
1820,FBgn0015520,SFPQ,drosophila_melanogaster
1820,WBGene00017778,SFPQ,caenorhabditis_elegans
1820,ENSG00000116560,SFPQ,homo_sapiens
1821,ENSMUSG00000033222,TTF2,mus_musculus
1821,ENSXETG00000022003,TTF2,xenopus_tropicalis
1821,FBgn0002542,TTF2,drosophila_melanogaster
1821,WBGene00020742,TTF2,caenorhabditis_elegans
1821,ENSG00000116830,TTF2,homo_sapiens
1823,ENSMUSG00000029265,DR1,mus_musculus
1823,ENSXETG00000022989,DR1,xenopus_tropicalis
1823,FBgn0028926,DR1,drosophila_melanogaster
1823,WBGene00001092,DR1,caenorhabditis_elegans
1823,ENSG00000117505,DR1,homo_sapiens
1824,ENSMUSG00000026605,CENPF,mus_musculus
1824,ENSXETG00000023124,CENPF,xenopus_tropicalis
1824,ENSG00000117724,CENPF,homo_sapiens
1825,ENSMUSG00000051675,TRIM32,mus_musculus
1825,ENSXETG00000021741,TRIM32,xenopus_tropicalis
1825,ENSG00000119401,TRIM32,homo_sapiens
1826,ENSMUSG00000053134,SUPT7L,mus_musculus
1826,ENSXETG00000022502,SUPT7L,xenopus_tropicalis
1826,ENSG00000119760,SUPT7L,homo_sapiens
1827,ENSMUSG00000022338,ENY2,mus_musculus
1827,ENSXETG00000027483,ENY2,xenopus_tropicalis
1827,FBgn0000618,ENY2,drosophila_melanogaster
1827,ENSG00000120533,ENY2,homo_sapiens
1828,ENSMUSG00000024240,EPC1,mus_musculus
1828,ENSXETG00000011660,EPC1,xenopus_tropicalis
1828,FBgn0000581,EPC1,drosophila_melanogaster
1828,WBGene00007030,EPC1,caenorhabditis_elegans
1828,ENSG00000120616,EPC1,homo_sapiens
1829,ENSMUSG00000025917,COPS5,mus_musculus
1829,ENSXETG00000023263,COPS5,xenopus_tropicalis
1829,FBgn0027053,COPS5,drosophila_melanogaster
1829,WBGene00000817,COPS5,caenorhabditis_elegans
1829,ENSG00000121022,COPS5,homo_sapiens
1830,ENSMUSG00000000275,TRIM25,mus_musculus
1830,ENSXETG00000032524,TRIM25,xenopus_tropicalis
1830,ENSG00000121060,TRIM25,homo_sapiens
1831,ENSMUSG00000021938,PSPC1,mus_musculus
1831,FBgn0015520,PSPC1,drosophila_melanogaster
1831,WBGene00017778,PSPC1,caenorhabditis_elegans
1831,ENSG00000121390,PSPC1,homo_sapiens
1832,ENSMUSG00000026484,RNF2,mus_musculus
1832,ENSXETG00000026022,RNF2,xenopus_tropicalis
1832,FBgn0003330,RNF2,drosophila_melanogaster
1832,WBGene00020496,RNF2,caenorhabditis_elegans
1832,ENSG00000121481,RNF2,homo_sapiens
1833,ENSMUSG00000027223,MAPK8IP1,mus_musculus
1833,ENSXETG00000001025,MAPK8IP1,xenopus_tropicalis
1833,FBgn0040281,MAPK8IP1,drosophila_melanogaster
1833,WBGene00002176,MAPK8IP1,caenorhabditis_elegans
1833,ENSG00000121653,MAPK8IP1,homo_sapiens
1834,ENSMUSG00000021945,ZMYM2,mus_musculus
1834,ENSXETG00000002643,ZMYM2,xenopus_tropicalis
1834,FBgn0010328,ZMYM2,drosophila_melanogaster
1834,ENSG00000121741,ZMYM2,homo_sapiens
1835,ENSMUSG00000029833,TRIM24,mus_musculus
1835,ENSXETG00000011567,TRIM24,xenopus_tropicalis
1835,FBgn0023097,TRIM24,drosophila_melanogaster
1835,ENSG00000122779,TRIM24,homo_sapiens
1836,ENSMUSG00000021810,ECD,mus_musculus
1836,ENSXETG00000023586,ECD,xenopus_tropicalis
1836,FBgn0000543,ECD,drosophila_melanogaster
1836,ENSG00000122882,ECD,homo_sapiens
1837,ENSMUSG00000029599,DDX54,mus_musculus
1837,ENSXETG00000016410,DDX54,xenopus_tropicalis
1837,FBgn0052344,DDX54,drosophila_melanogaster
1837,WBGene00022378,DDX54,caenorhabditis_elegans
1837,ENSG00000123064,DDX54,homo_sapiens
1838,ENSMUSG00000041058,WWP1,mus_musculus
1838,ENSXETG00000029963,WWP1,xenopus_tropicalis
1838,FBgn0003557,WWP1,drosophila_melanogaster
1838,WBGene00007009,WWP1,caenorhabditis_elegans
1838,ENSG00000123124,WWP1,homo_sapiens
1839,ENSMUSG00000001289,PFDN5,mus_musculus
1839,ENSXETG00000012667,PFDN5,xenopus_tropicalis
1839,FBgn0038976,PFDN5,drosophila_melanogaster
1839,WBGene00020112,PFDN5,caenorhabditis_elegans
1839,ENSG00000123349,PFDN5,homo_sapiens
1840,ENSMUSG00000025358,CDK2,mus_musculus
1840,ENSXETG00000009444,CDK2,xenopus_tropicalis
1840,FBgn0004107,CDK2,drosophila_melanogaster
1840,ENSG00000123374,CDK2,homo_sapiens
1841,ENSMUSG00000036698,AGO2,mus_musculus
1841,ENSXETG00000023755,AGO2,xenopus_tropicalis
1841,FBgn0262739,AGO2,drosophila_melanogaster
1841,WBGene00000106,AGO2,caenorhabditis_elegans
1841,ENSG00000123908,AGO2,homo_sapiens
1842,ENSMUSG00000027678,NCOA3,mus_musculus
1842,ENSXETG00000003480,NCOA3,xenopus_tropicalis
1842,ENSG00000124151,NCOA3,homo_sapiens
1843,ENSMUSG00000042506,USP22,mus_musculus
1843,FBgn0013717,USP22,drosophila_melanogaster
1843,ENSG00000124422,USP22,homo_sapiens
1844,ENSMUSG00000092558,MED20,mus_musculus
1844,ENSXETG00000011847,MED20,xenopus_tropicalis
1844,FBgn0013531,MED20,drosophila_melanogaster
1844,WBGene00007020,MED20,caenorhabditis_elegans
1844,ENSG00000124641,MED20,homo_sapiens
1845,ENSMUSG00000021377,DEK,mus_musculus
1845,ENSXETG00000014181,DEK,xenopus_tropicalis
1845,FBgn0026533,DEK,drosophila_melanogaster
1845,ENSG00000124795,DEK,homo_sapiens
1846,ENSMUSG00000036550,CNOT1,mus_musculus
1846,ENSXETG00000015900,CNOT1,xenopus_tropicalis
1846,FBgn0085436,CNOT1,drosophila_melanogaster
1846,WBGene00002845,CNOT1,caenorhabditis_elegans
1846,ENSG00000125107,CNOT1,homo_sapiens
1847,ENSMUSG00000002658,GTF2F1,mus_musculus
1847,ENSXETG00000005579,GTF2F1,xenopus_tropicalis
1847,FBgn0010282,GTF2F1,drosophila_melanogaster
1847,WBGene00015296,GTF2F1,caenorhabditis_elegans
1847,ENSG00000125651,GTF2F1,homo_sapiens
1848,ENSMUSG00000018160,MED1,mus_musculus
1848,ENSXETG00000023696,MED1,xenopus_tropicalis
1848,FBgn0037109,MED1,drosophila_melanogaster
1848,ENSG00000125686,MED1,homo_sapiens
1849,ENSMUSG00000068267,CENPB,mus_musculus
1849,ENSXETG00000006941,CENPB,xenopus_tropicalis
1849,ENSG00000125817,CENPB,homo_sapiens
1850,ENSMUSG00000051159,CITED1,mus_musculus
1850,ENSG00000125931,CITED1,homo_sapiens
1851,ENSMUSG00000062814,SSX1,mus_musculus
1851,ENSG00000126752,SSX1,homo_sapiens
1852,ENSMUSG00000031622,SIN3B,mus_musculus
1852,ENSXETG00000013501,SIN3B,xenopus_tropicalis
1852,FBgn0022764,SIN3B,drosophila_melanogaster
1852,WBGene00004117,SIN3B,caenorhabditis_elegans
1852,ENSG00000127511,SIN3B,homo_sapiens
1853,ENSMUSG00000029634,RNF6,mus_musculus
1853,FBgn0037705,RNF6,drosophila_melanogaster
1853,ENSG00000127870,RNF6,homo_sapiens
1854,ENSMUSG00000011960,CCNT1,mus_musculus
1854,ENSXETG00000009784,CCNT1,xenopus_tropicalis
1854,FBgn0025455,CCNT1,drosophila_melanogaster
1854,WBGene00000507,CCNT1,caenorhabditis_elegans
1854,ENSG00000129315,CCNT1,homo_sapiens
1855,ENSMUSG00000022221,RIPK3,mus_musculus
1855,ENSXETG00000025849,RIPK3,xenopus_tropicalis
1855,ENSG00000129465,RIPK3,homo_sapiens
1856,ENSMUSG00000022178,AJUBA,mus_musculus
1856,FBgn0030530,AJUBA,drosophila_melanogaster
1856,ENSG00000129474,AJUBA,homo_sapiens
1857,ENSMUSG00000010376,NEDD8,mus_musculus
1857,ENSXETG00000027217,NEDD8,xenopus_tropicalis
1857,FBgn0032725,NEDD8,drosophila_melanogaster
1857,WBGene00003587,NEDD8,caenorhabditis_elegans
1857,ENSG00000129559,NEDD8,homo_sapiens
1858,ENSMUSG00000006362,CBFA2T3,mus_musculus
1858,ENSXETG00000011259,CBFA2T3,xenopus_tropicalis
1858,FBgn0005636,CBFA2T3,drosophila_melanogaster
1858,ENSG00000129993,CBFA2T3,homo_sapiens
1859,ENSMUSG00000042625,SAFB2,mus_musculus
1859,ENSXETG00000008755,SAFB2,xenopus_tropicalis
1859,FBgn0039229,SAFB2,drosophila_melanogaster
1859,ENSG00000130254,SAFB2,homo_sapiens
1860,ENSMUSG00000027580,HELZ2,mus_musculus
1860,ENSXETG00000023714,HELZ2,xenopus_tropicalis
1860,ENSG00000130589,HELZ2,homo_sapiens
1861,ENSMUSG00000039117,TAF4,mus_musculus
1861,ENSXETG00000001996,TAF4,xenopus_tropicalis
1861,FBgn0010280,TAF4,drosophila_melanogaster
1861,WBGene00006385,TAF4,caenorhabditis_elegans
1861,ENSG00000130699,TAF4,homo_sapiens
1862,ENSMUSG00000005566,TRIM28,mus_musculus
1862,ENSXETG00000019245,TRIM28,xenopus_tropicalis
1862,FBgn0023097,TRIM28,drosophila_melanogaster
1862,ENSG00000130726,TRIM28,homo_sapiens
1863,ENSMUSG00000040390,MAP3K10,mus_musculus
1863,ENSXETG00000016998,MAP3K10,xenopus_tropicalis
1863,FBgn0030018,MAP3K10,drosophila_melanogaster
1863,ENSG00000130758,MAP3K10,homo_sapiens
1864,ENSMUSG00000021476,HABP4,mus_musculus
1864,ENSXETG00000014841,HABP4,xenopus_tropicalis
1864,FBgn0024183,HABP4,drosophila_melanogaster
1864,ENSG00000130956,HABP4,homo_sapiens
1865,ENSMUSG00000027620,RBM39,mus_musculus
1865,ENSXETG00000007434,RBM39,xenopus_tropicalis
1865,FBgn0031883,RBM39,drosophila_melanogaster
1865,WBGene00021921,RBM39,caenorhabditis_elegans
1865,ENSG00000131051,RBM39,homo_sapiens
1866,ENSMUSG00000056537,RLIM,mus_musculus
1866,ENSXETG00000004580,RLIM,xenopus_tropicalis
1866,FBgn0037705,RLIM,drosophila_melanogaster
1866,ENSG00000131263,RLIM,homo_sapiens
1867,ENSMUSG00000019303,PSMC3IP,mus_musculus
1867,ENSXETG00000009986,PSMC3IP,xenopus_tropicalis
1867,ENSG00000131470,PSMC3IP,homo_sapiens
1868,ENSMUSG00000078656,VPS25,mus_musculus
1868,ENSXETG00000024599,VPS25,xenopus_tropicalis
1868,FBgn0022027,VPS25,drosophila_melanogaster
1868,WBGene00012193,VPS25,caenorhabditis_elegans
1868,ENSG00000131475,VPS25,homo_sapiens
1869,ENSXETG00000007266,TRIM22,xenopus_tropicalis
1869,ENSG00000132274,TRIM22,homo_sapiens
1870,ENSMUSG00000029430,RAN,mus_musculus
1870,ENSXETG00000027832,RAN,xenopus_tropicalis
1870,FBgn0020255,RAN,drosophila_melanogaster
1870,WBGene00004302,RAN,caenorhabditis_elegans
1870,ENSG00000132341,RAN,homo_sapiens
1871,ENSMUSG00000040463,MYBBP1A,mus_musculus
1871,ENSG00000132382,MYBBP1A,homo_sapiens
1872,ENSMUSG00000023170,GPS2,mus_musculus
1872,ENSXETG00000027787,GPS2,xenopus_tropicalis
1872,ENSG00000132522,GPS2,homo_sapiens
1873,ENSMUSG00000021496,PCBD2,mus_musculus
1873,FBgn0024841,PCBD2,drosophila_melanogaster
1873,WBGene00020397,PCBD2,caenorhabditis_elegans
1873,ENSG00000132570,PCBD2,homo_sapiens
1874,ENSMUSG00000027427,POLR3F,mus_musculus
1874,ENSXETG00000024898,POLR3F,xenopus_tropicalis
1874,FBgn0038951,POLR3F,drosophila_melanogaster
1874,WBGene00021112,POLR3F,caenorhabditis_elegans
1874,ENSG00000132664,POLR3F,homo_sapiens
1875,ENSMUSG00000029635,CDK8,mus_musculus
1875,ENSXETG00000009787,CDK8,xenopus_tropicalis
1875,FBgn0015618,CDK8,drosophila_melanogaster
1875,WBGene00000409,CDK8,caenorhabditis_elegans
1875,ENSG00000132964,CDK8,homo_sapiens
1876,ENSMUSG00000036615,RFXAP,mus_musculus
1876,ENSXETG00000001824,RFXAP,xenopus_tropicalis
1876,ENSG00000133111,RFXAP,homo_sapiens
1877,ENSMUSG00000021598,MED10,mus_musculus
1877,ENSXETG00000026404,MED10,xenopus_tropicalis
1877,FBgn0036581,MED10,drosophila_melanogaster
1877,WBGene00007014,MED10,caenorhabditis_elegans
1877,ENSG00000133398,MED10,homo_sapiens
1878,ENSMUSG00000036478,BTG1,mus_musculus
1878,ENSXETG00000026594,BTG1,xenopus_tropicalis
1878,FBgn0028397,BTG1,drosophila_melanogaster
1878,ENSG00000133639,BTG1,homo_sapiens
1879,ENSMUSG00000019897,CCDC59,mus_musculus
1879,ENSXETG00000014539,CCDC59,xenopus_tropicalis
1879,ENSG00000133773,CCDC59,homo_sapiens
1880,ENSMUSG00000024947,MEN1,mus_musculus
1880,ENSXETG00000008433,MEN1,xenopus_tropicalis
1880,FBgn0031885,MEN1,drosophila_melanogaster
1880,ENSG00000133895,MEN1,homo_sapiens
1881,ENSMUSG00000002679,MED6,mus_musculus
1881,ENSXETG00000002222,MED6,xenopus_tropicalis
1881,FBgn0024330,MED6,drosophila_melanogaster
1881,WBGene00003164,MED6,caenorhabditis_elegans
1881,ENSG00000133997,MED6,homo_sapiens
1882,ENSMUSG00000034205,LOXL2,mus_musculus
1882,ENSXETG00000007773,LOXL2,xenopus_tropicalis
1882,FBgn0034660,LOXL2,drosophila_melanogaster
1882,ENSG00000134013,LOXL2,homo_sapiens
1883,ENSMUSG00000069089,CDK7,mus_musculus
1883,ENSXETG00000000481,CDK7,xenopus_tropicalis
1883,FBgn0263237,CDK7,drosophila_melanogaster
1883,WBGene00000408,CDK7,caenorhabditis_elegans
1883,ENSG00000134058,CDK7,homo_sapiens
1884,ENSXETG00000001448,VHL,xenopus_tropicalis
1884,ENSG00000134086,VHL,homo_sapiens
1885,ENSMUSG00000021548,CCNH,mus_musculus
1885,ENSXETG00000011718,CCNH,xenopus_tropicalis
1885,FBgn0022936,CCNH,drosophila_melanogaster
1885,WBGene00021714,CCNH,caenorhabditis_elegans
1885,ENSG00000134480,CCNH,homo_sapiens
1886,ENSMUSG00000036225,KCTD1,mus_musculus
1886,ENSXETG00000006930,KCTD1,xenopus_tropicalis
1886,FBgn0034636,KCTD1,drosophila_melanogaster
1886,ENSG00000134504,KCTD1,homo_sapiens
1887,ENSMUSG00000024271,ELP2,mus_musculus
1887,ENSXETG00000018920,ELP2,xenopus_tropicalis
1887,FBgn0033540,ELP2,drosophila_melanogaster
1887,WBGene00013738,ELP2,caenorhabditis_elegans
1887,ENSG00000134759,ELP2,homo_sapiens
1888,ENSMUSG00000029603,DTX1,mus_musculus
1888,ENSXETG00000016413,DTX1,xenopus_tropicalis
1888,FBgn0000524,DTX1,drosophila_melanogaster
1888,ENSG00000135144,DTX1,homo_sapiens
1889,ENSMUSG00000038697,TAF5L,mus_musculus
1889,ENSXETG00000023330,TAF5L,xenopus_tropicalis
1889,FBgn0039067,TAF5L,drosophila_melanogaster
1889,ENSG00000135801,TAF5L,homo_sapiens
1890,ENSMUSG00000069495,EPC2,mus_musculus
1890,ENSXETG00000024611,EPC2,xenopus_tropicalis
1890,FBgn0000581,EPC2,drosophila_melanogaster
1890,WBGene00007030,EPC2,caenorhabditis_elegans
1890,ENSG00000135999,EPC2,homo_sapiens
1891,ENSMUSG00000022109,MED4,mus_musculus
1891,ENSXETG00000000549,MED4,xenopus_tropicalis
1891,FBgn0035754,MED4,drosophila_melanogaster
1891,WBGene00007012,MED4,caenorhabditis_elegans
1891,ENSG00000136146,MED4,homo_sapiens
1892,ENSMUSG00000034329,BRIP1,mus_musculus
1892,ENSXETG00000010720,BRIP1,xenopus_tropicalis
1892,WBGene00001049,BRIP1,caenorhabditis_elegans
1892,ENSG00000136492,BRIP1,homo_sapiens
1893,ENSMUSG00000027671,ACTL6A,mus_musculus
1893,ENSXETG00000007260,ACTL6A,xenopus_tropicalis
1893,FBgn0025716,ACTL6A,drosophila_melanogaster
1893,WBGene00022774,ACTL6A,caenorhabditis_elegans
1893,ENSG00000136518,ACTL6A,homo_sapiens
1894,ENSMUSG00000027660,SKIL,mus_musculus
1894,ENSXETG00000009208,SKIL,xenopus_tropicalis
1894,FBgn0085450,SKIL,drosophila_melanogaster
1894,ENSG00000136603,SKIL,homo_sapiens
1895,ENSMUSG00000024260,SAP130,mus_musculus
1895,ENSXETG00000002957,SAP130,xenopus_tropicalis
1895,FBgn0262714,SAP130,drosophila_melanogaster
1895,ENSG00000136715,SAP130,homo_sapiens
1896,ENSMUSG00000009555,CDK9,mus_musculus
1896,ENSXETG00000024742,CDK9,xenopus_tropicalis
1896,FBgn0019949,CDK9,drosophila_melanogaster
1896,WBGene00000410,CDK9,caenorhabditis_elegans
1896,ENSG00000136807,CDK9,homo_sapiens
1897,ENSMUSG00000018909,ARRB1,mus_musculus
1897,ENSXETG00000009605,ARRB1,xenopus_tropicalis
1897,FBgn0040206,ARRB1,drosophila_melanogaster
1897,WBGene00000195,ARRB1,caenorhabditis_elegans
1897,ENSG00000137486,ARRB1,homo_sapiens
1898,ENSMUSG00000028233,TGS1,mus_musculus
1898,ENSXETG00000005648,TGS1,xenopus_tropicalis
1898,FBgn0266195,TGS1,drosophila_melanogaster
1898,WBGene00011631,TGS1,caenorhabditis_elegans
1898,ENSG00000137574,TGS1,homo_sapiens
1899,ENSMUSG00000053110,YAP1,mus_musculus
1899,ENSXETG00000032689,YAP1,xenopus_tropicalis
1899,FBgn0034970,YAP1,drosophila_melanogaster
1899,ENSG00000137693,YAP1,homo_sapiens
1900,ENSMUSG00000032013,TRIM29,mus_musculus
1900,ENSXETG00000009248,TRIM29,xenopus_tropicalis
1900,ENSG00000137699,TRIM29,homo_sapiens
1902,ENSMUSG00000002881,NAB1,mus_musculus
1902,ENSXETG00000015250,NAB1,xenopus_tropicalis
1902,FBgn0259986,NAB1,drosophila_melanogaster
1902,WBGene00003107,NAB1,caenorhabditis_elegans
1902,ENSG00000138386,NAB1,homo_sapiens
1903,ENSMUSG00000041777,CIR1,mus_musculus
1903,ENSXETG00000008492,CIR1,xenopus_tropicalis
1903,FBgn0036827,CIR1,drosophila_melanogaster
1903,WBGene00018892,CIR1,caenorhabditis_elegans
1903,ENSG00000138433,CIR1,homo_sapiens
1904,ENSMUSG00000000568,HNRNPD,mus_musculus
1904,ENSXETG00000012569,HNRNPD,xenopus_tropicalis
1904,FBgn0263396,HNRNPD,drosophila_melanogaster
1904,ENSG00000138668,HNRNPD,homo_sapiens
1905,ENSMUSG00000041147,BRCA2,mus_musculus
1905,ENSXETG00000017011,BRCA2,xenopus_tropicalis
1905,ENSG00000139618,BRCA2,homo_sapiens
1906,ENSMUSG00000022105,RB1,mus_musculus
1906,FBgn0015799,RB1,drosophila_melanogaster
1906,WBGene00003020,RB1,caenorhabditis_elegans
1906,ENSG00000139687,RB1,homo_sapiens
1907,ENSMUSG00000033543,GTF2A2,mus_musculus
1907,ENSXETG00000026944,GTF2A2,xenopus_tropicalis
1907,FBgn0013347,GTF2A2,drosophila_melanogaster
1907,WBGene00013736,GTF2A2,caenorhabditis_elegans
1907,ENSG00000140307,GTF2A2,homo_sapiens
1908,ENSMUSG00000005886,NCOA2,mus_musculus
1908,ENSXETG00000015926,NCOA2,xenopus_tropicalis
1908,ENSG00000140396,NCOA2,homo_sapiens
1909,ENSMUSG00000036986,PML,mus_musculus
1909,ENSG00000140464,PML,homo_sapiens
1910,ENSMUSG00000108631,TGFB1I1,mus_musculus
1910,ENSXETG00000018791,TGFB1I1,xenopus_tropicalis
1910,FBgn0041789,TGFB1I1,drosophila_melanogaster
1910,WBGene00016197,TGFB1I1,caenorhabditis_elegans
1910,ENSG00000140682,TGFB1I1,homo_sapiens
1911,ENSMUSG00000020542,MYOCD,mus_musculus
1911,ENSXETG00000011035,MYOCD,xenopus_tropicalis
1911,FBgn0052296,MYOCD,drosophila_melanogaster
1911,ENSG00000141052,MYOCD,homo_sapiens
1912,ENSMUSG00000037573,TOB1,mus_musculus
1912,FBgn0028397,TOB1,drosophila_melanogaster
1912,ENSG00000141232,TOB1,homo_sapiens
1913,ENSMUSG00000054321,TAF4B,mus_musculus
1913,ENSXETG00000032722,TAF4B,xenopus_tropicalis
1913,FBgn0010280,TAF4B,drosophila_melanogaster
1913,WBGene00006385,TAF4B,caenorhabditis_elegans
1913,ENSG00000141384,TAF4B,homo_sapiens
1914,ENSMUSG00000062312,ERBB2,mus_musculus
1914,ENSXETG00000015145,ERBB2,xenopus_tropicalis
1914,FBgn0003731,ERBB2,drosophila_melanogaster
1914,ENSG00000141736,ERBB2,homo_sapiens
1915,ENSMUSG00000036459,WTIP,mus_musculus
1915,ENSXETG00000032866,WTIP,xenopus_tropicalis
1915,FBgn0030530,WTIP,drosophila_melanogaster
1915,ENSG00000142279,WTIP,homo_sapiens
1916,ENSMUSG00000028975,PEX14,mus_musculus
1916,ENSXETG00000006309,PEX14,xenopus_tropicalis
1916,FBgn0037020,PEX14,drosophila_melanogaster
1916,ENSG00000142655,PEX14,homo_sapiens
1917,ENSMUSG00000028840,ZNF593,mus_musculus
1917,ENSXETG00000009189,ZNF593,xenopus_tropicalis
1917,FBgn0029885,ZNF593,drosophila_melanogaster
1917,WBGene00013236,ZNF593,caenorhabditis_elegans
1917,ENSG00000142684,ZNF593,homo_sapiens
1918,ENSMUSG00000028549,ITGB3BP,mus_musculus
1918,ENSG00000142856,ITGB3BP,homo_sapiens
1919,ENSMUSG00000028191,BCL10,mus_musculus
1919,ENSXETG00000003096,BCL10,xenopus_tropicalis
1919,ENSG00000142867,BCL10,homo_sapiens
1920,ENSMUSG00000040713,CREG1,mus_musculus
1920,ENSXETG00000023010,CREG1,xenopus_tropicalis
1920,FBgn0025456,CREG1,drosophila_melanogaster
1920,ENSG00000143162,CREG1,homo_sapiens
1921,ENSMUSG00000053483,USP21,mus_musculus
1921,ENSXETG00000017669,USP21,xenopus_tropicalis
1921,FBgn0031187,USP21,drosophila_melanogaster
1921,WBGene00008441,USP21,caenorhabditis_elegans
1921,ENSG00000143258,USP21,homo_sapiens
1922,ENSXETG00000018516,HDGF,xenopus_tropicalis
1922,FBgn0039743,HDGF,drosophila_melanogaster
1922,WBGene00015501,HDGF,caenorhabditis_elegans
1922,ENSG00000143321,HDGF,homo_sapiens
1923,ENSMUSG00000072258,TAF1A,mus_musculus
1923,ENSXETG00000015037,TAF1A,xenopus_tropicalis
1923,ENSG00000143498,TAF1A,homo_sapiens
1924,ENSMUSG00000001016,ILF2,mus_musculus
1924,ENSXETG00000014290,ILF2,xenopus_tropicalis
1924,FBgn0038046,ILF2,drosophila_melanogaster
1924,WBGene00011253,ILF2,caenorhabditis_elegans
1924,ENSG00000143621,ILF2,homo_sapiens
1925,ENSMUSG00000030315,VGLL4,mus_musculus
1925,ENSXETG00000007712,VGLL4,xenopus_tropicalis
1925,ENSG00000144560,VGLL4,homo_sapiens
1926,ENSMUSG00000025239,LIMD1,mus_musculus
1926,ENSXETG00000031781,LIMD1,xenopus_tropicalis
1926,FBgn0030530,LIMD1,drosophila_melanogaster
1926,ENSG00000144791,LIMD1,homo_sapiens
1927,ENSMUSG00000035356,NFKBIZ,mus_musculus
1927,ENSXETG00000032514,NFKBIZ,xenopus_tropicalis
1927,WBGene00007877,NFKBIZ,caenorhabditis_elegans
1927,ENSG00000144802,NFKBIZ,homo_sapiens
1928,ENSMUSG00000027715,CCNA2,mus_musculus
1928,ENSXETG00000001016,CCNA2,xenopus_tropicalis
1928,FBgn0000404,CCNA2,drosophila_melanogaster
1928,ENSG00000145386,CCNA2,homo_sapiens
1929,ENSMUSG00000037111,SETD7,mus_musculus
1929,ENSXETG00000016939,SETD7,xenopus_tropicalis
1929,ENSG00000145391,SETD7,homo_sapiens
1930,ENSMUSG00000003992,SSBP2,mus_musculus
1930,ENSXETG00000027809,SSBP2,xenopus_tropicalis
1930,FBgn0011481,SSBP2,drosophila_melanogaster
1930,WBGene00012990,SSBP2,caenorhabditis_elegans
1930,ENSG00000145687,SSBP2,homo_sapiens
1931,ENSMUSG00000049658,BDP1,mus_musculus
1931,FBgn0032512,BDP1,drosophila_melanogaster
1931,WBGene00015091,BDP1,caenorhabditis_elegans
1931,ENSG00000145734,BDP1,homo_sapiens
1932,ENSMUSG00000021660,BTF3,mus_musculus
1932,ENSXETG00000016819,BTF3,xenopus_tropicalis
1932,FBgn0000181,BTF3,drosophila_melanogaster
1932,WBGene00002045,BTF3,caenorhabditis_elegans
1932,ENSG00000145741,BTF3,homo_sapiens
1933,ENSMUSG00000036376,ABT1,mus_musculus
1933,ENSXETG00000005684,ABT1,xenopus_tropicalis
1933,FBgn0052708,ABT1,drosophila_melanogaster
1933,WBGene00019005,ABT1,caenorhabditis_elegans
1933,ENSG00000146109,ABT1,homo_sapiens
1934,ENSMUSG00000040128,PNRC1,mus_musculus
1934,ENSG00000146278,PNRC1,homo_sapiens
1935,ENSMUSG00000031311,NONO,mus_musculus
1935,ENSXETG00000020868,NONO,xenopus_tropicalis
1935,FBgn0015520,NONO,drosophila_melanogaster
1935,WBGene00017778,NONO,caenorhabditis_elegans
1935,ENSG00000147140,NONO,homo_sapiens
1936,ENSMUSG00000022255,MTDH,mus_musculus
1936,ENSG00000147649,MTDH,homo_sapiens
1937,ENSMUSG00000052406,REXO4,mus_musculus
1937,ENSXETG00000023096,REXO4,xenopus_tropicalis
1937,FBgn0036405,REXO4,drosophila_melanogaster
1937,WBGene00012465,REXO4,caenorhabditis_elegans
1937,ENSG00000148300,REXO4,homo_sapiens
1938,ENSMUSG00000075000,NRBF2,mus_musculus
1938,ENSXETG00000007693,NRBF2,xenopus_tropicalis
1938,ENSG00000148572,NRBF2,homo_sapiens
1939,ENSMUSG00000024803,ANKRD1,mus_musculus
1939,ENSXETG00000021783,ANKRD1,xenopus_tropicalis
1939,WBGene00185078,ANKRD1,caenorhabditis_elegans
1939,ENSG00000148677,ANKRD1,homo_sapiens
1940,ENSMUSG00000055491,PPRC1,mus_musculus
1940,ENSXETG00000001712,PPRC1,xenopus_tropicalis
1940,FBgn0037248,PPRC1,drosophila_melanogaster
1940,ENSG00000148840,PPRC1,homo_sapiens
1941,ENSMUSG00000033054,NPAT,mus_musculus
1941,ENSXETG00000014476,NPAT,xenopus_tropicalis
1941,ENSG00000149308,NPAT,homo_sapiens
1942,ENSMUSG00000026563,TADA1,mus_musculus
1942,ENSXETG00000000526,TADA1,xenopus_tropicalis
1942,FBgn0051865,TADA1,drosophila_melanogaster
1942,ENSG00000152382,TADA1,homo_sapiens
1943,ENSMUSG00000021690,JMY,mus_musculus
1943,ENSXETG00000000520,JMY,xenopus_tropicalis
1943,ENSG00000152409,JMY,homo_sapiens
1944,ENSMUSG00000030291,MED21,mus_musculus
1944,ENSXETG00000003233,MED21,xenopus_tropicalis
1944,FBgn0040020,MED21,drosophila_melanogaster
1944,WBGene00007704,MED21,caenorhabditis_elegans
1944,ENSG00000152944,MED21,homo_sapiens
1945,ENSMUSG00000045969,ING1,mus_musculus
1945,ENSXETG00000008212,ING1,xenopus_tropicalis
1945,FBgn0038546,ING1,drosophila_melanogaster
1945,ENSG00000153487,ING1,homo_sapiens
1946,ENSMUSG00000063568,JAZF1,mus_musculus
1946,ENSXETG00000000754,JAZF1,xenopus_tropicalis
1946,FBgn0039831,JAZF1,drosophila_melanogaster
1946,ENSG00000153814,JAZF1,homo_sapiens
1947,ENSMUSG00000009900,WNT3A,mus_musculus
1947,ENSXETG00000025910,WNT3A,xenopus_tropicalis
1947,ENSG00000154342,WNT3A,homo_sapiens
1948,ENSMUSG00000020455,TRIM11,mus_musculus
1948,ENSXETG00000007266,TRIM11,xenopus_tropicalis
1948,ENSG00000154370,TRIM11,homo_sapiens
1949,ENSMUSG00000025159,MMS19,mus_musculus
1949,ENSXETG00000003439,MMS19,xenopus_tropicalis
1949,FBgn0037301,MMS19,drosophila_melanogaster
1949,WBGene00016060,MMS19,caenorhabditis_elegans
1949,ENSG00000155229,MMS19,homo_sapiens
1950,ENSMUSG00000033871,PPARGC1B,mus_musculus
1950,ENSXETG00000012711,PPARGC1B,xenopus_tropicalis
1950,FBgn0037248,PPARGC1B,drosophila_melanogaster
1950,ENSG00000155846,PPARGC1B,homo_sapiens
1951,ENSMUSG00000020397,MED7,mus_musculus
1951,ENSXETG00000001505,MED7,xenopus_tropicalis
1951,FBgn0051390,MED7,drosophila_melanogaster
1951,WBGene00002324,MED7,caenorhabditis_elegans
1951,ENSG00000155868,MED7,homo_sapiens
1952,ENSMUSG00000034813,GRIP1,mus_musculus
1952,ENSXETG00000007324,GRIP1,xenopus_tropicalis
1952,FBgn0029830,GRIP1,drosophila_melanogaster
1952,ENSG00000155974,GRIP1,homo_sapiens
1953,ENSMUSG00000025616,USP16,mus_musculus
1953,ENSXETG00000020255,USP16,xenopus_tropicalis
1953,FBgn0029763,USP16,drosophila_melanogaster
1953,ENSG00000156256,USP16,homo_sapiens
1954,ENSMUSG00000025050,PCGF6,mus_musculus
1954,ENSXETG00000009480,PCGF6,xenopus_tropicalis
1954,ENSG00000156374,PCGF6,homo_sapiens
1955,ENSMUSG00000001632,BRPF1,mus_musculus
1955,ENSXETG00000023658,BRPF1,xenopus_tropicalis
1955,FBgn0033155,BRPF1,drosophila_melanogaster
1955,ENSG00000156983,BRPF1,homo_sapiens
1956,ENSMUSG00000031586,RBPMS,mus_musculus
1956,ENSXETG00000011290,RBPMS,xenopus_tropicalis
1956,FBgn0263995,RBPMS,drosophila_melanogaster
1956,WBGene00003172,RBPMS,caenorhabditis_elegans
1956,ENSG00000157110,RBPMS,homo_sapiens
1957,ENSMUSG00000061887,SSBP3,mus_musculus
1957,ENSXETG00000019994,SSBP3,xenopus_tropicalis
1957,FBgn0011481,SSBP3,drosophila_melanogaster
1957,WBGene00012990,SSBP3,caenorhabditis_elegans
1957,ENSG00000157216,SSBP3,homo_sapiens
1958,ENSMUSG00000032217,RNF111,mus_musculus
1958,ENSXETG00000010842,RNF111,xenopus_tropicalis
1958,FBgn0037944,RNF111,drosophila_melanogaster
1958,WBGene00012194,RNF111,caenorhabditis_elegans
1958,ENSG00000157450,RNF111,homo_sapiens
1959,ENSMUSG00000029050,SKI,mus_musculus
1959,ENSXETG00000015978,SKI,xenopus_tropicalis
1959,ENSG00000157933,SKI,homo_sapiens
1960,ENSMUSG00000022945,CHAF1B,mus_musculus
1960,ENSXETG00000013014,CHAF1B,xenopus_tropicalis
1960,FBgn0033526,CHAF1B,drosophila_melanogaster
1960,WBGene00022141,CHAF1B,caenorhabditis_elegans
1960,ENSG00000159259,CHAF1B,homo_sapiens
1961,ENSMUSG00000037373,CTBP1,mus_musculus
1961,ENSXETG00000021047,CTBP1,xenopus_tropicalis
1961,FBgn0020496,CTBP1,drosophila_melanogaster
1961,WBGene00006424,CTBP1,caenorhabditis_elegans
1961,ENSG00000159692,CTBP1,homo_sapiens
1962,ENSMUSG00000058230,ARHGAP35,mus_musculus
1962,ENSXETG00000018284,ARHGAP35,xenopus_tropicalis
1962,FBgn0026375,ARHGAP35,drosophila_melanogaster
1962,WBGene00010374,ARHGAP35,caenorhabditis_elegans
1962,ENSG00000160007,ARHGAP35,homo_sapiens
1963,ENSMUSG00000020230,PRMT2,mus_musculus
1963,ENSXETG00000031494,PRMT2,xenopus_tropicalis
1963,FBgn0032329,PRMT2,drosophila_melanogaster
1963,ENSG00000160310,PRMT2,homo_sapiens
1964,ENSMUSG00000026799,MED27,mus_musculus
1964,ENSXETG00000001486,MED27,xenopus_tropicalis
1964,FBgn0037359,MED27,drosophila_melanogaster
1964,ENSG00000160563,MED27,homo_sapiens
1965,ENSMUSG00000071054,SAFB,mus_musculus
1965,ENSXETG00000008755,SAFB,xenopus_tropicalis
1965,FBgn0039229,SAFB,drosophila_melanogaster
1965,ENSG00000160633,SAFB,homo_sapiens
1966,ENSMUSG00000028066,PMF1,mus_musculus
1966,ENSXETG00000030207,PMF1,xenopus_tropicalis
1966,ENSG00000160783,PMF1,homo_sapiens
1967,ENSMUSG00000059323,TONSL,mus_musculus
1967,ENSXETG00000020475,TONSL,xenopus_tropicalis
1967,FBgn0035812,TONSL,drosophila_melanogaster
1967,ENSG00000160949,TONSL,homo_sapiens
1968,ENSMUSG00000050567,MAML1,mus_musculus
1968,ENSXETG00000011243,MAML1,xenopus_tropicalis
1968,ENSG00000161021,MAML1,homo_sapiens
1969,ENSMUSG00000034120,SRSF2,mus_musculus
1969,ENSXETG00000025271,SRSF2,xenopus_tropicalis
1969,FBgn0265298,SRSF2,drosophila_melanogaster
1969,ENSG00000161547,SRSF2,homo_sapiens
1970,ENSMUSG00000003680,TAF6L,mus_musculus
1970,ENSXETG00000010304,TAF6L,xenopus_tropicalis
1970,FBgn0014342,TAF6L,drosophila_melanogaster
1970,WBGene00006387,TAF6L,caenorhabditis_elegans
1970,ENSG00000162227,TAF6L,homo_sapiens
1971,ENSMUSG00000036856,WNT4,mus_musculus
1971,ENSXETG00000004742,WNT4,xenopus_tropicalis
1971,WBGene00000857,WNT4,caenorhabditis_elegans
1971,ENSG00000162552,WNT4,homo_sapiens
1972,ENSMUSG00000024382,ERCC3,mus_musculus
1972,ENSXETG00000033646,ERCC3,xenopus_tropicalis
1972,FBgn0001179,ERCC3,drosophila_melanogaster
1972,WBGene00013441,ERCC3,caenorhabditis_elegans
1972,ENSG00000163161,ERCC3,homo_sapiens
1973,ENSMUSG00000042613,PBXIP1,mus_musculus
1973,ENSXETG00000031731,PBXIP1,xenopus_tropicalis
1973,ENSG00000163346,PBXIP1,homo_sapiens
1974,ENSMUSG00000008730,HIPK1,mus_musculus
1974,ENSXETG00000001698,HIPK1,xenopus_tropicalis
1974,FBgn0035142,HIPK1,drosophila_melanogaster
1974,WBGene00001994,HIPK1,caenorhabditis_elegans
1974,ENSG00000163349,HIPK1,homo_sapiens
1975,ENSMUSG00000054203,MNDA,mus_musculus
1975,ENSG00000163563,MNDA,homo_sapiens
1976,ENSG00000163565,IFI16,homo_sapiens
1977,ENSMUSG00000072872,RYBP,mus_musculus
1977,ENSXETG00000015914,RYBP,xenopus_tropicalis
1977,FBgn0034763,RYBP,drosophila_melanogaster
1977,ENSG00000163602,RYBP,homo_sapiens
1978,ENSMUSG00000050213,SNIP1,mus_musculus
1978,ENSXETG00000017464,SNIP1,xenopus_tropicalis
1978,FBgn0039943,SNIP1,drosophila_melanogaster
1978,WBGene00016323,SNIP1,caenorhabditis_elegans
1978,ENSG00000163877,SNIP1,homo_sapiens
1979,ENSMUSG00000006527,SFMBT1,mus_musculus
1979,ENSXETG00000032066,SFMBT1,xenopus_tropicalis
1979,ENSG00000163935,SFMBT1,homo_sapiens
1980,ENSMUSG00000039910,CITED2,mus_musculus
1980,ENSXETG00000027807,CITED2,xenopus_tropicalis
1980,ENSG00000164442,CITED2,homo_sapiens
1981,ENSMUSG00000050377,IL31RA,mus_musculus
1981,ENSG00000164509,IL31RA,homo_sapiens
1982,ENSMUSG00000020415,PTTG1,mus_musculus
1982,ENSG00000164611,PTTG1,homo_sapiens
1983,ENSMUSG00000040374,PEX2,mus_musculus
1983,ENSXETG00000017165,PEX2,xenopus_tropicalis
1983,FBgn0035876,PEX2,drosophila_melanogaster
1983,WBGene00004192,PEX2,caenorhabditis_elegans
1983,ENSG00000164751,PEX2,homo_sapiens
1984,ENSMUSG00000022314,RAD21,mus_musculus
1984,ENSXETG00000020783,RAD21,xenopus_tropicalis
1984,FBgn0260987,RAD21,drosophila_melanogaster
1984,WBGene00004737,RAD21,caenorhabditis_elegans
1984,ENSG00000164754,RAD21,homo_sapiens
1985,ENSMUSG00000038622,MED30,mus_musculus
1985,ENSXETG00000020788,MED30,xenopus_tropicalis
1985,FBgn0035149,MED30,drosophila_melanogaster
1985,ENSG00000164758,MED30,homo_sapiens
1986,ENSMUSG00000028484,PSIP1,mus_musculus
1986,ENSXETG00000003303,PSIP1,xenopus_tropicalis
1986,FBgn0039743,PSIP1,drosophila_melanogaster
1986,WBGene00015501,PSIP1,caenorhabditis_elegans
1986,ENSG00000164985,PSIP1,homo_sapiens
1987,ENSMUSG00000020962,GTF2A1,mus_musculus
1987,FBgn0011289,GTF2A1,drosophila_melanogaster
1987,WBGene00004136,GTF2A1,caenorhabditis_elegans
1987,ENSG00000165417,GTF2A1,homo_sapiens
1988,ENSMUSG00000062814,SSX5,mus_musculus
1988,ENSG00000165583,SSX5,homo_sapiens
1989,ENSMUSG00000062814,SSX3,mus_musculus
1989,ENSG00000165584,SSX3,homo_sapiens
1990,ENSMUSG00000021488,NSD1,mus_musculus
1990,FBgn0039559,NSD1,drosophila_melanogaster
1990,ENSG00000165671,NSD1,homo_sapiens
1991,ENSMUSG00000002102,PSMC3,mus_musculus
1991,ENSXETG00000007916,PSMC3,xenopus_tropicalis
1991,FBgn0028684,PSMC3,drosophila_melanogaster
1991,WBGene00004505,PSMC3,caenorhabditis_elegans
1991,ENSG00000165916,PSMC3,homo_sapiens
1992,ENSMUSG00000031939,TAF1D,mus_musculus
1992,ENSXETG00000026163,TAF1D,xenopus_tropicalis
1992,ENSG00000166012,TAF1D,homo_sapiens
1993,ENSMUSG00000027206,COPS2,mus_musculus
1993,ENSXETG00000008784,COPS2,xenopus_tropicalis
1993,FBgn0013746,COPS2,drosophila_melanogaster
1993,WBGene00000814,COPS2,caenorhabditis_elegans
1993,ENSG00000166200,COPS2,homo_sapiens
1994,ENSMUSG00000020098,PCBD1,mus_musculus
1994,ENSXETG00000008191,PCBD1,xenopus_tropicalis
1994,FBgn0024841,PCBD1,drosophila_melanogaster
1994,WBGene00020397,PCBD1,caenorhabditis_elegans
1994,ENSG00000166228,PCBD1,homo_sapiens
1995,ENSMUSG00000037032,APBB1,mus_musculus
1995,WBGene00001410,APBB1,caenorhabditis_elegans
1995,ENSG00000166313,APBB1,homo_sapiens
1996,ENSMUSG00000036111,LMO1,mus_musculus
1996,FBgn0265598,LMO1,drosophila_melanogaster
1996,ENSG00000166407,LMO1,homo_sapiens
1997,ENSMUSG00000025402,NAB2,mus_musculus
1997,ENSXETG00000004428,NAB2,xenopus_tropicalis
1997,FBgn0259986,NAB2,drosophila_melanogaster
1997,WBGene00003107,NAB2,caenorhabditis_elegans
1997,ENSG00000166886,NAB2,homo_sapiens
1998,ENSMUSG00000018326,YWHAB,mus_musculus
1998,ENSXETG00000022830,YWHAB,xenopus_tropicalis
1998,FBgn0004907,YWHAB,drosophila_melanogaster
1998,WBGene00001502,YWHAB,caenorhabditis_elegans
1998,ENSG00000166913,YWHAB,homo_sapiens
1999,ENSMUSG00000017776,CRK,mus_musculus
1999,ENSXETG00000022904,CRK,xenopus_tropicalis
1999,FBgn0024811,CRK,drosophila_melanogaster
1999,WBGene00000416,CRK,caenorhabditis_elegans
1999,ENSG00000167193,CRK,homo_sapiens
2000,ENSMUSG00000032094,CD3D,mus_musculus
2000,ENSXETG00000010117,CD3D,xenopus_tropicalis
2000,ENSG00000167286,CD3D,homo_sapiens
2001,ENSMUSG00000006932,CTNNB1,mus_musculus
2001,ENSXETG00000013848,CTNNB1,xenopus_tropicalis
2001,FBgn0000117,CTNNB1,drosophila_melanogaster
2001,ENSG00000168036,CTNNB1,homo_sapiens
2002,ENSMUSG00000024949,SF1,mus_musculus
2002,ENSXETG00000008434,SF1,xenopus_tropicalis
2002,FBgn0025571,SF1,drosophila_melanogaster
2002,WBGene00013808,SF1,caenorhabditis_elegans
2002,ENSG00000168066,SF1,homo_sapiens
2003,ENSMUSG00000026739,BMI1,mus_musculus
2003,ENSXETG00000007387,BMI1,xenopus_tropicalis
2003,FBgn0005624,BMI1,drosophila_melanogaster
2003,ENSG00000168283,BMI1,homo_sapiens
2004,ENSMUSG00000022096,HR,mus_musculus
2004,FBgn0037703,HR,drosophila_melanogaster
2004,ENSG00000168453,HR,homo_sapiens
2005,ENSMUSG00000063049,ING2,mus_musculus
2005,ENSXETG00000019052,ING2,xenopus_tropicalis
2005,FBgn0038546,ING2,drosophila_melanogaster
2005,ENSG00000168556,ING2,homo_sapiens
2006,ENSMUSG00000045730,ADRB2,mus_musculus
2006,FBgn0029909,ADRB2,drosophila_melanogaster
2006,ENSG00000169252,ADRB2,homo_sapiens
2007,ENSMUSG00000042557,SIN3A,mus_musculus
2007,ENSXETG00000015283,SIN3A,xenopus_tropicalis
2007,FBgn0022764,SIN3A,drosophila_melanogaster
2007,WBGene00004117,SIN3A,caenorhabditis_elegans
2007,ENSG00000169375,SIN3A,homo_sapiens
2008,ENSMUSG00000022306,ZFPM2,mus_musculus
2008,ENSXETG00000006505,ZFPM2,xenopus_tropicalis
2008,ENSG00000169946,ZFPM2,homo_sapiens
2009,ENSMUSG00000049641,VGLL2,mus_musculus
2009,ENSXETG00000014041,VGLL2,xenopus_tropicalis
2009,FBgn0003975,VGLL2,drosophila_melanogaster
2009,ENSG00000170162,VGLL2,homo_sapiens
2010,ENSMUSG00000025364,PA2G4,mus_musculus
2010,ENSXETG00000009471,PA2G4,xenopus_tropicalis
2010,FBgn0035630,PA2G4,drosophila_melanogaster
2010,WBGene00021088,PA2G4,caenorhabditis_elegans
2010,ENSG00000170515,PA2G4,homo_sapiens
2011,ENSMUSG00000005534,INSR,mus_musculus
2011,ENSXETG00000013518,INSR,xenopus_tropicalis
2011,FBgn0013984,INSR,drosophila_melanogaster
2011,WBGene00000898,INSR,caenorhabditis_elegans
2011,ENSG00000171105,INSR,homo_sapiens
2012,ENSMUSG00000046229,SCAND1,mus_musculus
2012,ENSG00000171222,SCAND1,homo_sapiens
2013,ENSMUSG00000041235,CHD7,mus_musculus
2013,ENSXETG00000026004,CHD7,xenopus_tropicalis
2013,FBgn0266557,CHD7,drosophila_melanogaster
2013,WBGene00007053,CHD7,caenorhabditis_elegans
2013,ENSG00000171316,CHD7,homo_sapiens
2014,ENSMUSG00000042548,ASXL1,mus_musculus
2014,ENSXETG00000033607,ASXL1,xenopus_tropicalis
2014,FBgn0261823,ASXL1,drosophila_melanogaster
2014,ENSG00000171456,ASXL1,homo_sapiens
2015,ENSMUSG00000027998,PLRG1,mus_musculus
2015,ENSXETG00000022434,PLRG1,xenopus_tropicalis
2015,FBgn0030365,PLRG1,drosophila_melanogaster
2015,WBGene00006481,PLRG1,caenorhabditis_elegans
2015,ENSG00000171566,PLRG1,homo_sapiens
2016,ENSMUSG00000040481,BPTF,mus_musculus
2016,ENSXETG00000001592,BPTF,xenopus_tropicalis
2016,FBgn0000541,BPTF,drosophila_melanogaster
2016,ENSG00000171634,BPTF,homo_sapiens
2017,ENSMUSG00000030213,ATF7IP,mus_musculus
2017,ENSXETG00000031812,ATF7IP,xenopus_tropicalis
2017,FBgn0027499,ATF7IP,drosophila_melanogaster
2017,ENSG00000171681,ATF7IP,homo_sapiens
2018,ENSMUSG00000059540,TCEA2,mus_musculus
2018,FBgn0030663,TCEA2,drosophila_melanogaster
2018,WBGene00012000,TCEA2,caenorhabditis_elegans
2018,ENSG00000171703,TCEA2,homo_sapiens
2019,ENSMUSG00000047751,UTF1,mus_musculus
2019,ENSG00000171794,UTF1,homo_sapiens
2020,ENSMUSG00000048806,IFNB1,mus_musculus
2020,ENSG00000171855,IFNB1,homo_sapiens
2021,ENSMUSG00000001741,IL16,mus_musculus
2021,ENSXETG00000031478,IL16,xenopus_tropicalis
2021,ENSG00000172349,IL16,homo_sapiens
2022,ENSMUSG00000025316,BANP,mus_musculus
2022,ENSXETG00000016600,BANP,xenopus_tropicalis
2022,ENSG00000172530,BANP,homo_sapiens
2023,ENSMUSG00000031386,HCFC1,mus_musculus
2023,ENSXETG00000014251,HCFC1,xenopus_tropicalis
2023,FBgn0039904,HCFC1,drosophila_melanogaster
2023,WBGene00001827,HCFC1,caenorhabditis_elegans
2023,ENSG00000172534,HCFC1,homo_sapiens
2024,ENSMUSG00000035236,SCAI,mus_musculus
2024,ENSXETG00000016827,SCAI,xenopus_tropicalis
2024,FBgn0035677,SCAI,drosophila_melanogaster
2024,ENSG00000173611,SCAI,homo_sapiens
2025,ENSMUSG00000001552,JUP,mus_musculus
2025,ENSXETG00000006970,JUP,xenopus_tropicalis
2025,WBGene00001979,JUP,caenorhabditis_elegans
2025,ENSG00000173801,JUP,homo_sapiens
2026,ENSMUSG00000042895,ABRA,mus_musculus
2026,ENSXETG00000006498,ABRA,xenopus_tropicalis
2026,WBGene00009475,ABRA,caenorhabditis_elegans
2026,ENSG00000174429,ABRA,homo_sapiens
2027,ENSMUSG00000030970,CTBP2,mus_musculus
2027,ENSXETG00000023631,CTBP2,xenopus_tropicalis
2027,FBgn0020496,CTBP2,drosophila_melanogaster
2027,WBGene00006424,CTBP2,caenorhabditis_elegans
2027,ENSG00000175029,CTBP2,homo_sapiens
2028,ENSMUSG00000027164,TRAF6,mus_musculus
2028,ENSXETG00000007549,TRAF6,xenopus_tropicalis
2028,FBgn0265464,TRAF6,drosophila_melanogaster
2028,WBGene00006612,TRAF6,caenorhabditis_elegans
2028,ENSG00000175104,TRAF6,homo_sapiens
2029,ENSMUSG00000013833,MED16,mus_musculus
2029,ENSXETG00000021641,MED16,xenopus_tropicalis
2029,FBgn0034707,MED16,drosophila_melanogaster
2029,ENSG00000175221,MED16,homo_sapiens
2030,ENSMUSG00000024914,DRAP1,mus_musculus
2030,ENSXETG00000018519,DRAP1,xenopus_tropicalis
2030,FBgn0034650,DRAP1,drosophila_melanogaster
2030,WBGene00009584,DRAP1,caenorhabditis_elegans
2030,ENSG00000175550,DRAP1,homo_sapiens
2031,ENSMUSG00000046058,EID2,mus_musculus
2031,ENSG00000176396,EID2,homo_sapiens
2032,ENSMUSG00000045763,BASP1,mus_musculus
2032,ENSXETG00000021380,BASP1,xenopus_tropicalis
2032,ENSG00000176788,BASP1,homo_sapiens
2033,ENSMUSG00000056608,CHD9,mus_musculus
2033,ENSXETG00000000349,CHD9,xenopus_tropicalis
2033,FBgn0266557,CHD9,drosophila_melanogaster
2033,WBGene00007053,CHD9,caenorhabditis_elegans
2033,ENSG00000177200,CHD9,homo_sapiens
2034,ENSMUSG00000035873,PAWR,mus_musculus
2034,ENSXETG00000004074,PAWR,xenopus_tropicalis
2034,ENSG00000177425,PAWR,homo_sapiens
2035,ENSMUSG00000004044,PTRF,mus_musculus
2035,ENSXETG00000007639,PTRF,xenopus_tropicalis
2035,ENSG00000177469,PTRF,homo_sapiens
2036,ENSMUSG00000027630,TBL1XR1,mus_musculus
2036,ENSXETG00000001521,TBL1XR1,xenopus_tropicalis
2036,ENSG00000177565,TBL1XR1,homo_sapiens
2037,ENSMUSG00000009640,DMAP1,mus_musculus
2037,ENSXETG00000001057,DMAP1,xenopus_tropicalis
2037,FBgn0034537,DMAP1,drosophila_melanogaster
2037,WBGene00013676,DMAP1,caenorhabditis_elegans
2037,ENSG00000178028,DMAP1,homo_sapiens
2038,ENSMUSG00000062209,ERBB4,mus_musculus
2038,ENSXETG00000000413,ERBB4,xenopus_tropicalis
2038,FBgn0003731,ERBB4,drosophila_melanogaster
2038,ENSG00000178568,ERBB4,homo_sapiens
2039,ENSMUSG00000003814,CALR,mus_musculus
2039,ENSXETG00000007937,CALR,xenopus_tropicalis
2039,FBgn0005585,CALR,drosophila_melanogaster
2039,WBGene00000802,CALR,caenorhabditis_elegans
2039,ENSG00000179218,CALR,homo_sapiens
2040,ENSMUSG00000025151,MAGED1,mus_musculus
2040,ENSXETG00000022031,MAGED1,xenopus_tropicalis
2040,ENSG00000179222,MAGED1,homo_sapiens
2041,ENSMUSG00000022504,CIITA,mus_musculus
2041,ENSXETG00000024094,CIITA,xenopus_tropicalis
2041,ENSG00000179583,CIITA,homo_sapiens
2042,ENSMUSG00000049800,SERTAD2,mus_musculus
2042,ENSXETG00000014022,SERTAD2,xenopus_tropicalis
2042,ENSG00000179833,SERTAD2,homo_sapiens
2043,ENSMUSG00000070803,CITED4,mus_musculus
2043,ENSXETG00000019718,CITED4,xenopus_tropicalis
2043,ENSG00000179862,CITED4,homo_sapiens
2044,ENSMUSG00000002524,PUF60,mus_musculus
2044,ENSXETG00000012469,PUF60,xenopus_tropicalis
2044,FBgn0028577,PUF60,drosophila_melanogaster
2044,WBGene00004389,PUF60,caenorhabditis_elegans
2044,ENSG00000179950,PUF60,homo_sapiens
2045,ENSMUSG00000064127,MED14,mus_musculus
2045,ENSXETG00000015502,MED14,xenopus_tropicalis
2045,FBgn0035145,MED14,drosophila_melanogaster
2045,WBGene00004343,MED14,caenorhabditis_elegans
2045,ENSG00000180182,MED14,homo_sapiens
2046,ENSMUSG00000048490,NRIP1,mus_musculus
2046,ENSXETG00000023130,NRIP1,xenopus_tropicalis
2046,ENSG00000180530,NRIP1,homo_sapiens
2047,ENSMUSG00000024805,PCGF5,mus_musculus
2047,ENSXETG00000032043,PCGF5,xenopus_tropicalis
2047,ENSG00000180628,PCGF5,homo_sapiens
2048,ENSMUSG00000057113,NPM1,mus_musculus
2048,ENSXETG00000008403,NPM1,xenopus_tropicalis
2048,ENSG00000181163,NPM1,homo_sapiens
2049,ENSMUSG00000005198,POLR2A,mus_musculus
2049,ENSXETG00000012465,POLR2A,xenopus_tropicalis
2049,FBgn0003277,POLR2A,drosophila_melanogaster
2049,WBGene00000123,POLR2A,caenorhabditis_elegans
2049,ENSG00000181222,POLR2A,homo_sapiens
2050,ENSMUSG00000036432,SIAH2,mus_musculus
2050,ENSXETG00000020096,SIAH2,xenopus_tropicalis
2050,FBgn0003410,SIAH2,drosophila_melanogaster
2050,WBGene00021369,SIAH2,caenorhabditis_elegans
2050,ENSG00000181788,SIAH2,homo_sapiens
2051,ENSMUSG00000032536,TRAK1,mus_musculus
2051,ENSXETG00000013857,TRAK1,xenopus_tropicalis
2051,FBgn0262872,TRAK1,drosophila_melanogaster
2051,ENSG00000182606,TRAK1,homo_sapiens
2052,ENSMUSG00000009079,EWSR1,mus_musculus
2052,ENSXETG00000024796,EWSR1,xenopus_tropicalis
2052,FBgn0011571,EWSR1,drosophila_melanogaster
2052,ENSG00000182944,EWSR1,homo_sapiens
2053,ENSMUSG00000040363,BCOR,mus_musculus
2053,ENSXETG00000015528,BCOR,xenopus_tropicalis
2053,FBgn0036814,BCOR,drosophila_melanogaster
2053,ENSG00000183337,BCOR,homo_sapiens
2054,ENSMUSG00000056770,SETD3,mus_musculus
2054,ENSXETG00000011436,SETD3,xenopus_tropicalis
2054,FBgn0052732,SETD3,drosophila_melanogaster
2054,WBGene00022173,SETD3,caenorhabditis_elegans
2054,ENSG00000183576,SETD3,homo_sapiens
2055,ENSMUSG00000031925,MAML2,mus_musculus
2055,ENSXETG00000007075,MAML2,xenopus_tropicalis
2055,ENSG00000184384,MAML2,homo_sapiens
2056,ENSMUSG00000079487,MED12,mus_musculus
2056,ENSXETG00000031593,MED12,xenopus_tropicalis
2056,FBgn0001324,MED12,drosophila_melanogaster
2056,WBGene00001081,MED12,caenorhabditis_elegans
2056,ENSG00000184634,MED12,homo_sapiens
2057,ENSMUSG00000033623,PCGF3,mus_musculus
2057,ENSXETG00000004916,PCGF3,xenopus_tropicalis
2057,FBgn0002283,PCGF3,drosophila_melanogaster
2057,WBGene00008684,PCGF3,caenorhabditis_elegans
2057,ENSG00000185619,PCGF3,homo_sapiens
2058,ENSXETG00000022422,UBE2L3,xenopus_tropicalis
2058,FBgn0026316,UBE2L3,drosophila_melanogaster
2058,WBGene00006713,UBE2L3,caenorhabditis_elegans
2058,ENSG00000185651,UBE2L3,homo_sapiens
2059,ENSMUSG00000028099,POLR3C,mus_musculus
2059,FBgn0038057,POLR3C,drosophila_melanogaster
2059,WBGene00016750,POLR3C,caenorhabditis_elegans
2059,ENSG00000186141,POLR3C,homo_sapiens
2060,ENSMUSG00000063382,BCL9L,mus_musculus
2060,ENSXETG00000010069,BCL9L,xenopus_tropicalis
2060,ENSG00000186174,BCL9L,homo_sapiens
2061,ENSMUSG00000009569,MKL2,mus_musculus
2061,ENSXETG00000010993,MKL2,xenopus_tropicalis
2061,FBgn0052296,MKL2,drosophila_melanogaster
2061,ENSG00000186260,MKL2,homo_sapiens
2062,ENSMUSG00000060534,DCC,mus_musculus
2062,ENSXETG00000030451,DCC,xenopus_tropicalis
2062,FBgn0011592,DCC,drosophila_melanogaster
2062,WBGene00006776,DCC,caenorhabditis_elegans
2062,ENSG00000187323,DCC,homo_sapiens
2063,ENSMUSG00000047242,TAF9B,mus_musculus
2063,ENSXETG00000010138,TAF9B,xenopus_tropicalis
2063,FBgn0000617,TAF9B,drosophila_melanogaster
2063,WBGene00006391,TAF9B,caenorhabditis_elegans
2063,ENSG00000187325,TAF9B,homo_sapiens
2064,ENSMUSG00000033813,TCEA1,mus_musculus
2064,ENSXETG00000008099,TCEA1,xenopus_tropicalis
2064,FBgn0030663,TCEA1,drosophila_melanogaster
2064,WBGene00012000,TCEA1,caenorhabditis_elegans
2064,ENSG00000187735,TCEA1,homo_sapiens
2065,ENSMUSG00000062814,SSX7,mus_musculus
2065,ENSG00000187754,SSX7,homo_sapiens
2066,ENSMUSG00000022245,SKOR1,mus_musculus
2066,ENSXETG00000007811,SKOR1,xenopus_tropicalis
2066,FBgn0039932,SKOR1,drosophila_melanogaster
2066,ENSG00000188779,SKOR1,homo_sapiens
2067,ENSMUSG00000095567,NOC2L,mus_musculus
2067,ENSXETG00000031054,NOC2L,xenopus_tropicalis
2067,FBgn0032925,NOC2L,drosophila_melanogaster
2067,WBGene00007413,NOC2L,caenorhabditis_elegans
2067,ENSG00000188976,NOC2L,homo_sapiens
2068,ENSMUSG00000013465,NELFB,mus_musculus
2068,ENSXETG00000000383,NELFB,xenopus_tropicalis
2068,FBgn0027553,NELFB,drosophila_melanogaster
2068,ENSG00000188986,NELFB,homo_sapiens
2069,ENSMUSG00000028675,PNRC2,mus_musculus
2069,ENSXETG00000005273,PNRC2,xenopus_tropicalis
2069,ENSG00000189266,PNRC2,homo_sapiens
2070,ENSMUSG00000035310,LIN54,mus_musculus
2070,ENSXETG00000000369,LIN54,xenopus_tropicalis
2070,FBgn0033846,LIN54,drosophila_melanogaster
2070,WBGene00003037,LIN54,caenorhabditis_elegans
2070,ENSG00000189308,LIN54,homo_sapiens
2071,ENSMUSG00000038954,SUPT3H,mus_musculus
2071,ENSXETG00000001404,SUPT3H,xenopus_tropicalis
2071,FBgn0037981,SUPT3H,drosophila_melanogaster
2071,ENSG00000196284,SUPT3H,homo_sapiens
2072,ENSMUSG00000022471,XRCC6,mus_musculus
2072,ENSXETG00000004548,XRCC6,xenopus_tropicalis
2072,FBgn0011774,XRCC6,drosophila_melanogaster
2072,WBGene00000519,XRCC6,caenorhabditis_elegans
2072,ENSG00000196419,XRCC6,homo_sapiens
2073,ENSXETG00000004407,NACA,xenopus_tropicalis
2073,FBgn0086904,NACA,drosophila_melanogaster
2073,WBGene00022042,NACA,caenorhabditis_elegans
2073,ENSG00000196531,NACA,homo_sapiens
2074,ENSMUSG00000042292,MKL1,mus_musculus
2074,ENSXETG00000022963,MKL1,xenopus_tropicalis
2074,FBgn0052296,MKL1,drosophila_melanogaster
2074,ENSG00000196588,MKL1,homo_sapiens
2075,ENSMUSG00000008305,TLE1,mus_musculus
2075,ENSXETG00000013999,TLE1,xenopus_tropicalis
2075,FBgn0001139,TLE1,drosophila_melanogaster
2075,WBGene00006773,TLE1,caenorhabditis_elegans
2075,ENSG00000196781,TLE1,homo_sapiens
2076,ENSMUSG00000061143,MAML3,mus_musculus
2076,ENSXETG00000016965,MAML3,xenopus_tropicalis
2076,ENSG00000196782,MAML3,homo_sapiens
2077,ENSMUSG00000031328,FLNA,mus_musculus
2077,ENSXETG00000014268,FLNA,xenopus_tropicalis
2077,FBgn0014141,FLNA,drosophila_melanogaster
2077,WBGene00022048,FLNA,caenorhabditis_elegans
2077,ENSG00000196924,FLNA,homo_sapiens
2078,ENSMUSG00000001424,SND1,mus_musculus
2078,ENSXETG00000023043,SND1,xenopus_tropicalis
2078,FBgn0035121,SND1,drosophila_melanogaster
2078,WBGene00006626,SND1,caenorhabditis_elegans
2078,ENSG00000197157,SND1,homo_sapiens
2079,ENSMUSG00000000581,C1D,mus_musculus
2079,ENSXETG00000025934,C1D,xenopus_tropicalis
2079,ENSG00000197223,C1D,homo_sapiens
2080,ENSMUSG00000030528,BLM,mus_musculus
2080,ENSXETG00000007847,BLM,xenopus_tropicalis
2080,FBgn0002906,BLM,drosophila_melanogaster
2080,WBGene00001865,BLM,caenorhabditis_elegans
2080,ENSG00000197299,BLM,homo_sapiens
2081,ENSMUSG00000036822,TOPORS,mus_musculus
2081,ENSXETG00000014724,TOPORS,xenopus_tropicalis
2081,FBgn0267351,TOPORS,drosophila_melanogaster
2081,ENSG00000197579,TOPORS,homo_sapiens
2082,ENSMUSG00000038025,PHF2,mus_musculus
2082,ENSXETG00000033790,PHF2,xenopus_tropicalis
2082,WBGene00005013,PHF2,caenorhabditis_elegans
2082,ENSG00000197724,PHF2,homo_sapiens
2083,ENSMUSG00000038369,NCOA6,mus_musculus
2083,ENSXETG00000019466,NCOA6,xenopus_tropicalis
2083,ENSG00000198646,NCOA6,homo_sapiens
2084,ENSMUSG00000025223,LDB1,mus_musculus
2084,ENSXETG00000001714,LDB1,xenopus_tropicalis
2084,FBgn0013764,LDB1,drosophila_melanogaster
2084,WBGene00002261,LDB1,caenorhabditis_elegans
2084,ENSG00000198728,LDB1,homo_sapiens
2086,ENSMUSG00000002307,DAXX,mus_musculus
2086,ENSXETG00000020372,DAXX,xenopus_tropicalis
2086,FBgn0031820,DAXX,drosophila_melanogaster
2086,ENSG00000204209,DAXX,homo_sapiens
2087,ENSMUSG00000024325,RING1,mus_musculus
2087,ENSXETG00000020370,RING1,xenopus_tropicalis
2087,FBgn0003330,RING1,drosophila_melanogaster
2087,WBGene00020496,RING1,caenorhabditis_elegans
2087,ENSG00000204227,RING1,homo_sapiens
2088,ENSMUSG00000021326,TRIM27,mus_musculus
2088,ENSXETG00000007266,TRIM27,xenopus_tropicalis
2088,ENSG00000204713,TRIM27,homo_sapiens
2092,ENSMUSG00000109511,NUP62,mus_musculus
2092,ENSXETG00000009637,NUP62,xenopus_tropicalis
2092,FBgn0034118,NUP62,drosophila_melanogaster
2092,ENSG00000213024,NUP62,homo_sapiens
2093,ENSXETG00000032326,SRA1,xenopus_tropicalis
2093,ENSG00000213523,SRA1,homo_sapiens
2094,ENSMUSG00000028647,MYCBP,mus_musculus
2094,ENSXETG00000027114,MYCBP,xenopus_tropicalis
2094,ENSG00000214114,MYCBP,homo_sapiens
2095,ENSMUSG00000091519,SKOR2,mus_musculus
2095,ENSXETG00000030402,SKOR2,xenopus_tropicalis
2095,FBgn0039932,SKOR2,drosophila_melanogaster
2095,ENSG00000215474,SKOR2,homo_sapiens
2098,ENSMUSG00000047821,TRIM16,mus_musculus
2098,ENSXETG00000009231,TRIM16,xenopus_tropicalis
2098,ENSG00000221926,TRIM16,homo_sapiens
2103,ENSMUSG00000031839,HSBP1,mus_musculus
2103,ENSXETG00000025864,HSBP1,xenopus_tropicalis
2103,FBgn0032429,HSBP1,drosophila_melanogaster
2103,WBGene00002002,HSBP1,caenorhabditis_elegans
2103,ENSG00000230989,HSBP1,homo_sapiens
2111,ENSMUSG00000006456,RBM14,mus_musculus
2111,ENSXETG00000026650,RBM14,xenopus_tropicalis
2111,FBgn0011640,RBM14,drosophila_melanogaster
2111,WBGene00004384,RBM14,caenorhabditis_elegans
2111,ENSG00000239306,RBM14,homo_sapiens
2112,ENSMUSG00000024154,GTF2A1L,mus_musculus
2112,FBgn0011289,GTF2A1L,drosophila_melanogaster
2112,WBGene00004136,GTF2A1L,caenorhabditis_elegans
2112,ENSG00000242441,GTF2A1L,homo_sapiens
2113,ENSMUSG00000061315,NACA2,mus_musculus
2113,FBgn0086904,NACA2,drosophila_melanogaster
2113,WBGene00022042,NACA2,caenorhabditis_elegans
2113,ENSG00000253506,NACA2,homo_sapiens
2114,ENSMUSG00000022672,PRKDC,mus_musculus
2114,ENSXETG00000004851,PRKDC,xenopus_tropicalis
2114,WBGene00000226,PRKDC,caenorhabditis_elegans
2114,ENSG00000253729,PRKDC,homo_sapiens
2115,ENSMUSG00000091337,EID1,mus_musculus
2115,ENSG00000255302,EID1,homo_sapiens
2127,ENSMUSG00000038393,TXNIP,mus_musculus
2127,ENSXETG00000011050,TXNIP,xenopus_tropicalis
2127,FBgn0037465,TXNIP,drosophila_melanogaster
2127,WBGene00015440,TXNIP,caenorhabditis_elegans
2127,ENSG00000265972,TXNIP,homo_sapiens
2128,ENSMUSG00000021908,NCOA4,mus_musculus
2128,ENSXETG00000032751,NCOA4,xenopus_tropicalis
2128,ENSG00000266412,NCOA4,homo_sapiens
2148,ENSMUSG00000036940,KDM1A,mus_musculus
2148,ENSXETG00000003698,KDM1A,xenopus_tropicalis
2148,FBgn0260397,KDM1A,drosophila_melanogaster
2148,ENSG00000004487,KDM1A,homo_sapiens
2149,ENSMUSG00000031358,MSL3,mus_musculus
2149,ENSXETG00000007544,MSL3,xenopus_tropicalis
2149,FBgn0002775,MSL3,drosophila_melanogaster
2149,ENSG00000005302,MSL3,homo_sapiens
2150,ENSMUSG00000002748,BAZ1B,mus_musculus
2150,ENSXETG00000010334,BAZ1B,xenopus_tropicalis
2150,ENSG00000009954,BAZ1B,homo_sapiens
2151,ENSMUSG00000000085,SCMH1,mus_musculus
2151,ENSXETG00000012966,SCMH1,xenopus_tropicalis
2151,FBgn0003334,SCMH1,drosophila_melanogaster
2151,ENSG00000010803,SCMH1,homo_sapiens
2152,ENSMUSG00000021156,ZMYND11,mus_musculus
2152,ENSXETG00000016884,ZMYND11,xenopus_tropicalis
2152,FBgn0033752,ZMYND11,drosophila_melanogaster
2152,WBGene00000262,ZMYND11,caenorhabditis_elegans
2152,ENSG00000015171,ZMYND11,homo_sapiens
2153,ENSMUSG00000038116,PHF20,mus_musculus
2153,ENSXETG00000025472,PHF20,xenopus_tropicalis
2153,FBgn0038016,PHF20,drosophila_melanogaster
2153,ENSG00000025293,PHF20,homo_sapiens
2154,ENSMUSG00000004698,HDAC9,mus_musculus
2154,ENSXETG00000013445,HDAC9,xenopus_tropicalis
2154,FBgn0041210,HDAC9,drosophila_melanogaster
2154,WBGene00001837,HDAC9,caenorhabditis_elegans
2154,ENSG00000048052,HDAC9,homo_sapiens
2155,ENSMUSG00000035623,RSF1,mus_musculus
2155,ENSXETG00000010445,RSF1,xenopus_tropicalis
2155,FBgn0026577,RSF1,drosophila_melanogaster
2155,ENSG00000048649,RSF1,homo_sapiens
2156,ENSMUSG00000038056,KMT2C,mus_musculus
2156,ENSXETG00000009730,KMT2C,xenopus_tropicalis
2156,FBgn0023518,KMT2C,drosophila_melanogaster
2156,WBGene00011729,KMT2C,caenorhabditis_elegans
2156,ENSG00000055609,KMT2C,homo_sapiens
2158,ENSMUSG00000022475,HDAC7,mus_musculus
2158,ENSXETG00000010661,HDAC7,xenopus_tropicalis
2158,FBgn0041210,HDAC7,drosophila_melanogaster
2158,WBGene00001837,HDAC7,caenorhabditis_elegans
2158,ENSG00000061273,HDAC7,homo_sapiens
2159,ENSMUSG00000023018,SMARCD1,mus_musculus
2159,ENSXETG00000013357,SMARCD1,xenopus_tropicalis
2159,FBgn0025463,SMARCD1,drosophila_melanogaster
2159,WBGene00044072,SMARCD1,caenorhabditis_elegans
2159,ENSG00000066117,SMARCD1,homo_sapiens
2160,ENSMUSG00000033326,KDM4A,mus_musculus
2160,ENSXETG00000003483,KDM4A,xenopus_tropicalis
2160,FBgn0033233,KDM4A,drosophila_melanogaster
2160,WBGene00012982,KDM4A,caenorhabditis_elegans
2160,ENSG00000066135,KDM4A,homo_sapiens
2161,ENSMUSG00000026313,HDAC4,mus_musculus
2161,ENSXETG00000004880,HDAC4,xenopus_tropicalis
2161,FBgn0041210,HDAC4,drosophila_melanogaster
2161,WBGene00001837,HDAC4,caenorhabditis_elegans
2161,ENSG00000068024,HDAC4,homo_sapiens
2162,ENSMUSG00000015149,SIRT2,mus_musculus
2162,ENSXETG00000002409,SIRT2,xenopus_tropicalis
2162,FBgn0038788,SIRT2,drosophila_melanogaster
2162,ENSG00000068903,SIRT2,homo_sapiens
2163,ENSMUSG00000029670,ING3,mus_musculus
2163,ENSXETG00000022722,ING3,xenopus_tropicalis
2163,FBgn0030945,ING3,drosophila_melanogaster
2163,WBGene00013095,ING3,caenorhabditis_elegans
2163,ENSG00000071243,ING3,homo_sapiens
2164,ENSMUSG00000030619,EED,mus_musculus
2164,ENSXETG00000010440,EED,xenopus_tropicalis
2164,FBgn0032391,EED,drosophila_melanogaster
2164,WBGene00003224,EED,caenorhabditis_elegans
2164,ENSG00000074266,EED,homo_sapiens
2165,ENSMUSG00000024921,SMARCA2,mus_musculus
2165,ENSXETG00000015299,SMARCA2,xenopus_tropicalis
2165,FBgn0000212,SMARCA2,drosophila_melanogaster
2165,WBGene00004204,SMARCA2,caenorhabditis_elegans
2165,ENSG00000080503,SMARCA2,homo_sapiens
2166,ENSMUSG00000028949,SMARCD3,mus_musculus
2166,ENSXETG00000014415,SMARCD3,xenopus_tropicalis
2166,FBgn0025463,SMARCD3,drosophila_melanogaster
2166,WBGene00044072,SMARCD3,caenorhabditis_elegans
2166,ENSG00000082014,SMARCD3,homo_sapiens
2167,ENSMUSG00000031540,KAT6A,mus_musculus
2167,FBgn0034975,KAT6A,drosophila_melanogaster
2167,WBGene00045419,KAT6A,caenorhabditis_elegans
2167,ENSG00000083168,KAT6A,homo_sapiens
2168,ENSXETG00000018174,AK6,xenopus_tropicalis
2168,FBgn0033754,AK6,drosophila_melanogaster
2168,WBGene00008458,AK6,caenorhabditis_elegans
2168,ENSG00000085231,AK6,homo_sapiens
2169,ENSMUSG00000029475,KDM2B,mus_musculus
2169,ENSXETG00000020966,KDM2B,xenopus_tropicalis
2169,FBgn0037659,KDM2B,drosophila_melanogaster
2169,WBGene00020821,KDM2B,caenorhabditis_elegans
2169,ENSG00000089094,KDM2B,homo_sapiens
2170,ENSMUSG00000031161,HDAC6,mus_musculus
2170,ENSXETG00000023355,HDAC6,xenopus_tropicalis
2170,FBgn0026428,HDAC6,drosophila_melanogaster
2170,WBGene00018319,HDAC6,caenorhabditis_elegans
2170,ENSG00000094631,HDAC6,homo_sapiens
2171,ENSMUSG00000009575,CBX5,mus_musculus
2171,ENSXETG00000021279,CBX5,xenopus_tropicalis
2171,FBgn0003607,CBX5,drosophila_melanogaster
2171,WBGene00001995,CBX5,caenorhabditis_elegans
2171,ENSG00000094916,CBX5,homo_sapiens
2172,ENSMUSG00000024789,JAK2,mus_musculus
2172,ENSXETG00000000586,JAK2,xenopus_tropicalis
2172,FBgn0004864,JAK2,drosophila_melanogaster
2172,ENSG00000096968,JAK2,homo_sapiens
2173,ENSMUSG00000071226,CECR2,mus_musculus
2173,ENSXETG00000000873,CECR2,xenopus_tropicalis
2173,WBGene00009180,CECR2,caenorhabditis_elegans
2173,ENSG00000099954,CECR2,homo_sapiens
2174,ENSMUSG00000000902,SMARCB1,mus_musculus
2174,ENSXETG00000022368,SMARCB1,xenopus_tropicalis
2174,FBgn0011715,SMARCB1,drosophila_melanogaster
2174,WBGene00011111,SMARCB1,caenorhabditis_elegans
2174,ENSG00000099956,SMARCB1,homo_sapiens
2175,ENSMUSG00000053411,CBX7,mus_musculus
2175,ENSXETG00000006911,CBX7,xenopus_tropicalis
2175,FBgn0003042,CBX7,drosophila_melanogaster
2175,ENSG00000100307,CBX7,homo_sapiens
2176,ENSMUSG00000062906,HDAC10,mus_musculus
2176,ENSXETG00000031474,HDAC10,xenopus_tropicalis
2176,FBgn0026428,HDAC10,drosophila_melanogaster
2176,WBGene00018319,HDAC10,caenorhabditis_elegans
2176,ENSG00000100429,HDAC10,homo_sapiens
2177,ENSMUSG00000053754,CHD8,mus_musculus
2177,ENSXETG00000017194,CHD8,xenopus_tropicalis
2177,FBgn0266557,CHD8,drosophila_melanogaster
2177,WBGene00007053,CHD8,caenorhabditis_elegans
2177,ENSG00000100888,CHD8,homo_sapiens
2178,ENSMUSG00000039671,ZMYND8,mus_musculus
2178,ENSXETG00000033492,ZMYND8,xenopus_tropicalis
2178,FBgn0039863,ZMYND8,drosophila_melanogaster
2178,ENSG00000101040,ZMYND8,homo_sapiens
2179,ENSMUSG00000025246,TBL1X,mus_musculus
2179,ENSXETG00000015786,TBL1X,xenopus_tropicalis
2179,FBgn0263933,TBL1X,drosophila_melanogaster
2179,ENSG00000101849,TBL1X,homo_sapiens
2180,ENSMUSG00000039231,SUV39H1,mus_musculus
2180,FBgn0263755,SUV39H1,drosophila_melanogaster
2180,ENSG00000101945,SUV39H1,homo_sapiens
2181,ENSMUSG00000031099,SMARCA1,mus_musculus
2181,ENSXETG00000001526,SMARCA1,xenopus_tropicalis
2181,FBgn0011604,SMARCA1,drosophila_melanogaster
2181,WBGene00002169,SMARCA1,caenorhabditis_elegans
2181,ENSG00000102038,SMARCA1,homo_sapiens
2182,ENSMUSG00000030801,KAT8,mus_musculus
2182,ENSXETG00000001943,KAT8,xenopus_tropicalis
2182,FBgn0039585,KAT8,drosophila_melanogaster
2182,WBGene00010537,KAT8,caenorhabditis_elegans
2182,ENSG00000103510,KAT8,homo_sapiens
2183,ENSMUSG00000061589,DOT1L,mus_musculus
2183,ENSXETG00000013658,DOT1L,xenopus_tropicalis
2183,FBgn0264495,DOT1L,drosophila_melanogaster
2183,WBGene00010067,DOT1L,caenorhabditis_elegans
2183,ENSG00000104885,DOT1L,homo_sapiens
2184,ENSMUSG00000029687,EZH2,mus_musculus
2184,ENSXETG00000020146,EZH2,xenopus_tropicalis
2184,FBgn0000629,EZH2,drosophila_melanogaster
2184,WBGene00003220,EZH2,caenorhabditis_elegans
2184,ENSG00000106462,EZH2,homo_sapiens
2185,ENSMUSG00000028397,KDM4C,mus_musculus
2185,ENSXETG00000000532,KDM4C,xenopus_tropicalis
2185,FBgn0033233,KDM4C,drosophila_melanogaster
2185,WBGene00012982,KDM4C,caenorhabditis_elegans
2185,ENSG00000107077,KDM4C,homo_sapiens
2186,ENSMUSG00000078619,SMARCD2,mus_musculus
2186,ENSXETG00000014231,SMARCD2,xenopus_tropicalis
2186,FBgn0025463,SMARCD2,drosophila_melanogaster
2186,WBGene00044072,SMARCD2,caenorhabditis_elegans
2186,ENSG00000108604,SMARCD2,homo_sapiens
2187,ENSMUSG00000020918,KAT2A,mus_musculus
2187,ENSXETG00000002303,KAT2A,xenopus_tropicalis
2187,FBgn0020388,KAT2A,drosophila_melanogaster
2187,WBGene00021636,KAT2A,caenorhabditis_elegans
2187,ENSG00000108773,KAT2A,homo_sapiens
2188,ENSMUSG00000006920,EZH1,mus_musculus
2188,ENSXETG00000020191,EZH1,xenopus_tropicalis
2188,FBgn0000629,EZH1,drosophila_melanogaster
2188,WBGene00003220,EZH1,caenorhabditis_elegans
2188,ENSG00000108799,EZH1,homo_sapiens
2189,ENSMUSG00000008855,HDAC5,mus_musculus
2189,ENSXETG00000003365,HDAC5,xenopus_tropicalis
2189,FBgn0041210,HDAC5,drosophila_melanogaster
2189,WBGene00001837,HDAC5,caenorhabditis_elegans
2189,ENSG00000108840,HDAC5,homo_sapiens
2190,ENSMUSG00000002052,SUPT6H,mus_musculus
2190,ENSXETG00000019265,SUPT6H,xenopus_tropicalis
2190,FBgn0028982,SUPT6H,drosophila_melanogaster
2190,WBGene00001259,SUPT6H,caenorhabditis_elegans
2190,ENSG00000109111,SUPT6H,homo_sapiens
2191,ENSMUSG00000063870,CHD4,mus_musculus
2191,ENSXETG00000026410,CHD4,xenopus_tropicalis
2191,FBgn0023395,CHD4,drosophila_melanogaster
2191,WBGene00000482,CHD4,caenorhabditis_elegans
2191,ENSG00000111642,CHD4,homo_sapiens
2192,ENSMUSG00000030330,ING4,mus_musculus
2192,FBgn0032516,ING4,drosophila_melanogaster
2192,ENSG00000111653,ING4,homo_sapiens
2193,ENSMUSG00000024193,PHF1,mus_musculus
2193,ENSXETG00000020362,PHF1,xenopus_tropicalis
2193,FBgn0003044,PHF1,drosophila_melanogaster
2193,ENSG00000112511,PHF1,homo_sapiens
2194,ENSMUSG00000003778,BRD8,mus_musculus
2194,ENSXETG00000006726,BRD8,xenopus_tropicalis
2194,FBgn0039654,BRD8,drosophila_melanogaster
2194,ENSG00000112983,BRD8,homo_sapiens
2195,ENSMUSG00000000708,KAT2B,mus_musculus
2195,ENSXETG00000014008,KAT2B,xenopus_tropicalis
2195,FBgn0020388,KAT2B,drosophila_melanogaster
2195,WBGene00021636,KAT2B,caenorhabditis_elegans
2195,ENSG00000114166,KAT2B,homo_sapiens
2196,ENSMUSG00000028800,HDAC1,mus_musculus
2196,ENSXETG00000005253,HDAC1,xenopus_tropicalis
2196,FBgn0015805,HDAC1,drosophila_melanogaster
2196,WBGene00001834,HDAC1,caenorhabditis_elegans
2196,ENSG00000116478,HDAC1,homo_sapiens
2197,ENSMUSG00000026439,RBBP5,mus_musculus
2197,ENSXETG00000000933,RBBP5,xenopus_tropicalis
2197,FBgn0036973,RBBP5,drosophila_melanogaster
2197,WBGene00017683,RBBP5,caenorhabditis_elegans
2197,ENSG00000117222,RBBP5,homo_sapiens
2198,ENSMUSG00000002028,KMT2A,mus_musculus
2198,ENSXETG00000010087,KMT2A,xenopus_tropicalis
2198,FBgn0003862,KMT2A,drosophila_melanogaster
2198,ENSG00000118058,KMT2A,homo_sapiens
2199,ENSMUSG00000020390,UBE2B,mus_musculus
2199,ENSXETG00000026236,UBE2B,xenopus_tropicalis
2199,FBgn0004436,UBE2B,drosophila_melanogaster
2199,WBGene00006701,UBE2B,caenorhabditis_elegans
2199,ENSG00000119048,UBE2B,homo_sapiens
2200,ENSMUSG00000026873,PHF19,mus_musculus
2200,ENSXETG00000019597,PHF19,xenopus_tropicalis
2200,FBgn0003044,PHF19,drosophila_melanogaster
2200,ENSG00000119403,PHF19,homo_sapiens
2201,ENSMUSG00000028899,TAF12,mus_musculus
2201,ENSXETG00000020616,TAF12,xenopus_tropicalis
2201,FBgn0011290,TAF12,drosophila_melanogaster
2201,WBGene00006396,TAF12,caenorhabditis_elegans
2201,ENSG00000120656,TAF12,homo_sapiens
2202,ENSMUSG00000029836,CBX3,mus_musculus
2202,ENSXETG00000012175,CBX3,xenopus_tropicalis
2202,FBgn0003607,CBX3,drosophila_melanogaster
2202,WBGene00001995,CBX3,caenorhabditis_elegans
2202,ENSG00000122565,CBX3,homo_sapiens
2203,ENSMUSG00000031314,TAF1L,mus_musculus
2203,ENSXETG00000023137,TAF1L,xenopus_tropicalis
2203,FBgn0010355,TAF1L,drosophila_melanogaster
2203,WBGene00006382,TAF1L,caenorhabditis_elegans
2203,ENSG00000122728,TAF1L,homo_sapiens
2204,ENSMUSG00000057133,CHD6,mus_musculus
2204,ENSXETG00000021445,CHD6,xenopus_tropicalis
2204,FBgn0266557,CHD6,drosophila_melanogaster
2204,WBGene00007053,CHD6,caenorhabditis_elegans
2204,ENSG00000124177,CHD6,homo_sapiens
2205,ENSMUSG00000051977,PRDM7,mus_musculus
2205,WBGene00011887,PRDM7,caenorhabditis_elegans
2205,ENSG00000126856,PRDM7,homo_sapiens
2206,ENSMUSG00000032187,SMARCA4,mus_musculus
2206,ENSXETG00000009355,SMARCA4,xenopus_tropicalis
2206,FBgn0000212,SMARCA4,drosophila_melanogaster
2206,WBGene00004204,SMARCA4,caenorhabditis_elegans
2206,ENSG00000127616,SMARCA4,homo_sapiens
2207,ENSMUSG00000031575,ASH2L,mus_musculus
2207,ENSXETG00000009007,ASH2L,xenopus_tropicalis
2207,FBgn0000139,ASH2L,drosophila_melanogaster
2207,WBGene00012458,ASH2L,caenorhabditis_elegans
2207,ENSG00000129691,ASH2L,homo_sapiens
2208,ENSMUSG00000059288,CDY2B,mus_musculus
2208,ENSXETG00000030044,CDY2B,xenopus_tropicalis
2208,ENSG00000129873,CDY2B,homo_sapiens
2209,ENSMUSG00000004099,DNMT1,mus_musculus
2209,ENSXETG00000022035,DNMT1,xenopus_tropicalis
2209,ENSG00000130816,DNMT1,homo_sapiens
2210,ENSMUSG00000020184,MDM2,mus_musculus
2210,ENSXETG00000001434,MDM2,xenopus_tropicalis
2210,ENSG00000135679,MDM2,homo_sapiens
2211,ENSMUSG00000029279,BRDT,mus_musculus
2211,ENSXETG00000008571,BRDT,xenopus_tropicalis
2211,FBgn0004656,BRDT,drosophila_melanogaster
2211,ENSG00000137948,BRDT,homo_sapiens
2212,ENSMUSG00000025578,CBX8,mus_musculus
2212,ENSXETG00000012826,CBX8,xenopus_tropicalis
2212,FBgn0003042,CBX8,drosophila_melanogaster
2212,ENSG00000141570,CBX8,homo_sapiens
2213,ENSMUSG00000039989,CBX4,mus_musculus
2213,ENSXETG00000012825,CBX4,xenopus_tropicalis
2213,FBgn0003042,CBX4,drosophila_melanogaster
2213,ENSG00000141582,CBX4,homo_sapiens
2214,ENSMUSG00000024002,BRD4,mus_musculus
2214,ENSXETG00000013039,BRD4,xenopus_tropicalis
2214,FBgn0004656,BRD4,drosophila_melanogaster
2214,ENSG00000141867,BRD4,homo_sapiens
2215,ENSMUSG00000032185,CARM1,mus_musculus
2215,ENSXETG00000009357,CARM1,xenopus_tropicalis
2215,FBgn0037770,CARM1,drosophila_melanogaster
2215,ENSG00000142453,CARM1,homo_sapiens
2216,ENSMUSG00000029267,MTF2,mus_musculus
2216,ENSXETG00000023001,MTF2,xenopus_tropicalis
2216,FBgn0003044,MTF2,drosophila_melanogaster
2216,ENSG00000143033,MTF2,homo_sapiens
2217,ENSMUSG00000032253,PHIP,mus_musculus
2217,ENSXETG00000011747,PHIP,xenopus_tropicalis
2217,FBgn0011785,PHIP,drosophila_melanogaster
2217,ENSG00000146247,PHIP,homo_sapiens
2218,ENSMUSG00000067567,HDAC8,mus_musculus
2218,ENSXETG00000020527,HDAC8,xenopus_tropicalis
2218,WBGene00001835,HDAC8,caenorhabditis_elegans
2218,ENSG00000147099,HDAC8,homo_sapiens
2219,ENSMUSG00000031314,TAF1,mus_musculus
2219,ENSXETG00000023137,TAF1,xenopus_tropicalis
2219,FBgn0010355,TAF1,drosophila_melanogaster
2219,WBGene00006382,TAF1,caenorhabditis_elegans
2219,ENSG00000147133,TAF1,homo_sapiens
2220,ENSMUSG00000054823,WHSC1L1,mus_musculus
2220,ENSXETG00000015186,WHSC1L1,xenopus_tropicalis
2220,FBgn0039559,WHSC1L1,drosophila_melanogaster
2220,ENSG00000147548,WHSC1L1,homo_sapiens
2221,ENSMUSG00000025049,TAF5,mus_musculus
2221,ENSXETG00000011394,TAF5,xenopus_tropicalis
2221,FBgn0010356,TAF5,drosophila_melanogaster
2221,WBGene00006386,TAF5,caenorhabditis_elegans
2221,ENSG00000148835,TAF5,homo_sapiens
2222,ENSMUSG00000061104,SAP18,mus_musculus
2222,ENSXETG00000009598,SAP18,xenopus_tropicalis
2222,FBgn0024491,SAP18,drosophila_melanogaster
2222,WBGene00007625,SAP18,caenorhabditis_elegans
2222,ENSG00000150459,SAP18,homo_sapiens
2223,ENSMUSG00000026646,SUV39H2,mus_musculus
2223,ENSXETG00000005401,SUV39H2,xenopus_tropicalis
2223,FBgn0263755,SUV39H2,drosophila_melanogaster
2223,ENSG00000152455,SUV39H2,homo_sapiens
2224,ENSMUSG00000059288,CDYL,mus_musculus
2224,ENSXETG00000030044,CDYL,xenopus_tropicalis
2224,ENSG00000153046,CDYL,homo_sapiens
2225,ENSMUSG00000031715,SMARCA5,mus_musculus
2225,ENSXETG00000017566,SMARCA5,xenopus_tropicalis
2225,FBgn0011604,SMARCA5,drosophila_melanogaster
2225,WBGene00002169,SMARCA5,caenorhabditis_elegans
2225,ENSG00000153147,SMARCA5,homo_sapiens
2226,ENSMUSG00000023852,CHD1,mus_musculus
2226,ENSXETG00000023875,CHD1,xenopus_tropicalis
2226,FBgn0250786,CHD1,drosophila_melanogaster
2226,WBGene00010369,CHD1,caenorhabditis_elegans
2226,ENSG00000153922,CHD1,homo_sapiens
2227,ENSMUSG00000024560,CXXC1,mus_musculus
2227,ENSXETG00000021938,CXXC1,xenopus_tropicalis
2227,FBgn0030121,CXXC1,drosophila_melanogaster
2227,WBGene00009924,CXXC1,caenorhabditis_elegans
2227,ENSG00000154832,CXXC1,homo_sapiens
2228,ENSMUSG00000028309,RNF20,mus_musculus
2228,ENSXETG00000011951,RNF20,xenopus_tropicalis
2228,FBgn0086694,RNF20,drosophila_melanogaster
2228,WBGene00007008,RNF20,caenorhabditis_elegans
2228,ENSG00000155827,RNF20,homo_sapiens
2229,ENSMUSG00000021767,KAT6B,mus_musculus
2229,FBgn0034975,KAT6B,drosophila_melanogaster
2229,WBGene00045419,KAT6B,caenorhabditis_elegans
2229,ENSG00000156650,KAT6B,homo_sapiens
2230,ENSMUSG00000028886,EYA3,mus_musculus
2230,ENSXETG00000012888,EYA3,xenopus_tropicalis
2230,FBgn0000320,EYA3,drosophila_melanogaster
2230,WBGene00001377,EYA3,caenorhabditis_elegans
2230,ENSG00000158161,EYA3,homo_sapiens
2231,ENSMUSG00000047911,NPM2,mus_musculus
2231,ENSXETG00000010542,NPM2,xenopus_tropicalis
2231,ENSG00000158806,NPM2,homo_sapiens
2232,ENSMUSG00000057236,RBBP4,mus_musculus
2232,ENSXETG00000000984,RBBP4,xenopus_tropicalis
2232,FBgn0263979,RBBP4,drosophila_melanogaster
2232,WBGene00003036,RBBP4,caenorhabditis_elegans
2232,ENSG00000162521,RBBP4,homo_sapiens
2233,ENSMUSG00000029920,SMARCAD1,mus_musculus
2233,ENSXETG00000019214,SMARCAD1,xenopus_tropicalis
2233,FBgn0032157,SMARCAD1,drosophila_melanogaster
2233,WBGene00010845,SMARCAD1,caenorhabditis_elegans
2233,ENSG00000163104,SMARCAD1,homo_sapiens
2234,ENSMUSG00000008958,VPS72,mus_musculus
2234,FBgn0032321,VPS72,drosophila_melanogaster
2234,WBGene00007645,VPS72,caenorhabditis_elegans
2234,ENSG00000163159,VPS72,homo_sapiens
2235,ENSMUSG00000047824,PYGO2,mus_musculus
2235,FBgn0043900,PYGO2,drosophila_melanogaster
2235,ENSG00000163348,PYGO2,homo_sapiens
2236,ENSMUSG00000034245,HDAC11,mus_musculus
2236,FBgn0051119,HDAC11,drosophila_melanogaster
2236,WBGene00007953,HDAC11,caenorhabditis_elegans
2236,ENSG00000163517,HDAC11,homo_sapiens
2237,ENSMUSG00000041215,YEATS2,mus_musculus
2237,ENSXETG00000013847,YEATS2,xenopus_tropicalis
2237,FBgn0027490,YEATS2,drosophila_melanogaster
2237,WBGene00013692,YEATS2,caenorhabditis_elegans
2237,ENSG00000163872,YEATS2,homo_sapiens
2238,ENSMUSG00000031609,SAP30,mus_musculus
2238,ENSXETG00000016915,SAP30,xenopus_tropicalis
2238,FBgn0030788,SAP30,drosophila_melanogaster
2238,ENSG00000164105,SAP30,homo_sapiens
2239,ENSMUSG00000038080,KDM1B,mus_musculus
2239,ENSXETG00000015429,KDM1B,xenopus_tropicalis
2239,WBGene00000137,KDM1B,caenorhabditis_elegans
2239,ENSG00000165097,KDM1B,homo_sapiens
2240,ENSMUSG00000031660,BRD7,mus_musculus
2240,ENSXETG00000018460,BRD7,xenopus_tropicalis
2240,FBgn0031947,BRD7,drosophila_melanogaster
2240,WBGene00007256,BRD7,caenorhabditis_elegans
2240,ENSG00000166164,BRD7,homo_sapiens
2241,ENSMUSG00000043866,TAF10,mus_musculus
2241,ENSXETG00000004906,TAF10,xenopus_tropicalis
2241,FBgn0026324,TAF10,drosophila_melanogaster
2241,WBGene00006392,TAF10,caenorhabditis_elegans
2241,ENSG00000166337,TAF10,homo_sapiens
2242,ENSMUSG00000048154,KMT2D,mus_musculus
2242,ENSXETG00000011176,KMT2D,xenopus_tropicalis
2242,FBgn0023518,KMT2D,drosophila_melanogaster
2242,WBGene00011729,KMT2D,caenorhabditis_elegans
2242,ENSG00000167548,KMT2D,homo_sapiens
2243,ENSMUSG00000026283,ING5,mus_musculus
2243,ENSXETG00000002976,ING5,xenopus_tropicalis
2243,FBgn0032516,ING5,drosophila_melanogaster
2243,ENSG00000168395,ING5,homo_sapiens
2244,ENSMUSG00000026918,BRD3,mus_musculus
2244,ENSXETG00000019589,BRD3,xenopus_tropicalis
2244,FBgn0004656,BRD3,drosophila_melanogaster
2244,ENSG00000169925,BRD3,homo_sapiens
2245,ENSMUSG00000018474,CHD3,mus_musculus
2245,ENSXETG00000012991,CHD3,xenopus_tropicalis
2245,FBgn0023395,CHD3,drosophila_melanogaster
2245,WBGene00000482,CHD3,caenorhabditis_elegans
2245,ENSG00000170004,CHD3,homo_sapiens
2246,ENSMUSG00000048930,TADA3,mus_musculus
2246,ENSXETG00000023674,TADA3,xenopus_tropicalis
2246,FBgn0030891,TADA3,drosophila_melanogaster
2246,ENSG00000171148,TADA3,homo_sapiens
2247,ENSMUSG00000024454,HDAC3,mus_musculus
2247,ENSXETG00000002708,HDAC3,xenopus_tropicalis
2247,FBgn0025825,HDAC3,drosophila_melanogaster
2247,ENSG00000171720,HDAC3,homo_sapiens
2248,ENSMUSG00000059288,CDY1B,mus_musculus
2248,ENSXETG00000030044,CDY1B,xenopus_tropicalis
2248,ENSG00000172352,CDY1B,homo_sapiens
2249,ENSMUSG00000041229,PHF8,mus_musculus
2249,ENSXETG00000022032,PHF8,xenopus_tropicalis
2249,WBGene00005013,PHF8,caenorhabditis_elegans
2249,ENSG00000172943,PHF8,homo_sapiens
2250,ENSMUSG00000024926,KAT5,mus_musculus
2250,ENSXETG00000020586,KAT5,xenopus_tropicalis
2250,FBgn0026080,KAT5,drosophila_melanogaster
2250,ENSG00000172977,KAT5,homo_sapiens
2251,ENSMUSG00000054611,KDM2A,mus_musculus
2251,ENSXETG00000031050,KDM2A,xenopus_tropicalis
2251,FBgn0037659,KDM2A,drosophila_melanogaster
2251,WBGene00020821,KDM2A,caenorhabditis_elegans
2251,ENSG00000173120,KDM2A,homo_sapiens
2252,ENSMUSG00000078671,CHD2,mus_musculus
2252,ENSXETG00000024129,CHD2,xenopus_tropicalis
2252,FBgn0250786,CHD2,drosophila_melanogaster
2252,WBGene00010369,CHD2,caenorhabditis_elegans
2252,ENSG00000173575,CHD2,homo_sapiens
2253,ENSMUSG00000025577,CBX2,mus_musculus
2253,ENSXETG00000003005,CBX2,xenopus_tropicalis
2253,FBgn0003042,CBX2,drosophila_melanogaster
2253,ENSG00000173894,CBX2,homo_sapiens
2254,ENSMUSG00000030079,RUVBL1,mus_musculus
2254,ENSXETG00000002064,RUVBL1,xenopus_tropicalis
2254,FBgn0040078,RUVBL1,drosophila_melanogaster
2254,WBGene00007784,RUVBL1,caenorhabditis_elegans
2254,ENSG00000175792,RUVBL1,homo_sapiens
2255,ENSMUSG00000017548,SUZ12,mus_musculus
2255,ENSXETG00000020055,SUZ12,xenopus_tropicalis
2255,FBgn0020887,SUZ12,drosophila_melanogaster
2255,ENSG00000178691,SUZ12,homo_sapiens
2256,ENSMUSG00000051316,TAF7,mus_musculus
2256,ENSXETG00000018171,TAF7,xenopus_tropicalis
2256,FBgn0024909,TAF7,drosophila_melanogaster
2256,WBGene00006389,TAF7,caenorhabditis_elegans
2256,ENSG00000178913,TAF7,homo_sapiens
2257,ENSMUSG00000036893,EHMT1,mus_musculus
2257,ENSXETG00000016933,EHMT1,xenopus_tropicalis
2257,FBgn0040372,EHMT1,drosophila_melanogaster
2257,ENSG00000181090,EHMT1,homo_sapiens
2258,ENSMUSG00000044791,SETD2,mus_musculus
2258,ENSXETG00000023876,SETD2,xenopus_tropicalis
2258,FBgn0030486,SETD2,drosophila_melanogaster
2258,WBGene00019584,SETD2,caenorhabditis_elegans
2258,ENSG00000181555,SETD2,homo_sapiens
2259,ENSMUSG00000003868,RUVBL2,mus_musculus
2259,ENSXETG00000025105,RUVBL2,xenopus_tropicalis
2259,FBgn0040075,RUVBL2,drosophila_melanogaster
2259,WBGene00020687,RUVBL2,caenorhabditis_elegans
2259,ENSG00000183207,RUVBL2,homo_sapiens
2260,ENSMUSG00000029505,EP400,mus_musculus
2260,ENSXETG00000002041,EP400,xenopus_tropicalis
2260,FBgn0020306,EP400,drosophila_melanogaster
2260,WBGene00007027,EP400,caenorhabditis_elegans
2260,ENSG00000183495,EP400,homo_sapiens
2261,ENSMUSG00000089715,CBX6,mus_musculus
2261,ENSXETG00000006910,CBX6,xenopus_tropicalis
2261,FBgn0003042,CBX6,drosophila_melanogaster
2261,ENSG00000183741,CBX6,homo_sapiens
2262,ENSMUSG00000049327,KMT5A,mus_musculus
2262,ENSXETG00000005820,KMT5A,xenopus_tropicalis
2262,FBgn0011474,KMT5A,drosophila_melanogaster
2262,WBGene00004781,KMT5A,caenorhabditis_elegans
2262,ENSG00000183955,KMT5A,homo_sapiens
2263,ENSMUSG00000022914,BRWD1,mus_musculus
2263,ENSXETG00000023728,BRWD1,xenopus_tropicalis
2263,FBgn0011785,BRWD1,drosophila_melanogaster
2263,ENSG00000185658,BRWD1,homo_sapiens
2264,ENSMUSG00000025138,SIRT7,mus_musculus
2264,ENSXETG00000005388,SIRT7,xenopus_tropicalis
2264,FBgn0039631,SIRT7,drosophila_melanogaster
2264,ENSG00000187531,SIRT7,homo_sapiens
2265,ENSMUSG00000003435,SUPT5H,mus_musculus
2265,ENSXETG00000002888,SUPT5H,xenopus_tropicalis
2265,FBgn0040273,SUPT5H,drosophila_melanogaster
2265,WBGene00005015,SUPT5H,caenorhabditis_elegans
2265,ENSG00000196235,SUPT5H,homo_sapiens
2266,ENSMUSG00000026917,WDR5,mus_musculus
2266,ENSXETG00000019588,WDR5,xenopus_tropicalis
2266,FBgn0040066,WDR5,drosophila_melanogaster
2266,WBGene00006474,WDR5,caenorhabditis_elegans
2266,ENSG00000196363,WDR5,homo_sapiens
2267,ENSMUSG00000045482,TRRAP,mus_musculus
2267,ENSXETG00000020075,TRRAP,xenopus_tropicalis
2267,FBgn0053554,TRRAP,drosophila_melanogaster
2267,WBGene00007028,TRRAP,caenorhabditis_elegans
2267,ENSG00000196367,TRRAP,homo_sapiens
2268,ENSMUSG00000019777,HDAC2,mus_musculus
2268,ENSXETG00000007339,HDAC2,xenopus_tropicalis
2268,FBgn0015805,HDAC2,drosophila_melanogaster
2268,WBGene00001834,HDAC2,caenorhabditis_elegans
2268,ENSG00000196591,HDAC2,homo_sapiens
2269,ENSMUSG00000033014,TRIM33,mus_musculus
2269,ENSXETG00000021457,TRIM33,xenopus_tropicalis
2269,FBgn0023097,TRIM33,drosophila_melanogaster
2269,ENSG00000197323,TRIM33,homo_sapiens
2270,ENSMUSG00000035021,BAZ1A,mus_musculus
2270,ENSXETG00000012293,BAZ1A,xenopus_tropicalis
2270,FBgn0027620,BAZ1A,drosophila_melanogaster
2270,WBGene00019217,BAZ1A,caenorhabditis_elegans
2270,ENSG00000198604,BAZ1A,homo_sapiens
2271,ENSMUSG00000054387,MDM4,mus_musculus
2271,ENSXETG00000000035,MDM4,xenopus_tropicalis
2271,ENSG00000198625,MDM4,homo_sapiens
2272,ENSMUSG00000005609,CTR9,mus_musculus
2272,ENSXETG00000013673,CTR9,xenopus_tropicalis
2272,FBgn0035205,CTR9,drosophila_melanogaster
2272,WBGene00007184,CTR9,caenorhabditis_elegans
2272,ENSG00000198730,CTR9,homo_sapiens
2273,ENSMUSG00000024335,BRD2,mus_musculus
2273,ENSXETG00000017067,BRD2,xenopus_tropicalis
2273,FBgn0004656,BRD2,drosophila_melanogaster
2273,ENSG00000204256,BRD2,homo_sapiens
2274,ENSMUSG00000013787,EHMT2,mus_musculus
2274,ENSXETG00000010928,EHMT2,xenopus_tropicalis
2274,FBgn0040372,EHMT2,drosophila_melanogaster
2274,ENSG00000204371,EHMT2,homo_sapiens
2276,ENSMUSG00000020485,SUPT4H1,mus_musculus
2276,ENSXETG00000025331,SUPT4H1,xenopus_tropicalis
2276,FBgn0028683,SUPT4H1,drosophila_melanogaster
2276,WBGene00005014,SUPT4H1,caenorhabditis_elegans
2276,ENSG00000213246,SUPT4H1,homo_sapiens
2301,ENSMUSG00000006307,KMT2B,mus_musculus
2301,ENSXETG00000017567,KMT2B,xenopus_tropicalis
2301,FBgn0003862,KMT2B,drosophila_melanogaster
2301,ENSG00000272333,KMT2B,homo_sapiens
