index,ensembl_id,human_name,gene_name,species,isoforms,paralogues,motifs,complexity,iso_log2,par_log2,mot_log2,complexity_norm
0,ENSG00000001167,NFYA,NFYA,homo_sapiens,2,1,2,5,1,0,1,2
0,ENSMUSG00000023994,NFYA,Nfya,mus_musculus,9,1,7,17,3.2,0,2.8,6
0,ENSXETG00000011865,NFYA,nfya,xenopus_tropicalis,2,1,4,7,1,0,2,3
0,FBgn0035993,NFYA,Nf-YA,drosophila_melanogaster,1,1,1,3,0,0,0,0
0,WBGene00043056,NFYA,nfya-2,caenorhabditis_elegans,3,2,3,8,1.6,1,1.6,4.2
3,ENSG00000005102,MEOX1,MEOX1,homo_sapiens,4,20,3,27,2,4.3,1.6,7.9
3,ENSMUSG00000001493,MEOX1,Meox1,mus_musculus,1,20,1,22,0,4.3,0,4.3
3,FBgn0014949,MEOX1,btn,drosophila_melanogaster,1,11,1,13,0,3.5,0,3.5
3,WBGene00000436,MEOX1,ceh-12,caenorhabditis_elegans,1,6,1,8,0,2.6,0,2.6
4,ENSG00000005436,GCFC2,GCFC2,homo_sapiens,7,2,0,9,2.8,1,0,3.8
4,ENSMUSG00000035125,GCFC2,Gcfc2,mus_musculus,2,2,0,4,1,1,0,2
4,ENSXETG00000007803,GCFC2,gcfc2,xenopus_tropicalis,2,2,0,4,1,1,0,2
4,FBgn0037466,GCFC2,CG1965,drosophila_melanogaster,3,1,0,4,1.6,0,0,1.6
4,WBGene00009672,GCFC2,F43G9.12,caenorhabditis_elegans,2,1,0,3,1,0,0,1
8,ENSG00000006047,YBX2,YBX2,homo_sapiens,2,3,0,5,1,1.6,0,2.6
8,ENSMUSG00000018554,YBX2,Ybx2,mus_musculus,3,3,0,6,1.6,1.6,0,3.2
8,ENSXETG00000025267,YBX2,ybx2,xenopus_tropicalis,1,3,1,5,0,1.6,0,1.6
8,FBgn0022959,YBX2,yps,drosophila_melanogaster,2,1,0,3,1,0,0,1
8,WBGene00000472,YBX2,cey-1,caenorhabditis_elegans,1,0,0,1,0,0,0,0
11,ENSG00000006468,ETV1,ETV1,homo_sapiens,14,13,9,36,3.8,3.7,3.2,10.7
11,ENSMUSG00000004151,ETV1,Etv1,mus_musculus,11,13,7,31,3.5,3.7,2.8,10
11,ENSXETG00000005062,ETV1,etv1,xenopus_tropicalis,2,12,4,18,1,3.6,2,6.6
11,FBgn0039225,ETV1,Ets96B,drosophila_melanogaster,2,5,2,9,1,2.3,1,4.3
11,WBGene00016600,ETV1,ets-5,caenorhabditis_elegans,2,2,2,6,1,1,1,3
13,ENSG00000007372,PAX6,PAX6,homo_sapiens,15,9,24,39,3.9,3.2,4.6,11.7
13,ENSMUSG00000027168,PAX6,Pax6,mus_musculus,11,9,18,36,3.5,3.2,4.2,10.8
13,ENSXETG00000008175,PAX6,pax6,xenopus_tropicalis,2,9,4,15,1,3.2,2,6.2
13,FBgn0019650,PAX6,toy,drosophila_melanogaster,2,10,4,14,1,3.3,2,6.3
13,WBGene00006870,PAX6,vab-3,caenorhabditis_elegans,3,7,4,14,1.6,2.8,2,6.4
14,ENSG00000007866,TEAD3,TEAD3,homo_sapiens,3,4,1,8,1.6,2,0,3.6
14,ENSMUSG00000002249,TEAD3,Tead3,mus_musculus,4,5,4,13,2,2.3,2,6.3
14,FBgn0003345,TEAD3,sd,drosophila_melanogaster,21,1,21,43,4.4,0,4.4,8.8
14,WBGene00001208,TEAD3,egl-44,caenorhabditis_elegans,5,1,5,11,2.3,0,2.3,4.6
15,ENSG00000007968,E2F2,E2F2,homo_sapiens,1,6,0,7,0,2.6,0,2.6
15,ENSMUSG00000018983,E2F2,E2f2,mus_musculus,1,6,0,7,0,2.6,0,2.6
15,FBgn0011766,E2F2,E2f1,drosophila_melanogaster,6,2,0,8,2.6,1,0,3.6
15,WBGene00001162,E2F2,efl-2,caenorhabditis_elegans,4,2,0,2,2,1,0,3
16,ENSG00000008083,JARID2,JARID2,homo_sapiens,2,5,6,13,1,2.3,2.6,5.9
16,ENSMUSG00000038518,JARID2,Jarid2,mus_musculus,8,5,13,26,3,2.3,3.7,9
16,ENSXETG00000015433,JARID2,jarid2,xenopus_tropicalis,1,5,3,9,0,2.3,1.6,3.9
16,FBgn0036004,JARID2,Jarid2,drosophila_melanogaster,1,2,3,6,0,1,1.6,2.6
16,WBGene00004319,JARID2,rbr-2,caenorhabditis_elegans,2,1,8,11,1,0,3,4
17,ENSG00000008196,TFAP2B,TFAP2B,homo_sapiens,2,5,0,7,1,2.3,0,3.3
17,ENSMUSG00000025927,TFAP2B,Tfap2b,mus_musculus,3,5,0,8,1.6,2.3,0,3.9
17,ENSXETG00000021674,TFAP2B,tfap2b,xenopus_tropicalis,2,5,0,7,1,2.3,0,3.3
17,FBgn0261953,TFAP2B,TfAP-2,drosophila_melanogaster,6,1,0,7,2.6,0,0,2.6
17,WBGene00019424,TFAP2B,aptf-1,caenorhabditis_elegans,1,4,0,5,0,2,0,2
18,ENSG00000008197,TFAP2D,TFAP2D,homo_sapiens,1,5,0,6,0,2.3,0,2.3
18,ENSMUSG00000042596,TFAP2D,Tfap2d,mus_musculus,1,5,0,6,0,2.3,0,2.3
18,ENSXETG00000032997,TFAP2D,TFAP2D,xenopus_tropicalis,1,5,0,6,0,2.3,0,2.3
18,FBgn0261953,TFAP2D,TfAP-2,drosophila_melanogaster,6,1,0,7,2.6,0,0,2.6
18,WBGene00019424,TFAP2D,aptf-1,caenorhabditis_elegans,1,4,0,5,0,2,0,2
19,ENSG00000008441,NFIX,NFIX,homo_sapiens,11,4,11,26,3.5,2,3.5,8.9
19,ENSMUSG00000001911,NFIX,Nfix,mus_musculus,5,4,5,14,2.3,2,2.3,6.6
19,ENSXETG00000016718,NFIX,nfix,xenopus_tropicalis,2,4,2,8,1,2,1,4
19,FBgn0042696,NFIX,NfI,drosophila_melanogaster,2,1,2,5,1,0,1,2
19,WBGene00003592,NFIX,nfi-1,caenorhabditis_elegans,3,1,3,7,1.6,0,1.6,3.2
21,ENSG00000009709,PAX7,PAX7,homo_sapiens,3,9,6,18,1.6,3.2,2.6,7.3
21,ENSMUSG00000028736,PAX7,Pax7,mus_musculus,2,9,4,15,1,3.2,2,6.2
21,ENSXETG00000018527,PAX7,pax7,xenopus_tropicalis,1,9,3,13,0,3.2,1.6,4.8
21,FBgn0001148,PAX7,gsb,drosophila_melanogaster,1,10,2,13,0,3.3,1,4.3
21,WBGene00003939,PAX7,pax-3,caenorhabditis_elegans,1,7,2,10,0,2.8,1,3.8
22,ENSG00000009950,MLXIPL,MLXIPL,homo_sapiens,7,3,5,15,2.8,1.6,2.3,6.7
22,ENSMUSG00000005373,MLXIPL,Mlxipl,mus_musculus,4,3,3,10,2,1.6,1.6,5.2
22,ENSXETG00000030310,MLXIPL,MLXIPL,xenopus_tropicalis,1,3,0,7,0,1.6,0,1.6
22,FBgn0032940,MLXIPL,Mio,drosophila_melanogaster,11,2,11,24,3.5,1,3.5,7.9
22,WBGene00003378,MLXIPL,mml-1,caenorhabditis_elegans,2,2,2,6,1,1,1,3
25,ENSG00000010818,HIVEP2,HIVEP2,homo_sapiens,3,4,12,19,1.6,2,3.6,7.2
25,ENSMUSG00000015501,HIVEP2,Hivep2,mus_musculus,4,4,14,22,2,2,3.8,7.8
25,ENSXETG00000023284,HIVEP2,hivep2,xenopus_tropicalis,1,3,7,8,0,1.6,2.8,4.4
25,FBgn0003396,HIVEP2,shn,drosophila_melanogaster,6,1,42,49,2.6,0,5.4,8
25,WBGene00004862,HIVEP2,sma-9,caenorhabditis_elegans,14,1,51,71,3.8,0,5.7,9.5
30,ENSG00000012817,KDM5D,KDM5D,homo_sapiens,6,5,18,29,2.6,2.3,4.2,9.1
30,ENSMUSG00000056673,KDM5D,Kdm5d,mus_musculus,2,5,7,14,1,2.3,2.8,6.1
30,ENSXETG00000007178,KDM5D,kdm5c,xenopus_tropicalis,1,5,4,10,0,2.3,2,4.3
30,WBGene00004319,KDM5D,rbr-2,caenorhabditis_elegans,2,1,8,11,1,0,3,4
31,ENSG00000016082,ISL1,ISL1,homo_sapiens,2,12,6,20,1,3.6,2.6,7.2
31,ENSMUSG00000042258,ISL1,Isl1,mus_musculus,2,12,6,20,1,3.6,2.6,7.2
31,ENSXETG00000004188,ISL1,isl1,xenopus_tropicalis,1,13,2,16,0,3.7,1,4.7
31,FBgn0003896,ISL1,tup,drosophila_melanogaster,3,7,9,19,1.6,2.8,3.2,7.6
31,WBGene00002989,ISL1,lim-7,caenorhabditis_elegans,1,7,3,11,0,2.8,1.6,4.4
34,ENSG00000020256,ZFP64,ZFP64,homo_sapiens,9,5,65,79,3.2,2.3,6,11.5
34,ENSMUSG00000027551,ZFP64,Zfp64,mus_musculus,4,5,24,33,2,2.3,4.6,8.9
34,ENSXETG00000012327,ZFP64,zfp64,xenopus_tropicalis,1,4,8,13,0,2,3,5
34,WBGene00009553,ZFP64,F39B2.1,caenorhabditis_elegans,1,1,5,7,0,0,2.3,2.3
35,ENSG00000020633,RUNX3,RUNX3,homo_sapiens,3,3,3,9,1.6,1.6,1.6,4.8
35,ENSMUSG00000070691,RUNX3,Runx3,mus_musculus,2,3,2,7,1,1.6,1,3.6
35,ENSXETG00000001029,RUNX3,runx3,xenopus_tropicalis,1,3,1,5,0,1.6,0,1.6
35,FBgn0003300,RUNX3,run,drosophila_melanogaster,3,4,3,10,1.6,2,1.6,5.2
35,WBGene00004393,RUNX3,rnt-1,caenorhabditis_elegans,1,1,1,3,0,0,0,0
36,ENSG00000025156,HSF2,HSF2,homo_sapiens,3,3,0,6,1.6,1.6,0,3.2
36,ENSMUSG00000019878,HSF2,Hsf2,mus_musculus,1,4,0,5,0,2,0,2
36,ENSXETG00000023290,HSF2,hsf2,xenopus_tropicalis,1,5,0,6,0,2.3,0,2.3
36,FBgn0001222,HSF2,Hsf,drosophila_melanogaster,4,1,0,5,2,0,0,2
36,WBGene00002004,HSF2,hsf-1,caenorhabditis_elegans,1,1,0,2,0,0,0,0
38,ENSG00000028277,POU2F2,POU2F2,homo_sapiens,14,16,19,49,3.8,4,4.2,12.1
38,ENSMUSG00000008496,POU2F2,Pou2f2,mus_musculus,9,15,16,25,3.2,3.9,4,11.1
38,ENSXETG00000033156,POU2F2,POU2F2,xenopus_tropicalis,1,16,4,21,0,4,2,6
38,FBgn0004394,POU2F2,pdm2,drosophila_melanogaster,4,5,8,15,2,2.3,3,7.3
38,WBGene00000441,POU2F2,ceh-18,caenorhabditis_elegans,3,3,5,11,1.6,1.6,2.3,5.5
41,ENSG00000029993,HMGB3,HMGB3,homo_sapiens,5,4,10,19,2.3,2,3.3,7.6
41,ENSXETG00000007740,HMGB3,hmgb3,xenopus_tropicalis,1,3,4,8,0,1.6,2,3.6
41,FBgn0011764,HMGB3,Dsp1,drosophila_melanogaster,7,1,14,22,2.8,0,3.8,6.6
41,WBGene00001972,HMGB3,hmg-1.2,caenorhabditis_elegans,5,1,10,16,2.3,0,3.3,5.6
43,ENSG00000032219,ARID4A,ARID4A,homo_sapiens,7,7,5,19,2.8,2.8,2.3,7.9
43,ENSMUSG00000048118,ARID4A,Arid4a,mus_musculus,3,7,2,5,1.6,2.8,1,5.4
43,ENSXETG00000011968,ARID4A,arid4a,xenopus_tropicalis,2,7,5,14,1,2.8,2.3,6.1
43,FBgn0085451,ARID4A,CG34422,drosophila_melanogaster,2,3,1,6,1,1.6,0,2.6
43,WBGene00044689,ARID4A,arid-1,caenorhabditis_elegans,1,3,1,5,0,1.6,0,1.6
44,ENSG00000033800,PIAS1,PIAS1,homo_sapiens,2,6,6,14,1,2.6,2.6,6.2
44,ENSMUSG00000032405,PIAS1,Pias1,mus_musculus,1,6,3,10,0,2.6,1.6,4.2
44,ENSXETG00000007813,PIAS1,pias1,xenopus_tropicalis,1,6,3,10,0,2.6,1.6,4.2
44,FBgn0003612,PIAS1,Su(var)2-10,drosophila_melanogaster,14,2,42,58,3.8,1,5.4,10.2
44,WBGene00001574,PIAS1,gei-17,caenorhabditis_elegans,15,1,30,46,3.9,0,4.9,8.8
47,ENSG00000039600,SOX30,SOX30,homo_sapiens,3,4,3,10,1.6,2,1.6,5.2
47,ENSMUSG00000040489,SOX30,Sox30,mus_musculus,1,4,1,6,0,2,0,2
47,FBgn0039938,SOX30,Sox102F,drosophila_melanogaster,4,1,4,9,2,0,2,4
47,WBGene00015716,SOX30,sox-4,caenorhabditis_elegans,1,2,1,4,0,1,0,1
50,ENSG00000043355,ZIC2,ZIC2,homo_sapiens,2,18,8,28,1,4.2,3,8.2
50,ENSMUSG00000061524,ZIC2,Zic2,mus_musculus,1,18,4,23,0,4.2,2,6.2
50,FBgn0003002,ZIC2,opa,drosophila_melanogaster,1,0,4,12,0,0,2,2
50,WBGene00004335,ZIC2,ref-2,caenorhabditis_elegans,3,3,12,18,1.6,1.6,3.6,6.8
56,ENSG00000053254,FOXN3,FOXN3,homo_sapiens,12,6,8,26,3.6,2.6,3,9.2
56,ENSMUSG00000033713,FOXN3,Foxn3,mus_musculus,7,6,5,18,2.8,2.6,2.3,7.7
56,ENSXETG00000016645,FOXN3,foxn3,xenopus_tropicalis,2,5,4,11,1,2.3,2,5.3
56,FBgn0029504,FOXN3,CHES-1-like,drosophila_melanogaster,4,2,4,10,2,1,2,5
56,WBGene00001440,FOXN3,fkh-8,caenorhabditis_elegans,2,1,2,5,1,0,1,2
57,ENSG00000054267,ARID4B,ARID4B,homo_sapiens,5,7,4,16,2.3,2.8,2,7.1
57,ENSMUSG00000039219,ARID4B,Arid4b,mus_musculus,6,7,5,18,2.6,2.8,2.3,7.7
57,ENSXETG00000024651,ARID4B,arid4b,xenopus_tropicalis,2,7,3,12,1,2.8,1.6,5.4
57,FBgn0085451,ARID4B,CG34422,drosophila_melanogaster,2,3,1,6,1,1.6,0,2.6
57,WBGene00044689,ARID4B,arid-1,caenorhabditis_elegans,1,3,1,5,0,1.6,0,1.6
59,ENSG00000057657,PRDM1,PRDM1,homo_sapiens,6,2,21,29,2.6,1,4.4,8
59,ENSMUSG00000038151,PRDM1,Prdm1,mus_musculus,2,2,10,14,1,1,3.3,5.3
59,ENSXETG00000008674,PRDM1,prdm1,xenopus_tropicalis,1,1,5,7,0,0,2.3,2.3
59,FBgn0035625,PRDM1,Blimp-1,drosophila_melanogaster,6,1,30,37,2.6,0,4.9,7.5
59,WBGene00003847,PRDM1,blmp-1,caenorhabditis_elegans,2,1,12,15,1,0,3.6,4.6
60,ENSG00000057935,MTA3,MTA3,homo_sapiens,6,5,15,26,2.6,2.3,3.9,8.8
60,ENSMUSG00000055817,MTA3,Mta3,mus_musculus,6,6,14,26,2.6,2.6,3.8,9
60,FBgn0027951,MTA3,MTA1-like,drosophila_melanogaster,4,2,16,22,2,1,4,7
60,WBGene00003025,MTA3,lin-40,caenorhabditis_elegans,4,2,12,18,2,1,3.6,6.6
61,ENSG00000059728,MXD1,MXD1,homo_sapiens,3,4,2,9,1.6,2,1,4.6
61,ENSMUSG00000001156,MXD1,Mxd1,mus_musculus,2,4,2,8,1,2,1,4
61,ENSXETG00000033966,MXD1,mxd1,xenopus_tropicalis,1,4,2,7,0,2,1,3
61,WBGene00003163,MXD1,mdl-1,caenorhabditis_elegans,1,1,1,3,0,0,0,0
62,ENSG00000060138,YBX3,YBX3,homo_sapiens,3,3,0,6,1.6,1.6,0,3.2
62,ENSMUSG00000030189,YBX3,Ybx3,mus_musculus,2,3,0,5,1,1.6,0,2.6
62,ENSXETG00000016239,YBX3,ybx3,xenopus_tropicalis,2,3,0,5,1,1.6,0,2.6
62,FBgn0022959,YBX3,yps,drosophila_melanogaster,2,1,0,3,1,0,0,1
62,WBGene00000472,YBX3,cey-1,caenorhabditis_elegans,1,0,0,1,0,0,0,0
63,ENSG00000060566,CREB3L3,CREB3L3,homo_sapiens,4,5,3,12,2,2.3,1.6,5.9
63,ENSMUSG00000035041,CREB3L3,Creb3l3,mus_musculus,1,5,1,7,0,2.3,0,2.3
63,WBGene00002783,CREB3L3,let-607,caenorhabditis_elegans,2,2,2,6,1,1,1,3
64,ENSG00000061455,PRDM6,PRDM6,homo_sapiens,1,3,5,9,0,1.6,2.3,3.9
64,ENSMUSG00000069378,PRDM6,Prdm6,mus_musculus,4,3,19,26,2,1.6,4.2,7.8
64,ENSXETG00000010261,PRDM6,prdm6,xenopus_tropicalis,1,3,4,8,0,1.6,2,3.6
64,WBGene00018567,PRDM6,F47E1.3,caenorhabditis_elegans,1,1,5,7,0,0,2.3,2.3
66,ENSG00000063515,GSC2,GSC2,homo_sapiens,1,13,1,15,0,3.7,0,3.7
66,ENSMUSG00000022738,GSC2,Gsc2,mus_musculus,1,13,1,15,0,3.7,0,3.7
66,FBgn0010323,GSC2,Gsc,drosophila_melanogaster,2,4,2,8,1,2,1,4
66,WBGene00022837,GSC2,ceh-45,caenorhabditis_elegans,2,8,2,12,1,3,1,5
68,ENSG00000064195,DLX3,DLX3,homo_sapiens,2,21,2,25,1,4.4,1,6.4
68,ENSMUSG00000001510,DLX3,Dlx3,mus_musculus,1,22,1,24,0,4.5,0,4.5
68,ENSXETG00000021919,DLX3,dlx3,xenopus_tropicalis,1,23,1,25,0,4.5,0,4.5
68,WBGene00000463,DLX3,ceh-43,caenorhabditis_elegans,1,9,1,11,0,3.2,0,3.2
69,ENSG00000064218,DMRT3,DMRT3,homo_sapiens,2,6,1,9,1,2.6,0,3.6
69,ENSMUSG00000042372,DMRT3,Dmrt3,mus_musculus,1,6,1,8,0,2.6,0,2.6
69,ENSXETG00000015285,DMRT3,dmrt3,xenopus_tropicalis,1,5,1,6,0,2.3,0,2.3
69,WBGene00017326,DMRT3,dmd-5,caenorhabditis_elegans,1,6,1,8,0,2.6,0,2.6
70,ENSG00000064489,BORCS8-MEF2B,BORCS8-MEF2B,homo_sapiens,2,5,2,9,1,2.3,1,4.3
70,FBgn0011656,BORCS8-MEF2B,Mef2,drosophila_melanogaster,7,1,7,15,2.8,0,2.8,5.6
70,WBGene00003182,BORCS8-MEF2B,mef-2,caenorhabditis_elegans,1,1,1,3,0,0,0,0
73,ENSG00000064933,PMS1,PMS1,homo_sapiens,15,2,7,25,3.9,1,2.8,7.7
73,ENSMUSG00000026098,PMS1,Pms1,mus_musculus,6,3,2,11,2.6,1.6,1,5.2
73,ENSXETG00000009885,PMS1,pms1,xenopus_tropicalis,1,2,1,4,0,1,0,1
73,WBGene00004064,PMS1,pms-2,caenorhabditis_elegans,2,1,0,3,1,0,0,1
74,ENSG00000064961,HMG20B,HMG20B,homo_sapiens,6,2,4,12,2.6,1,2,5.6
74,ENSMUSG00000020232,HMG20B,Hmg20b,mus_musculus,7,2,7,16,2.8,1,2.8,6.6
74,ENSXETG00000022092,HMG20B,hmg20b,xenopus_tropicalis,2,2,2,6,1,1,1,3
74,FBgn0026582,HMG20B,Hmg-2,drosophila_melanogaster,1,1,1,3,0,0,0,0
74,WBGene00012209,HMG20B,hmg-20,caenorhabditis_elegans,1,1,1,3,0,0,0,0
77,ENSG00000065978,YBX1,YBX1,homo_sapiens,4,3,0,7,2,1.6,0,3.6
77,ENSXETG00000013436,YBX1,ybx1,xenopus_tropicalis,1,3,1,5,0,1.6,0,1.6
77,FBgn0022959,YBX1,yps,drosophila_melanogaster,2,1,0,3,1,0,0,1
77,WBGene00000472,YBX1,cey-1,caenorhabditis_elegans,1,0,0,1,0,0,0,0
86,ENSG00000068305,MEF2A,MEF2A,homo_sapiens,9,5,7,21,3.2,2.3,2.8,8.3
86,ENSMUSG00000030557,MEF2A,Mef2a,mus_musculus,6,5,5,16,2.6,2.3,2.3,7.2
86,ENSXETG00000018788,MEF2A,mef2a,xenopus_tropicalis,2,3,2,7,1,1.6,1,3.6
86,FBgn0011656,MEF2A,Mef2,drosophila_melanogaster,7,1,7,15,2.8,0,2.8,5.6
86,WBGene00003182,MEF2A,mef-2,caenorhabditis_elegans,1,1,1,3,0,0,0,0
87,ENSG00000068323,TFE3,TFE3,homo_sapiens,1,4,1,6,0,2,0,2
87,ENSMUSG00000000134,TFE3,Tfe3,mus_musculus,8,4,7,19,3,2,2.8,7.8
87,ENSXETG00000019114,TFE3,tfe3,xenopus_tropicalis,1,4,1,6,0,2,0,2
87,FBgn0263112,TFE3,Mitf,drosophila_melanogaster,4,1,4,9,2,0,2,4
87,WBGene00020930,TFE3,hlh-30,caenorhabditis_elegans,12,1,12,24,3.6,0,3.6,7.2
88,ENSG00000069011,PITX1,PITX1,homo_sapiens,5,13,7,25,2.3,3.7,2.8,8.8
88,ENSMUSG00000021506,PITX1,Pitx1,mus_musculus,2,13,3,18,1,3.7,1.6,6.3
88,ENSXETG00000010401,PITX1,pitx1,xenopus_tropicalis,1,14,3,18,0,3.8,1.6,5.4
88,FBgn0020912,PITX1,Ptx1,drosophila_melanogaster,3,4,6,13,1.6,2,2.6,6.2
88,WBGene00006766,PITX1,unc-30,caenorhabditis_elegans,4,8,4,16,2,3,2,7
89,ENSG00000069667,RORA,RORA,homo_sapiens,6,8,4,18,2.6,3,2,7.6
89,ENSMUSG00000032238,RORA,Rora,mus_musculus,2,8,2,12,1,3,1,5
89,ENSXETG00000021123,RORA,rora,xenopus_tropicalis,1,10,1,12,0,3.3,0,3.3
89,FBgn0000448,RORA,Hr46,drosophila_melanogaster,7,8,6,21,2.8,3,2.6,8.4
89,WBGene00003622,RORA,nhr-23,caenorhabditis_elegans,6,10,5,21,2.6,3.3,2.3,8.2
93,ENSG00000071564,TCF3,TCF3,homo_sapiens,15,3,11,28,3.9,1.6,3.5,9
93,ENSMUSG00000020167,TCF3,Tcf3,mus_musculus,12,3,11,26,3.6,1.6,3.5,8.6
93,ENSXETG00000013589,TCF3,tcf3,xenopus_tropicalis,1,0,2,6,0,0,1,1
93,FBgn0000413,TCF3,da,drosophila_melanogaster,3,1,3,7,1.6,0,1.6,3.2
93,WBGene00001949,TCF3,hlh-2,caenorhabditis_elegans,1,1,1,3,0,0,0,0
95,ENSG00000072310,SREBF1,SREBF1,homo_sapiens,7,2,4,13,2.8,1,2,5.8
95,ENSMUSG00000020538,SREBF1,Srebf1,mus_musculus,3,2,3,8,1.6,1,1.6,4.2
95,ENSXETG00000012160,SREBF1,srebf1,xenopus_tropicalis,1,2,2,5,0,1,1,2
95,FBgn0261283,SREBF1,HLH106,drosophila_melanogaster,4,1,4,9,2,0,2,4
95,WBGene00004735,SREBF1,sbp-1,caenorhabditis_elegans,1,1,1,3,0,0,0,0
99,ENSG00000073584,SMARCE1,SMARCE1,homo_sapiens,13,1,10,24,3.7,0,3.3,7
99,ENSMUSG00000037935,SMARCE1,Smarce1,mus_musculus,1,1,1,3,0,0,0,0
99,ENSXETG00000021355,SMARCE1,smarce1,xenopus_tropicalis,2,1,5,8,1,0,2.3,3.3
99,FBgn0030093,SMARCE1,dalao,drosophila_melanogaster,1,1,1,3,0,0,0,0
99,WBGene00022182,SMARCE1,swsn-3,caenorhabditis_elegans,1,1,1,3,0,0,0,0
100,ENSG00000073614,KDM5A,KDM5A,homo_sapiens,6,5,19,30,2.6,2.3,4.2,9.2
100,ENSMUSG00000030180,KDM5A,Kdm5a,mus_musculus,2,5,7,14,1,2.3,2.8,6.1
100,ENSXETG00000003642,KDM5A,kdm5a,xenopus_tropicalis,1,5,6,12,0,2.3,2.6,4.9
100,WBGene00004319,KDM5A,rbr-2,caenorhabditis_elegans,2,1,8,11,1,0,3,4
101,ENSG00000073861,TBX21,TBX21,homo_sapiens,1,4,1,6,0,2,0,2
101,ENSMUSG00000001444,TBX21,Tbx21,mus_musculus,1,4,1,2,0,2,0,2
101,WBGene00006554,TBX21,tbx-35,caenorhabditis_elegans,1,12,1,14,0,3.6,0,3.6
103,ENSG00000074219,TEAD2,TEAD2,homo_sapiens,7,4,5,16,2.8,2,2.3,7.1
103,ENSMUSG00000030796,TEAD2,Tead2,mus_musculus,2,5,2,9,1,2.3,1,4.3
103,ENSXETG00000003395,TEAD2,tead4,xenopus_tropicalis,2,1,4,7,1,0,2,3
103,FBgn0003345,TEAD2,sd,drosophila_melanogaster,21,1,21,43,4.4,0,4.4,8.8
103,WBGene00001208,TEAD2,egl-44,caenorhabditis_elegans,5,1,5,11,2.3,0,2.3,4.6
107,ENSG00000075891,PAX2,PAX2,homo_sapiens,6,9,6,21,2.6,3.2,2.6,8.3
107,ENSMUSG00000004231,PAX2,Pax2,mus_musculus,3,9,3,15,1.6,3.2,1.6,6.3
107,ENSXETG00000014206,PAX2,pax2,xenopus_tropicalis,2,9,2,13,1,3.2,1,5.2
107,FBgn0005561,PAX2,sv,drosophila_melanogaster,7,10,7,24,2.8,3.3,2.8,8.9
107,WBGene00001204,PAX2,egl-38,caenorhabditis_elegans,1,7,1,9,0,2.8,0,2.8
108,ENSG00000076108,BAZ2A,BAZ2A,homo_sapiens,9,8,15,32,3.2,3,3.9,10.1
108,ENSMUSG00000040054,BAZ2A,Baz2a,mus_musculus,2,8,8,18,1,3,3,7
108,ENSXETG00000021782,BAZ2A,baz2a,xenopus_tropicalis,1,8,4,13,0,3,2,5
108,FBgn0033636,BAZ2A,tou,drosophila_melanogaster,5,5,21,31,2.3,2.3,4.4,9
108,WBGene00001470,BAZ2A,flt-1,caenorhabditis_elegans,1,4,4,9,0,2,2,4
112,ENSG00000078043,PIAS2,PIAS2,homo_sapiens,8,6,14,28,3,2.6,3.8,9.4
112,ENSMUSG00000025423,PIAS2,Pias2,mus_musculus,3,6,9,18,1.6,2.6,3.2,7.3
112,ENSXETG00000021519,PIAS2,pias2,xenopus_tropicalis,2,6,4,12,1,2.6,2,5.6
112,FBgn0003612,PIAS2,Su(var)2-10,drosophila_melanogaster,14,2,42,58,3.8,1,5.4,10.2
112,WBGene00001574,PIAS2,gei-17,caenorhabditis_elegans,15,1,30,46,3.9,0,4.9,8.8
113,ENSG00000078246,TULP3,TULP3,homo_sapiens,6,6,0,12,2.6,2.6,0,5.2
113,ENSMUSG00000001521,TULP3,Tulp3,mus_musculus,3,9,0,12,1.6,3.2,0,4.8
113,ENSXETG00000001314,TULP3,tulp3,xenopus_tropicalis,2,6,1,9,1,2.6,0,3.6
113,FBgn0015721,TULP3,ktub,drosophila_melanogaster,2,3,0,5,1,1.6,0,2.6
113,WBGene00006655,TULP3,tub-1,caenorhabditis_elegans,1,3,0,4,0,1.6,0,1.6
115,ENSG00000078403,MLLT10,MLLT10,homo_sapiens,10,9,11,30,3.3,3.2,3.5,10
115,ENSMUSG00000026743,MLLT10,Mllt10,mus_musculus,4,9,5,18,2,3.2,2.3,7.5
115,ENSXETG00000007391,MLLT10,mllt10,xenopus_tropicalis,2,9,6,17,1,3.2,2.6,6.8
115,FBgn0261238,MLLT10,Alh,drosophila_melanogaster,0,4,5,22,0,2,2.3,4.3
115,WBGene00006975,MLLT10,zfp-1,caenorhabditis_elegans,4,4,5,13,2,2,2.3,6.3
120,ENSG00000081059,TCF7,TCF7,homo_sapiens,14,4,9,27,3.8,2,3.2,9
120,ENSMUSG00000000782,TCF7,Tcf7,mus_musculus,2,4,2,8,1,2,1,4
120,ENSXETG00000016100,TCF7,tcf7,xenopus_tropicalis,1,4,1,6,0,2,0,2
120,FBgn0085432,TCF7,pan,drosophila_melanogaster,9,1,9,19,3.2,0,3.2,6.3
120,WBGene00004077,TCF7,pop-1,caenorhabditis_elegans,1,1,1,3,0,0,0,0
121,ENSG00000081189,MEF2C,MEF2C,homo_sapiens,27,5,24,56,4.8,2.3,4.6,11.7
121,ENSMUSG00000005583,MEF2C,Mef2c,mus_musculus,27,5,25,57,4.8,2.3,4.6,11.7
121,ENSXETG00000007038,MEF2C,mef2c,xenopus_tropicalis,2,3,2,7,1,1.6,1,3.6
121,FBgn0011656,MEF2C,Mef2,drosophila_melanogaster,7,1,7,15,2.8,0,2.8,5.6
121,WBGene00003182,MEF2C,mef-2,caenorhabditis_elegans,1,1,1,3,0,0,0,0
126,ENSG00000083307,GRHL2,GRHL2,homo_sapiens,3,6,0,9,1.6,2.6,0,4.2
126,ENSMUSG00000022286,GRHL2,Grhl2,mus_musculus,4,6,0,10,2,2.6,0,4.6
126,ENSXETG00000006632,GRHL2,grhl2,xenopus_tropicalis,1,6,0,7,0,2.6,0,2.6
126,FBgn0259211,GRHL2,grh,drosophila_melanogaster,8,2,0,10,3,1,0,4
126,WBGene00001707,GRHL2,grh-1,caenorhabditis_elegans,3,1,0,4,1.6,0,0,1.6
135,ENSG00000085274,MYNN,MYNN,homo_sapiens,3,16,26,45,1.6,4,4.7,10.3
135,ENSMUSG00000037730,MYNN,Mynn,mus_musculus,2,15,17,34,1,3.9,4.1,9
135,ENSXETG00000009218,MYNN,mynn,xenopus_tropicalis,2,17,10,29,1,4.1,3.3,8.4
135,WBGene00016154,MYNN,C27A12.2,caenorhabditis_elegans,1,1,5,7,0,0,2.3,2.3
136,ENSG00000085276,MECOM,MECOM,homo_sapiens,17,2,95,114,4.1,1,6.6,11.7
136,ENSMUSG00000027684,MECOM,Mecom,mus_musculus,11,2,83,96,3.5,1,6.4,10.8
136,ENSXETG00000022839,MECOM,mecom,xenopus_tropicalis,1,2,8,11,0,1,3,4
136,FBgn0011236,MECOM,ken,drosophila_melanogaster,1,3,3,6,0,1.6,1.6,3.2
136,WBGene00001207,MECOM,egl-43,caenorhabditis_elegans,2,1,6,8,1,0,2.6,3.6
138,ENSG00000086102,NFX1,NFX1,homo_sapiens,3,2,7,12,1.6,1,2.8,5.4
138,ENSMUSG00000028423,NFX1,Nfx1,mus_musculus,3,2,7,12,1.6,1,2.8,5.4
138,ENSXETG00000014997,NFX1,nfx1,xenopus_tropicalis,1,2,4,7,0,1,2,3
138,FBgn0001978,NFX1,stc,drosophila_melanogaster,4,2,8,14,2,1,3,6
138,WBGene00007048,NFX1,nfx-1,caenorhabditis_elegans,1,1,2,4,0,0,1,1
139,ENSG00000087510,TFAP2C,TFAP2C,homo_sapiens,2,5,0,7,1,2.3,0,3.3
139,ENSMUSG00000028640,TFAP2C,Tfap2c,mus_musculus,3,5,0,8,1.6,2.3,0,3.9
139,ENSXETG00000012025,TFAP2C,tfap2c,xenopus_tropicalis,1,5,0,6,0,2.3,0,2.3
139,FBgn0261953,TFAP2C,TfAP-2,drosophila_melanogaster,6,1,0,7,2.6,0,0,2.6
139,WBGene00019424,TFAP2C,aptf-1,caenorhabditis_elegans,1,4,0,5,0,2,0,2
142,ENSG00000088881,EBF4,EBF4,homo_sapiens,4,4,0,8,2,2,0,4
142,ENSMUSG00000053552,EBF4,Ebf4,mus_musculus,3,4,0,7,1.6,2,0,3.6
142,ENSXETG00000030294,EBF4,EBF4,xenopus_tropicalis,1,4,0,5,0,2,0,2
142,FBgn0001319,EBF4,kn,drosophila_melanogaster,5,1,0,6,2.3,0,0,2.3
142,WBGene00006743,EBF4,unc-3,caenorhabditis_elegans,1,1,0,2,0,0,0,0
143,ENSG00000089116,LHX5,LHX5,homo_sapiens,1,12,3,16,0,3.6,1.6,5.2
143,ENSMUSG00000029595,LHX5,Lhx5,mus_musculus,1,12,3,16,0,3.6,1.6,5.2
143,ENSXETG00000017665,LHX5,lhx5,xenopus_tropicalis,1,13,3,17,0,3.7,1.6,5.3
143,FBgn0026411,LHX5,Lim1,drosophila_melanogaster,2,7,4,13,1,2.8,2,5.8
143,WBGene00003000,LHX5,lin-11,caenorhabditis_elegans,1,7,3,11,0,2.8,1.6,4.4
146,ENSG00000089486,CDIP1,CDIP1,homo_sapiens,12,2,0,14,3.6,1,0,4.6
146,ENSMUSG00000004071,CDIP1,Cdip1,mus_musculus,4,3,0,7,2,1.6,0,3.6
146,ENSXETG00000013161,CDIP1,cdip1,xenopus_tropicalis,1,2,2,5,0,1,1,2
146,FBgn0052280,CDIP1,CG32280,drosophila_melanogaster,4,2,0,6,2,1,0,3
146,WBGene00009484,CDIP1,F36G3.3,caenorhabditis_elegans,1,1,0,2,0,0,0,0
147,ENSG00000089775,ZBTB25,ZBTB25,homo_sapiens,4,16,9,29,2,4,3.2,9.2
147,ENSMUSG00000056459,ZBTB25,Zbtb25,mus_musculus,6,15,12,33,2.6,3.9,3.6,10.1
147,ENSXETG00000022529,ZBTB25,zbtb25,xenopus_tropicalis,1,17,3,21,0,4.1,1.6,5.7
147,WBGene00016154,ZBTB25,C27A12.2,caenorhabditis_elegans,1,1,5,7,0,0,2.3,2.3
148,ENSG00000089902,RCOR1,RCOR1,homo_sapiens,1,5,3,9,0,2.3,1.6,3.9
148,ENSMUSG00000037896,RCOR1,Rcor1,mus_musculus,2,5,6,13,1,2.3,2.6,5.9
148,ENSXETG00000012743,RCOR1,rcor1,xenopus_tropicalis,1,5,1,7,0,2.3,0,2.3
148,FBgn0261573,RCOR1,CoRest,drosophila_melanogaster,10,2,24,36,3.3,1,4.6,8.9
148,WBGene00022278,RCOR1,rcor-1,caenorhabditis_elegans,4,3,13,20,2,1.6,3.7,7.3
149,ENSG00000090447,TFAP4,TFAP4,homo_sapiens,2,1,2,5,1,0,1,2
149,ENSMUSG00000005718,TFAP4,Tfap4,mus_musculus,1,1,1,3,0,0,0,0
149,ENSXETG00000033922,TFAP4,tfap4,xenopus_tropicalis,1,1,1,3,0,0,0,0
149,FBgn0001994,TFAP4,crp,drosophila_melanogaster,2,1,2,5,1,0,1,2
149,WBGene00001955,TFAP4,hlh-11,caenorhabditis_elegans,5,1,4,10,2.3,0,2,4.3
151,ENSG00000090661,CERS4,CERS4,homo_sapiens,9,5,9,23,3.2,2.3,3.2,8.7
151,ENSMUSG00000008206,CERS4,Cers4,mus_musculus,2,5,2,9,1,2.3,1,4.3
151,FBgn0040918,CERS4,schlank,drosophila_melanogaster,2,1,4,7,1,0,2,3
151,WBGene00002043,CERS4,hyl-1,caenorhabditis_elegans,4,3,4,11,2,1.6,2,5.6
152,ENSG00000091010,POU4F3,POU4F3,homo_sapiens,1,16,2,19,0,4,1,5
152,ENSMUSG00000024497,POU4F3,Pou4f3,mus_musculus,1,15,2,18,0,3.9,1,4.9
152,ENSXETG00000032363,POU4F3,POU4F3,xenopus_tropicalis,1,16,3,20,0,4,1.6,5.6
152,FBgn0000028,POU4F3,acj6,drosophila_melanogaster,13,5,26,44,3.7,2.3,4.7,10.7
152,WBGene00006818,POU4F3,unc-86,caenorhabditis_elegans,2,3,4,9,1,1.6,2,4.6
153,ENSG00000091656,ZFHX4,ZFHX4,homo_sapiens,6,3,22,28,2.6,1.6,4.5,8.6
153,ENSMUSG00000025255,ZFHX4,Zfhx4,mus_musculus,4,3,30,37,2,1.6,4.9,8.5
153,ENSXETG00000017151,ZFHX4,zfhx4,xenopus_tropicalis,1,3,13,17,0,1.6,3.7,5.3
153,FBgn0004607,ZFHX4,zfh2,drosophila_melanogaster,3,1,29,33,1.6,0,4.9,6.4
153,WBGene00022518,ZFHX4,zfh-2,caenorhabditis_elegans,6,1,41,40,2.6,0,5.4,7.9
155,ENSG00000092067,CEBPE,CEBPE,homo_sapiens,1,5,1,7,0,2.3,0,2.3
155,ENSMUSG00000052435,CEBPE,Cebpe,mus_musculus,1,4,1,6,0,2,0,2
155,ENSXETG00000032559,CEBPE,CEBPE,xenopus_tropicalis,1,5,1,7,0,2.3,0,2.3
155,WBGene00016754,CEBPE,cebp-2,caenorhabditis_elegans,1,1,1,3,0,0,0,0
156,ENSG00000092203,TOX4,TOX4,homo_sapiens,4,5,2,11,2,2.3,1,5.3
156,ENSMUSG00000016831,TOX4,Tox4,mus_musculus,1,5,1,7,0,2.3,0,2.3
156,ENSXETG00000017183,TOX4,tox4,xenopus_tropicalis,2,5,3,10,1,2.3,1.6,4.9
156,FBgn0035238,TOX4,CG12104,drosophila_melanogaster,3,6,3,12,1.6,2.6,1.6,5.8
156,WBGene00009827,TOX4,hmg-6,caenorhabditis_elegans,1,4,1,6,0,2,0,2
159,ENSG00000095794,CREM,CREM,homo_sapiens,34,3,46,82,5.1,1.6,5.5,12.2
159,ENSMUSG00000063889,CREM,Crem,mus_musculus,32,3,55,90,5,1.6,5.8,12.4
159,FBgn0265784,CREM,CrebB,drosophila_melanogaster,8,1,15,24,3,0,3.9,6.9
159,WBGene00000793,CREM,crh-1,caenorhabditis_elegans,7,1,12,20,2.8,0,3.6,6.4
160,ENSG00000095951,HIVEP1,HIVEP1,homo_sapiens,8,4,8,20,3,2,3,8
160,ENSMUSG00000021366,HIVEP1,Hivep1,mus_musculus,1,4,4,9,0,2,2,4
160,ENSXETG00000015441,HIVEP1,hivep1,xenopus_tropicalis,1,3,5,9,0,1.6,2.3,3.9
160,FBgn0003396,HIVEP1,shn,drosophila_melanogaster,6,1,42,49,2.6,0,5.4,8
160,WBGene00004862,HIVEP1,sma-9,caenorhabditis_elegans,14,1,51,71,3.8,0,5.7,9.5
161,ENSG00000096401,CDC5L,CDC5L,homo_sapiens,1,1,2,4,0,0,1,1
161,ENSMUSG00000023932,CDC5L,Cdc5l,mus_musculus,1,1,2,4,0,0,1,1
161,ENSXETG00000007885,CDC5L,cdc5l,xenopus_tropicalis,1,1,2,4,0,0,1,1
161,FBgn0265574,CDC5L,Cdc5,drosophila_melanogaster,2,1,4,7,1,0,2,3
161,WBGene00008386,CDC5L,D1081.8,caenorhabditis_elegans,1,1,2,4,0,0,1,1
167,ENSG00000100219,XBP1,XBP1,homo_sapiens,5,1,5,11,2.3,0,2.3,4.6
167,ENSMUSG00000020484,XBP1,Xbp1,mus_musculus,3,1,3,7,1.6,0,1.6,3.2
167,ENSXETG00000027416,XBP1,xbp1,xenopus_tropicalis,1,1,1,3,0,0,0,0
167,FBgn0021872,XBP1,Xbp1,drosophila_melanogaster,2,1,2,5,1,0,1,2
167,WBGene00006959,XBP1,xbp-1,caenorhabditis_elegans,3,1,2,7,1.6,0,1,2.6
169,ENSG00000100426,ZBED4,ZBED4,homo_sapiens,1,3,4,8,0,1.6,2,3.6
169,ENSMUSG00000034333,ZBED4,Zbed4,mus_musculus,1,3,4,8,0,1.6,2,3.6
169,ENSXETG00000014526,ZBED4,zbed4,xenopus_tropicalis,1,10,4,15,0,3.3,2,5.3
169,FBgn0031874,ZBED4,CG13775,drosophila_melanogaster,3,1,2,6,1.6,0,1,2.6
169,WBGene00010704,ZBED4,K09A11.1,caenorhabditis_elegans,1,4,1,6,0,2,0,2
174,ENSG00000100987,VSX1,VSX1,homo_sapiens,4,3,4,13,2,1.6,2,5.6
174,ENSMUSG00000033080,VSX1,Vsx1,mus_musculus,1,3,2,6,0,1.6,1,2.6
174,ENSXETG00000012786,VSX1,vsx1,xenopus_tropicalis,1,3,1,5,0,1.6,0,1.6
174,FBgn0263512,VSX1,Vsx2,drosophila_melanogaster,2,5,6,13,1,2.3,2.6,5.9
174,WBGene00000435,VSX1,ceh-10,caenorhabditis_elegans,1,3,2,6,0,1.6,1,2.6
175,ENSG00000101057,MYBL2,MYBL2,homo_sapiens,2,4,6,12,1,2,2.6,5.6
175,ENSMUSG00000017861,MYBL2,Mybl2,mus_musculus,2,4,3,9,1,2,1.6,4.6
175,ENSXETG00000012125,MYBL2,mybl2,xenopus_tropicalis,1,4,3,5,0,2,1.6,3.6
175,FBgn0002914,MYBL2,Myb,drosophila_melanogaster,4,2,9,15,2,1,3.2,6.2
175,WBGene00001568,MYBL2,snpc-4,caenorhabditis_elegans,2,1,10,13,1,0,3.3,4.3
176,ENSG00000101076,HNF4A,HNF4A,homo_sapiens,8,12,8,28,3,3.6,3,9.6
176,ENSMUSG00000017950,HNF4A,Hnf4a,mus_musculus,4,12,4,20,2,3.6,2,7.6
176,ENSXETG00000001775,HNF4A,hnf4a,xenopus_tropicalis,1,14,1,16,0,3.8,0,3.8
176,FBgn0004914,HNF4A,Hnf4,drosophila_melanogaster,5,6,5,16,2.3,2.6,2.3,7.2
176,WBGene00003654,HNF4A,nhr-64,caenorhabditis_elegans,2,4,2,8,1,2,1,4
178,ENSG00000101115,SALL4,SALL4,homo_sapiens,3,4,11,18,1.6,2,3.5,7
178,ENSMUSG00000027547,SALL4,Sall4,mus_musculus,5,4,13,22,2.3,2,3.7,8
178,ENSXETG00000012326,SALL4,sall4,xenopus_tropicalis,1,4,7,12,0,2,2.8,4.8
178,FBgn0000287,SALL4,salr,drosophila_melanogaster,3,2,21,26,1.6,1,4.4,7
178,WBGene00004773,SALL4,sem-4,caenorhabditis_elegans,1,1,5,7,0,0,2.3,2.3
181,ENSG00000101216,GMEB2,GMEB2,homo_sapiens,3,2,3,8,1.6,1,1.6,4.2
181,ENSMUSG00000038705,GMEB2,Gmeb2,mus_musculus,2,2,2,6,1,1,1,3
181,ENSXETG00000016232,GMEB2,gmeb2,xenopus_tropicalis,1,2,1,4,0,1,0,1
181,WBGene00015285,GMEB2,gmeb-1,caenorhabditis_elegans,1,4,1,6,0,2,0,2
182,ENSG00000101412,E2F1,E2F1,homo_sapiens,1,6,0,7,0,2.6,0,2.6
182,ENSMUSG00000027490,E2F1,E2f1,mus_musculus,2,6,0,8,1,2.6,0,3.6
182,ENSXETG00000021428,E2F1,e2f1,xenopus_tropicalis,1,4,0,5,0,2,0,2
182,FBgn0011766,E2F1,E2f1,drosophila_melanogaster,6,2,0,8,2.6,1,0,3.6
182,WBGene00001162,E2F1,efl-2,caenorhabditis_elegans,4,2,0,2,2,1,0,3
187,ENSG00000102034,ELF4,ELF4,homo_sapiens,4,12,3,19,2,3.6,1.6,7.2
187,ENSMUSG00000031103,ELF4,Elf4,mus_musculus,3,11,3,14,1.6,3.5,1.6,6.6
187,FBgn0000567,ELF4,Eip74EF,drosophila_melanogaster,5,3,5,13,2.3,1.6,2.3,6.2
187,WBGene00016029,ELF4,elf-1,caenorhabditis_elegans,4,8,4,16,2,3,2,7
188,ENSG00000102145,GATA1,GATA1,homo_sapiens,2,6,4,12,1,2.6,2,5.6
188,ENSMUSG00000031162,GATA1,Gata1,mus_musculus,3,6,2,11,1.6,2.6,1,5.2
188,ENSXETG00000018547,GATA1,gata1,xenopus_tropicalis,1,6,2,9,0,2.6,1,3.6
188,FBgn0001138,GATA1,grn,drosophila_melanogaster,3,5,6,11,1.6,2.3,2.6,6.5
188,WBGene00001249,GATA1,elt-1,caenorhabditis_elegans,6,5,10,21,2.6,2.3,3.3,8.2
191,ENSG00000102804,TSC22D1,TSC22D1,homo_sapiens,7,4,0,11,2.8,2,0,4.8
191,ENSMUSG00000022010,TSC22D1,Tsc22d1,mus_musculus,10,4,0,14,3.3,2,0,5.3
191,ENSXETG00000014776,TSC22D1,tsc22d1,xenopus_tropicalis,1,5,0,6,0,2.3,0,2.3
191,FBgn0259176,TSC22D1,bun,drosophila_melanogaster,10,1,0,11,3.3,0,0,3.3
191,WBGene00016269,TSC22D1,C30G4.4,caenorhabditis_elegans,24,3,0,27,4.6,1.6,0,6.2
193,ENSG00000102878,HSF4,HSF4,homo_sapiens,8,3,0,11,3,1.6,0,4.6
193,ENSMUSG00000033249,HSF4,Hsf4,mus_musculus,5,4,0,9,2.3,2,0,4.3
193,ENSXETG00000030007,HSF4,HSF4,xenopus_tropicalis,1,5,0,6,0,2.3,0,2.3
193,FBgn0001222,HSF4,Hsf,drosophila_melanogaster,4,1,0,5,2,0,0,2
193,WBGene00002004,HSF4,hsf-1,caenorhabditis_elegans,1,1,0,2,0,0,0,0
196,ENSG00000102974,CTCF,CTCF,homo_sapiens,2,5,19,26,1,2.3,4.2,7.6
196,ENSMUSG00000005698,CTCF,Ctcf,mus_musculus,1,5,11,17,0,2.3,3.5,5.8
196,ENSXETG00000015615,CTCF,ctcf,xenopus_tropicalis,2,4,22,28,1,2,4.5,7.5
196,FBgn0035769,CTCF,CTCF,drosophila_melanogaster,1,3,11,15,0,1.6,3.5,5
196,WBGene00009553,CTCF,F39B2.1,caenorhabditis_elegans,1,1,5,7,0,0,2.3,2.3
198,ENSG00000103241,FOXF1,FOXF1,homo_sapiens,1,14,1,2,0,3.8,0,3.8
198,ENSMUSG00000042812,FOXF1,Foxf1,mus_musculus,1,16,1,18,0,4,0,4
198,ENSXETG00000003565,FOXF1,foxf1,xenopus_tropicalis,1,14,2,17,0,3.8,1,4.8
198,FBgn0045759,FOXF1,bin,drosophila_melanogaster,1,6,1,8,0,2.6,0,2.6
198,WBGene00002601,FOXF1,let-381,caenorhabditis_elegans,1,5,1,7,0,2.3,0,2.3
199,ENSG00000103326,CAPN15,CAPN15,homo_sapiens,4,2,7,13,2,1,2.8,5.8
199,ENSMUSG00000037326,CAPN15,Capn15,mus_musculus,1,2,5,8,0,1,2.3,3.3
199,ENSXETG00000010331,CAPN15,capn15,xenopus_tropicalis,1,2,6,9,0,1,2.6,3.6
199,FBgn0003464,CAPN15,sol,drosophila_melanogaster,4,1,15,20,2,0,3.9,5.9
199,WBGene00011705,CAPN15,T11A5.6,caenorhabditis_elegans,3,8,2,13,1.6,3,1,5.6
201,ENSG00000103449,SALL1,SALL1,homo_sapiens,4,4,27,35,2,2,4.8,8.8
201,ENSMUSG00000031665,SALL1,Sall1,mus_musculus,1,4,9,14,0,2,3.2,5.2
201,ENSXETG00000018417,SALL1,sall1,xenopus_tropicalis,1,4,10,15,0,2,3.3,5.3
201,FBgn0000287,SALL1,salr,drosophila_melanogaster,3,2,21,26,1.6,1,4.4,7
201,WBGene00004773,SALL1,sem-4,caenorhabditis_elegans,1,1,5,7,0,0,2.3,2.3
202,ENSG00000103460,TOX3,TOX3,homo_sapiens,3,5,2,10,1.6,2.3,1,4.9
202,ENSMUSG00000043668,TOX3,Tox3,mus_musculus,3,5,2,10,1.6,2.3,1,4.9
202,ENSXETG00000006442,TOX3,tox3,xenopus_tropicalis,2,5,4,11,1,2.3,2,5.3
202,FBgn0035238,TOX3,CG12104,drosophila_melanogaster,3,6,3,12,1.6,2.6,1.6,5.8
202,WBGene00009827,TOX3,hmg-6,caenorhabditis_elegans,1,4,1,6,0,2,0,2
205,ENSG00000104177,MYEF2,MYEF2,homo_sapiens,7,2,12,21,2.8,1,3.6,7.4
205,ENSMUSG00000027201,MYEF2,Myef2,mus_musculus,6,3,17,26,2.6,1.6,4.1,8.3
205,ENSXETG00000018412,MYEF2,myef2,xenopus_tropicalis,2,2,12,16,1,1,3.6,5.6
205,FBgn0267790,MYEF2,rump,drosophila_melanogaster,2,1,4,7,1,0,2,3
205,WBGene00007706,MYEF2,C25A1.4,caenorhabditis_elegans,2,1,6,9,1,0,2.6,3.6
207,ENSG00000104804,TULP2,TULP2,homo_sapiens,5,6,0,5,2.3,2.6,0,4.9
207,ENSMUSG00000023467,TULP2,Tulp2,mus_musculus,2,9,0,11,1,3.2,0,4.2
207,ENSXETG00000021227,TULP2,tulp2,xenopus_tropicalis,1,6,0,7,0,2.6,0,2.6
207,FBgn0015721,TULP2,ktub,drosophila_melanogaster,2,3,0,5,1,1.6,0,2.6
207,WBGene00006655,TULP2,tub-1,caenorhabditis_elegans,1,3,0,4,0,1.6,0,1.6
211,ENSG00000105229,PIAS4,PIAS4,homo_sapiens,1,6,3,10,0,2.6,1.6,4.2
211,ENSMUSG00000004934,PIAS4,Pias4,mus_musculus,2,6,3,11,1,2.6,1.6,5.2
211,ENSXETG00000006386,PIAS4,pias4,xenopus_tropicalis,2,6,4,12,1,2.6,2,5.6
211,FBgn0003612,PIAS4,Su(var)2-10,drosophila_melanogaster,14,2,42,58,3.8,1,5.4,10.2
211,WBGene00001574,PIAS4,gei-17,caenorhabditis_elegans,15,1,30,46,3.9,0,4.9,8.8
212,ENSG00000105261,OVOL3,OVOL3,homo_sapiens,2,3,6,11,1,1.6,2.6,5.2
212,ENSMUSG00000100512,OVOL3,Ovol3,mus_musculus,1,3,3,7,0,1.6,1.6,3.2
212,ENSXETG00000030032,OVOL3,OVOL3,xenopus_tropicalis,2,3,6,11,1,1.6,2.6,5.2
212,FBgn0003028,OVOL3,ovo,drosophila_melanogaster,5,1,15,18,2.3,0,3.9,6.2
212,WBGene00003033,OVOL3,lin-48,caenorhabditis_elegans,1,1,3,5,0,0,1.6,1.6
214,ENSG00000105419,MEIS3,MEIS3,homo_sapiens,10,9,8,27,3.3,3.2,3,9.5
214,ENSMUSG00000041420,MEIS3,Meis3,mus_musculus,4,9,2,15,2,3.2,1,6.2
214,ENSXETG00000002807,MEIS3,meis3,xenopus_tropicalis,1,7,1,9,0,2.8,0,2.8
214,FBgn0001235,MEIS3,hth,drosophila_melanogaster,5,3,2,10,2.3,1.6,1,4.9
214,WBGene00006796,MEIS3,unc-62,caenorhabditis_elegans,10,1,8,19,3.3,0,3,6.3
216,ENSG00000105516,DBP,DBP,homo_sapiens,4,3,3,10,2,1.6,1.6,5.2
216,ENSMUSG00000059824,DBP,Dbp,mus_musculus,1,3,1,5,0,1.6,0,1.6
216,ENSXETG00000003160,DBP,dbp,xenopus_tropicalis,1,3,1,5,0,1.6,0,1.6
216,FBgn0016694,DBP,Pdp1,drosophila_melanogaster,13,3,13,29,3.7,1.6,3.7,9
216,WBGene00000469,DBP,ces-2,caenorhabditis_elegans,1,2,1,4,0,1,0,1
217,ENSG00000105610,KLF1,KLF1,homo_sapiens,1,12,3,16,0,3.6,1.6,5.2
217,ENSMUSG00000054191,KLF1,Klf1,mus_musculus,1,13,3,17,0,3.7,1.6,5.3
217,ENSXETG00000001058,KLF1,klf17,xenopus_tropicalis,1,11,3,15,0,3.5,1.6,5
217,WBGene00018990,KLF1,klf-1,caenorhabditis_elegans,2,3,6,11,1,1.6,2.6,5.2
218,ENSG00000105672,ETV2,ETV2,homo_sapiens,8,0,6,14,3,0,2.6,5.6
218,ENSMUSG00000006311,ETV2,Etv2,mus_musculus,1,13,1,2,0,3.7,0,3.7
218,ENSXETG00000027926,ETV2,etv2,xenopus_tropicalis,1,12,1,14,0,3.6,0,3.6
218,FBgn0003118,ETV2,pnt,drosophila_melanogaster,4,5,6,15,2,2.3,2.6,6.9
218,WBGene00016600,ETV2,ets-5,caenorhabditis_elegans,2,2,2,6,1,1,1,3
220,ENSG00000105708,ZNF14,ZNF14,homo_sapiens,1,38,20,59,0,5.2,4.3,9.6
220,WBGene00021931,ZNF14,Y55F3AM.14,caenorhabditis_elegans,1,1,11,13,0,0,3.5,3.5
221,ENSG00000105717,PBX4,PBX4,homo_sapiens,1,4,1,6,0,2,0,2
221,ENSMUSG00000031860,PBX4,Pbx4,mus_musculus,2,4,1,7,1,2,0,3
221,FBgn0000611,PBX4,exd,drosophila_melanogaster,4,1,4,9,2,0,2,4
221,WBGene00000443,PBX4,ceh-20,caenorhabditis_elegans,1,3,1,5,0,1.6,0,1.6
222,ENSG00000105722,ERF,ERF,homo_sapiens,4,13,4,17,2,3.7,2,7.7
222,ENSMUSG00000040857,ERF,Erf,mus_musculus,2,13,2,17,1,3.7,1,5.7
222,ENSXETG00000012067,ERF,erf,xenopus_tropicalis,2,12,4,18,1,3.6,2,6.6
222,FBgn0005660,ERF,Ets21C,drosophila_melanogaster,4,5,7,16,2,2.3,2.8,7.1
222,WBGene00016600,ERF,ets-5,caenorhabditis_elegans,2,2,2,6,1,1,1,3
225,ENSG00000105821,DNAJC2,DNAJC2,homo_sapiens,5,2,8,15,2.3,1,3,6.3
225,ENSMUSG00000029014,DNAJC2,Dnajc2,mus_musculus,4,2,10,16,2,1,3.3,6.3
225,ENSXETG00000023108,DNAJC2,dnajc2,xenopus_tropicalis,2,2,4,8,1,1,2,4
225,FBgn0037051,DNAJC2,CG10565,drosophila_melanogaster,2,2,6,10,1,1,2.6,4.6
225,WBGene00001029,DNAJC2,dnj-11,caenorhabditis_elegans,1,2,3,6,0,1,1.6,2.6
227,ENSG00000105866,SP4,SP4,homo_sapiens,2,15,3,20,1,3.9,1.6,6.5
227,ENSMUSG00000025323,SP4,Sp4,mus_musculus,1,15,3,19,0,3.9,1.6,5.5
227,ENSXETG00000007429,SP4,sp4,xenopus_tropicalis,1,14,6,21,0,3.8,2.6,6.4
227,FBgn0039169,SP4,Spps,drosophila_melanogaster,2,4,6,12,1,2,2.6,5.6
227,WBGene00011926,SP4,sptf-2,caenorhabditis_elegans,1,2,3,6,0,1,1.6,2.6
228,ENSG00000105880,DLX5,DLX5,homo_sapiens,2,21,2,25,1,4.4,1,6.4
228,ENSMUSG00000029755,DLX5,Dlx5,mus_musculus,2,22,1,25,1,4.5,0,5.5
228,ENSXETG00000016572,DLX5,dlx5,xenopus_tropicalis,1,23,1,2,0,4.5,0,4.5
228,WBGene00000463,DLX5,ceh-43,caenorhabditis_elegans,1,9,1,11,0,3.2,0,3.2
229,ENSG00000105967,TFEC,TFEC,homo_sapiens,5,4,5,14,2.3,2,2.3,6.6
229,ENSMUSG00000029553,TFEC,Tfec,mus_musculus,2,4,1,7,1,2,0,3
229,ENSXETG00000011566,TFEC,tfec,xenopus_tropicalis,1,4,1,6,0,2,0,2
229,FBgn0263112,TFEC,Mitf,drosophila_melanogaster,4,1,4,9,2,0,2,4
229,WBGene00020930,TFEC,hlh-30,caenorhabditis_elegans,12,1,12,24,3.6,0,3.6,7.2
230,ENSG00000105991,HOXA1,HOXA1,homo_sapiens,2,20,1,23,1,4.3,0,5.3
230,ENSMUSG00000029844,HOXA1,Hoxa1,mus_musculus,2,20,1,23,1,4.3,0,5.3
230,ENSXETG00000000715,HOXA1,hoxa1,xenopus_tropicalis,1,22,2,25,0,4.5,1,5.5
230,FBgn0002522,HOXA1,lab,drosophila_melanogaster,2,11,2,15,1,3.5,1,5.5
230,WBGene00000437,HOXA1,ceh-13,caenorhabditis_elegans,1,6,1,8,0,2.6,0,2.6
231,ENSG00000105996,HOXA2,HOXA2,homo_sapiens,1,20,1,22,0,4.3,0,4.3
231,ENSMUSG00000014704,HOXA2,Hoxa2,mus_musculus,1,20,1,22,0,4.3,0,4.3
231,ENSXETG00000000716,HOXA2,hoxa2,xenopus_tropicalis,1,22,1,24,0,4.5,0,4.5
231,FBgn0051481,HOXA2,pb,drosophila_melanogaster,4,11,4,19,2,3.5,2,7.5
231,WBGene00003102,HOXA2,mab-5,caenorhabditis_elegans,1,6,1,8,0,2.6,0,2.6
233,ENSG00000106004,HOXA5,HOXA5,homo_sapiens,1,16,1,18,0,4,0,4
233,ENSMUSG00000038253,HOXA5,Hoxa5,mus_musculus,1,15,1,17,0,3.9,0,3.9
233,ENSXETG00000000720,HOXA5,hoxa5,xenopus_tropicalis,1,14,1,16,0,3.8,0,3.8
233,WBGene00003024,HOXA5,lin-39,caenorhabditis_elegans,2,1,2,5,1,0,1,2
236,ENSG00000106038,EVX1,EVX1,homo_sapiens,3,20,1,24,1.6,4.3,0,5.9
236,ENSMUSG00000005503,EVX1,Evx1,mus_musculus,2,20,1,23,1,4.3,0,5.3
236,ENSXETG00000000736,EVX1,evx1,xenopus_tropicalis,2,22,2,26,1,4.5,1,6.5
236,FBgn0000606,EVX1,eve,drosophila_melanogaster,1,11,1,13,0,3.5,0,3.5
236,WBGene00006873,EVX1,vab-7,caenorhabditis_elegans,1,6,1,8,0,2.6,0,2.6
241,ENSG00000106511,MEOX2,MEOX2,homo_sapiens,1,20,1,22,0,4.3,0,4.3
241,ENSMUSG00000036144,MEOX2,Meox2,mus_musculus,1,20,1,22,0,4.3,0,4.3
241,ENSXETG00000005051,MEOX2,meox2,xenopus_tropicalis,2,22,3,27,1,4.5,1.6,7
241,FBgn0014949,MEOX2,btn,drosophila_melanogaster,1,11,1,13,0,3.5,0,3.5
241,WBGene00000436,MEOX2,ceh-12,caenorhabditis_elegans,1,6,1,8,0,2.6,0,2.6
243,ENSG00000106546,AHR,AHR,homo_sapiens,1,2,2,5,0,1,1,2
243,ENSMUSG00000019256,AHR,Ahr,mus_musculus,1,2,2,5,0,1,1,2
243,ENSXETG00000022784,AHR,ahr,xenopus_tropicalis,1,2,1,4,0,1,0,1
243,FBgn0003513,AHR,ss,drosophila_melanogaster,3,1,9,13,1.6,0,3.2,4.8
243,WBGene00000096,AHR,ahr-1,caenorhabditis_elegans,2,1,3,6,1,0,1.6,2.6
245,ENSG00000106689,LHX2,LHX2,homo_sapiens,4,12,9,25,2,3.6,3.2,8.8
245,ENSMUSG00000000247,LHX2,Lhx2,mus_musculus,4,12,10,26,2,3.6,3.3,8.9
245,ENSXETG00000020776,LHX2,lhx2,xenopus_tropicalis,1,13,3,17,0,3.7,1.6,5.3
245,FBgn0000099,LHX2,ap,drosophila_melanogaster,4,7,10,21,2,2.8,3.3,8.1
245,WBGene00006654,LHX2,ttx-3,caenorhabditis_elegans,2,7,6,15,1,2.8,2.6,6.4
246,ENSG00000106852,LHX6,LHX6,homo_sapiens,9,12,16,37,3.2,3.6,4,10.8
246,ENSMUSG00000026890,LHX6,Lhx6,mus_musculus,7,12,19,38,2.8,3.6,4.2,10.6
246,ENSXETG00000016325,LHX6,lhx6,xenopus_tropicalis,1,13,3,17,0,3.7,1.6,5.3
246,FBgn0013751,LHX6,Awh,drosophila_melanogaster,4,7,12,23,2,2.8,3.6,8.4
246,WBGene00002987,LHX6,lim-4,caenorhabditis_elegans,1,7,3,11,0,2.8,1.6,4.4
247,ENSG00000107175,CREB3,CREB3,homo_sapiens,2,5,2,9,1,2.3,1,4.3
247,ENSMUSG00000028466,CREB3,Creb3,mus_musculus,3,5,2,10,1.6,2.3,1,4.9
247,ENSXETG00000024221,CREB3,creb3,xenopus_tropicalis,2,4,2,8,1,2,1,4
247,WBGene00002783,CREB3,let-607,caenorhabditis_elegans,2,2,2,6,1,1,1,3
248,ENSG00000107187,LHX3,LHX3,homo_sapiens,3,12,9,24,1.6,3.6,3.2,8.3
248,ENSMUSG00000026934,LHX3,Lhx3,mus_musculus,2,12,6,20,1,3.6,2.6,7.2
248,ENSXETG00000000726,LHX3,lhx3,xenopus_tropicalis,1,13,2,16,0,3.7,1,4.7
248,FBgn0002023,LHX3,Lim3,drosophila_melanogaster,7,7,21,35,2.8,2.8,4.4,10
248,WBGene00000438,LHX3,ceh-14,caenorhabditis_elegans,1,7,3,11,0,2.8,1.6,4.4
250,ENSG00000107485,GATA3,GATA3,homo_sapiens,2,6,4,12,1,2.6,2,5.6
250,ENSMUSG00000015619,GATA3,Gata3,mus_musculus,2,6,2,10,1,2.6,1,4.6
250,ENSXETG00000025398,GATA3,gata3,xenopus_tropicalis,1,6,2,9,0,2.6,1,3.6
250,FBgn0001138,GATA3,grn,drosophila_melanogaster,3,5,6,11,1.6,2.3,2.6,6.5
250,WBGene00001249,GATA3,elt-1,caenorhabditis_elegans,6,5,10,21,2.6,2.3,3.3,8.2
252,ENSG00000107859,PITX3,PITX3,homo_sapiens,2,13,4,19,1,3.7,2,6.7
252,ENSMUSG00000025229,PITX3,Pitx3,mus_musculus,2,13,3,18,1,3.7,1.6,6.3
252,ENSXETG00000010022,PITX3,pitx3,xenopus_tropicalis,1,14,2,17,0,3.8,1,4.8
252,FBgn0020912,PITX3,Ptx1,drosophila_melanogaster,3,4,6,13,1.6,2,2.6,6.2
252,WBGene00006766,PITX3,unc-30,caenorhabditis_elegans,4,8,4,16,2,3,2,7
253,ENSG00000108001,EBF3,EBF3,homo_sapiens,3,4,0,7,1.6,2,0,3.6
253,ENSMUSG00000010476,EBF3,Ebf3,mus_musculus,4,4,0,8,2,2,0,4
253,ENSXETG00000011309,EBF3,ebf3,xenopus_tropicalis,2,4,0,6,1,2,0,3
253,FBgn0001319,EBF3,kn,drosophila_melanogaster,5,1,0,6,2.3,0,0,2.3
253,WBGene00006743,EBF3,unc-3,caenorhabditis_elegans,1,1,0,2,0,0,0,0
258,ENSG00000108509,CAMTA2,CAMTA2,homo_sapiens,6,2,16,24,2.6,1,4,7.6
258,ENSMUSG00000040712,CAMTA2,Camta2,mus_musculus,6,2,18,26,2.6,1,4.2,7.8
258,ENSXETG00000017389,CAMTA2,camta2,xenopus_tropicalis,1,2,4,7,0,1,2,3
258,FBgn0259234,CAMTA2,Camta,drosophila_melanogaster,7,1,21,29,2.8,0,4.4,7.2
258,WBGene00020251,CAMTA2,camt-1,caenorhabditis_elegans,3,1,7,11,1.6,0,2.8,4.4
261,ENSG00000108788,MLX,MLX,homo_sapiens,4,3,4,11,2,1.6,2,5.6
261,ENSMUSG00000017801,MLX,Mlx,mus_musculus,4,3,4,11,2,1.6,2,5.6
261,ENSXETG00000012035,MLX,mlx,xenopus_tropicalis,1,3,1,5,0,1.6,0,1.6
261,FBgn0039509,MLX,bigmax,drosophila_melanogaster,1,2,1,4,0,1,0,1
261,WBGene00003510,MLX,mxl-2,caenorhabditis_elegans,1,2,1,4,0,1,0,1
263,ENSG00000108924,HLF,HLF,homo_sapiens,5,3,5,13,2.3,1.6,2.3,6.2
263,ENSMUSG00000003949,HLF,Hlf,mus_musculus,2,3,1,6,1,1.6,0,2.6
263,ENSXETG00000004316,HLF,hlf,xenopus_tropicalis,1,3,1,5,0,1.6,0,1.6
263,FBgn0016694,HLF,Pdp1,drosophila_melanogaster,13,3,13,29,3.7,1.6,3.7,9
263,WBGene00000469,HLF,ces-2,caenorhabditis_elegans,1,2,1,4,0,1,0,1
265,ENSG00000109132,PHOX2B,PHOX2B,homo_sapiens,1,15,1,17,0,3.9,0,3.9
265,ENSMUSG00000012520,PHOX2B,Phox2b,mus_musculus,2,13,2,17,1,3.7,1,5.7
265,ENSXETG00000021083,PHOX2B,phox2b,xenopus_tropicalis,2,13,4,19,1,3.7,2,6.7
265,FBgn0025334,PHOX2B,PHDP,drosophila_melanogaster,1,10,1,12,0,3.3,0,3.3
265,WBGene00000440,PHOX2B,ceh-17,caenorhabditis_elegans,1,3,1,5,0,1.6,0,1.6
267,ENSG00000109381,ELF2,ELF2,homo_sapiens,7,12,7,25,2.8,3.6,2.8,9.2
267,ENSMUSG00000037174,ELF2,Elf2,mus_musculus,8,11,6,25,3,3.5,2.6,9
267,FBgn0000567,ELF2,Eip74EF,drosophila_melanogaster,5,3,5,13,2.3,1.6,2.3,6.2
267,WBGene00016029,ELF2,elf-1,caenorhabditis_elegans,4,8,4,16,2,3,2,7
273,ENSG00000110693,SOX6,SOX6,homo_sapiens,8,4,5,17,3,2,2.3,7.3
273,ENSMUSG00000051910,SOX6,Sox6,mus_musculus,10,4,8,22,3.3,2,3,8.3
273,ENSXETG00000016058,SOX6,sox6,xenopus_tropicalis,2,3,4,9,1,1.6,2,4.6
273,FBgn0039938,SOX6,Sox102F,drosophila_melanogaster,4,1,4,9,2,0,2,4
273,WBGene00001182,SOX6,egl-13,caenorhabditis_elegans,6,2,6,14,2.6,1,2.6,6.2
275,ENSG00000111046,MYF6,MYF6,homo_sapiens,1,4,1,6,0,2,0,2
275,ENSMUSG00000035923,MYF6,Myf6,mus_musculus,1,4,1,6,0,2,0,2
275,ENSXETG00000027340,MYF6,myf6,xenopus_tropicalis,1,4,1,6,0,2,0,2
275,FBgn0002922,MYF6,nau,drosophila_melanogaster,2,1,2,5,1,0,1,2
275,WBGene00001948,MYF6,hlh-1,caenorhabditis_elegans,3,1,3,7,1.6,0,1.6,3.2
276,ENSG00000111049,MYF5,MYF5,homo_sapiens,1,4,1,6,0,2,0,2
276,ENSMUSG00000000435,MYF5,Myf5,mus_musculus,1,4,1,6,0,2,0,2
276,ENSXETG00000014520,MYF5,myf5,xenopus_tropicalis,1,4,2,7,0,2,1,3
276,FBgn0002922,MYF5,nau,drosophila_melanogaster,2,1,2,5,1,0,1,2
276,WBGene00001948,MYF5,hlh-1,caenorhabditis_elegans,3,1,3,7,1.6,0,1.6,3.2
278,ENSG00000111145,ELK3,ELK3,homo_sapiens,4,12,4,20,2,3.6,2,7.6
278,ENSMUSG00000008398,ELK3,Elk3,mus_musculus,2,11,2,15,1,3.5,1,5.5
278,ENSXETG00000001891,ELK3,elk3,xenopus_tropicalis,3,10,7,20,1.6,3.3,2.8,7.7
278,WBGene00016798,ELK3,ets-8,caenorhabditis_elegans,2,8,2,12,1,3,1,5
279,ENSG00000111206,FOXM1,FOXM1,homo_sapiens,5,5,5,15,2.3,2.3,2.3,7
279,ENSMUSG00000001517,FOXM1,Foxm1,mus_musculus,4,5,4,13,2,2.3,2,6.3
279,ENSXETG00000001315,FOXM1,foxm1,xenopus_tropicalis,1,4,1,6,0,2,0,2
279,WBGene00003976,FOXM1,pes-1,caenorhabditis_elegans,2,3,2,7,1,1.6,1,3.6
280,ENSG00000111249,CUX2,CUX2,homo_sapiens,2,5,4,11,1,2.3,2,5.3
280,ENSMUSG00000042589,CUX2,Cux2,mus_musculus,5,5,12,22,2.3,2.3,3.6,8.2
280,ENSXETG00000011684,CUX2,cux2,xenopus_tropicalis,1,6,5,12,0,2.6,2.3,4.9
280,FBgn0004198,CUX2,ct,drosophila_melanogaster,4,2,16,22,2,1,4,7
280,WBGene00000464,CUX2,ceh-44,caenorhabditis_elegans,3,6,4,13,1.6,2.6,2,6.2
284,ENSG00000111783,RFX4,RFX4,homo_sapiens,6,8,4,18,2.6,3,2,7.6
284,ENSMUSG00000020037,RFX4,Rfx4,mus_musculus,3,8,1,12,1.6,3,0,4.6
284,ENSXETG00000014145,RFX4,rfx4,xenopus_tropicalis,1,7,0,8,0,2.8,0,2.8
284,WBGene00000914,RFX4,daf-19,caenorhabditis_elegans,5,1,4,11,2.3,0,2,4.3
285,ENSG00000112033,PPARD,PPARD,homo_sapiens,5,8,4,9,2.3,3,2,7.3
285,ENSMUSG00000002250,PPARD,Ppard,mus_musculus,2,8,2,12,1,3,1,5
285,ENSXETG00000015121,PPARD,ppard,xenopus_tropicalis,1,10,1,12,0,3.3,0,3.3
285,FBgn0004865,PPARD,Eip78C,drosophila_melanogaster,4,8,3,15,2,3,1.6,6.6
285,WBGene00004786,PPARD,sex-1,caenorhabditis_elegans,2,10,2,14,1,3.3,1,5.3
286,ENSG00000112041,TULP1,TULP1,homo_sapiens,4,6,0,10,2,2.6,0,4.6
286,ENSMUSG00000037446,TULP1,Tulp1,mus_musculus,4,9,0,13,2,3.2,0,5.2
286,ENSXETG00000000422,TULP1,tulp1,xenopus_tropicalis,1,6,1,8,0,2.6,0,2.6
286,FBgn0015721,TULP1,ktub,drosophila_melanogaster,2,3,0,5,1,1.6,0,2.6
286,WBGene00006655,TULP1,tub-1,caenorhabditis_elegans,1,3,0,4,0,1.6,0,1.6
289,ENSG00000112242,E2F3,E2F3,homo_sapiens,3,6,0,6,1.6,2.6,0,4.2
289,ENSMUSG00000016477,E2F3,E2f3,mus_musculus,2,6,0,8,1,2.6,0,3.6
289,ENSXETG00000000021,E2F3,e2f3,xenopus_tropicalis,1,4,1,6,0,2,0,2
289,FBgn0011766,E2F3,E2f1,drosophila_melanogaster,6,2,0,8,2.6,1,0,3.6
289,WBGene00001162,E2F3,efl-2,caenorhabditis_elegans,4,2,0,2,2,1,0,3
293,ENSG00000112561,TFEB,TFEB,homo_sapiens,16,4,9,29,4,2,3.2,9.2
293,ENSMUSG00000023990,TFEB,Tfeb,mus_musculus,12,4,5,21,3.6,2,2.3,7.9
293,ENSXETG00000011854,TFEB,tfeb,xenopus_tropicalis,2,4,2,8,1,2,1,4
293,FBgn0263112,TFEB,Mitf,drosophila_melanogaster,4,1,4,9,2,0,2,4
293,WBGene00020930,TFEB,hlh-30,caenorhabditis_elegans,12,1,12,24,3.6,0,3.6,7.2
294,ENSG00000112592,TBP,TBP,homo_sapiens,7,3,0,10,2.8,1.6,0,4.4
294,ENSMUSG00000014767,TBP,Tbp,mus_musculus,10,3,0,13,3.3,1.6,0,4.9
294,ENSXETG00000008556,TBP,tbp,xenopus_tropicalis,1,3,1,5,0,1.6,0,1.6
294,FBgn0003687,TBP,Tbp,drosophila_melanogaster,1,3,0,4,0,1.6,0,1.6
294,WBGene00006542,TBP,tbp-1,caenorhabditis_elegans,2,2,0,4,1,1,0,2
295,ENSG00000112658,SRF,SRF,homo_sapiens,1,1,1,3,0,0,0,0
295,ENSMUSG00000015605,SRF,Srf,mus_musculus,1,1,1,3,0,0,0,0
295,ENSXETG00000018511,SRF,srf,xenopus_tropicalis,1,1,2,4,0,0,1,1
295,FBgn0004101,SRF,bs,drosophila_melanogaster,3,1,3,7,1.6,0,1.6,3.2
295,WBGene00006844,SRF,unc-120,caenorhabditis_elegans,1,1,1,3,0,0,0,0
298,ENSG00000113387,SUB1,SUB1,homo_sapiens,6,1,0,7,2.6,0,0,2.6
298,ENSMUSG00000022205,SUB1,Sub1,mus_musculus,2,1,0,3,1,0,0,1
298,ENSXETG00000027218,SUB1,sub1,xenopus_tropicalis,1,1,0,2,0,0,0,0
298,WBGene00011743,SUB1,T13F2.2,caenorhabditis_elegans,1,1,0,2,0,0,0,0
301,ENSG00000113658,SMAD5,SMAD5,homo_sapiens,8,8,7,23,3,3,2.8,8.8
301,ENSMUSG00000021540,SMAD5,Smad5,mus_musculus,3,8,6,17,1.6,3,2.6,7.2
301,FBgn0011648,SMAD5,Mad,drosophila_melanogaster,2,4,4,10,1,2,2,5
301,WBGene00004856,SMAD5,sma-2,caenorhabditis_elegans,1,0,2,3,0,0,1,1
303,ENSG00000113722,CDX1,CDX1,homo_sapiens,2,3,2,5,1,1.6,1,3.6
303,ENSMUSG00000024619,CDX1,Cdx1,mus_musculus,1,3,1,5,0,1.6,0,1.6
303,ENSXETG00000010282,CDX1,cdx1,xenopus_tropicalis,1,3,2,6,0,1.6,1,2.6
303,FBgn0000251,CDX1,cad,drosophila_melanogaster,3,1,3,7,1.6,0,1.6,3.2
303,WBGene00003912,CDX1,pal-1,caenorhabditis_elegans,6,1,6,13,2.6,0,2.6,5.2
305,ENSG00000114126,TFDP2,TFDP2,homo_sapiens,16,3,0,19,4,1.6,0,5.6
305,ENSMUSG00000032411,TFDP2,Tfdp2,mus_musculus,13,2,0,15,3.7,1,0,4.7
305,ENSXETG00000014750,TFDP2,tfdp2,xenopus_tropicalis,1,2,0,3,0,1,0,1
305,FBgn0011763,TFDP2,Dp,drosophila_melanogaster,3,1,0,1,1.6,0,0,1.6
305,WBGene00001061,TFDP2,dpl-1,caenorhabditis_elegans,1,1,0,2,0,0,0,0
307,ENSG00000114439,BBX,BBX,homo_sapiens,21,2,13,36,4.4,1,3.7,9.1
307,ENSMUSG00000022641,BBX,Bbx,mus_musculus,6,2,5,13,2.6,1,2.3,5.9
307,ENSXETG00000016131,BBX,BBX,xenopus_tropicalis,1,2,3,6,0,1,1.6,2.6
307,FBgn0024251,BBX,bbx,drosophila_melanogaster,4,2,4,10,2,1,2,5
307,WBGene00001560,BBX,gei-3,caenorhabditis_elegans,3,1,2,6,1.6,0,1,2.6
312,ENSG00000115415,STAT1,STAT1,homo_sapiens,8,7,4,19,3,2.8,2,7.8
312,ENSMUSG00000026104,STAT1,Stat1,mus_musculus,8,7,7,14,3,2.8,2.8,8.6
312,ENSXETG00000004649,STAT1,stat1,xenopus_tropicalis,2,6,2,10,1,2.6,1,4.6
312,FBgn0016917,STAT1,Stat92E,drosophila_melanogaster,11,1,11,23,3.5,0,3.5,6.9
312,WBGene00013111,STAT1,sta-1,caenorhabditis_elegans,3,1,0,4,1.6,0,0,1.6
314,ENSG00000115568,ZNF142,ZNF142,homo_sapiens,5,3,38,46,2.3,1.6,5.2,9.2
314,ENSMUSG00000026135,ZNF142,Zfp142,mus_musculus,3,3,59,65,1.6,1.6,5.9,9.1
314,ENSXETG00000013837,ZNF142,znf142,xenopus_tropicalis,2,3,42,47,1,1.6,5.4,8
314,FBgn0001180,ZNF142,hb,drosophila_melanogaster,2,1,4,7,1,0,2,3
314,WBGene00001824,ZNF142,hbl-1,caenorhabditis_elegans,2,1,8,11,1,0,3,4
316,ENSG00000115816,CEBPZ,CEBPZ,homo_sapiens,3,1,0,4,1.6,0,0,1.6
316,ENSMUSG00000024081,CEBPZ,Cebpz,mus_musculus,1,1,0,2,0,0,0,0
316,ENSXETG00000000654,CEBPZ,cebpz,xenopus_tropicalis,1,1,1,3,0,0,0,0
316,FBgn0036124,CEBPZ,CG7839,drosophila_melanogaster,1,1,0,2,0,0,0,0
316,WBGene00009084,CEBPZ,F23B12.7,caenorhabditis_elegans,2,1,0,3,1,0,0,1
317,ENSG00000115844,DLX2,DLX2,homo_sapiens,2,21,2,25,1,4.4,1,6.4
317,ENSMUSG00000023391,DLX2,Dlx2,mus_musculus,1,22,1,24,0,4.5,0,4.5
317,ENSXETG00000007532,DLX2,dlx2,xenopus_tropicalis,1,23,1,25,0,4.5,0,4.5
317,WBGene00000463,DLX2,ceh-43,caenorhabditis_elegans,1,9,1,11,0,3.2,0,3.2
319,ENSG00000116016,EPAS1,EPAS1,homo_sapiens,2,13,5,20,1,3.7,2.3,7
319,ENSMUSG00000024140,EPAS1,Epas1,mus_musculus,1,13,3,17,0,3.7,1.6,5.3
319,ENSXETG00000026167,EPAS1,epas1,xenopus_tropicalis,1,11,3,15,0,3.5,1.6,5
319,FBgn0266411,EPAS1,sima,drosophila_melanogaster,4,6,9,19,2,2.6,3.2,7.8
319,WBGene00011327,EPAS1,hlh-34,caenorhabditis_elegans,1,3,2,6,0,1.6,1,2.6
320,ENSG00000116017,ARID3A,ARID3A,homo_sapiens,2,7,4,13,1,2.8,2,5.8
320,ENSMUSG00000019564,ARID3A,Arid3a,mus_musculus,4,7,6,17,2,2.8,2.6,7.4
320,ENSXETG00000021613,ARID3A,arid3a,xenopus_tropicalis,2,7,4,13,1,2.8,2,5.8
320,WBGene00000476,ARID3A,cfi-1,caenorhabditis_elegans,1,3,2,6,0,1.6,1,2.6
321,ENSG00000116035,VAX2,VAX2,homo_sapiens,1,7,1,9,0,2.8,0,2.8
321,ENSMUSG00000034777,VAX2,Vax2,mus_musculus,1,7,1,9,0,2.8,0,2.8
321,WBGene00000430,VAX2,ceh-5,caenorhabditis_elegans,1,7,1,9,0,2.8,0,2.8
323,ENSG00000116132,PRRX1,PRRX1,homo_sapiens,3,15,4,22,1.6,3.9,2,7.5
323,ENSMUSG00000026586,PRRX1,Prrx1,mus_musculus,3,13,4,20,1.6,3.7,2,7.3
323,ENSXETG00000004727,PRRX1,prrx1,xenopus_tropicalis,1,13,2,16,0,3.7,1,4.7
323,FBgn0034821,PRRX1,CG9876,drosophila_melanogaster,1,10,1,12,0,3.3,0,3.3
323,WBGene00044330,PRRX1,alr-1,caenorhabditis_elegans,1,3,1,5,0,1.6,0,1.6
326,ENSG00000116604,MEF2D,MEF2D,homo_sapiens,5,5,4,14,2.3,2.3,2,6.6
326,ENSMUSG00000001419,MEF2D,Mef2d,mus_musculus,4,5,4,13,2,2.3,2,6.3
326,ENSXETG00000020378,MEF2D,mef2d,xenopus_tropicalis,2,3,2,7,1,1.6,1,3.6
326,FBgn0011656,MEF2D,Mef2,drosophila_melanogaster,7,1,7,15,2.8,0,2.8,5.6
326,WBGene00003182,MEF2D,mef-2,caenorhabditis_elegans,1,1,1,3,0,0,0,0
329,ENSG00000116819,TFAP2E,TFAP2E,homo_sapiens,1,5,0,6,0,2.3,0,2.3
329,ENSMUSG00000042477,TFAP2E,Tfap2e,mus_musculus,1,5,0,6,0,2.3,0,2.3
329,ENSXETG00000027719,TFAP2E,tfap2e,xenopus_tropicalis,1,5,0,6,0,2.3,0,2.3
329,FBgn0261953,TFAP2E,TfAP-2,drosophila_melanogaster,6,1,0,7,2.6,0,0,2.6
329,WBGene00019424,TFAP2E,aptf-1,caenorhabditis_elegans,1,4,0,5,0,2,0,2
330,ENSG00000116833,NR5A2,NR5A2,homo_sapiens,5,12,4,20,2.3,3.6,2,7.9
330,ENSMUSG00000026398,NR5A2,Nr5a2,mus_musculus,5,12,5,22,2.3,3.6,2.3,8.2
330,ENSXETG00000000314,NR5A2,nr5a2,xenopus_tropicalis,1,13,1,15,0,3.7,0,3.7
330,FBgn0001078,NR5A2,ftz-f1,drosophila_melanogaster,4,4,4,8,2,2,2,6
330,WBGene00003623,NR5A2,nhr-25,caenorhabditis_elegans,4,2,1,7,2,1,0,3
334,ENSG00000117036,ETV3,ETV3,homo_sapiens,2,13,2,17,1,3.7,1,5.7
334,ENSMUSG00000003382,ETV3,Etv3,mus_musculus,3,13,3,19,1.6,3.7,1.6,6.9
334,ENSXETG00000018076,ETV3,etv3,xenopus_tropicalis,1,12,1,14,0,3.6,0,3.6
334,FBgn0005660,ETV3,Ets21C,drosophila_melanogaster,4,5,7,16,2,2.3,2.8,7.1
334,WBGene00016600,ETV3,ets-5,caenorhabditis_elegans,2,2,2,6,1,1,1,3
335,ENSG00000117139,KDM5B,KDM5B,homo_sapiens,3,5,15,23,1.6,2.3,3.9,7.8
335,ENSMUSG00000042207,KDM5B,Kdm5b,mus_musculus,2,5,11,18,1,2.3,3.5,6.8
335,ENSXETG00000007973,KDM5B,kdm5b,xenopus_tropicalis,1,5,5,11,0,2.3,2.3,4.6
335,WBGene00004319,KDM5B,rbr-2,caenorhabditis_elegans,2,1,8,11,1,0,3,4
339,ENSG00000117625,RCOR3,RCOR3,homo_sapiens,8,5,15,28,3,2.3,3.9,9.2
339,ENSMUSG00000037395,RCOR3,Rcor3,mus_musculus,7,5,14,26,2.8,2.3,3.8,8.9
339,ENSXETG00000005989,RCOR3,rcor3,xenopus_tropicalis,2,5,3,10,1,2.3,1.6,4.9
339,FBgn0261573,RCOR3,CoRest,drosophila_melanogaster,10,2,24,36,3.3,1,4.6,8.9
339,WBGene00022278,RCOR3,rcor-1,caenorhabditis_elegans,4,3,13,20,2,1.6,3.7,7.3
340,ENSG00000117707,PROX1,PROX1,homo_sapiens,6,2,0,8,2.6,1,0,3.6
340,ENSMUSG00000010175,PROX1,Prox1,mus_musculus,3,2,0,5,1.6,1,0,2.6
340,ENSXETG00000023176,PROX1,prox1,xenopus_tropicalis,1,1,1,3,0,0,0,0
340,FBgn0004595,PROX1,pros,drosophila_melanogaster,6,1,0,7,2.6,0,0,2.6
340,WBGene00000448,PROX1,pros-1,caenorhabditis_elegans,1,1,0,2,0,0,0,0
342,ENSG00000118156,ZNF541,ZNF541,homo_sapiens,4,3,20,27,2,1.6,4.3,7.9
342,ENSMUSG00000078796,ZNF541,Zfp541,mus_musculus,1,2,6,9,0,1,2.6,3.6
342,FBgn0037698,ZNF541,CG16779,drosophila_melanogaster,5,1,37,43,2.3,0,5.2,7.5
342,WBGene00010012,ZNF541,saeg-1,caenorhabditis_elegans,4,1,12,17,2,0,3.6,5.6
344,ENSG00000118260,CREB1,CREB1,homo_sapiens,10,3,11,24,3.3,1.6,3.5,8.4
344,ENSMUSG00000025958,CREB1,Creb1,mus_musculus,6,3,11,18,2.6,1.6,3.5,7.6
344,ENSXETG00000016392,CREB1,creb1,xenopus_tropicalis,1,2,2,5,0,1,1,2
344,FBgn0265784,CREB1,CrebB,drosophila_melanogaster,8,1,15,24,3,0,3.9,6.9
344,WBGene00000793,CREB1,crh-1,caenorhabditis_elegans,7,1,12,20,2.8,0,3.6,6.4
348,ENSG00000118513,MYB,MYB,homo_sapiens,14,4,42,60,3.8,2,5.4,11.2
348,ENSMUSG00000019982,MYB,Myb,mus_musculus,2,4,6,12,1,2,2.6,5.6
348,ENSXETG00000003725,MYB,myb,xenopus_tropicalis,1,4,3,8,0,2,1.6,3.6
348,FBgn0002914,MYB,Myb,drosophila_melanogaster,4,2,9,15,2,1,3.2,6.2
348,WBGene00001568,MYB,snpc-4,caenorhabditis_elegans,2,1,10,13,1,0,3.3,4.3
351,ENSG00000118689,FOXO3,FOXO3,homo_sapiens,3,5,2,10,1.6,2.3,1,4.9
351,ENSMUSG00000048756,FOXO3,Foxo3,mus_musculus,5,5,4,14,2.3,2.3,2,6.6
351,ENSXETG00000014847,FOXO3,foxo3,xenopus_tropicalis,1,4,1,6,0,2,0,2
351,FBgn0038197,FOXO3,foxo,drosophila_melanogaster,5,2,5,12,2.3,1,2.3,5.6
351,WBGene00000912,FOXO3,daf-16,caenorhabditis_elegans,10,3,9,22,3.3,1.6,3.2,8.1
355,ENSG00000119138,KLF9,KLF9,homo_sapiens,1,15,3,19,0,3.9,1.6,5.5
355,ENSMUSG00000033863,KLF9,Klf9,mus_musculus,1,15,3,18,0,3.9,1.6,5.5
355,ENSXETG00000019051,KLF9,klf9,xenopus_tropicalis,1,14,3,4,0,3.8,1.6,5.4
355,FBgn0043364,KLF9,cbt,drosophila_melanogaster,3,4,9,16,1.6,2,3.2,6.8
355,WBGene00012735,KLF9,sptf-3,caenorhabditis_elegans,1,2,3,6,0,1,1.6,2.6
356,ENSG00000119508,NR4A3,NR4A3,homo_sapiens,4,14,4,22,2,3.8,2,7.8
356,ENSMUSG00000028341,NR4A3,Nr4a3,mus_musculus,2,15,2,19,1,3.9,1,5.9
356,ENSXETG00000024016,NR4A3,nr4a2,xenopus_tropicalis,1,14,1,16,0,3.8,0,3.8
356,FBgn0014859,NR4A3,Hr38,drosophila_melanogaster,2,2,2,6,1,1,1,3
356,WBGene00003605,NR4A3,nhr-6,caenorhabditis_elegans,3,1,3,7,1.6,0,1.6,3.2
357,ENSG00000119547,ONECUT2,ONECUT2,homo_sapiens,1,5,2,8,0,2.3,1,3.3
357,ENSMUSG00000045991,ONECUT2,Onecut2,mus_musculus,2,5,4,11,1,2.3,2,5.3
357,ENSXETG00000031047,ONECUT2,ONECUT2,xenopus_tropicalis,1,6,1,8,0,2.6,0,2.6
357,FBgn0028996,ONECUT2,onecut,drosophila_melanogaster,2,2,4,8,1,1,2,4
357,WBGene00015934,ONECUT2,ceh-48,caenorhabditis_elegans,1,6,2,9,0,2.6,1,3.6
359,ENSG00000119608,PROX2,PROX2,homo_sapiens,3,2,0,5,1.6,1,0,2.6
359,ENSMUSG00000042320,PROX2,Prox2,mus_musculus,2,2,0,4,1,1,0,2
359,FBgn0004595,PROX2,pros,drosophila_melanogaster,6,1,0,7,2.6,0,0,2.6
359,WBGene00000448,PROX2,pros-1,caenorhabditis_elegans,1,1,0,2,0,0,0,0
363,ENSG00000119866,BCL11A,BCL11A,homo_sapiens,7,3,17,27,2.8,1.6,4.1,8.5
363,ENSMUSG00000000861,BCL11A,Bcl11a,mus_musculus,4,3,11,18,2,1.6,3.5,7
363,ENSXETG00000002206,BCL11A,bcl11a,xenopus_tropicalis,2,2,15,19,1,1,3.9,5.9
363,FBgn0029939,BCL11A,CG9650,drosophila_melanogaster,4,1,20,25,2,0,4.3,6.3
363,WBGene00017430,BCL11A,F13H6.1,caenorhabditis_elegans,3,1,9,13,1.6,0,3.2,4.8
365,ENSG00000119950,MXI1,MXI1,homo_sapiens,7,4,7,18,2.8,2,2.8,7.6
365,ENSMUSG00000025025,MXI1,Mxi1,mus_musculus,3,4,3,10,1.6,2,1.6,5.2
365,ENSXETG00000018714,MXI1,mxi1,xenopus_tropicalis,1,4,1,6,0,2,0,2
365,WBGene00003163,MXI1,mdl-1,caenorhabditis_elegans,1,1,1,3,0,0,0,0
367,ENSG00000120075,HOXB5,HOXB5,homo_sapiens,1,16,1,18,0,4,0,4
367,ENSMUSG00000038700,HOXB5,Hoxb5,mus_musculus,1,15,1,17,0,3.9,0,3.9
367,ENSXETG00000021978,HOXB5,hoxb5,xenopus_tropicalis,1,14,1,16,0,3.8,0,3.8
367,WBGene00003024,HOXB5,lin-39,caenorhabditis_elegans,2,1,2,5,1,0,1,2
369,ENSG00000120094,HOXB1,HOXB1,homo_sapiens,2,20,1,23,1,4.3,0,5.3
369,ENSMUSG00000018973,HOXB1,Hoxb1,mus_musculus,1,20,1,22,0,4.3,0,4.3
369,ENSXETG00000021964,HOXB1,hoxb1,xenopus_tropicalis,1,22,1,24,0,4.5,0,4.5
369,FBgn0002522,HOXB1,lab,drosophila_melanogaster,2,11,2,15,1,3.5,1,5.5
369,WBGene00000437,HOXB1,ceh-13,caenorhabditis_elegans,1,6,1,8,0,2.6,0,2.6
372,ENSG00000120690,ELF1,ELF1,homo_sapiens,5,12,4,21,2.3,3.6,2,7.9
372,ENSMUSG00000036461,ELF1,Elf1,mus_musculus,2,11,2,15,1,3.5,1,5.5
372,ENSXETG00000018893,ELF1,elf1,xenopus_tropicalis,1,10,1,12,0,3.3,0,3.3
372,FBgn0000567,ELF1,Eip74EF,drosophila_melanogaster,5,3,5,13,2.3,1.6,2.3,6.2
372,WBGene00016029,ELF1,elf-1,caenorhabditis_elegans,4,8,4,16,2,3,2,7
373,ENSG00000120693,SMAD9,SMAD9,homo_sapiens,3,8,6,17,1.6,3,2.6,7.2
373,ENSMUSG00000027796,SMAD9,Smad9,mus_musculus,1,8,2,11,0,3,1,4
373,ENSXETG00000001820,SMAD9,smad9,xenopus_tropicalis,1,10,2,13,0,3.3,1,4.3
373,FBgn0011648,SMAD9,Mad,drosophila_melanogaster,2,4,4,10,1,2,2,5
373,WBGene00004856,SMAD9,sma-2,caenorhabditis_elegans,1,0,2,3,0,0,1,1
374,ENSG00000120738,EGR1,EGR1,homo_sapiens,1,5,3,9,0,2.3,1.6,3.9
374,ENSMUSG00000038418,EGR1,Egr1,mus_musculus,2,5,6,13,1,2.3,2.6,5.9
374,ENSXETG00000006697,EGR1,egr1,xenopus_tropicalis,2,5,9,16,1,2.3,3.2,6.5
374,FBgn0003499,EGR1,sr,drosophila_melanogaster,5,2,12,19,2.3,1,3.6,6.9
374,WBGene00043705,EGR1,egrh-2,caenorhabditis_elegans,4,5,12,21,2,2.3,3.6,7.9
376,ENSG00000120798,NR2C1,NR2C1,homo_sapiens,6,12,4,22,2.6,3.6,2,8.2
376,ENSMUSG00000005897,NR2C1,Nr2c1,mus_musculus,3,12,3,18,1.6,3.6,1.6,6.8
376,ENSXETG00000023840,NR2C1,nr2c1,xenopus_tropicalis,1,14,1,16,0,3.8,0,3.8
376,FBgn0015239,NR2C1,Hr78,drosophila_melanogaster,6,6,6,18,2.6,2.6,2.6,7.8
376,WBGene00022423,NR2C1,nhr-41,caenorhabditis_elegans,7,4,6,18,2.8,2,2.6,7.4
377,ENSG00000120837,NFYB,NFYB,homo_sapiens,3,2,0,5,1.6,1,0,2.6
377,ENSMUSG00000020248,NFYB,Nfyb,mus_musculus,2,2,0,4,1,1,0,2
377,ENSXETG00000019656,NFYB,nfyb,xenopus_tropicalis,1,1,0,2,0,0,0,0
377,FBgn0032816,NFYB,Nf-YB,drosophila_melanogaster,2,2,0,4,1,1,0,2
377,WBGene00021132,NFYB,nfyb-1,caenorhabditis_elegans,1,1,0,2,0,0,0,0
378,ENSG00000121068,TBX2,TBX2,homo_sapiens,1,13,1,15,0,3.7,0,3.7
378,ENSMUSG00000000093,TBX2,Tbx2,mus_musculus,1,13,1,15,0,3.7,0,3.7
378,ENSXETG00000020557,TBX2,tbx2,xenopus_tropicalis,1,12,1,14,0,3.6,0,3.6
378,FBgn0000179,TBX2,bi,drosophila_melanogaster,7,8,7,22,2.8,3,2.8,8.6
378,WBGene00006543,TBX2,tbx-2,caenorhabditis_elegans,1,4,1,6,0,2,0,2
384,ENSG00000121454,LHX4,LHX4,homo_sapiens,1,12,3,16,0,3.6,1.6,5.2
384,ENSMUSG00000026468,LHX4,Lhx4,mus_musculus,2,12,5,19,1,3.6,2.3,6.9
384,ENSXETG00000034077,LHX4,LHX4,xenopus_tropicalis,1,13,3,17,0,3.7,1.6,5.3
384,FBgn0002023,LHX4,Lim3,drosophila_melanogaster,7,7,21,35,2.8,2.8,4.4,10
384,WBGene00000438,LHX4,ceh-14,caenorhabditis_elegans,1,7,3,11,0,2.8,1.6,4.4
389,ENSG00000122180,MYOG,MYOG,homo_sapiens,1,4,1,6,0,2,0,2
389,ENSMUSG00000026459,MYOG,Myog,mus_musculus,1,4,1,6,0,2,0,2
389,ENSXETG00000001704,MYOG,myog,xenopus_tropicalis,1,4,2,7,0,2,1,3
389,FBgn0002922,MYOG,nau,drosophila_melanogaster,2,1,2,5,1,0,1,2
389,WBGene00001948,MYOG,hlh-1,caenorhabditis_elegans,3,1,3,7,1.6,0,1.6,3.2
393,ENSG00000122691,TWIST1,TWIST1,homo_sapiens,1,11,1,13,0,3.5,0,3.5
393,ENSMUSG00000035799,TWIST1,Twist1,mus_musculus,1,11,1,13,0,3.5,0,3.5
393,ENSXETG00000010663,TWIST1,twist2,xenopus_tropicalis,1,11,1,13,0,3.5,0,3.5
393,FBgn0003900,TWIST1,twi,drosophila_melanogaster,3,5,3,11,1.6,2.3,1.6,5.5
393,WBGene00001953,TWIST1,hlh-8,caenorhabditis_elegans,1,2,1,4,0,1,0,1
394,ENSG00000122859,NEUROG3,NEUROG3,homo_sapiens,1,10,1,12,0,3.3,0,3.3
394,ENSMUSG00000044312,NEUROG3,Neurog3,mus_musculus,1,10,1,12,0,3.3,0,3.3
394,ENSXETG00000026423,NEUROG3,neurog3,xenopus_tropicalis,1,9,1,11,0,3.2,0,3.2
394,FBgn0015550,NEUROG3,tap,drosophila_melanogaster,1,5,1,7,0,2.3,0,2.3
394,WBGene00003595,NEUROG3,ngn-1,caenorhabditis_elegans,1,3,1,5,0,1.6,0,1.6
395,ENSG00000122877,EGR2,EGR2,homo_sapiens,3,5,9,17,1.6,2.3,3.2,7.1
395,ENSMUSG00000037868,EGR2,Egr2,mus_musculus,7,5,9,21,2.8,2.3,3.2,8.3
395,ENSXETG00000014066,EGR2,egr2,xenopus_tropicalis,1,5,4,10,0,2.3,2,4.3
395,FBgn0003499,EGR2,sr,drosophila_melanogaster,5,2,12,19,2.3,1,3.6,6.9
395,WBGene00043705,EGR2,egrh-2,caenorhabditis_elegans,4,5,12,21,2,2.3,3.6,7.9
397,ENSG00000123268,ATF1,ATF1,homo_sapiens,3,3,4,10,1.6,1.6,2,5.2
397,ENSMUSG00000023027,ATF1,Atf1,mus_musculus,6,3,4,13,2.6,1.6,2,6.2
397,ENSXETG00000007299,ATF1,atf1,xenopus_tropicalis,2,2,4,8,1,1,2,4
397,FBgn0265784,ATF1,CrebB,drosophila_melanogaster,8,1,15,24,3,0,3.9,6.9
397,WBGene00000793,ATF1,crh-1,caenorhabditis_elegans,7,1,12,20,2.8,0,3.6,6.4
398,ENSG00000123307,NEUROD4,NEUROD4,homo_sapiens,1,10,1,12,0,3.3,0,3.3
398,ENSMUSG00000048015,NEUROD4,Neurod4,mus_musculus,1,10,1,12,0,3.3,0,3.3
398,ENSXETG00000004295,NEUROD4,neurod4,xenopus_tropicalis,2,9,2,13,1,3.2,1,5.2
398,WBGene00000561,NEUROD4,cnd-1,caenorhabditis_elegans,1,3,1,5,0,1.6,0,1.6
399,ENSG00000123358,NR4A1,NR4A1,homo_sapiens,13,14,8,35,3.7,3.8,3,10.5
399,ENSMUSG00000023034,NR4A1,Nr4a1,mus_musculus,1,15,1,17,0,3.9,0,3.9
399,ENSXETG00000000579,NR4A1,nr4a1,xenopus_tropicalis,2,14,2,18,1,3.8,1,5.8
399,FBgn0014859,NR4A1,Hr38,drosophila_melanogaster,2,2,2,6,1,1,1,3
399,WBGene00003605,NR4A1,nhr-6,caenorhabditis_elegans,3,1,3,7,1.6,0,1.6,3.2
406,ENSG00000123636,BAZ2B,BAZ2B,homo_sapiens,8,8,11,27,3,3,3.5,9.5
406,ENSMUSG00000026987,BAZ2B,Baz2b,mus_musculus,4,8,9,21,2,3,3.2,8.2
406,ENSXETG00000007584,BAZ2B,baz2b,xenopus_tropicalis,2,8,10,20,1,3,3.3,7.3
406,FBgn0033636,BAZ2B,tou,drosophila_melanogaster,5,5,21,31,2.3,2.3,4.4,9
406,WBGene00001470,BAZ2B,flt-1,caenorhabditis_elegans,1,4,4,9,0,2,2,4
408,ENSG00000123933,MXD4,MXD4,homo_sapiens,1,4,1,6,0,2,0,2
408,ENSMUSG00000037235,MXD4,Mxd4,mus_musculus,2,4,2,8,1,2,1,4
408,ENSXETG00000020483,MXD4,mxd4,xenopus_tropicalis,1,4,1,6,0,2,0,2
408,WBGene00003163,MXD4,mdl-1,caenorhabditis_elegans,1,1,1,3,0,0,0,0
409,ENSG00000124092,CTCFL,CTCFL,homo_sapiens,16,5,146,167,4,2.3,7.2,13.5
409,ENSMUSG00000070495,CTCFL,Ctcfl,mus_musculus,2,5,22,29,1,2.3,4.5,7.8
409,FBgn0035769,CTCFL,CTCF,drosophila_melanogaster,1,3,11,15,0,1.6,3.5,5
409,WBGene00009553,CTCFL,F39B2.1,caenorhabditis_elegans,1,1,5,7,0,0,2.3,2.3
410,ENSG00000124191,TOX2,TOX2,homo_sapiens,5,5,4,14,2.3,2.3,2,6.6
410,ENSMUSG00000074607,TOX2,Tox2,mus_musculus,5,5,3,13,2.3,2.3,1.6,6.2
410,ENSXETG00000021435,TOX2,tox2,xenopus_tropicalis,2,5,1,8,1,2.3,0,3.3
410,FBgn0035238,TOX2,CG12104,drosophila_melanogaster,3,6,3,12,1.6,2.6,1.6,5.8
410,WBGene00009827,TOX2,hmg-6,caenorhabditis_elegans,1,4,1,6,0,2,0,2
411,ENSG00000124203,ZNF831,ZNF831,homo_sapiens,1,4,2,7,0,2,1,3
411,ENSMUSG00000050600,ZNF831,Zfp831,mus_musculus,1,4,2,7,0,2,1,3
411,FBgn0003396,ZNF831,shn,drosophila_melanogaster,6,1,42,49,2.6,0,5.4,8
411,WBGene00004862,ZNF831,sma-9,caenorhabditis_elegans,14,1,51,71,3.8,0,5.7,9.5
413,ENSG00000124232,RBPJL,RBPJL,homo_sapiens,4,2,0,6,2,1,0,3
413,ENSMUSG00000017007,RBPJL,Rbpjl,mus_musculus,1,2,0,3,0,1,0,1
413,WBGene00002245,RBPJL,lag-1,caenorhabditis_elegans,4,1,0,5,2,0,0,2
417,ENSG00000124496,TRERF1,TRERF1,homo_sapiens,5,3,24,32,2.3,1.6,4.6,8.5
417,ENSXETG00000000198,TRERF1,trerf1,xenopus_tropicalis,1,2,5,8,0,1,2.3,3.3
417,FBgn0037698,TRERF1,CG16779,drosophila_melanogaster,5,1,37,43,2.3,0,5.2,7.5
417,WBGene00010012,TRERF1,saeg-1,caenorhabditis_elegans,4,1,12,17,2,0,3.6,5.6
418,ENSG00000124613,ZNF391,ZNF391,homo_sapiens,2,9,10,21,1,3.2,3.3,7.5
418,ENSXETG00000011203,ZNF391,0,xenopus_tropicalis,1,4,9,14,0,2,3.2,5.2
418,FBgn0000286,ZNF391,Cf2,drosophila_melanogaster,5,3,26,34,2.3,1.6,4.7,8.6
418,WBGene00000483,ZNF391,che-1,caenorhabditis_elegans,2,1,8,11,1,0,3,4
419,ENSG00000124664,SPDEF,SPDEF,homo_sapiens,2,12,4,18,1,3.6,2,6.6
419,ENSMUSG00000024215,SPDEF,Spdef,mus_musculus,4,11,6,21,2,3.5,2.6,8
419,ENSXETG00000034149,SPDEF,spdef,xenopus_tropicalis,1,10,1,12,0,3.3,0,3.3
419,FBgn0005659,SPDEF,Ets98B,drosophila_melanogaster,2,3,4,9,1,1.6,2,4.6
419,WBGene00017687,SPDEF,ets-4,caenorhabditis_elegans,2,8,4,14,1,3,2,6
420,ENSG00000124766,SOX4,SOX4,homo_sapiens,1,17,1,19,0,4.1,0,4.1
420,ENSMUSG00000076431,SOX4,Sox4,mus_musculus,1,16,1,2,0,4,0,4
420,ENSXETG00000024011,SOX4,sox12,xenopus_tropicalis,1,14,1,16,0,3.8,0,3.8
420,FBgn0005612,SOX4,Sox14,drosophila_melanogaster,3,7,3,13,1.6,2.8,1.6,6
420,WBGene00004771,SOX4,sem-2,caenorhabditis_elegans,2,3,2,7,1,1.6,1,3.6
421,ENSG00000124782,RREB1,RREB1,homo_sapiens,9,5,74,88,3.2,2.3,6.2,11.7
421,ENSMUSG00000039087,RREB1,Rreb1,mus_musculus,9,5,65,79,3.2,2.3,6,11.5
421,ENSXETG00000015435,RREB1,rreb1,xenopus_tropicalis,1,4,14,19,0,2,3.8,5.8
421,FBgn0003053,RREB1,peb,drosophila_melanogaster,2,3,20,22,1,1.6,4.3,6.9
421,WBGene00009553,RREB1,F39B2.1,caenorhabditis_elegans,1,1,5,7,0,0,2.3,2.3
422,ENSG00000124813,RUNX2,RUNX2,homo_sapiens,7,3,7,17,2.8,1.6,2.8,7.2
422,ENSMUSG00000039153,RUNX2,Runx2,mus_musculus,9,3,9,21,3.2,1.6,3.2,7.9
422,ENSXETG00000001397,RUNX2,runx2,xenopus_tropicalis,2,3,2,7,1,1.6,1,3.6
422,FBgn0003300,RUNX2,run,drosophila_melanogaster,3,4,3,10,1.6,2,1.6,5.2
422,WBGene00004393,RUNX2,rnt-1,caenorhabditis_elegans,1,1,1,3,0,0,0,0
424,ENSG00000124920,MYRF,MYRF,homo_sapiens,3,2,5,10,1.6,1,2.3,4.9
424,ENSMUSG00000036098,MYRF,Myrf,mus_musculus,4,2,7,13,2,1,2.8,5.8
424,ENSXETG00000006702,MYRF,myrf,xenopus_tropicalis,1,2,0,3,0,1,0,1
424,FBgn0034985,MYRF,CG3328,drosophila_melanogaster,3,1,3,7,1.6,0,1.6,3.2
424,WBGene00004134,MYRF,pqn-47,caenorhabditis_elegans,1,2,1,4,0,1,0,1
425,ENSG00000125285,SOX21,SOX21,homo_sapiens,1,17,1,19,0,4.1,0,4.1
425,ENSMUSG00000061517,SOX21,Sox21,mus_musculus,1,16,1,18,0,4,0,4
425,ENSXETG00000010955,SOX21,sox21,xenopus_tropicalis,1,14,2,17,0,3.8,1,4.8
425,FBgn0000411,SOX21,D,drosophila_melanogaster,4,7,4,15,2,2.8,2,6.8
425,WBGene00004950,SOX21,sox-3,caenorhabditis_elegans,1,3,1,5,0,1.6,0,1.6
429,ENSG00000125492,BARHL1,BARHL1,homo_sapiens,2,16,2,20,1,4,1,6
429,ENSMUSG00000026805,BARHL1,Barhl1,mus_musculus,3,16,3,22,1.6,4,1.6,7.2
429,ENSXETG00000006257,BARHL1,barhl1,xenopus_tropicalis,1,16,1,18,0,4,0,4
429,FBgn0011758,BARHL1,B-H1,drosophila_melanogaster,2,11,1,14,1,3.5,0,4.5
429,WBGene00000451,BARHL1,ceh-30,caenorhabditis_elegans,1,4,1,6,0,2,0,2
431,ENSG00000125533,BHLHE23,BHLHE23,homo_sapiens,2,5,2,9,1,2.3,1,4.3
431,ENSMUSG00000045493,BHLHE23,Bhlhe23,mus_musculus,1,5,1,7,0,2.3,0,2.3
431,ENSXETG00000006104,BHLHE23,bhlhe23,xenopus_tropicalis,1,5,1,2,0,2.3,0,2.3
431,FBgn0032651,BHLHE23,Oli,drosophila_melanogaster,4,1,4,9,2,0,2,4
431,WBGene00013665,BHLHE23,hlh-32,caenorhabditis_elegans,1,4,1,6,0,2,0,2
432,ENSG00000125618,PAX8,PAX8,homo_sapiens,9,9,5,23,3.2,3.2,2.3,8.7
432,ENSMUSG00000026976,PAX8,Pax8,mus_musculus,5,9,5,19,2.3,3.2,2.3,7.8
432,ENSXETG00000001272,PAX8,pax8,xenopus_tropicalis,1,9,1,11,0,3.2,0,3.2
432,FBgn0005561,PAX8,sv,drosophila_melanogaster,7,10,7,24,2.8,3.3,2.8,8.9
432,WBGene00001204,PAX8,egl-38,caenorhabditis_elegans,1,7,1,9,0,2.8,0,2.8
434,ENSG00000125798,FOXA2,FOXA2,homo_sapiens,2,24,2,26,1,4.6,1,6.6
434,ENSMUSG00000037025,FOXA2,Foxa2,mus_musculus,3,19,2,25,1.6,4.2,1,6.8
434,ENSXETG00000026998,FOXA2,foxa2,xenopus_tropicalis,2,19,7,28,1,4.2,2.8,8.1
434,FBgn0000659,FOXA2,fkh,drosophila_melanogaster,5,6,5,16,2.3,2.6,2.3,7.2
434,WBGene00004013,FOXA2,pha-4,caenorhabditis_elegans,3,3,3,9,1.6,1.6,1.6,4.8
436,ENSG00000125813,PAX1,PAX1,homo_sapiens,3,9,3,15,1.6,3.2,1.6,6.3
436,ENSMUSG00000037034,PAX1,Pax1,mus_musculus,2,9,3,14,1,3.2,1.6,5.8
436,ENSXETG00000023497,PAX1,pax1,xenopus_tropicalis,1,9,1,11,0,3.2,0,3.2
436,FBgn0003129,PAX1,Poxm,drosophila_melanogaster,1,10,1,12,0,3.3,0,3.3
436,WBGene00003937,PAX1,pax-1,caenorhabditis_elegans,1,7,1,9,0,2.8,0,2.8
440,ENSG00000125850,OVOL2,OVOL2,homo_sapiens,1,3,4,8,0,1.6,2,3.6
440,ENSMUSG00000037279,OVOL2,Ovol2,mus_musculus,2,3,6,11,1,1.6,2.6,5.2
440,ENSXETG00000024897,OVOL2,ovol2,xenopus_tropicalis,1,3,3,7,0,1.6,1.6,3.2
440,FBgn0003028,OVOL2,ovo,drosophila_melanogaster,5,1,15,18,2.3,0,3.9,6.2
440,WBGene00003033,OVOL2,lin-48,caenorhabditis_elegans,1,1,3,5,0,0,1.6,1.6
443,ENSG00000125952,MAX,MAX,homo_sapiens,14,1,10,25,3.8,0,3.3,7.1
443,ENSMUSG00000059436,MAX,Max,mus_musculus,2,1,2,5,1,0,1,2
443,ENSXETG00000007650,MAX,max,xenopus_tropicalis,3,1,3,7,1.6,0,1.6,3.2
443,FBgn0017578,MAX,Max,drosophila_melanogaster,3,1,3,7,1.6,0,1.6,3.2
443,WBGene00003509,MAX,mxl-1,caenorhabditis_elegans,1,2,1,4,0,1,0,1
446,ENSG00000126012,KDM5C,KDM5C,homo_sapiens,5,5,20,26,2.3,2.3,4.3,9
446,ENSMUSG00000025332,KDM5C,Kdm5c,mus_musculus,5,5,12,22,2.3,2.3,3.6,8.2
446,ENSXETG00000007178,KDM5C,kdm5c,xenopus_tropicalis,1,5,4,10,0,2.3,2,4.3
446,WBGene00004319,KDM5C,rbr-2,caenorhabditis_elegans,2,1,8,11,1,0,3,4
448,ENSG00000126368,NR1D1,NR1D1,homo_sapiens,1,8,1,10,0,3,0,3
448,ENSMUSG00000020889,NR1D1,Nr1d1,mus_musculus,1,8,1,10,0,3,0,3
448,ENSXETG00000024397,NR1D1,nr1d1,xenopus_tropicalis,2,10,5,17,1,3.3,2.3,6.6
448,FBgn0000568,NR1D1,Eip75B,drosophila_melanogaster,7,8,6,21,2.8,3,2.6,8.4
448,WBGene00003675,NR1D1,nhr-85,caenorhabditis_elegans,2,10,1,11,1,3.3,0,4.3
450,ENSG00000126561,STAT5A,STAT5A,homo_sapiens,7,7,5,19,2.8,2.8,2.3,7.9
450,ENSMUSG00000004043,STAT5A,Stat5a,mus_musculus,5,7,3,15,2.3,2.8,1.6,6.7
450,ENSXETG00000000836,STAT5A,stat5b,xenopus_tropicalis,1,6,2,9,0,2.6,1,3.6
450,FBgn0016917,STAT5A,Stat92E,drosophila_melanogaster,11,1,11,23,3.5,0,3.5,6.9
450,WBGene00013111,STAT5A,sta-1,caenorhabditis_elegans,3,1,0,4,1.6,0,0,1.6
452,ENSG00000126733,DACH2,DACH2,homo_sapiens,6,2,0,8,2.6,1,0,3.6
452,ENSMUSG00000025592,DACH2,Dach2,mus_musculus,5,2,0,7,2.3,1,0,3.3
452,ENSXETG00000015905,DACH2,dach2,xenopus_tropicalis,2,2,0,4,1,1,0,2
452,FBgn0005677,DACH2,dac,drosophila_melanogaster,6,1,0,7,2.6,0,0,2.6
452,WBGene00000895,DACH2,dac-1,caenorhabditis_elegans,2,1,0,3,1,0,0,1
453,ENSG00000126746,ZNF384,ZNF384,homo_sapiens,12,4,35,51,3.6,2,5.1,10.7
453,ENSMUSG00000038346,ZNF384,Zfp384,mus_musculus,9,4,56,63,3.2,2,5.8,11
453,ENSXETG00000011532,ZNF384,znf384,xenopus_tropicalis,1,2,7,10,0,1,2.8,3.8
453,FBgn0010768,ZNF384,sqz,drosophila_melanogaster,1,4,5,10,0,2,2.3,4.3
453,WBGene00003015,ZNF384,lin-29,caenorhabditis_elegans,3,1,15,19,1.6,0,3.9,5.5
455,ENSG00000126778,SIX1,SIX1,homo_sapiens,2,6,1,9,1,2.6,0,3.6
455,ENSMUSG00000051367,SIX1,Six1,mus_musculus,1,6,1,8,0,2.6,0,2.6
455,ENSXETG00000016943,SIX1,six1,xenopus_tropicalis,1,5,1,7,0,2.3,0,2.3
455,FBgn0003460,SIX1,so,drosophila_melanogaster,1,3,1,5,0,1.6,0,1.6
455,WBGene00000454,SIX1,ceh-33,caenorhabditis_elegans,1,4,1,6,0,2,0,2
456,ENSG00000126804,ZBTB1,ZBTB1,homo_sapiens,5,16,9,30,2.3,4,3.2,9.5
456,ENSMUSG00000033454,ZBTB1,Zbtb1,mus_musculus,1,15,5,21,0,3.9,2.3,6.2
456,ENSXETG00000022532,ZBTB1,zbtb1,xenopus_tropicalis,1,17,5,23,0,4.1,2.3,6.4
456,WBGene00016154,ZBTB1,C27A12.2,caenorhabditis_elegans,1,1,5,7,0,0,2.3,2.3
458,ENSG00000127124,HIVEP3,HIVEP3,homo_sapiens,3,4,15,22,1.6,2,3.9,7.5
458,ENSMUSG00000028634,HIVEP3,Hivep3,mus_musculus,3,4,10,17,1.6,2,3.3,6.9
458,ENSXETG00000012923,HIVEP3,hivep3,xenopus_tropicalis,1,3,7,11,0,1.6,2.8,4.4
458,FBgn0003396,HIVEP3,shn,drosophila_melanogaster,6,1,42,49,2.6,0,5.4,8
458,WBGene00004862,HIVEP3,sma-9,caenorhabditis_elegans,14,1,51,71,3.8,0,5.7,9.5
459,ENSG00000127152,BCL11B,BCL11B,homo_sapiens,3,3,18,24,1.6,1.6,4.2,7.3
459,ENSMUSG00000048251,BCL11B,Bcl11b,mus_musculus,3,3,18,24,1.6,1.6,4.2,7.3
459,ENSXETG00000011434,BCL11B,bcl11b,xenopus_tropicalis,2,2,14,18,1,1,3.8,5.8
459,FBgn0029939,BCL11B,CG9650,drosophila_melanogaster,4,1,20,25,2,0,4.3,6.3
459,WBGene00017430,BCL11B,F13H6.1,caenorhabditis_elegans,3,1,9,13,1.6,0,3.2,4.8
460,ENSG00000127337,YEATS4,YEATS4,homo_sapiens,4,2,3,9,2,1,1.6,4.6
460,ENSMUSG00000020171,YEATS4,Yeats4,mus_musculus,1,2,1,4,0,1,0,1
460,ENSXETG00000026783,YEATS4,yeats4,xenopus_tropicalis,1,2,1,4,0,1,0,1
460,FBgn0031873,YEATS4,Gas41,drosophila_melanogaster,1,2,1,4,0,1,0,1
460,WBGene00001585,YEATS4,gfl-1,caenorhabditis_elegans,1,2,1,4,0,1,0,1
461,ENSG00000127528,KLF2,KLF2,homo_sapiens,2,12,3,17,1,3.6,1.6,6.2
461,ENSMUSG00000055148,KLF2,Klf2,mus_musculus,1,13,3,17,0,3.7,1.6,5.3
461,WBGene00018990,KLF2,klf-1,caenorhabditis_elegans,2,3,6,11,1,1.6,2.6,5.2
465,ENSG00000128573,FOXP2,FOXP2,homo_sapiens,18,14,11,43,4.2,3.8,3.5,11.4
465,ENSMUSG00000029563,FOXP2,Foxp2,mus_musculus,11,16,4,31,3.5,4,2,9.5
465,ENSXETG00000011560,FOXP2,foxp2,xenopus_tropicalis,2,14,4,20,1,3.8,2,6.8
465,WBGene00001439,FOXP2,fkh-7,caenorhabditis_elegans,14,5,12,31,3.8,2.3,3.6,9.7
467,ENSG00000128610,FEZF1,FEZF1,homo_sapiens,3,4,12,19,1.6,2,3.6,7.2
467,ENSMUSG00000029697,FEZF1,Fezf1,mus_musculus,1,4,6,11,0,2,2.6,4.6
467,ENSXETG00000022748,FEZF1,fezf1,xenopus_tropicalis,1,4,6,11,0,2,2.6,4.6
467,FBgn0031375,FEZF1,erm,drosophila_melanogaster,4,4,24,32,2,2,4.6,8.6
467,WBGene00012639,FEZF1,fezf-1,caenorhabditis_elegans,1,2,6,9,0,1,2.6,3.6
468,ENSG00000128645,HOXD1,HOXD1,homo_sapiens,1,20,1,22,0,4.3,0,4.3
468,ENSMUSG00000042448,HOXD1,Hoxd1,mus_musculus,1,20,1,22,0,4.3,0,4.3
468,ENSXETG00000001801,HOXD1,hoxd1,xenopus_tropicalis,1,22,1,24,0,4.5,0,4.5
468,FBgn0002522,HOXD1,lab,drosophila_melanogaster,2,11,2,15,1,3.5,1,5.5
468,WBGene00000437,HOXD1,ceh-13,caenorhabditis_elegans,1,6,1,8,0,2.6,0,2.6
476,ENSG00000129152,MYOD1,MYOD1,homo_sapiens,1,4,1,6,0,2,0,2
476,ENSMUSG00000009471,MYOD1,Myod1,mus_musculus,1,4,1,6,0,2,0,2
476,ENSXETG00000001320,MYOD1,myod1,xenopus_tropicalis,1,4,1,6,0,2,0,2
476,FBgn0002922,MYOD1,nau,drosophila_melanogaster,2,1,2,5,1,0,1,2
476,WBGene00001948,MYOD1,hlh-1,caenorhabditis_elegans,3,1,3,7,1.6,0,1.6,3.2
477,ENSG00000129173,E2F8,E2F8,homo_sapiens,4,2,0,6,2,1,0,3
477,ENSMUSG00000046179,E2F8,E2f8,mus_musculus,2,2,0,4,1,1,0,2
477,ENSXETG00000004436,E2F8,e2f8,xenopus_tropicalis,1,2,0,3,0,1,0,1
477,WBGene00009899,E2F8,efl-3,caenorhabditis_elegans,1,1,0,2,0,0,0,0
479,ENSG00000129514,FOXA1,FOXA1,homo_sapiens,1,24,1,26,0,4.6,0,4.6
479,ENSMUSG00000035451,FOXA1,Foxa1,mus_musculus,1,19,1,21,0,4.2,0,4.2
479,FBgn0000659,FOXA1,fkh,drosophila_melanogaster,5,6,5,16,2.3,2.6,2.3,7.2
479,WBGene00004013,FOXA1,pha-4,caenorhabditis_elegans,3,3,3,9,1.6,1.6,1.6,4.8
480,ENSG00000129535,NRL,NRL,homo_sapiens,6,7,5,18,2.6,2.8,2.3,7.7
480,ENSMUSG00000040632,NRL,Nrl,mus_musculus,3,7,3,13,1.6,2.8,1.6,6
480,ENSXETG00000022130,NRL,nrl,xenopus_tropicalis,2,7,2,11,1,2.8,1,4.8
480,FBgn0000964,NRL,tj,drosophila_melanogaster,2,2,0,4,1,1,0,2
480,WBGene00077521,NRL,maf-1,caenorhabditis_elegans,1,1,0,2,0,0,0,0
482,ENSG00000129911,KLF16,KLF16,homo_sapiens,3,15,8,26,1.6,3.9,3,8.5
482,ENSMUSG00000035397,KLF16,Klf16,mus_musculus,1,15,3,19,0,3.9,1.6,5.5
482,FBgn0043364,KLF16,cbt,drosophila_melanogaster,3,4,9,16,1.6,2,3.2,6.8
482,WBGene00012735,KLF16,sptf-3,caenorhabditis_elegans,1,2,3,6,0,1,1.6,2.6
484,ENSG00000130338,TULP4,TULP4,homo_sapiens,2,6,6,14,1,2.6,2.6,6.2
484,ENSMUSG00000034377,TULP4,Tulp4,mus_musculus,4,9,4,17,2,3.2,2,7.2
484,ENSXETG00000032878,TULP4,TULP4,xenopus_tropicalis,2,6,10,18,1,2.6,3.3,6.9
484,FBgn0039530,TULP4,Tusp,drosophila_melanogaster,4,3,12,19,2,1.6,3.6,7.2
484,WBGene00022139,TULP4,tub-2,caenorhabditis_elegans,2,3,2,7,1,1.6,1,3.6
491,ENSG00000130711,PRDM12,PRDM12,homo_sapiens,1,3,4,8,0,1.6,2,3.6
491,ENSMUSG00000079466,PRDM12,Prdm12,mus_musculus,1,3,4,8,0,1.6,2,3.6
491,ENSXETG00000001343,PRDM12,prdm12,xenopus_tropicalis,1,3,1,5,0,1.6,0,1.6
491,WBGene00018567,PRDM12,F47E1.3,caenorhabditis_elegans,1,1,5,7,0,0,2.3,2.3
502,ENSG00000131264,CDX4,CDX4,homo_sapiens,1,3,1,5,0,1.6,0,1.6
502,ENSMUSG00000031326,CDX4,Cdx4,mus_musculus,1,3,1,5,0,1.6,0,1.6
502,ENSXETG00000004589,CDX4,cdx4,xenopus_tropicalis,1,3,1,5,0,1.6,0,1.6
502,FBgn0000251,CDX4,cad,drosophila_melanogaster,3,1,3,7,1.6,0,1.6,3.2
502,WBGene00003912,CDX4,pal-1,caenorhabditis_elegans,6,1,6,13,2.6,0,2.6,5.2
507,ENSG00000131788,PIAS3,PIAS3,homo_sapiens,4,6,9,19,2,2.6,3.2,7.8
507,ENSMUSG00000028101,PIAS3,Pias3,mus_musculus,5,6,10,21,2.3,2.6,3.3,8.2
507,ENSXETG00000018642,PIAS3,pias3,xenopus_tropicalis,2,6,4,12,1,2.6,2,5.6
507,FBgn0003612,PIAS3,Su(var)2-10,drosophila_melanogaster,14,2,42,58,3.8,1,5.4,10.2
507,WBGene00001574,PIAS3,gei-17,caenorhabditis_elegans,15,1,30,46,3.9,0,4.9,8.8
512,ENSG00000131914,LIN28A,LIN28A,homo_sapiens,2,2,2,6,1,1,1,3
512,ENSMUSG00000050966,LIN28A,Lin28a,mus_musculus,4,2,3,9,2,1,1.6,4.6
512,FBgn0035626,LIN28A,lin-28,drosophila_melanogaster,1,1,0,2,0,0,0,0
512,WBGene00003014,LIN28A,lin-28,caenorhabditis_elegans,2,1,2,5,1,0,1,2
515,ENSG00000132010,ZNF20,ZNF20,homo_sapiens,3,38,20,61,1.6,5.2,4.3,11.2
515,WBGene00021931,ZNF20,Y55F3AM.14,caenorhabditis_elegans,1,1,11,13,0,0,3.5,3.5
517,ENSG00000132170,PPARG,PPARG,homo_sapiens,10,8,8,26,3.3,3,3,9.3
517,ENSMUSG00000000440,PPARG,Pparg,mus_musculus,5,8,4,17,2.3,3,2,7.3
517,ENSXETG00000017422,PPARG,pparg,xenopus_tropicalis,1,9,0,10,0,3.2,0,3.2
517,FBgn0004865,PPARG,Eip78C,drosophila_melanogaster,4,8,3,15,2,3,1.6,6.6
517,WBGene00004786,PPARG,sex-1,caenorhabditis_elegans,2,10,2,14,1,3.3,1,5.3
520,ENSG00000133740,E2F5,E2F5,homo_sapiens,6,6,0,12,2.6,2.6,0,5.2
520,ENSMUSG00000027552,E2F5,E2f5,mus_musculus,2,6,0,8,1,2.6,0,3.6
520,ENSXETG00000013780,E2F5,e2f5,xenopus_tropicalis,1,4,0,5,0,2,0,2
520,FBgn0024371,E2F5,E2f2,drosophila_melanogaster,2,2,0,4,1,1,0,2
520,WBGene00001161,E2F5,efl-1,caenorhabditis_elegans,1,2,0,3,0,1,0,1
522,ENSG00000133884,DPF2,DPF2,homo_sapiens,4,4,6,14,2,2,2.6,6.6
522,ENSMUSG00000024826,DPF2,Dpf2,mus_musculus,2,4,5,11,1,2,2.3,5.3
522,ENSXETG00000001672,DPF2,dpf2,xenopus_tropicalis,2,4,3,9,1,2,1.6,4.6
522,FBgn0033015,DPF2,d4,drosophila_melanogaster,4,0,8,15,2,0,3,5
522,WBGene00016200,DPF2,dpff-1,caenorhabditis_elegans,3,2,3,8,1.6,1,1.6,4.2
523,ENSG00000133937,GSC,GSC,homo_sapiens,1,13,1,15,0,3.7,0,3.7
523,ENSMUSG00000021095,GSC,Gsc,mus_musculus,1,13,1,15,0,3.7,0,3.7
523,ENSXETG00000023328,GSC,gsc,xenopus_tropicalis,2,14,2,18,1,3.8,1,5.8
523,FBgn0010323,GSC,Gsc,drosophila_melanogaster,2,4,2,8,1,2,1,4
523,WBGene00022837,GSC,ceh-45,caenorhabditis_elegans,2,8,2,12,1,3,1,5
526,ENSG00000134138,MEIS2,MEIS2,homo_sapiens,14,9,10,33,3.8,3.2,3.3,10.3
526,ENSMUSG00000027210,MEIS2,Meis2,mus_musculus,6,9,6,21,2.6,3.2,2.6,8.3
526,FBgn0001235,MEIS2,hth,drosophila_melanogaster,5,3,2,10,2.3,1.6,1,4.9
526,WBGene00006796,MEIS2,unc-62,caenorhabditis_elegans,10,1,8,19,3.3,0,3,6.3
527,ENSG00000134317,GRHL1,GRHL1,homo_sapiens,3,6,0,9,1.6,2.6,0,4.2
527,ENSMUSG00000020656,GRHL1,Grhl1,mus_musculus,2,6,0,8,1,2.6,0,3.6
527,ENSXETG00000007012,GRHL1,grhl1,xenopus_tropicalis,1,6,0,7,0,2.6,0,2.6
527,FBgn0259211,GRHL1,grh,drosophila_melanogaster,8,2,0,10,3,1,0,4
527,WBGene00001707,GRHL1,grh-1,caenorhabditis_elegans,3,1,0,4,1.6,0,0,1.6
529,ENSG00000134438,RAX,RAX,homo_sapiens,3,15,2,20,1.6,3.9,1,6.5
529,ENSMUSG00000024518,RAX,Rax,mus_musculus,1,13,2,16,0,3.7,1,4.7
529,ENSXETG00000021154,RAX,rax,xenopus_tropicalis,1,13,2,16,0,3.7,1,4.7
529,WBGene00000433,RAX,ceh-8,caenorhabditis_elegans,1,3,1,5,0,1.6,0,1.6
530,ENSG00000134532,SOX5,SOX5,homo_sapiens,10,4,7,21,3.3,2,2.8,8.1
530,ENSMUSG00000041540,SOX5,Sox5,mus_musculus,7,4,5,16,2.8,2,2.3,7.1
530,ENSXETG00000026458,SOX5,sox5,xenopus_tropicalis,1,3,1,5,0,1.6,0,1.6
530,FBgn0039938,SOX5,Sox102F,drosophila_melanogaster,4,1,4,9,2,0,2,4
530,WBGene00001182,SOX5,egl-13,caenorhabditis_elegans,6,2,6,14,2.6,1,2.6,6.2
534,ENSG00000134954,ETS1,ETS1,homo_sapiens,6,13,9,28,2.6,3.7,3.2,9.5
534,ENSMUSG00000032035,ETS1,Ets1,mus_musculus,4,13,6,23,2,3.7,2.6,8.3
534,ENSXETG00000022781,ETS1,ets1,xenopus_tropicalis,1,12,1,14,0,3.6,0,3.6
534,WBGene00016600,ETS1,ets-5,caenorhabditis_elegans,2,2,2,6,1,1,1,3
536,ENSG00000135111,TBX3,TBX3,homo_sapiens,3,13,3,19,1.6,3.7,1.6,6.9
536,ENSMUSG00000018604,TBX3,Tbx3,mus_musculus,3,13,3,19,1.6,3.7,1.6,6.9
536,ENSXETG00000006579,TBX3,tbx3,xenopus_tropicalis,2,12,2,16,1,3.6,1,5.6
536,FBgn0000179,TBX3,bi,drosophila_melanogaster,7,8,7,22,2.8,3,2.8,8.6
536,WBGene00006543,TBX3,tbx-2,caenorhabditis_elegans,1,4,1,6,0,2,0,2
538,ENSG00000135373,EHF,EHF,homo_sapiens,10,12,15,37,3.3,3.6,3.9,10.8
538,ENSMUSG00000012350,EHF,Ehf,mus_musculus,6,11,9,26,2.6,3.5,3.2,9.2
538,ENSXETG00000007559,EHF,ehf,xenopus_tropicalis,1,10,1,12,0,3.3,0,3.3
538,WBGene00006462,EHF,tag-97,caenorhabditis_elegans,2,8,4,14,1,3,2,6
539,ENSG00000135374,ELF5,ELF5,homo_sapiens,5,12,7,24,2.3,3.6,2.8,8.7
539,ENSMUSG00000027186,ELF5,Elf5,mus_musculus,4,11,7,22,2,3.5,2.8,8.3
539,ENSXETG00000007560,ELF5,elf5,xenopus_tropicalis,1,10,1,12,0,3.3,0,3.3
539,WBGene00006462,ELF5,tag-97,caenorhabditis_elegans,2,8,4,14,1,3,2,6
542,ENSG00000135625,EGR4,EGR4,homo_sapiens,2,5,6,13,1,2.3,2.6,5.9
542,ENSMUSG00000071341,EGR4,Egr4,mus_musculus,1,5,3,9,0,2.3,1.6,3.9
542,ENSXETG00000011775,EGR4,egr4,xenopus_tropicalis,1,5,3,9,0,2.3,1.6,3.9
542,WBGene00043705,EGR4,egrh-2,caenorhabditis_elegans,4,5,12,21,2,2.3,3.6,7.9
543,ENSG00000135638,EMX1,EMX1,homo_sapiens,3,7,2,12,1.6,2.8,1,5.4
543,ENSMUSG00000033726,EMX1,Emx1,mus_musculus,1,7,1,9,0,2.8,0,2.8
543,ENSXETG00000017958,EMX1,emx1.2,xenopus_tropicalis,1,6,1,8,0,2.6,0,2.6
543,FBgn0000576,EMX1,ems,drosophila_melanogaster,1,6,1,8,0,2.6,0,2.6
543,WBGene00000429,EMX1,ceh-2,caenorhabditis_elegans,1,7,1,9,0,2.8,0,2.8
546,ENSG00000135903,PAX3,PAX3,homo_sapiens,8,9,14,31,3,3.2,3.8,10
546,ENSMUSG00000004872,PAX3,Pax3,mus_musculus,2,9,4,15,1,3.2,2,6.2
546,ENSXETG00000007640,PAX3,pax3,xenopus_tropicalis,2,9,3,14,1,3.2,1.6,5.8
546,FBgn0001148,PAX3,gsb,drosophila_melanogaster,1,10,2,13,0,3.3,1,4.3
546,WBGene00003939,PAX3,pax-3,caenorhabditis_elegans,1,7,2,10,0,2.8,1,3.8
547,ENSG00000136169,SETDB2,SETDB2,homo_sapiens,4,13,12,29,2,3.7,3.6,9.3
547,ENSMUSG00000071350,SETDB2,Setdb2,mus_musculus,3,13,6,22,1.6,3.7,2.6,7.9
547,ENSXETG00000015666,SETDB2,setdb2,xenopus_tropicalis,2,11,6,19,1,3.5,2.6,7
547,WBGene00019883,SETDB2,met-2,caenorhabditis_elegans,1,6,4,11,0,2.6,2,4.6
548,ENSG00000136327,NKX2-8,NKX2-8,homo_sapiens,1,21,1,23,0,4.4,0,4.4
548,ENSMUSG00000058669,NKX2-8,Nkx2-9,mus_musculus,1,22,1,24,0,4.5,0,4.5
548,ENSXETG00000002908,NKX2-8,nkx2-8,xenopus_tropicalis,1,23,1,25,0,4.5,0,4.5
548,WBGene00000445,NKX2-8,ceh-22,caenorhabditis_elegans,3,9,3,15,1.6,3.2,1.6,6.3
550,ENSG00000136367,ZFHX2,ZFHX2,homo_sapiens,4,3,8,15,2,1.6,3,6.6
550,ENSMUSG00000040721,ZFHX2,Zfhx2,mus_musculus,1,3,8,12,0,1.6,3,4.6
550,ENSXETG00000022562,ZFHX2,zfhx2,xenopus_tropicalis,1,3,7,11,0,1.6,2.8,4.4
550,FBgn0004607,ZFHX2,zfh2,drosophila_melanogaster,3,1,29,33,1.6,0,4.9,6.4
550,WBGene00022518,ZFHX2,zfh-2,caenorhabditis_elegans,6,1,41,40,2.6,0,5.4,7.9
553,ENSG00000136535,TBR1,TBR1,homo_sapiens,3,4,3,10,1.6,2,1.6,5.2
553,ENSMUSG00000035033,TBR1,Tbr1,mus_musculus,2,4,2,8,1,2,1,4
553,ENSXETG00000016201,TBR1,tbr1,xenopus_tropicalis,1,3,1,5,0,1.6,0,1.6
553,WBGene00006554,TBR1,tbx-35,caenorhabditis_elegans,1,12,1,14,0,3.6,0,3.6
556,ENSG00000136770,DNAJC1,DNAJC1,homo_sapiens,1,2,3,6,0,1,1.6,2.6
556,ENSMUSG00000026740,DNAJC1,Dnajc1,mus_musculus,4,2,9,15,2,1,3.2,6.2
556,ENSXETG00000007390,DNAJC1,dnajc1,xenopus_tropicalis,1,2,2,5,0,1,1,2
556,FBgn0030990,DNAJC1,CG7556,drosophila_melanogaster,2,2,6,10,1,1,2.6,4.6
556,WBGene00018836,DNAJC1,F54F2.9,caenorhabditis_elegans,1,2,4,7,0,1,2,3
557,ENSG00000136826,KLF4,KLF4,homo_sapiens,4,12,6,22,2,3.6,2.6,8.2
557,ENSMUSG00000003032,KLF4,Klf4,mus_musculus,3,13,3,19,1.6,3.7,1.6,6.9
557,ENSXETG00000005739,KLF4,klf4,xenopus_tropicalis,1,11,3,15,0,3.5,1.6,5
557,WBGene00018990,KLF4,klf-1,caenorhabditis_elegans,2,3,6,11,1,1.6,2.6,5.2
560,ENSG00000136931,NR5A1,NR5A1,homo_sapiens,4,12,3,19,2,3.6,1.6,7.2
560,ENSMUSG00000026751,NR5A1,Nr5a1,mus_musculus,2,12,2,16,1,3.6,1,5.6
560,ENSXETG00000011456,NR5A1,nr5a1,xenopus_tropicalis,1,13,1,15,0,3.7,0,3.7
560,FBgn0001078,NR5A1,ftz-f1,drosophila_melanogaster,4,4,4,8,2,2,2,6
560,WBGene00003623,NR5A1,nhr-25,caenorhabditis_elegans,4,2,1,7,2,1,0,3
561,ENSG00000136944,LMX1B,LMX1B,homo_sapiens,4,12,12,28,2,3.6,3.6,9.2
561,ENSMUSG00000038765,LMX1B,Lmx1b,mus_musculus,2,12,6,20,1,3.6,2.6,7.2
561,ENSXETG00000000742,LMX1B,lmx1b.1,xenopus_tropicalis,1,13,2,15,0,3.7,1,4.7
561,FBgn0052105,LMX1B,CG32105,drosophila_melanogaster,2,7,6,15,1,2.8,2.6,6.4
561,WBGene00002988,LMX1B,lim-6,caenorhabditis_elegans,2,7,6,15,1,2.8,2.6,6.4
563,ENSG00000137090,DMRT1,DMRT1,homo_sapiens,2,6,1,9,1,2.6,0,3.6
563,ENSMUSG00000024837,DMRT1,Dmrt1,mus_musculus,2,6,2,10,1,2.6,1,4.6
563,ENSXETG00000002277,DMRT1,kank1,xenopus_tropicalis,1,5,1,7,0,2.3,0,2.3
563,WBGene00017326,DMRT1,dmd-5,caenorhabditis_elegans,1,6,1,8,0,2.6,0,2.6
566,ENSG00000137203,TFAP2A,TFAP2A,homo_sapiens,9,5,0,14,3.2,2.3,0,5.5
566,ENSMUSG00000021359,TFAP2A,Tfap2a,mus_musculus,2,5,0,7,1,2.3,0,3.3
566,ENSXETG00000001074,TFAP2A,tfap2a,xenopus_tropicalis,3,5,0,5,1.6,2.3,0,3.9
566,FBgn0261953,TFAP2A,TfAP-2,drosophila_melanogaster,6,1,0,7,2.6,0,0,2.6
566,WBGene00019424,TFAP2A,aptf-1,caenorhabditis_elegans,1,4,0,5,0,2,0,2
569,ENSG00000137273,FOXF2,FOXF2,homo_sapiens,1,14,1,16,0,3.8,0,3.8
569,ENSMUSG00000038402,FOXF2,Foxf2,mus_musculus,1,16,1,18,0,4,0,4
569,ENSXETG00000000589,FOXF2,foxf2,xenopus_tropicalis,1,14,1,16,0,3.8,0,3.8
569,FBgn0045759,FOXF2,bin,drosophila_melanogaster,1,6,1,8,0,2.6,0,2.6
569,WBGene00002601,FOXF2,let-381,caenorhabditis_elegans,1,5,1,7,0,2.3,0,2.3
574,ENSG00000137709,POU2F3,POU2F3,homo_sapiens,3,16,5,24,1.6,4,2.3,7.9
574,ENSMUSG00000032015,POU2F3,Pou2f3,mus_musculus,2,15,4,21,1,3.9,2,6.9
574,ENSXETG00000015251,POU2F3,pou2f3,xenopus_tropicalis,1,16,3,20,0,4,1.6,5.6
574,FBgn0004394,POU2F3,pdm2,drosophila_melanogaster,4,5,8,15,2,2.3,3,7.3
574,WBGene00000441,POU2F3,ceh-18,caenorhabditis_elegans,3,3,5,11,1.6,1.6,2.3,5.5
576,ENSG00000138073,PREB,PREB,homo_sapiens,4,1,4,9,2,0,2,4
576,ENSMUSG00000045302,PREB,Preb,mus_musculus,4,1,6,11,2,0,2.6,4.6
576,FBgn0031779,PREB,CG9175,drosophila_melanogaster,2,1,6,9,1,0,2.6,3.6
576,WBGene00010496,PREB,sec-12,caenorhabditis_elegans,2,1,4,7,1,0,2,3
577,ENSG00000138083,SIX3,SIX3,homo_sapiens,1,6,1,8,0,2.6,0,2.6
577,ENSMUSG00000038805,SIX3,Six3,mus_musculus,3,6,3,12,1.6,2.6,1.6,5.8
577,ENSXETG00000002758,SIX3,six3,xenopus_tropicalis,1,5,1,7,0,2.3,0,2.3
577,FBgn0025360,SIX3,Optix,drosophila_melanogaster,3,3,2,8,1.6,1.6,1,4.2
577,WBGene00000453,SIX3,ceh-32,caenorhabditis_elegans,1,4,1,6,0,2,0,2
579,ENSG00000138378,STAT4,STAT4,homo_sapiens,6,7,3,16,2.6,2.8,1.6,7
579,ENSMUSG00000062939,STAT4,Stat4,mus_musculus,2,7,2,11,1,2.8,1,4.8
579,ENSXETG00000004662,STAT4,stat4,xenopus_tropicalis,1,6,1,8,0,2.6,0,2.6
579,FBgn0016917,STAT4,Stat92E,drosophila_melanogaster,11,1,11,23,3.5,0,3.5,6.9
579,WBGene00013111,STAT4,sta-1,caenorhabditis_elegans,3,1,0,4,1.6,0,0,1.6
582,ENSG00000138795,LEF1,LEF1,homo_sapiens,6,4,4,14,2.6,2,2,6.6
582,ENSMUSG00000027985,LEF1,Lef1,mus_musculus,4,4,4,12,2,2,2,6
582,ENSXETG00000021102,LEF1,lef1,xenopus_tropicalis,1,4,1,6,0,2,0,2
582,FBgn0085432,LEF1,pan,drosophila_melanogaster,9,1,9,19,3.2,0,3.2,6.3
582,WBGene00004077,LEF1,pop-1,caenorhabditis_elegans,1,1,1,3,0,0,0,0
588,ENSG00000139613,SMARCC2,SMARCC2,homo_sapiens,4,2,8,14,2,1,3,6
588,ENSMUSG00000025369,SMARCC2,Smarcc2,mus_musculus,0,2,6,8,0,1,2.6,3.6
588,ENSXETG00000009486,SMARCC2,smarcc2,xenopus_tropicalis,2,2,5,9,1,1,2.3,4.3
588,FBgn0002783,SMARCC2,mor,drosophila_melanogaster,2,1,4,7,1,0,2,3
588,WBGene00004203,SMARCC2,swsn-1,caenorhabditis_elegans,4,1,8,9,2,0,3,5
589,ENSG00000139624,CERS5,CERS5,homo_sapiens,6,5,6,17,2.6,2.3,2.6,7.5
589,ENSMUSG00000023021,CERS5,Cers5,mus_musculus,5,5,6,16,2.3,2.3,2.6,7.2
589,ENSXETG00000013344,CERS5,cers5,xenopus_tropicalis,1,5,2,8,0,2.3,1,3.3
589,FBgn0040918,CERS5,schlank,drosophila_melanogaster,2,1,4,7,1,0,2,3
589,WBGene00002043,CERS5,hyl-1,caenorhabditis_elegans,4,3,4,11,2,1.6,2,5.6
591,ENSG00000139800,ZIC5,ZIC5,homo_sapiens,1,18,4,23,0,4.2,2,6.2
591,ENSMUSG00000041703,ZIC5,Zic5,mus_musculus,1,18,4,23,0,4.2,2,6.2
591,ENSXETG00000018872,ZIC5,zic5,xenopus_tropicalis,1,14,5,20,0,3.8,2.3,6.1
591,FBgn0003002,ZIC5,opa,drosophila_melanogaster,1,0,4,12,0,0,2,2
591,WBGene00004335,ZIC5,ref-2,caenorhabditis_elegans,3,3,12,18,1.6,1.6,3.6,6.8
594,ENSG00000140262,TCF12,TCF12,homo_sapiens,13,3,10,26,3.7,1.6,3.3,8.6
594,ENSMUSG00000032228,TCF12,Tcf12,mus_musculus,11,3,7,21,3.5,1.6,2.8,7.9
594,ENSXETG00000016563,TCF12,tcf12,xenopus_tropicalis,1,3,2,6,0,1.6,1,2.6
594,FBgn0000413,TCF12,da,drosophila_melanogaster,3,1,3,7,1.6,0,1.6,3.2
594,WBGene00001949,TCF12,hlh-2,caenorhabditis_elegans,1,1,1,3,0,0,0,0
596,ENSG00000140382,HMG20A,HMG20A,homo_sapiens,8,2,4,14,3,1,2,6
596,ENSMUSG00000032329,HMG20A,Hmg20a,mus_musculus,1,2,1,4,0,1,0,1
596,ENSXETG00000015269,HMG20A,hmg20a,xenopus_tropicalis,1,2,1,4,0,1,0,1
596,FBgn0026582,HMG20A,Hmg-2,drosophila_melanogaster,1,1,1,3,0,0,0,0
596,WBGene00012209,HMG20A,hmg-20,caenorhabditis_elegans,1,1,1,3,0,0,0,0
598,ENSG00000140836,ZFHX3,ZFHX3,homo_sapiens,2,3,25,30,1,1.6,4.6,7.2
598,ENSMUSG00000038872,ZFHX3,Zfhx3,mus_musculus,2,3,13,18,1,1.6,3.7,6.3
598,ENSXETG00000023509,ZFHX3,zfhx3,xenopus_tropicalis,1,3,17,21,0,1.6,4.1,5.7
598,FBgn0004607,ZFHX3,zfh2,drosophila_melanogaster,3,1,29,33,1.6,0,4.9,6.4
598,WBGene00022518,ZFHX3,zfh-2,caenorhabditis_elegans,6,1,41,40,2.6,0,5.4,7.9
601,ENSG00000141002,TCF25,TCF25,homo_sapiens,11,1,0,12,3.5,0,0,3.5
601,ENSMUSG00000001472,TCF25,Tcf25,mus_musculus,2,1,0,3,1,0,0,1
601,ENSXETG00000023414,TCF25,tcf25,xenopus_tropicalis,1,1,1,3,0,0,0,0
601,FBgn0027549,TCF25,CG7927,drosophila_melanogaster,3,1,0,4,1.6,0,0,1.6
601,WBGene00010620,TCF25,K07A12.1,caenorhabditis_elegans,1,1,0,2,0,0,0,0
602,ENSG00000141027,NCOR1,NCOR1,homo_sapiens,14,5,11,30,3.8,2.3,3.5,9.6
602,ENSMUSG00000018501,NCOR1,Ncor1,mus_musculus,15,5,14,34,3.9,2.3,3.8,10
602,ENSXETG00000006720,NCOR1,ncor1,xenopus_tropicalis,2,5,3,10,1,2.3,1.6,4.9
602,FBgn0265523,NCOR1,Smr,drosophila_melanogaster,4,2,4,10,2,1,2,5
602,WBGene00001565,NCOR1,gei-8,caenorhabditis_elegans,2,3,4,9,1,1.6,2,4.6
608,ENSG00000141646,SMAD4,SMAD4,homo_sapiens,9,8,12,29,3.2,3,3.6,9.8
608,ENSMUSG00000024515,SMAD4,Smad4,mus_musculus,2,8,4,14,1,3,2,6
608,ENSXETG00000022355,SMAD4,smad4.1,xenopus_tropicalis,2,10,6,18,1,3.3,2.6,6.9
608,FBgn0011655,SMAD4,Med,drosophila_melanogaster,3,4,6,13,1.6,2,2.6,6.2
608,WBGene00004858,SMAD4,sma-4,caenorhabditis_elegans,5,6,8,19,2.3,2.6,3,7.9
609,ENSG00000141905,NFIC,NFIC,homo_sapiens,6,4,6,12,2.6,2,2.6,7.2
609,ENSMUSG00000055053,NFIC,Nfic,mus_musculus,5,4,4,13,2.3,2,2,6.3
609,ENSXETG00000008149,NFIC,nfic,xenopus_tropicalis,1,4,1,6,0,2,0,2
609,FBgn0042696,NFIC,NfI,drosophila_melanogaster,2,1,2,5,1,0,1,2
609,WBGene00003592,NFIC,nfi-1,caenorhabditis_elegans,3,1,3,7,1.6,0,1.6,3.2
619,ENSG00000142611,PRDM16,PRDM16,homo_sapiens,6,2,54,51,2.6,1,5.8,9.3
619,ENSMUSG00000039410,PRDM16,Prdm16,mus_musculus,7,2,67,76,2.8,1,6.1,9.9
619,ENSXETG00000012050,PRDM16,PRDM16,xenopus_tropicalis,1,2,12,15,0,1,3.6,4.6
619,FBgn0011236,PRDM16,ken,drosophila_melanogaster,1,3,3,6,0,1.6,1.6,3.2
619,WBGene00001207,PRDM16,egl-43,caenorhabditis_elegans,2,1,6,8,1,0,2.6,3.6
620,ENSG00000142700,DMRTA2,DMRTA2,homo_sapiens,2,6,2,10,1,2.6,1,4.6
620,ENSMUSG00000047143,DMRTA2,Dmrta2,mus_musculus,1,6,1,8,0,2.6,0,2.6
620,ENSXETG00000002846,DMRTA2,dmrta2,xenopus_tropicalis,1,5,2,8,0,2.3,1,3.3
620,FBgn0039683,DMRTA2,dmrt99B,drosophila_melanogaster,1,4,1,6,0,2,0,2
620,WBGene00007776,DMRTA2,dmd-4,caenorhabditis_elegans,1,6,1,8,0,2.6,0,2.6
621,ENSG00000143006,DMRTB1,DMRTB1,homo_sapiens,1,6,1,8,0,2.6,0,2.6
621,ENSMUSG00000028610,DMRTB1,Dmrtb1,mus_musculus,2,6,1,9,1,2.6,0,3.6
621,FBgn0000504,DMRTB1,dsx,drosophila_melanogaster,6,4,6,16,2.6,2,2.6,7.2
621,WBGene00003100,DMRTB1,mab-3,caenorhabditis_elegans,2,6,2,10,1,2.6,1,4.6
622,ENSG00000143032,BARHL2,BARHL2,homo_sapiens,1,16,1,18,0,4,0,4
622,ENSMUSG00000034384,BARHL2,Barhl2,mus_musculus,1,16,1,18,0,4,0,4
622,ENSXETG00000023986,BARHL2,barhl2,xenopus_tropicalis,1,16,1,18,0,4,0,4
622,FBgn0004854,BARHL2,B-H2,drosophila_melanogaster,2,11,2,15,1,3.5,1,5.5
622,WBGene00000451,BARHL2,ceh-30,caenorhabditis_elegans,1,4,1,6,0,2,0,2
626,ENSG00000143190,POU2F1,POU2F1,homo_sapiens,6,16,12,34,2.6,4,3.6,10.2
626,ENSMUSG00000026565,POU2F1,Pou2f1,mus_musculus,13,15,18,46,3.7,3.9,4.2,11.8
626,ENSXETG00000006231,POU2F1,POU2F1,xenopus_tropicalis,1,16,3,20,0,4,1.6,5.6
626,FBgn0004394,POU2F1,pdm2,drosophila_melanogaster,4,5,8,15,2,2.3,3,7.3
626,WBGene00000441,POU2F1,ceh-18,caenorhabditis_elegans,3,3,5,11,1.6,1.6,2.3,5.5
629,ENSG00000143355,LHX9,LHX9,homo_sapiens,7,12,12,28,2.8,3.6,3.6,10
629,ENSMUSG00000019230,LHX9,Lhx9,mus_musculus,5,12,15,32,2.3,3.6,3.9,9.8
629,ENSXETG00000009957,LHX9,lhx9,xenopus_tropicalis,1,13,3,17,0,3.7,1.6,5.3
629,FBgn0000099,LHX9,ap,drosophila_melanogaster,4,7,10,21,2,2.8,3.3,8.1
629,WBGene00006654,LHX9,ttx-3,caenorhabditis_elegans,2,7,6,15,1,2.8,2.6,6.4
630,ENSG00000143365,RORC,RORC,homo_sapiens,2,8,2,12,1,3,1,5
630,ENSMUSG00000028150,RORC,Rorc,mus_musculus,3,8,3,14,1.6,3,1.6,6.2
630,ENSXETG00000002131,RORC,rorc,xenopus_tropicalis,1,10,0,11,0,3.3,0,3.3
630,FBgn0000448,RORC,Hr46,drosophila_melanogaster,7,8,6,21,2.8,3,2.6,8.4
630,WBGene00003622,RORC,nhr-23,caenorhabditis_elegans,6,10,5,21,2.6,3.3,2.3,8.2
632,ENSG00000143379,SETDB1,SETDB1,homo_sapiens,9,13,14,36,3.2,3.7,3.8,10.7
632,ENSMUSG00000015697,SETDB1,Setdb1,mus_musculus,3,13,10,26,1.6,3.7,3.3,8.6
632,ENSXETG00000008936,SETDB1,setdb1,xenopus_tropicalis,1,11,4,16,0,3.5,2,5.5
632,FBgn0086908,SETDB1,egg,drosophila_melanogaster,1,7,4,12,0,2.8,2,4.8
632,WBGene00019883,SETDB1,met-2,caenorhabditis_elegans,1,6,4,11,0,2.6,2,4.6
634,ENSG00000143437,ARNT,ARNT,homo_sapiens,4,13,12,29,2,3.7,3.6,9.3
634,ENSMUSG00000015522,ARNT,Arnt,mus_musculus,6,13,13,32,2.6,3.7,3.7,10
634,ENSXETG00000008942,ARNT,arnt,xenopus_tropicalis,2,11,8,21,1,3.5,3,7.5
634,FBgn0264075,ARNT,tgo,drosophila_melanogaster,2,6,6,14,1,2.6,2.6,6.2
634,WBGene00000095,ARNT,aha-1,caenorhabditis_elegans,2,3,3,11,1,1.6,1.6,4.2
635,ENSG00000143578,CREB3L4,CREB3L4,homo_sapiens,7,5,4,16,2.8,2.3,2,7.1
635,ENSMUSG00000027938,CREB3L4,Creb3l4,mus_musculus,2,5,2,9,1,2.3,1,4.3
635,ENSXETG00000002133,CREB3L4,creb3l4,xenopus_tropicalis,2,4,2,8,1,2,1,4
635,WBGene00002783,CREB3L4,let-607,caenorhabditis_elegans,2,2,2,6,1,1,1,3
636,ENSG00000143614,GATAD2B,GATAD2B,homo_sapiens,6,2,4,12,2.6,1,2,5.6
636,ENSMUSG00000042390,GATAD2B,Gatad2b,mus_musculus,5,2,5,12,2.3,1,2.3,5.6
636,ENSXETG00000019921,GATAD2B,gatad2b,xenopus_tropicalis,1,2,1,4,0,1,0,1
636,FBgn0010762,GATAD2B,simj,drosophila_melanogaster,5,1,0,6,2.3,0,0,2.3
636,WBGene00000938,GATAD2B,dcp-66,caenorhabditis_elegans,2,1,0,3,1,0,0,1
637,ENSG00000143799,PARP1,PARP1,homo_sapiens,4,3,8,15,2,1.6,3,6.6
637,ENSMUSG00000026496,PARP1,Parp1,mus_musculus,3,3,7,13,1.6,1.6,2.8,6
637,ENSXETG00000022610,PARP1,parp1,xenopus_tropicalis,1,3,5,9,0,1.6,2.3,3.9
637,FBgn0010247,PARP1,Parp,drosophila_melanogaster,1,1,5,7,0,0,2.3,2.3
637,WBGene00022289,PARP1,Y75B7B.2,caenorhabditis_elegans,1,4,1,6,0,2,0,2
638,ENSG00000143842,SOX13,SOX13,homo_sapiens,4,4,2,10,2,2,1,5
638,ENSMUSG00000070643,SOX13,Sox13,mus_musculus,3,4,3,10,1.6,2,1.6,5.2
638,ENSXETG00000017139,SOX13,sox13,xenopus_tropicalis,2,3,4,9,1,1.6,2,4.6
638,FBgn0039938,SOX13,Sox102F,drosophila_melanogaster,4,1,4,9,2,0,2,4
638,WBGene00001182,SOX13,egl-13,caenorhabditis_elegans,6,2,6,14,2.6,1,2.6,6.2
639,ENSG00000143867,OSR1,OSR1,homo_sapiens,1,2,3,6,0,1,1.6,2.6
639,ENSMUSG00000048387,OSR1,Osr1,mus_musculus,1,2,3,6,0,1,1.6,2.6
639,ENSXETG00000007992,OSR1,osr1,xenopus_tropicalis,1,2,3,6,0,1,1.6,2.6
639,FBgn0024244,OSR1,drm,drosophila_melanogaster,3,4,6,10,1.6,2,2.6,6.2
639,WBGene00003846,OSR1,odd-2,caenorhabditis_elegans,1,2,3,6,0,1,1.6,2.6
640,ENSG00000143995,MEIS1,MEIS1,homo_sapiens,6,9,5,19,2.6,3.2,2.3,8.1
640,ENSMUSG00000020160,MEIS1,Meis1,mus_musculus,4,9,4,17,2,3.2,2,7.2
640,ENSXETG00000011473,MEIS1,meis1,xenopus_tropicalis,1,7,2,10,0,2.8,1,3.8
640,FBgn0001235,MEIS1,hth,drosophila_melanogaster,5,3,2,10,2.3,1.6,1,4.9
640,WBGene00006796,MEIS1,unc-62,caenorhabditis_elegans,10,1,8,19,3.3,0,3,6.3
652,ENSG00000146676,PURB,PURB,homo_sapiens,1,3,0,4,0,1.6,0,1.6
652,ENSMUSG00000094483,PURB,Purb,mus_musculus,1,3,0,4,0,1.6,0,1.6
652,ENSXETG00000001257,PURB,purb,xenopus_tropicalis,1,3,1,5,0,1.6,0,1.6
652,FBgn0022361,PURB,Pur-alpha,drosophila_melanogaster,7,1,0,8,2.8,0,0,2.8
652,WBGene00004046,PURB,plp-1,caenorhabditis_elegans,1,2,0,3,0,1,0,1
658,ENSG00000147421,HMBOX1,HMBOX1,homo_sapiens,9,1,7,17,3.2,0,2.8,6
658,ENSMUSG00000021972,HMBOX1,Hmbox1,mus_musculus,8,1,7,16,3,0,2.8,5.8
658,WBGene00018786,HMBOX1,hmbx-1,caenorhabditis_elegans,1,1,1,3,0,0,0,0
659,ENSG00000147488,ST18,ST18,homo_sapiens,3,3,0,6,1.6,1.6,0,3.2
659,ENSMUSG00000033740,ST18,St18,mus_musculus,10,3,0,13,3.3,1.6,0,4.9
659,ENSXETG00000005673,ST18,st18,xenopus_tropicalis,1,3,0,4,0,1.6,0,1.6
659,FBgn0263772,ST18,CG43689,drosophila_melanogaster,6,1,0,7,2.6,0,0,2.6
659,WBGene00009939,ST18,ztf-11,caenorhabditis_elegans,2,1,0,3,1,0,0,1
660,ENSG00000147596,PRDM14,PRDM14,homo_sapiens,2,3,7,12,1,1.6,2.8,5.4
660,ENSMUSG00000042414,PRDM14,Prdm14,mus_musculus,1,3,7,11,0,1.6,2.8,4.4
660,ENSXETG00000015915,PRDM14,prdm14,xenopus_tropicalis,2,3,13,18,1,1.6,3.7,6.3
660,WBGene00018567,PRDM14,F47E1.3,caenorhabditis_elegans,1,1,5,7,0,0,2.3,2.3
663,ENSG00000147862,NFIB,NFIB,homo_sapiens,12,4,10,26,3.6,2,3.3,8.9
663,ENSMUSG00000008575,NFIB,Nfib,mus_musculus,7,4,7,18,2.8,2,2.8,7.6
663,ENSXETG00000000835,NFIB,nfib,xenopus_tropicalis,1,4,1,6,0,2,0,2
663,FBgn0042696,NFIB,NfI,drosophila_melanogaster,2,1,2,5,1,0,1,2
663,WBGene00003592,NFIB,nfi-1,caenorhabditis_elegans,3,1,3,7,1.6,0,1.6,3.2
664,ENSG00000148200,NR6A1,NR6A1,homo_sapiens,5,12,5,22,2.3,3.6,2.3,8.2
664,ENSMUSG00000063972,NR6A1,Nr6a1,mus_musculus,5,12,5,22,2.3,3.6,2.3,8.2
664,ENSXETG00000008578,NR6A1,nr6a1,xenopus_tropicalis,1,13,1,15,0,3.7,0,3.7
664,FBgn0264562,NR6A1,Hr4,drosophila_melanogaster,9,4,9,22,3.2,2,3.2,8.3
664,WBGene00003681,NR6A1,nhr-91,caenorhabditis_elegans,6,2,3,11,2.6,1,1.6,5.2
667,ENSG00000148516,ZEB1,ZEB1,homo_sapiens,9,2,29,52,3.2,1,4.9,9
667,ENSMUSG00000024238,ZEB1,Zeb1,mus_musculus,3,2,3,14,1.6,1,1.6,4.2
667,ENSXETG00000011655,ZEB1,zeb1,xenopus_tropicalis,2,2,14,18,1,1,3.8,5.8
667,FBgn0004606,ZEB1,zfh1,drosophila_melanogaster,3,1,28,32,1.6,0,4.8,6.4
667,WBGene00006970,ZEB1,zag-1,caenorhabditis_elegans,1,1,5,7,0,0,2.3,2.3
668,ENSG00000148704,VAX1,VAX1,homo_sapiens,2,7,2,11,1,2.8,1,4.8
668,ENSMUSG00000006270,VAX1,Vax1,mus_musculus,1,7,1,9,0,2.8,0,2.8
668,ENSXETG00000008186,VAX1,vax1,xenopus_tropicalis,1,6,1,8,0,2.6,0,2.6
668,WBGene00000430,VAX1,ceh-5,caenorhabditis_elegans,1,7,1,9,0,2.8,0,2.8
669,ENSG00000148737,TCF7L2,TCF7L2,homo_sapiens,18,4,15,37,4.2,2,3.9,10.1
669,ENSMUSG00000024985,TCF7L2,Tcf7l2,mus_musculus,17,4,13,33,4.1,2,3.7,9.8
669,ENSXETG00000018735,TCF7L2,tcf7l2,xenopus_tropicalis,2,4,3,9,1,2,1.6,4.6
669,FBgn0085432,TCF7L2,pan,drosophila_melanogaster,9,1,9,19,3.2,0,3.2,6.3
669,WBGene00004077,TCF7L2,pop-1,caenorhabditis_elegans,1,1,1,3,0,0,0,0
670,ENSG00000148826,NKX6-2,NKX6-2,homo_sapiens,1,16,1,18,0,4,0,4
670,ENSMUSG00000041309,NKX6-2,Nkx6-2,mus_musculus,1,16,1,18,0,4,0,4
670,FBgn0040318,NKX6-2,HGTX,drosophila_melanogaster,1,11,1,13,0,3.5,0,3.5
670,WBGene00000584,NKX6-2,cog-1,caenorhabditis_elegans,2,4,2,6,1,2,1,4
673,ENSG00000149136,SSRP1,SSRP1,homo_sapiens,4,5,2,10,2,2.3,1,5.3
673,ENSMUSG00000027067,SSRP1,Ssrp1,mus_musculus,3,5,3,11,1.6,2.3,1.6,5.5
673,ENSXETG00000000781,SSRP1,ssrp1,xenopus_tropicalis,1,5,2,8,0,2.3,1,3.3
673,FBgn0010278,SSRP1,Ssrp,drosophila_melanogaster,1,6,1,8,0,2.6,0,2.6
673,WBGene00001974,SSRP1,hmg-4,caenorhabditis_elegans,1,4,1,6,0,2,0,2
674,ENSG00000149480,MTA2,MTA2,homo_sapiens,3,5,7,15,1.6,2.3,2.8,6.7
674,ENSMUSG00000071646,MTA2,Mta2,mus_musculus,1,6,3,10,0,2.6,1.6,4.2
674,ENSXETG00000005633,MTA2,mta2,xenopus_tropicalis,1,4,2,7,0,2,1,3
674,FBgn0027951,MTA2,MTA1-like,drosophila_melanogaster,4,2,16,22,2,1,4,7
674,WBGene00003025,MTA2,lin-40,caenorhabditis_elegans,4,2,12,18,2,1,3.6,6.6
677,ENSG00000150051,MKX,MKX,homo_sapiens,4,7,3,14,2,2.8,1.6,6.4
677,ENSMUSG00000061013,MKX,Mkx,mus_musculus,1,7,1,9,0,2.8,0,2.8
677,ENSXETG00000004554,MKX,mkx,xenopus_tropicalis,1,6,1,8,0,2.6,0,2.6
677,FBgn0031232,MKX,CG11617,drosophila_melanogaster,2,4,2,8,1,2,1,4
677,WBGene00007984,MKX,irx-1,caenorhabditis_elegans,1,1,1,3,0,0,0,0
679,ENSG00000150907,FOXO1,FOXO1,homo_sapiens,1,5,1,7,0,2.3,0,2.3
679,ENSMUSG00000044167,FOXO1,Foxo1,mus_musculus,1,5,1,2,0,2.3,0,2.3
679,FBgn0038197,FOXO1,foxo,drosophila_melanogaster,5,2,5,12,2.3,1,2.3,5.6
679,WBGene00000912,FOXO1,daf-16,caenorhabditis_elegans,10,3,9,22,3.3,1.6,3.2,8.1
684,ENSG00000151615,POU4F2,POU4F2,homo_sapiens,1,16,2,19,0,4,1,5
684,ENSMUSG00000031688,POU4F2,Pou4f2,mus_musculus,1,15,2,18,0,3.9,1,4.9
684,ENSXETG00000026053,POU4F2,pou4f2,xenopus_tropicalis,1,16,2,18,0,4,1,5
684,FBgn0000028,POU4F2,acj6,drosophila_melanogaster,13,5,26,44,3.7,2.3,4.7,10.7
684,WBGene00006818,POU4F2,unc-86,caenorhabditis_elegans,2,3,4,9,1,1.6,2,4.6
688,ENSG00000152192,POU4F1,POU4F1,homo_sapiens,1,16,2,19,0,4,1,5
688,ENSMUSG00000048349,POU4F1,Pou4f1,mus_musculus,1,15,2,18,0,3.9,1,4.9
688,ENSXETG00000017814,POU4F1,pou4f1,xenopus_tropicalis,1,16,4,21,0,4,2,6
688,FBgn0000028,POU4F1,acj6,drosophila_melanogaster,13,5,26,44,3.7,2.3,4.7,10.7
688,WBGene00006818,POU4F1,unc-86,caenorhabditis_elegans,2,3,4,9,1,1.6,2,4.6
689,ENSG00000152284,TCF7L1,TCF7L1,homo_sapiens,2,4,1,7,1,2,0,3
689,ENSMUSG00000055799,TCF7L1,Tcf7l1,mus_musculus,3,4,2,9,1.6,2,1,4.6
689,ENSXETG00000019015,TCF7L1,tcf7l1,xenopus_tropicalis,1,4,3,8,0,2,1.6,3.6
689,FBgn0085432,TCF7L1,pan,drosophila_melanogaster,9,1,9,19,3.2,0,3.2,6.3
689,WBGene00004077,TCF7L1,pop-1,caenorhabditis_elegans,1,1,1,3,0,0,0,0
696,ENSG00000152518,ZFP36L2,ZFP36L2,homo_sapiens,2,3,4,9,1,1.6,2,4.6
696,ENSMUSG00000045817,ZFP36L2,Zfp36l2,mus_musculus,1,4,2,7,0,2,1,3
696,ENSXETG00000009274,ZFP36L2,zfp36l2,xenopus_tropicalis,1,6,1,8,0,2.6,0,2.6
696,FBgn0011837,ZFP36L2,Tis11,drosophila_melanogaster,3,1,6,10,1.6,0,2.6,4.2
696,WBGene00009532,ZFP36L2,ccch-1,caenorhabditis_elegans,2,14,4,20,1,3.8,2,6.8
698,ENSG00000152804,HHEX,HHEX,homo_sapiens,3,16,3,22,1.6,4,1.6,7.2
698,ENSMUSG00000024986,HHEX,Hhex,mus_musculus,2,16,2,20,1,4,1,6
698,ENSXETG00000012215,HHEX,hhex,xenopus_tropicalis,2,16,2,20,1,4,1,6
698,FBgn0038852,HHEX,HHEX,drosophila_melanogaster,1,11,1,13,0,3.5,0,3.5
698,WBGene00004011,HHEX,pha-2,caenorhabditis_elegans,1,4,1,6,0,2,0,2
700,ENSG00000152977,ZIC1,ZIC1,homo_sapiens,2,18,6,26,1,4.2,2.6,7.8
700,ENSMUSG00000032368,ZIC1,Zic1,mus_musculus,2,18,8,26,1,4.2,3,8.2
700,ENSXETG00000015467,ZIC1,zic1,xenopus_tropicalis,1,14,5,20,0,3.8,2.3,6.1
700,FBgn0003002,ZIC1,opa,drosophila_melanogaster,1,0,4,12,0,0,2,2
700,WBGene00004335,ZIC1,ref-2,caenorhabditis_elegans,3,3,12,18,1.6,1.6,3.6,6.8
702,ENSG00000153234,NR4A2,NR4A2,homo_sapiens,8,14,6,28,3,3.8,2.6,9.4
702,ENSMUSG00000026826,NR4A2,Nr4a2,mus_musculus,3,15,3,21,1.6,3.9,1.6,7.1
702,ENSXETG00000031753,NR4A2,nr4a2,xenopus_tropicalis,1,14,1,16,0,3.8,0,3.8
702,FBgn0014859,NR4A2,Hr38,drosophila_melanogaster,2,2,2,6,1,1,1,3
702,WBGene00003605,NR4A2,nhr-6,caenorhabditis_elegans,3,1,3,7,1.6,0,1.6,3.2
703,ENSG00000153266,FEZF2,FEZF2,homo_sapiens,3,4,18,25,1.6,2,4.2,7.8
703,ENSMUSG00000021743,FEZF2,Fezf2,mus_musculus,1,4,6,11,0,2,2.6,4.6
703,ENSXETG00000022248,FEZF2,fezf2,xenopus_tropicalis,1,4,6,11,0,2,2.6,4.6
703,FBgn0031375,FEZF2,erm,drosophila_melanogaster,4,4,24,32,2,2,4.6,8.6
703,WBGene00012639,FEZF2,fezf-1,caenorhabditis_elegans,1,2,6,9,0,1,2.6,3.6
706,ENSG00000153879,CEBPG,CEBPG,homo_sapiens,2,5,2,9,1,2.3,1,4.3
706,ENSMUSG00000056216,CEBPG,Cebpg,mus_musculus,2,4,2,8,1,2,1,4
706,ENSXETG00000027337,CEBPG,cebpg,xenopus_tropicalis,1,5,1,7,0,2.3,0,2.3
706,WBGene00016754,CEBPG,cebp-2,caenorhabditis_elegans,1,1,1,3,0,0,0,0
708,ENSG00000154227,CERS3,CERS3,homo_sapiens,5,5,7,17,2.3,2.3,2.8,7.5
708,ENSMUSG00000030510,CERS3,Cers3,mus_musculus,2,5,2,9,1,2.3,1,4.3
708,ENSXETG00000027994,CERS3,cers3,xenopus_tropicalis,2,5,4,11,1,2.3,2,5.3
708,FBgn0040918,CERS3,schlank,drosophila_melanogaster,2,1,4,7,1,0,2,3
708,WBGene00002043,CERS3,hyl-1,caenorhabditis_elegans,4,3,4,11,2,1.6,2,5.6
710,ENSG00000154727,GABPA,GABPA,homo_sapiens,2,13,4,19,1,3.7,2,6.7
710,ENSMUSG00000008976,GABPA,Gabpa,mus_musculus,2,13,4,19,1,3.7,2,6.7
710,ENSXETG00000013611,GABPA,gabpa,xenopus_tropicalis,1,12,1,14,0,3.6,0,3.6
710,FBgn0004510,GABPA,Ets97D,drosophila_melanogaster,2,5,4,11,1,2.3,2,5.3
710,WBGene00016600,GABPA,ets-5,caenorhabditis_elegans,2,2,2,6,1,1,1,3
712,ENSG00000155090,KLF10,KLF10,homo_sapiens,2,15,6,23,1,3.9,2.6,7.5
712,ENSMUSG00000037465,KLF10,Klf10,mus_musculus,1,15,3,19,0,3.9,1.6,5.5
712,ENSXETG00000004120,KLF10,klf10,xenopus_tropicalis,1,14,3,18,0,3.8,1.6,5.4
712,FBgn0043364,KLF10,cbt,drosophila_melanogaster,3,4,9,16,1.6,2,3.2,6.8
712,WBGene00012735,KLF10,sptf-3,caenorhabditis_elegans,1,2,3,6,0,1,1.6,2.6
713,ENSG00000155545,MIER3,MIER3,homo_sapiens,6,3,8,17,2.6,1.6,3,7.2
713,ENSMUSG00000032727,MIER3,Mier3,mus_musculus,3,3,6,12,1.6,1.6,2.6,5.8
713,ENSXETG00000015520,MIER3,mier3,xenopus_tropicalis,2,3,2,7,1,1.6,1,3.6
713,WBGene00020320,MIER3,T07F8.4,caenorhabditis_elegans,1,2,1,3,0,1,0,1
720,ENSG00000156925,ZIC3,ZIC3,homo_sapiens,2,18,8,28,1,4.2,3,8.2
720,ENSMUSG00000067860,ZIC3,Zic3,mus_musculus,0,18,12,34,0,4.2,3.6,7.8
720,ENSXETG00000024458,ZIC3,zic3,xenopus_tropicalis,1,14,4,19,0,3.8,2,5.8
720,FBgn0003002,ZIC3,opa,drosophila_melanogaster,1,0,4,12,0,0,2,2
720,WBGene00004335,ZIC3,ref-2,caenorhabditis_elegans,3,3,12,18,1.6,1.6,3.6,6.8
722,ENSG00000157514,TSC22D3,TSC22D3,homo_sapiens,17,4,0,21,4.1,2,0,6.1
722,ENSMUSG00000031431,TSC22D3,Tsc22d3,mus_musculus,3,4,0,7,1.6,2,0,3.6
722,ENSXETG00000022572,TSC22D3,tsc22d3,xenopus_tropicalis,2,5,0,7,1,2.3,0,3.3
722,FBgn0259176,TSC22D3,bun,drosophila_melanogaster,10,1,0,11,3.3,0,0,3.3
722,WBGene00016269,TSC22D3,C30G4.4,caenorhabditis_elegans,24,3,0,27,4.6,1.6,0,6.2
724,ENSG00000157557,ETS2,ETS2,homo_sapiens,4,13,6,23,2,3.7,2.6,8.3
724,ENSMUSG00000022895,ETS2,Ets2,mus_musculus,2,13,3,18,1,3.7,1.6,6.3
724,ENSXETG00000023724,ETS2,ets2,xenopus_tropicalis,1,12,1,14,0,3.6,0,3.6
724,WBGene00016600,ETS2,ets-5,caenorhabditis_elegans,2,2,2,6,1,1,1,3
725,ENSG00000157613,CREB3L1,CREB3L1,homo_sapiens,3,5,2,10,1.6,2.3,1,4.9
725,ENSMUSG00000027230,CREB3L1,Creb3l1,mus_musculus,1,5,1,2,0,2.3,0,2.3
725,ENSXETG00000031075,CREB3L1,CREB3L1,xenopus_tropicalis,1,4,1,6,0,2,0,2
725,FBgn0004396,CREB3L1,CrebA,drosophila_melanogaster,2,1,2,5,1,0,1,2
725,WBGene00016162,CREB3L1,crh-2,caenorhabditis_elegans,4,2,4,10,2,1,2,5
727,ENSG00000158055,GRHL3,GRHL3,homo_sapiens,5,6,0,11,2.3,2.6,0,4.9
727,ENSMUSG00000037188,GRHL3,Grhl3,mus_musculus,1,6,0,7,0,2.6,0,2.6
727,ENSXETG00000003899,GRHL3,grhl3,xenopus_tropicalis,2,6,0,8,1,2.6,0,3.6
727,FBgn0259211,GRHL3,grh,drosophila_melanogaster,8,2,0,10,3,1,0,4
727,WBGene00001707,GRHL3,grh-1,caenorhabditis_elegans,3,1,0,4,1.6,0,0,1.6
729,ENSG00000158711,ELK4,ELK4,homo_sapiens,3,12,3,18,1.6,3.6,1.6,6.8
729,ENSMUSG00000026436,ELK4,Elk4,mus_musculus,3,11,3,17,1.6,3.5,1.6,6.6
729,ENSXETG00000000987,ELK4,elk4,xenopus_tropicalis,1,10,2,13,0,3.3,1,4.3
729,WBGene00017601,ELK4,ets-7,caenorhabditis_elegans,1,8,1,10,0,3,0,3
732,ENSG00000159086,PAXBP1,PAXBP1,homo_sapiens,2,2,0,4,1,1,0,2
732,ENSMUSG00000022974,PAXBP1,Paxbp1,mus_musculus,1,2,0,3,0,1,0,1
732,ENSXETG00000009903,PAXBP1,paxbp1,xenopus_tropicalis,1,2,0,3,0,1,0,1
732,FBgn0037466,PAXBP1,CG1965,drosophila_melanogaster,3,1,0,4,1.6,0,0,1.6
732,WBGene00009672,PAXBP1,F43G9.12,caenorhabditis_elegans,2,1,0,3,1,0,0,1
734,ENSG00000159216,RUNX1,RUNX1,homo_sapiens,9,3,7,18,3.2,1.6,2.8,7.6
734,ENSMUSG00000022952,RUNX1,Runx1,mus_musculus,6,3,4,13,2.6,1.6,2,6.2
734,ENSXETG00000014140,RUNX1,runx1,xenopus_tropicalis,1,3,1,5,0,1.6,0,1.6
734,FBgn0003300,RUNX1,run,drosophila_melanogaster,3,4,3,10,1.6,2,1.6,5.2
734,WBGene00004393,RUNX1,rnt-1,caenorhabditis_elegans,1,1,1,3,0,0,0,0
737,ENSG00000159556,ISL2,ISL2,homo_sapiens,1,12,3,16,0,3.6,1.6,5.2
737,ENSMUSG00000032318,ISL2,Isl2,mus_musculus,2,12,5,19,1,3.6,2.3,6.9
737,ENSXETG00000015323,ISL2,isl2,xenopus_tropicalis,2,13,6,21,1,3.7,2.6,7.3
737,FBgn0003896,ISL2,tup,drosophila_melanogaster,3,7,9,19,1.6,2.8,3.2,7.6
737,WBGene00002989,ISL2,lim-7,caenorhabditis_elegans,1,7,3,11,0,2.8,1.6,4.4
743,ENSG00000160062,ZBTB8A,ZBTB8A,homo_sapiens,2,16,6,24,1,4,2.6,7.6
743,ENSMUSG00000028807,ZBTB8A,Zbtb8a,mus_musculus,1,15,3,19,0,3.9,1.6,5.5
743,ENSXETG00000027866,ZBTB8A,zbtb8a.2,xenopus_tropicalis,1,17,3,21,0,4.1,1.6,5.7
743,WBGene00016154,ZBTB8A,C27A12.2,caenorhabditis_elegans,1,1,5,7,0,0,2.3,2.3
744,ENSG00000160094,ZNF362,ZNF362,homo_sapiens,3,4,12,19,1.6,2,3.6,7.2
744,ENSMUSG00000028799,ZNF362,Zfp362,mus_musculus,3,4,17,24,1.6,2,4.1,7.7
744,ENSXETG00000009496,ZNF362,znf362,xenopus_tropicalis,1,2,5,8,0,1,2.3,3.3
744,FBgn0010768,ZNF362,sqz,drosophila_melanogaster,1,4,5,10,0,2,2.3,4.3
744,WBGene00003015,ZNF362,lin-29,caenorhabditis_elegans,3,1,15,19,1.6,0,3.9,5.5
754,ENSG00000160973,FOXH1,FOXH1,homo_sapiens,1,14,1,16,0,3.8,0,3.8
754,ENSMUSG00000033837,FOXH1,Foxh1,mus_musculus,1,16,1,18,0,4,0,4
754,ENSXETG00000005286,FOXH1,foxh1.2,xenopus_tropicalis,1,14,2,17,0,3.8,1,4.8
754,WBGene00001441,FOXH1,fkh-9,caenorhabditis_elegans,4,5,2,11,2,2.3,1,5.3
763,ENSG00000162419,GMEB1,GMEB1,homo_sapiens,3,2,3,8,1.6,1,1.6,4.2
763,ENSMUSG00000028901,GMEB1,Gmeb1,mus_musculus,4,2,3,10,2,1,1.6,4.6
763,ENSXETG00000020625,GMEB1,gmeb1,xenopus_tropicalis,1,2,1,4,0,1,0,1
763,WBGene00008092,GMEB1,gmeb-3,caenorhabditis_elegans,1,4,1,6,0,2,0,2
764,ENSG00000162599,NFIA,NFIA,homo_sapiens,13,4,11,28,3.7,2,3.5,9.2
764,ENSMUSG00000028565,NFIA,Nfia,mus_musculus,7,4,6,17,2.8,2,2.6,7.4
764,ENSXETG00000008871,NFIA,nfia,xenopus_tropicalis,1,4,3,8,0,2,1.6,3.6
764,FBgn0042696,NFIA,NfI,drosophila_melanogaster,2,1,2,5,1,0,1,2
764,WBGene00003592,NFIA,nfi-1,caenorhabditis_elegans,3,1,3,7,1.6,0,1.6,3.2
766,ENSG00000162613,FUBP1,FUBP1,homo_sapiens,3,3,10,16,1.6,1.6,3.3,6.5
766,ENSMUSG00000028034,FUBP1,Fubp1,mus_musculus,11,3,27,41,3.5,1.6,4.8,9.8
766,ENSXETG00000013137,FUBP1,fubp1,xenopus_tropicalis,1,3,5,9,0,1.6,2.3,3.9
766,FBgn0014870,FUBP1,Psi,drosophila_melanogaster,3,1,12,16,1.6,0,3.6,5.2
766,WBGene00007534,FUBP1,C12D8.1,caenorhabditis_elegans,5,4,20,29,2.3,2,4.3,8.6
767,ENSG00000162624,LHX8,LHX8,homo_sapiens,2,12,6,20,1,3.6,2.6,7.2
767,ENSMUSG00000096225,LHX8,Lhx8,mus_musculus,3,12,8,23,1.6,3.6,3,8.2
767,ENSXETG00000002992,LHX8,lhx8,xenopus_tropicalis,1,13,3,17,0,3.7,1.6,5.3
767,FBgn0013751,LHX8,Awh,drosophila_melanogaster,4,7,12,23,2,2.8,3.6,8.4
767,WBGene00002987,LHX8,lim-4,caenorhabditis_elegans,1,7,3,11,0,2.8,1.6,4.4
768,ENSG00000162676,GFI1,GFI1,homo_sapiens,3,4,18,25,1.6,2,4.2,7.8
768,ENSMUSG00000029275,GFI1,Gfi1,mus_musculus,5,4,23,32,2.3,2,4.5,8.8
768,ENSXETG00000023006,GFI1,gfi1,xenopus_tropicalis,1,4,6,11,0,2,2.6,4.6
768,FBgn0051632,GFI1,sens-2,drosophila_melanogaster,2,4,12,18,1,2,3.6,6.6
768,WBGene00003909,GFI1,pag-3,caenorhabditis_elegans,1,2,5,8,0,1,2.3,3.3
771,ENSG00000162761,LMX1A,LMX1A,homo_sapiens,3,12,9,24,1.6,3.6,3.2,8.3
771,ENSMUSG00000026686,LMX1A,Lmx1a,mus_musculus,2,12,6,20,1,3.6,2.6,7.2
771,ENSXETG00000013183,LMX1A,lmx1a,xenopus_tropicalis,1,13,4,18,0,3.7,2,5.7
771,FBgn0052105,LMX1A,CG32105,drosophila_melanogaster,2,7,6,15,1,2.8,2.6,6.4
771,WBGene00002988,LMX1A,lim-6,caenorhabditis_elegans,2,7,6,15,1,2.8,2.6,6.4
774,ENSG00000162992,NEUROD1,NEUROD1,homo_sapiens,1,10,1,12,0,3.3,0,3.3
774,ENSMUSG00000034701,NEUROD1,Neurod1,mus_musculus,1,10,1,12,0,3.3,0,3.3
774,ENSXETG00000014068,NEUROD1,neurod1,xenopus_tropicalis,2,9,3,14,1,3.2,1.6,5.8
774,WBGene00000561,NEUROD1,cnd-1,caenorhabditis_elegans,1,3,1,5,0,1.6,0,1.6
775,ENSG00000163064,EN1,EN1,homo_sapiens,1,7,1,9,0,2.8,0,2.8
775,ENSMUSG00000058665,EN1,En1,mus_musculus,1,7,1,9,0,2.8,0,2.8
775,ENSXETG00000014994,EN1,en1,xenopus_tropicalis,1,6,1,8,0,2.6,0,2.6
775,FBgn0001269,EN1,inv,drosophila_melanogaster,3,6,2,12,1.6,2.6,1,5.2
775,WBGene00000439,EN1,ceh-16,caenorhabditis_elegans,2,7,2,11,1,2.8,1,4.8
778,ENSG00000163435,ELF3,ELF3,homo_sapiens,4,12,7,23,2,3.6,2.8,8.4
778,ENSMUSG00000003051,ELF3,Elf3,mus_musculus,2,11,4,17,1,3.5,2,6.5
778,ENSXETG00000031510,ELF3,ELF3,xenopus_tropicalis,1,10,2,13,0,3.3,1,4.3
778,WBGene00006462,ELF3,tag-97,caenorhabditis_elegans,2,8,4,14,1,3,2,6
780,ENSG00000163508,EOMES,EOMES,homo_sapiens,3,4,3,10,1.6,2,1.6,5.2
780,ENSMUSG00000032446,EOMES,Eomes,mus_musculus,3,4,3,10,1.6,2,1.6,5.2
780,ENSXETG00000019924,EOMES,eomes,xenopus_tropicalis,1,3,1,5,0,1.6,0,1.6
780,WBGene00006554,EOMES,tbx-35,caenorhabditis_elegans,1,12,1,14,0,3.6,0,3.6
781,ENSG00000163623,NKX6-1,NKX6-1,homo_sapiens,2,16,2,20,1,4,1,6
781,ENSMUSG00000035187,NKX6-1,Nkx6-1,mus_musculus,1,16,1,18,0,4,0,4
781,ENSXETG00000013227,NKX6-1,nkx6-1,xenopus_tropicalis,3,16,6,25,1.6,4,2.6,8.2
781,FBgn0040318,NKX6-1,HGTX,drosophila_melanogaster,1,11,1,13,0,3.5,0,3.5
781,WBGene00000584,NKX6-1,cog-1,caenorhabditis_elegans,2,4,2,6,1,2,1,4
782,ENSG00000163666,HESX1,HESX1,homo_sapiens,3,13,2,18,1.6,3.7,1,6.3
782,ENSMUSG00000040726,HESX1,Hesx1,mus_musculus,1,13,1,15,0,3.7,0,3.7
782,ENSXETG00000008710,HESX1,hesx1,xenopus_tropicalis,1,14,1,16,0,3.8,0,3.8
782,WBGene00020485,HESX1,ceh-54,caenorhabditis_elegans,1,8,1,10,0,3,0,3
784,ENSG00000163795,ZNF513,ZNF513,homo_sapiens,3,3,15,20,1.6,1.6,3.9,7.1
784,ENSMUSG00000043059,ZNF513,Zfp513,mus_musculus,5,3,14,22,2.3,1.6,3.8,7.7
784,ENSXETG00000031268,ZNF513,ZNF513,xenopus_tropicalis,1,3,8,12,0,1.6,3,4.6
784,FBgn0001180,ZNF513,hb,drosophila_melanogaster,2,1,4,7,1,0,2,3
784,WBGene00001824,ZNF513,hbl-1,caenorhabditis_elegans,2,1,8,11,1,0,3,4
788,ENSG00000163939,PBRM1,PBRM1,homo_sapiens,17,1,92,110,4.1,0,6.5,10.6
788,ENSMUSG00000042323,PBRM1,Pbrm1,mus_musculus,13,1,94,108,3.7,0,6.6,10.3
788,ENSXETG00000013671,PBRM1,pbrm1,xenopus_tropicalis,2,1,17,20,1,0,4.1,5.1
788,FBgn0039227,PBRM1,polybromo,drosophila_melanogaster,1,1,8,10,0,0,3,3
788,WBGene00007042,PBRM1,pbrm-1,caenorhabditis_elegans,3,1,10,14,1.6,0,3.3,4.9
791,ENSG00000164093,PITX2,PITX2,homo_sapiens,11,13,18,40,3.5,3.7,4.2,11.3
791,ENSMUSG00000028023,PITX2,Pitx2,mus_musculus,7,13,9,29,2.8,3.7,3.2,9.7
791,ENSXETG00000013330,PITX2,pitx2,xenopus_tropicalis,2,14,7,23,1,3.8,2.8,7.6
791,FBgn0020912,PITX2,Ptx1,drosophila_melanogaster,3,4,6,13,1.6,2,2.6,6.2
791,WBGene00006766,PITX2,unc-30,caenorhabditis_elegans,4,8,4,16,2,3,2,7
792,ENSG00000164104,HMGB2,HMGB2,homo_sapiens,4,4,8,16,2,2,3,7
792,ENSMUSG00000054717,HMGB2,Hmgb2,mus_musculus,1,4,2,7,0,2,1,3
792,ENSXETG00000016916,HMGB2,hmgb2,xenopus_tropicalis,1,3,2,6,0,1.6,1,2.6
792,FBgn0011764,HMGB2,Dsp1,drosophila_melanogaster,7,1,14,22,2.8,0,3.8,6.6
792,WBGene00001972,HMGB2,hmg-1.2,caenorhabditis_elegans,5,1,10,16,2.3,0,3.3,5.6
794,ENSG00000164256,PRDM9,PRDM9,homo_sapiens,3,3,19,25,1.6,1.6,4.2,7.4
794,ENSMUSG00000051977,PRDM9,Prdm9,mus_musculus,2,2,15,19,1,1,3.9,5.9
794,WBGene00011887,PRDM9,set-17,caenorhabditis_elegans,1,1,1,3,0,0,0,0
796,ENSG00000164330,EBF1,EBF1,homo_sapiens,4,4,0,8,2,2,0,4
796,ENSMUSG00000057098,EBF1,Ebf1,mus_musculus,3,4,0,7,1.6,2,0,3.6
796,ENSXETG00000031092,EBF1,EBF1,xenopus_tropicalis,1,4,0,5,0,2,0,2
796,FBgn0001319,EBF1,kn,drosophila_melanogaster,5,1,0,6,2.3,0,0,2.3
796,WBGene00006743,EBF1,unc-3,caenorhabditis_elegans,1,1,0,2,0,0,0,0
800,ENSG00000164532,TBX20,TBX20,homo_sapiens,1,13,1,15,0,3.7,0,3.7
800,ENSMUSG00000031965,TBX20,Tbx20,mus_musculus,2,13,2,17,1,3.7,1,5.7
800,ENSXETG00000013110,TBX20,tbx20,xenopus_tropicalis,1,12,1,14,0,3.6,0,3.6
800,FBgn0261963,TBX20,mid,drosophila_melanogaster,0,8,1,12,0,3,0,3
800,WBGene00003106,TBX20,mab-9,caenorhabditis_elegans,1,4,1,2,0,2,0,2
801,ENSG00000164600,NEUROD6,NEUROD6,homo_sapiens,2,10,2,14,1,3.3,1,5.3
801,ENSMUSG00000037984,NEUROD6,Neurod6,mus_musculus,1,10,1,12,0,3.3,0,3.3
801,ENSXETG00000023427,NEUROD6,neurod6,xenopus_tropicalis,2,9,2,13,1,3.2,1,5.2
801,WBGene00000561,NEUROD6,cnd-1,caenorhabditis_elegans,1,3,1,5,0,1.6,0,1.6
803,ENSG00000164651,SP8,SP8,homo_sapiens,3,15,9,27,1.6,3.9,3.2,8.7
803,ENSMUSG00000048562,SP8,Sp8,mus_musculus,1,15,3,19,0,3.9,1.6,5.5
803,ENSXETG00000030115,SP8,SP8,xenopus_tropicalis,1,14,5,20,0,3.8,2.3,6.1
803,FBgn0020378,SP8,Sp1,drosophila_melanogaster,4,4,12,20,2,2,3.6,7.6
803,WBGene00011926,SP8,sptf-2,caenorhabditis_elegans,1,2,3,6,0,1,1.6,2.6
806,ENSG00000164749,HNF4G,HNF4G,homo_sapiens,2,12,2,16,1,3.6,1,5.6
806,ENSMUSG00000017688,HNF4G,Hnf4g,mus_musculus,2,12,2,16,1,3.6,1,5.6
806,ENSXETG00000017845,HNF4G,hnf4g,xenopus_tropicalis,1,14,1,16,0,3.8,0,3.8
806,FBgn0004914,HNF4G,Hnf4,drosophila_melanogaster,5,6,5,16,2.3,2.6,2.3,7.2
806,WBGene00003654,HNF4G,nhr-64,caenorhabditis_elegans,2,4,2,8,1,2,1,4
807,ENSG00000164778,EN2,EN2,homo_sapiens,1,7,1,9,0,2.8,0,2.8
807,ENSMUSG00000039095,EN2,En2,mus_musculus,1,7,1,9,0,2.8,0,2.8
807,ENSXETG00000013496,EN2,en2,xenopus_tropicalis,1,6,1,8,0,2.6,0,2.6
807,FBgn0001269,EN2,inv,drosophila_melanogaster,3,6,2,12,1.6,2.6,1,5.2
807,WBGene00000439,EN2,ceh-16,caenorhabditis_elegans,2,7,2,11,1,2.8,1,4.8
808,ENSG00000164853,UNCX,UNCX,homo_sapiens,1,3,1,5,0,1.6,0,1.6
808,ENSMUSG00000029546,UNCX,Uncx,mus_musculus,2,3,2,7,1,1.6,1,3.6
808,ENSXETG00000004021,UNCX,uncx,xenopus_tropicalis,1,3,1,5,0,1.6,0,1.6
808,FBgn0026058,UNCX,OdsH,drosophila_melanogaster,1,5,1,7,0,2.3,0,2.3
808,WBGene00006744,UNCX,unc-4,caenorhabditis_elegans,1,3,1,5,0,1.6,0,1.6
811,ENSG00000164920,OSR2,OSR2,homo_sapiens,7,2,23,32,2.8,1,4.5,8.3
811,ENSMUSG00000022330,OSR2,Osr2,mus_musculus,1,2,3,6,0,1,1.6,2.6
811,ENSXETG00000017850,OSR2,osr2,xenopus_tropicalis,1,2,5,8,0,1,2.3,3.3
811,FBgn0024244,OSR2,drm,drosophila_melanogaster,3,4,6,10,1.6,2,2.6,6.2
811,WBGene00003846,OSR2,odd-2,caenorhabditis_elegans,1,2,3,6,0,1,1.6,2.6
812,ENSG00000165030,NFIL3,NFIL3,homo_sapiens,1,1,1,2,0,0,0,0
812,ENSMUSG00000056749,NFIL3,Nfil3,mus_musculus,1,1,1,3,0,0,0,0
812,ENSXETG00000000804,NFIL3,nfil3,xenopus_tropicalis,1,2,1,4,0,1,0,1
812,FBgn0016076,NFIL3,vri,drosophila_melanogaster,5,1,5,11,2.3,0,2.3,4.6
812,WBGene00000220,NFIL3,atf-2,caenorhabditis_elegans,1,1,2,4,0,0,1,1
818,ENSG00000165462,PHOX2A,PHOX2A,homo_sapiens,2,15,1,18,1,3.9,0,4.9
818,ENSMUSG00000007946,PHOX2A,Phox2a,mus_musculus,1,13,1,15,0,3.7,0,3.7
818,ENSXETG00000010505,PHOX2A,phox2a,xenopus_tropicalis,1,13,1,15,0,3.7,0,3.7
818,FBgn0025334,PHOX2A,PHDP,drosophila_melanogaster,1,10,1,12,0,3.3,0,3.3
818,WBGene00000440,PHOX2A,ceh-17,caenorhabditis_elegans,1,3,1,5,0,1.6,0,1.6
820,ENSG00000165512,ZNF22,ZNF22,homo_sapiens,1,9,5,15,0,3.2,2.3,5.5
820,ENSMUSG00000059878,ZNF22,Zfp422,mus_musculus,3,3,15,21,1.6,1.6,3.9,7.1
820,ENSXETG00000011203,ZNF22,0,xenopus_tropicalis,1,4,9,14,0,2,3.2,5.2
820,FBgn0000286,ZNF22,Cf2,drosophila_melanogaster,5,3,26,34,2.3,1.6,4.7,8.6
820,WBGene00000483,ZNF22,che-1,caenorhabditis_elegans,2,1,8,11,1,0,3,4
821,ENSG00000165556,CDX2,CDX2,homo_sapiens,1,3,1,5,0,1.6,0,1.6
821,ENSMUSG00000029646,CDX2,Cdx2,mus_musculus,1,3,1,5,0,1.6,0,1.6
821,FBgn0000251,CDX2,cad,drosophila_melanogaster,3,1,3,7,1.6,0,1.6,3.2
821,WBGene00003912,CDX2,pal-1,caenorhabditis_elegans,6,1,6,13,2.6,0,2.6,5.2
827,ENSG00000165702,GFI1B,GFI1B,homo_sapiens,3,4,16,23,1.6,2,4,7.6
827,ENSMUSG00000026815,GFI1B,Gfi1b,mus_musculus,2,4,12,18,1,2,3.6,6.6
827,ENSXETG00000006263,GFI1B,gfi1b,xenopus_tropicalis,1,4,6,11,0,2,2.6,4.6
827,FBgn0051632,GFI1B,sens-2,drosophila_melanogaster,2,4,12,18,1,2,3.6,6.6
827,WBGene00003909,GFI1B,pag-3,caenorhabditis_elegans,1,2,5,8,0,1,2.3,3.3
829,ENSG00000165821,SALL2,SALL2,homo_sapiens,7,4,21,32,2.8,2,4.4,9.2
829,ENSMUSG00000049532,SALL2,Sall2,mus_musculus,1,4,7,12,0,2,2.8,4.8
829,ENSXETG00000017176,SALL2,sall2,xenopus_tropicalis,1,4,9,14,0,2,3.2,5.2
829,FBgn0000287,SALL2,salr,drosophila_melanogaster,3,2,21,26,1.6,1,4.4,7
829,WBGene00004773,SALL2,sem-4,caenorhabditis_elegans,1,1,5,7,0,0,2.3,2.3
830,ENSG00000165891,E2F7,E2F7,homo_sapiens,5,2,0,7,2.3,1,0,3.3
830,ENSMUSG00000020185,E2F7,E2f7,mus_musculus,4,2,0,6,2,1,0,3
830,ENSXETG00000014320,E2F7,e2f7,xenopus_tropicalis,1,2,0,3,0,1,0,1
830,WBGene00009899,E2F7,efl-3,caenorhabditis_elegans,1,1,0,2,0,0,0,0
834,ENSG00000166268,MYRFL,MYRFL,homo_sapiens,5,2,4,11,2.3,1,2,5.3
834,ENSMUSG00000034057,MYRFL,Myrfl,mus_musculus,1,2,2,5,0,1,1,2
834,ENSXETG00000011388,MYRFL,myrfl,xenopus_tropicalis,1,2,0,3,0,1,0,1
834,FBgn0034985,MYRFL,CG3328,drosophila_melanogaster,3,1,3,7,1.6,0,1.6,3.2
834,WBGene00004134,MYRFL,pqn-47,caenorhabditis_elegans,1,2,1,4,0,1,0,1
835,ENSG00000166402,TUB,TUB,homo_sapiens,3,6,0,9,1.6,2.6,0,4.2
835,ENSMUSG00000031028,TUB,Tub,mus_musculus,3,9,0,12,1.6,3.2,0,4.8
835,ENSXETG00000019686,TUB,tub,xenopus_tropicalis,1,6,0,7,0,2.6,0,2.6
835,FBgn0015721,TUB,ktub,drosophila_melanogaster,2,3,0,5,1,1.6,0,2.6
835,WBGene00006655,TUB,tub-1,caenorhabditis_elegans,1,3,0,4,0,1.6,0,1.6
842,ENSG00000166888,STAT6,STAT6,homo_sapiens,17,7,8,32,4.1,2.8,3,9.9
842,ENSMUSG00000002147,STAT6,Stat6,mus_musculus,2,7,1,10,1,2.8,0,3.8
842,ENSXETG00000004431,STAT6,stat6,xenopus_tropicalis,1,6,1,8,0,2.6,0,2.6
842,FBgn0016917,STAT6,Stat92E,drosophila_melanogaster,11,1,11,23,3.5,0,3.5,6.9
842,WBGene00013111,STAT6,sta-1,caenorhabditis_elegans,3,1,0,4,1.6,0,0,1.6
843,ENSG00000166925,TSC22D4,TSC22D4,homo_sapiens,4,4,0,8,2,2,0,4
843,ENSMUSG00000029723,TSC22D4,Tsc22d4,mus_musculus,6,4,0,10,2.6,2,0,4.6
843,ENSXETG00000033531,TSC22D4,TSC22D4,xenopus_tropicalis,1,5,0,5,0,2.3,0,2.3
843,WBGene00016269,TSC22D4,C30G4.4,caenorhabditis_elegans,24,3,0,27,4.6,1.6,0,6.2
846,ENSG00000167074,TEF,TEF,homo_sapiens,3,3,2,8,1.6,1.6,1,4.2
846,ENSMUSG00000022389,TEF,Tef,mus_musculus,4,3,2,9,2,1.6,1,4.6
846,ENSXETG00000006333,TEF,tef,xenopus_tropicalis,1,3,1,5,0,1.6,0,1.6
846,FBgn0034096,TEF,CG7786,drosophila_melanogaster,1,3,1,5,0,1.6,0,1.6
846,WBGene00000469,TEF,ces-2,caenorhabditis_elegans,1,2,1,4,0,1,0,1
847,ENSG00000167081,PBX3,PBX3,homo_sapiens,6,4,4,10,2.6,2,2,6.6
847,ENSMUSG00000038718,PBX3,Pbx3,mus_musculus,5,4,2,11,2.3,2,1,5.3
847,ENSXETG00000000502,PBX3,pbx3,xenopus_tropicalis,1,3,1,5,0,1.6,0,1.6
847,FBgn0000611,PBX3,exd,drosophila_melanogaster,4,1,4,9,2,0,2,4
847,WBGene00000443,PBX3,ceh-20,caenorhabditis_elegans,1,3,1,5,0,1.6,0,1.6
848,ENSG00000167157,PRRX2,PRRX2,homo_sapiens,1,15,2,18,0,3.9,1,4.9
848,ENSMUSG00000039476,PRRX2,Prrx2,mus_musculus,2,13,4,19,1,3.7,2,6.7
848,ENSXETG00000014169,PRRX2,prrx2,xenopus_tropicalis,1,13,2,16,0,3.7,1,4.7
848,FBgn0034821,PRRX2,CG9876,drosophila_melanogaster,1,10,1,12,0,3.3,0,3.3
848,WBGene00044330,PRRX2,alr-1,caenorhabditis_elegans,1,3,1,5,0,1.6,0,1.6
849,ENSG00000167182,SP2,SP2,homo_sapiens,2,15,3,20,1,3.9,1.6,6.5
849,ENSMUSG00000018678,SP2,Sp2,mus_musculus,4,15,12,31,2,3.9,3.6,9.5
849,ENSXETG00000021952,SP2,sp2,xenopus_tropicalis,2,14,6,22,1,3.8,2.6,7.4
849,FBgn0039169,SP2,Spps,drosophila_melanogaster,2,4,6,12,1,2,2.6,5.6
849,WBGene00011926,SP2,sptf-2,caenorhabditis_elegans,1,2,3,6,0,1,1.6,2.6
857,ENSG00000167491,GATAD2A,GATAD2A,homo_sapiens,9,2,3,14,3.2,1,1.6,5.8
857,ENSMUSG00000036180,GATAD2A,Gatad2a,mus_musculus,3,2,0,5,1.6,1,0,2.6
857,ENSXETG00000013053,GATAD2A,gatad2a,xenopus_tropicalis,2,2,2,6,1,1,1,3
857,FBgn0010762,GATAD2A,simj,drosophila_melanogaster,5,1,0,6,2.3,0,0,2.3
857,WBGene00000938,GATAD2A,dcp-66,caenorhabditis_elegans,2,1,0,3,1,0,0,1
863,ENSG00000167635,ZNF146,ZNF146,homo_sapiens,2,2,20,24,1,1,4.3,6.3
863,ENSMUSG00000037029,ZNF146,Zfp146,mus_musculus,1,2,10,11,0,1,3.3,4.3
863,ENSXETG00000006490,ZNF146,znf350,xenopus_tropicalis,1,10,8,19,0,3.3,3,6.3
863,FBgn0028878,ZNF146,CG15269,drosophila_melanogaster,1,4,8,13,0,2,3,5
863,WBGene00009448,ZNF146,zfp-2,caenorhabditis_elegans,1,1,7,8,0,0,2.8,2.8
867,ENSG00000167771,RCOR2,RCOR2,homo_sapiens,1,5,3,9,0,2.3,1.6,3.9
867,ENSMUSG00000024968,RCOR2,Rcor2,mus_musculus,3,5,7,15,1.6,2.3,2.8,6.7
867,ENSXETG00000002710,RCOR2,rcor2,xenopus_tropicalis,1,5,2,8,0,2.3,1,3.3
867,FBgn0261573,RCOR2,CoRest,drosophila_melanogaster,10,2,24,36,3.3,1,4.6,8.9
867,WBGene00005006,RCOR2,spr-1,caenorhabditis_elegans,1,3,4,8,0,1.6,2,3.6
876,ENSG00000168267,PTF1A,PTF1A,homo_sapiens,1,2,1,4,0,1,0,1
876,ENSMUSG00000026735,PTF1A,Ptf1a,mus_musculus,1,2,1,4,0,1,0,1
876,ENSXETG00000005914,PTF1A,ptf1a,xenopus_tropicalis,1,2,2,5,0,1,1,2
876,FBgn0037475,PTF1A,Fer1,drosophila_melanogaster,2,3,2,7,1,1.6,1,3.6
876,WBGene00001957,PTF1A,hlh-13,caenorhabditis_elegans,1,1,1,3,0,0,0,0
880,ENSG00000168348,INSM2,INSM2,homo_sapiens,1,2,3,6,0,1,1.6,2.6
880,ENSMUSG00000045440,INSM2,Insm2,mus_musculus,1,2,3,6,0,1,1.6,2.6
880,ENSXETG00000002917,INSM2,insm2,xenopus_tropicalis,1,1,3,5,0,0,1.6,1.6
880,FBgn0028999,INSM2,nerfin-1,drosophila_melanogaster,1,2,2,5,0,1,1,2
880,WBGene00001210,INSM2,egl-46,caenorhabditis_elegans,1,1,1,3,0,0,0,0
883,ENSG00000168610,STAT3,STAT3,homo_sapiens,6,7,5,18,2.6,2.8,2.3,7.7
883,ENSMUSG00000004040,STAT3,Stat3,mus_musculus,4,7,4,15,2,2.8,2,6.8
883,ENSXETG00000007642,STAT3,stat3.1,xenopus_tropicalis,1,6,1,8,0,2.6,0,2.6
883,FBgn0016917,STAT3,Stat92E,drosophila_melanogaster,11,1,11,23,3.5,0,3.5,6.9
883,WBGene00013111,STAT3,sta-1,caenorhabditis_elegans,3,1,0,4,1.6,0,0,1.6
887,ENSG00000168826,ZBTB49,ZBTB49,homo_sapiens,3,16,10,29,1.6,4,3.3,8.9
887,ENSMUSG00000029127,ZBTB49,Zbtb49,mus_musculus,3,15,12,30,1.6,3.9,3.6,9.1
887,ENSXETG00000016041,ZBTB49,zbtb49,xenopus_tropicalis,1,17,8,26,0,4.1,3,7.1
887,WBGene00016154,ZBTB49,C27A12.2,caenorhabditis_elegans,1,1,5,7,0,0,2.3,2.3
889,ENSG00000168875,SOX14,SOX14,homo_sapiens,1,17,1,19,0,4.1,0,4.1
889,ENSMUSG00000053747,SOX14,Sox14,mus_musculus,2,16,2,20,1,4,1,6
889,ENSXETG00000022689,SOX14,sox14,xenopus_tropicalis,1,14,1,16,0,3.8,0,3.8
889,FBgn0000411,SOX14,D,drosophila_melanogaster,4,7,4,15,2,2.8,2,6.8
889,WBGene00004950,SOX14,sox-3,caenorhabditis_elegans,1,3,1,5,0,1.6,0,1.6
890,ENSG00000169016,E2F6,E2F6,homo_sapiens,4,6,0,10,2,2.6,0,4.6
890,ENSMUSG00000057469,E2F6,E2f6,mus_musculus,1,6,0,7,0,2.6,0,2.6
890,FBgn0011766,E2F6,E2f1,drosophila_melanogaster,6,2,0,8,2.6,1,0,3.6
890,WBGene00001162,E2F6,efl-2,caenorhabditis_elegans,4,2,0,2,2,1,0,3
898,ENSG00000169554,ZEB2,ZEB2,homo_sapiens,19,2,42,63,4.2,1,5.4,10.6
898,ENSMUSG00000026872,ZEB2,Zeb2,mus_musculus,17,2,43,56,4.1,1,5.4,10.5
898,ENSXETG00000000237,ZEB2,zeb2,xenopus_tropicalis,1,2,7,10,0,1,2.8,3.8
898,FBgn0004606,ZEB2,zfh1,drosophila_melanogaster,3,1,28,32,1.6,0,4.8,6.4
898,WBGene00006970,ZEB2,zag-1,caenorhabditis_elegans,1,1,5,7,0,0,2.3,2.3
899,ENSG00000169594,BNC1,BNC1,homo_sapiens,3,2,10,15,1.6,1,3.3,5.9
899,ENSMUSG00000025105,BNC1,Bnc1,mus_musculus,1,2,2,5,0,1,1,2
899,ENSXETG00000016084,BNC1,bnc1,xenopus_tropicalis,1,2,3,6,0,1,1.6,2.6
899,FBgn0042650,BNC1,disco-r,drosophila_melanogaster,4,2,8,14,2,1,3,6
899,WBGene00044791,BNC1,bnc-1,caenorhabditis_elegans,1,1,2,4,0,0,1,1
900,ENSG00000169635,HIC2,HIC2,homo_sapiens,3,16,18,37,1.6,4,4.2,9.8
900,ENSMUSG00000050240,HIC2,Hic2,mus_musculus,2,15,9,26,1,3.9,3.2,8.1
900,ENSXETG00000022419,HIC2,hic2,xenopus_tropicalis,1,17,6,24,0,4.1,2.6,6.7
900,WBGene00016154,HIC2,C27A12.2,caenorhabditis_elegans,1,1,5,7,0,0,2.3,2.3
901,ENSG00000169714,CNBP,CNBP,homo_sapiens,8,2,51,61,3,1,5.7,9.7
901,ENSMUSG00000030057,CNBP,Cnbp,mus_musculus,5,2,35,42,2.3,1,5.1,8.5
901,ENSXETG00000025147,CNBP,cnbp,xenopus_tropicalis,2,1,12,15,1,0,3.6,4.6
901,FBgn0034802,CNBP,CG3800,drosophila_melanogaster,0,1,12,15,0,0,3.6,3.6
901,WBGene00019537,CNBP,K08D12.3,caenorhabditis_elegans,3,1,7,11,1.6,0,2.8,4.4
904,ENSG00000169856,ONECUT1,ONECUT1,homo_sapiens,2,5,2,9,1,2.3,1,4.3
904,ENSMUSG00000043013,ONECUT1,Onecut1,mus_musculus,1,5,2,8,0,2.3,1,3.3
904,ENSXETG00000006349,ONECUT1,onecut1,xenopus_tropicalis,2,6,6,14,1,2.6,2.6,6.2
904,FBgn0028996,ONECUT1,onecut,drosophila_melanogaster,2,2,4,8,1,1,2,4
904,WBGene00015934,ONECUT1,ceh-48,caenorhabditis_elegans,1,6,2,9,0,2.6,1,3.6
905,ENSG00000169926,KLF13,KLF13,homo_sapiens,4,15,8,27,2,3.9,3,8.9
905,ENSMUSG00000052040,KLF13,Klf13,mus_musculus,3,15,3,21,1.6,3.9,1.6,7.1
905,ENSXETG00000016478,KLF13,klf13,xenopus_tropicalis,1,14,3,18,0,3.8,1.6,5.4
905,FBgn0043364,KLF13,cbt,drosophila_melanogaster,3,4,9,16,1.6,2,3.2,6.8
905,WBGene00012735,KLF13,sptf-3,caenorhabditis_elegans,1,2,3,6,0,1,1.6,2.6
912,ENSG00000170122,FOXD4,FOXD4,homo_sapiens,1,24,1,26,0,4.6,0,4.6
912,FBgn0004896,FOXD4,fd59A,drosophila_melanogaster,1,6,1,2,0,2.6,0,2.6
912,WBGene00006853,FOXD4,unc-130,caenorhabditis_elegans,1,3,1,5,0,1.6,0,1.6
913,ENSG00000170166,HOXD4,HOXD4,homo_sapiens,1,16,1,2,0,4,0,4
913,ENSMUSG00000101174,HOXD4,Hoxd4,mus_musculus,2,15,2,19,1,3.9,1,5.9
913,ENSXETG00000001799,HOXD4,hoxd4,xenopus_tropicalis,1,14,1,16,0,3.8,0,3.8
913,FBgn0000439,HOXD4,Dfd,drosophila_melanogaster,1,6,1,8,0,2.6,0,2.6
913,WBGene00003024,HOXD4,lin-39,caenorhabditis_elegans,2,1,2,5,1,0,1,2
920,ENSG00000170365,SMAD1,SMAD1,homo_sapiens,9,8,11,28,3.2,3,3.5,9.6
920,ENSMUSG00000031681,SMAD1,Smad1,mus_musculus,3,8,5,16,1.6,3,2.3,6.9
920,ENSXETG00000026047,SMAD1,smad1,xenopus_tropicalis,1,10,3,14,0,3.3,1.6,4.9
920,FBgn0011648,SMAD1,Mad,drosophila_melanogaster,2,4,4,10,1,2,2,5
920,WBGene00004856,SMAD1,sma-2,caenorhabditis_elegans,1,0,2,3,0,0,1,1
921,ENSG00000170370,EMX2,EMX2,homo_sapiens,3,7,1,11,1.6,2.8,0,4.4
921,ENSMUSG00000043969,EMX2,Emx2,mus_musculus,2,7,1,10,1,2.8,0,3.8
921,ENSXETG00000022080,EMX2,emx2,xenopus_tropicalis,1,6,1,8,0,2.6,0,2.6
921,FBgn0008646,EMX2,E5,drosophila_melanogaster,1,6,1,7,0,2.6,0,2.6
921,WBGene00000429,EMX2,ceh-2,caenorhabditis_elegans,1,7,1,9,0,2.8,0,2.8
922,ENSG00000170374,SP7,SP7,homo_sapiens,4,15,9,28,2,3.9,3.2,9.1
922,ENSMUSG00000060284,SP7,Sp7,mus_musculus,1,15,3,19,0,3.9,1.6,5.5
922,ENSXETG00000012663,SP7,sp7,xenopus_tropicalis,1,14,4,19,0,3.8,2,5.8
922,WBGene00011926,SP7,sptf-2,caenorhabditis_elegans,1,2,3,6,0,1,1.6,2.6
927,ENSG00000170577,SIX2,SIX2,homo_sapiens,1,6,1,8,0,2.6,0,2.6
927,ENSMUSG00000024134,SIX2,Six2,mus_musculus,2,6,2,10,1,2.6,1,4.6
927,ENSXETG00000026158,SIX2,six2,xenopus_tropicalis,2,5,2,9,1,2.3,1,4.3
927,WBGene00000454,SIX2,ceh-33,caenorhabditis_elegans,1,4,1,6,0,2,0,2
928,ENSG00000170581,STAT2,STAT2,homo_sapiens,3,7,2,12,1.6,2.8,1,5.4
928,ENSMUSG00000040033,STAT2,Stat2,mus_musculus,2,7,2,11,1,2.8,1,4.8
928,ENSXETG00000021830,STAT2,stat2,xenopus_tropicalis,2,6,2,10,1,2.6,1,4.6
928,FBgn0016917,STAT2,Stat92E,drosophila_melanogaster,11,1,11,23,3.5,0,3.5,6.9
928,WBGene00013111,STAT2,sta-1,caenorhabditis_elegans,3,1,0,4,1.6,0,0,1.6
929,ENSG00000170608,FOXA3,FOXA3,homo_sapiens,2,24,2,28,1,4.6,1,6.6
929,ENSMUSG00000040891,FOXA3,Foxa3,mus_musculus,1,19,1,21,0,4.2,0,4.2
929,ENSXETG00000025867,FOXA3,foxa1,xenopus_tropicalis,1,19,1,21,0,4.2,0,4.2
929,FBgn0000659,FOXA3,fkh,drosophila_melanogaster,5,6,5,16,2.3,2.6,2.3,7.2
929,WBGene00004013,FOXA3,pha-4,caenorhabditis_elegans,3,3,3,9,1.6,1.6,1.6,4.8
933,ENSG00000170684,ZNF296,ZNF296,homo_sapiens,2,3,12,17,1,1.6,3.6,6.2
933,ENSMUSG00000011267,ZNF296,Zfp296,mus_musculus,1,3,4,8,0,1.6,2,3.6
933,FBgn0029939,ZNF296,CG9650,drosophila_melanogaster,4,1,20,25,2,0,4.3,6.3
933,WBGene00017430,ZNF296,F13H6.1,caenorhabditis_elegans,3,1,9,13,1.6,0,3.2,4.8
935,ENSG00000170802,FOXN2,FOXN2,homo_sapiens,3,6,3,12,1.6,2.6,1.6,5.8
935,ENSMUSG00000034998,FOXN2,Foxn2,mus_musculus,2,6,1,9,1,2.6,0,3.6
935,ENSXETG00000022651,FOXN2,foxn2,xenopus_tropicalis,2,5,2,9,1,2.3,1,4.3
935,FBgn0029504,FOXN2,CHES-1-like,drosophila_melanogaster,4,2,4,10,2,1,2,5
935,WBGene00001440,FOXN2,fkh-8,caenorhabditis_elegans,2,1,2,5,1,0,1,2
944,ENSG00000171291,ZNF439,ZNF439,homo_sapiens,3,38,24,65,1.6,5.2,4.6,11.4
944,WBGene00021931,ZNF439,Y55F3AM.14,caenorhabditis_elegans,1,1,11,13,0,0,3.5,3.5
945,ENSG00000171295,ZNF440,ZNF440,homo_sapiens,5,38,20,63,2.3,5.2,4.3,11.9
945,WBGene00021931,ZNF440,Y55F3AM.14,caenorhabditis_elegans,1,1,11,13,0,0,3.5,3.5
951,ENSG00000171532,NEUROD2,NEUROD2,homo_sapiens,1,10,1,12,0,3.3,0,3.3
951,ENSMUSG00000038255,NEUROD2,Neurod2,mus_musculus,1,10,1,12,0,3.3,0,3.3
951,ENSXETG00000014068,NEUROD2,neurod1,xenopus_tropicalis,2,9,3,14,1,3.2,1.6,5.8
951,WBGene00000561,NEUROD2,cnd-1,caenorhabditis_elegans,1,3,1,5,0,1.6,0,1.6
956,ENSG00000171735,CAMTA1,CAMTA1,homo_sapiens,7,2,9,18,2.8,1,3.2,7
956,ENSMUSG00000014592,CAMTA1,Camta1,mus_musculus,7,2,19,28,2.8,1,4.2,8.1
956,ENSXETG00000005040,CAMTA1,camta1,xenopus_tropicalis,1,2,3,6,0,1,1.6,2.6
956,FBgn0259234,CAMTA1,Camta,drosophila_melanogaster,7,1,21,29,2.8,0,4.4,7.2
956,WBGene00020251,CAMTA1,camt-1,caenorhabditis_elegans,3,1,7,11,1.6,0,2.8,4.4
957,ENSG00000171786,NHLH1,NHLH1,homo_sapiens,1,11,1,13,0,3.5,0,3.5
957,ENSMUSG00000051251,NHLH1,Nhlh1,mus_musculus,1,11,1,13,0,3.5,0,3.5
957,ENSXETG00000005841,NHLH1,nhlh1,xenopus_tropicalis,1,11,1,13,0,3.5,0,3.5
957,FBgn0011277,NHLH1,HLH4C,drosophila_melanogaster,2,5,2,9,1,2.3,1,4.3
957,WBGene00001959,NHLH1,hlh-15,caenorhabditis_elegans,1,2,1,3,0,1,0,1
962,ENSG00000171956,FOXB1,FOXB1,homo_sapiens,1,24,1,26,0,4.6,0,4.6
962,ENSMUSG00000059246,FOXB1,Foxb1,mus_musculus,1,19,1,21,0,4.2,0,4.2
962,ENSXETG00000017708,FOXB1,foxb1,xenopus_tropicalis,1,19,1,21,0,4.2,0,4.2
962,FBgn0004898,FOXB1,fd96Cb,drosophila_melanogaster,1,6,1,8,0,2.6,0,2.6
962,WBGene00003017,FOXB1,lin-31,caenorhabditis_elegans,1,3,1,5,0,1.6,0,1.6
963,ENSG00000171970,ZNF57,ZNF57,homo_sapiens,5,38,43,86,2.3,5.2,5.4,13
963,WBGene00021931,ZNF57,Y55F3AM.14,caenorhabditis_elegans,1,1,11,13,0,0,3.5,3.5
964,ENSG00000172000,ZNF556,ZNF556,homo_sapiens,2,38,20,60,1,5.2,4.3,10.6
964,WBGene00021931,ZNF556,Y55F3AM.14,caenorhabditis_elegans,1,1,11,13,0,0,3.5,3.5
965,ENSG00000172006,ZNF554,ZNF554,homo_sapiens,2,9,9,20,1,3.2,3.2,7.3
965,ENSXETG00000011203,ZNF554,0,xenopus_tropicalis,1,4,9,14,0,2,3.2,5.2
965,FBgn0000286,ZNF554,Cf2,drosophila_melanogaster,5,3,26,34,2.3,1.6,4.7,8.6
965,WBGene00000483,ZNF554,che-1,caenorhabditis_elegans,2,1,8,11,1,0,3,4
966,ENSG00000172059,KLF11,KLF11,homo_sapiens,6,15,9,15,2.6,3.9,3.2,9.7
966,ENSMUSG00000020653,KLF11,Klf11,mus_musculus,4,15,3,22,2,3.9,1.6,7.5
966,ENSXETG00000007013,KLF11,klf11,xenopus_tropicalis,2,14,6,22,1,3.8,2.6,7.4
966,FBgn0043364,KLF11,cbt,drosophila_melanogaster,3,4,9,16,1.6,2,3.2,6.8
966,WBGene00012735,KLF11,sptf-3,caenorhabditis_elegans,1,2,3,6,0,1,1.6,2.6
968,ENSG00000172216,CEBPB,CEBPB,homo_sapiens,1,5,1,7,0,2.3,0,2.3
968,ENSMUSG00000056501,CEBPB,Cebpb,mus_musculus,1,4,1,6,0,2,0,2
968,ENSXETG00000012286,CEBPB,cebpb,xenopus_tropicalis,1,5,1,7,0,2.3,0,2.3
968,WBGene00016754,CEBPB,cebp-2,caenorhabditis_elegans,1,1,1,3,0,0,0,0
969,ENSG00000172238,ATOH1,ATOH1,homo_sapiens,1,10,1,12,0,3.3,0,3.3
969,ENSMUSG00000073043,ATOH1,Atoh1,mus_musculus,1,10,1,12,0,3.3,0,3.3
969,ENSXETG00000023279,ATOH1,atoh1,xenopus_tropicalis,1,9,1,11,0,3.2,0,3.2
969,WBGene00003018,ATOH1,lin-32,caenorhabditis_elegans,1,3,1,5,0,1.6,0,1.6
972,ENSG00000172292,CERS6,CERS6,homo_sapiens,2,5,4,9,1,2.3,2,5.3
972,ENSMUSG00000027035,CERS6,Cers6,mus_musculus,2,5,4,11,1,2.3,2,5.3
972,ENSXETG00000016207,CERS6,cers6,xenopus_tropicalis,1,5,2,8,0,2.3,1,3.3
972,FBgn0040918,CERS6,schlank,drosophila_melanogaster,2,1,4,7,1,0,2,3
972,WBGene00002043,CERS6,hyl-1,caenorhabditis_elegans,4,3,4,11,2,1.6,2,5.6
974,ENSG00000172379,ARNT2,ARNT2,homo_sapiens,6,13,15,34,2.6,3.7,3.9,10.2
974,ENSMUSG00000015709,ARNT2,Arnt2,mus_musculus,7,13,14,34,2.8,3.7,3.8,10.3
974,ENSXETG00000012988,ARNT2,arnt2,xenopus_tropicalis,2,11,6,19,1,3.5,2.6,7
974,FBgn0264075,ARNT2,tgo,drosophila_melanogaster,2,6,6,14,1,2.6,2.6,6.2
974,WBGene00000095,ARNT2,aha-1,caenorhabditis_elegans,2,3,3,11,1,1.6,1.6,4.2
979,ENSG00000172789,HOXC5,HOXC5,homo_sapiens,1,16,1,18,0,4,0,4
979,ENSMUSG00000022485,HOXC5,Hoxc5,mus_musculus,1,15,1,17,0,3.9,0,3.9
979,ENSXETG00000025183,HOXC5,hoxc5,xenopus_tropicalis,2,14,2,18,1,3.8,1,5.8
979,WBGene00003024,HOXC5,lin-39,caenorhabditis_elegans,2,1,2,5,1,0,1,2
980,ENSG00000172818,OVOL1,OVOL1,homo_sapiens,2,3,8,13,1,1.6,3,5.6
980,ENSMUSG00000024922,OVOL1,Ovol1,mus_musculus,1,3,3,7,0,1.6,1.6,3.2
980,ENSXETG00000020587,OVOL1,ovol1,xenopus_tropicalis,1,3,3,7,0,1.6,1.6,3.2
980,FBgn0003028,OVOL1,ovo,drosophila_melanogaster,5,1,15,18,2.3,0,3.9,6.2
980,WBGene00003033,OVOL1,lin-48,caenorhabditis_elegans,1,1,3,5,0,0,1.6,1.6
982,ENSG00000172845,SP3,SP3,homo_sapiens,3,15,9,24,1.6,3.9,3.2,8.7
982,ENSMUSG00000027109,SP3,Sp3,mus_musculus,2,15,3,23,1,3.9,1.6,6.5
982,ENSXETG00000008503,SP3,sp3,xenopus_tropicalis,2,14,8,24,1,3.8,3,7.8
982,FBgn0039169,SP3,Spps,drosophila_melanogaster,2,4,6,12,1,2,2.6,5.6
982,WBGene00011926,SP3,sptf-2,caenorhabditis_elegans,1,2,3,6,0,1,1.6,2.6
987,ENSG00000173068,BNC2,BNC2,homo_sapiens,13,2,13,28,3.7,1,3.7,8.4
987,ENSMUSG00000028487,BNC2,Bnc2,mus_musculus,16,2,17,35,4,1,4.1,9.1
987,ENSXETG00000018036,BNC2,bnc2,xenopus_tropicalis,1,2,4,7,0,1,2,3
987,FBgn0000459,BNC2,disco,drosophila_melanogaster,2,2,2,6,1,1,1,3
987,WBGene00044791,BNC2,bnc-1,caenorhabditis_elegans,1,1,2,4,0,0,1,1
993,ENSG00000173404,INSM1,INSM1,homo_sapiens,1,2,4,7,0,1,2,3
993,ENSMUSG00000068154,INSM1,Insm1,mus_musculus,1,2,4,7,0,1,2,3
993,ENSXETG00000002917,INSM1,insm2,xenopus_tropicalis,1,1,3,5,0,0,1.6,1.6
993,FBgn0028999,INSM1,nerfin-1,drosophila_melanogaster,1,2,2,5,0,1,1,2
993,WBGene00001210,INSM1,egl-46,caenorhabditis_elegans,1,1,1,3,0,0,0,0
995,ENSG00000173473,SMARCC1,SMARCC1,homo_sapiens,1,2,2,5,0,1,1,2
995,ENSMUSG00000032481,SMARCC1,Smarcc1,mus_musculus,6,2,7,15,2.6,1,2.8,6.4
995,ENSXETG00000014492,SMARCC1,smarcc1,xenopus_tropicalis,1,2,4,7,0,1,2,3
995,FBgn0002783,SMARCC1,mor,drosophila_melanogaster,2,1,4,7,1,0,2,3
995,WBGene00004203,SMARCC1,swsn-1,caenorhabditis_elegans,4,1,8,9,2,0,3,5
998,ENSG00000173757,STAT5B,STAT5B,homo_sapiens,2,7,1,10,1,2.8,0,3.8
998,ENSMUSG00000020919,STAT5B,Stat5b,mus_musculus,2,7,2,11,1,2.8,1,4.8
998,ENSXETG00000000836,STAT5B,stat5b,xenopus_tropicalis,1,6,2,9,0,2.6,1,3.6
998,FBgn0016917,STAT5B,Stat92E,drosophila_melanogaster,11,1,11,23,3.5,0,3.5,6.9
998,WBGene00013111,STAT5B,sta-1,caenorhabditis_elegans,3,1,0,4,1.6,0,0,1.6
999,ENSG00000173875,ZNF791,ZNF791,homo_sapiens,3,38,21,62,1.6,5.2,4.4,11.2
999,ENSMUSG00000074194,ZNF791,Zfp791,mus_musculus,1,97,16,114,0,6.6,4,10.6
999,WBGene00021931,ZNF791,Y55F3AM.14,caenorhabditis_elegans,1,1,11,13,0,0,3.5,3.5
1000,ENSG00000173917,HOXB2,HOXB2,homo_sapiens,1,20,1,22,0,4.3,0,4.3
1000,ENSMUSG00000075588,HOXB2,Hoxb2,mus_musculus,1,20,1,2,0,4.3,0,4.3
1000,FBgn0004054,HOXB2,zen2,drosophila_melanogaster,2,11,2,15,1,3.5,1,5.5
1000,WBGene00003102,HOXB2,mab-5,caenorhabditis_elegans,1,6,1,8,0,2.6,0,2.6
1001,ENSG00000173976,RAX2,RAX2,homo_sapiens,2,15,2,19,1,3.9,1,5.9
1001,WBGene00000433,RAX2,ceh-8,caenorhabditis_elegans,1,3,1,5,0,1.6,0,1.6
1002,ENSG00000174197,MGA,MGA,homo_sapiens,9,4,11,24,3.2,2,3.5,8.6
1002,ENSMUSG00000033943,MGA,Mga,mus_musculus,5,4,10,19,2.3,2,3.3,7.6
1002,ENSXETG00000000051,MGA,mga,xenopus_tropicalis,1,3,2,6,0,1.6,1,2.6
1002,WBGene00006554,MGA,tbx-35,caenorhabditis_elegans,1,12,1,14,0,3.6,0,3.6
1004,ENSG00000174279,EVX2,EVX2,homo_sapiens,1,20,1,22,0,4.3,0,4.3
1004,ENSMUSG00000001815,EVX2,Evx2,mus_musculus,2,20,2,24,1,4.3,1,6.3
1004,FBgn0000606,EVX2,eve,drosophila_melanogaster,1,11,1,13,0,3.5,0,3.5
1004,WBGene00006873,EVX2,vab-7,caenorhabditis_elegans,1,6,1,8,0,2.6,0,2.6
1009,ENSG00000174576,NPAS4,NPAS4,homo_sapiens,1,1,3,5,0,0,1.6,1.6
1009,ENSMUSG00000045903,NPAS4,Npas4,mus_musculus,1,1,3,5,0,0,1.6,1.6
1009,ENSXETG00000020576,NPAS4,npas4,xenopus_tropicalis,2,1,4,7,1,0,2,3
1009,FBgn0039411,NPAS4,dys,drosophila_melanogaster,3,1,6,10,1.6,0,2.6,4.2
1009,WBGene00000521,NPAS4,cky-1,caenorhabditis_elegans,2,1,4,7,1,0,2,3
1013,ENSG00000174738,NR1D2,NR1D2,homo_sapiens,1,8,1,10,0,3,0,3
1013,ENSMUSG00000021775,NR1D2,Nr1d2,mus_musculus,1,8,1,10,0,3,0,3
1013,ENSXETG00000003869,NR1D2,nr1d2,xenopus_tropicalis,0,10,4,16,0,3.3,2,5.3
1013,FBgn0000568,NR1D2,Eip75B,drosophila_melanogaster,7,8,6,21,2.8,3,2.6,8.4
1013,WBGene00003675,NR1D2,nhr-85,caenorhabditis_elegans,2,10,1,11,1,3.3,0,4.3
1015,ENSG00000174963,ZIC4,ZIC4,homo_sapiens,9,18,24,51,3.2,4.2,4.6,11.9
1015,ENSMUSG00000036972,ZIC4,Zic4,mus_musculus,6,18,13,37,2.6,4.2,3.7,10.5
1015,ENSXETG00000015475,ZIC4,zic4,xenopus_tropicalis,1,14,4,19,0,3.8,2,5.8
1015,FBgn0003002,ZIC4,opa,drosophila_melanogaster,1,0,4,12,0,0,2,2
1015,WBGene00004335,ZIC4,ref-2,caenorhabditis_elegans,3,3,12,18,1.6,1.6,3.6,6.8
1020,ENSG00000175325,PROP1,PROP1,homo_sapiens,1,13,1,15,0,3.7,0,3.7
1020,ENSMUSG00000044542,PROP1,Prop1,mus_musculus,0,13,1,16,0,3.7,0,3.7
1020,FBgn0052532,PROP1,CG32532,drosophila_melanogaster,3,4,3,10,1.6,2,1.6,5.2
1020,WBGene00006778,PROP1,unc-42,caenorhabditis_elegans,5,8,4,17,2.3,3,2,7.3
1025,ENSG00000175691,ZNF77,ZNF77,homo_sapiens,1,38,13,52,0,5.2,3.7,8.9
1025,WBGene00021931,ZNF77,Y55F3AM.14,caenorhabditis_elegans,1,1,11,13,0,0,3.5,3.5
1026,ENSG00000175727,MLXIP,MLXIP,homo_sapiens,6,3,4,13,2.6,1.6,2,6.2
1026,ENSMUSG00000038342,MLXIP,Mlxip,mus_musculus,2,3,1,6,1,1.6,0,2.6
1026,ENSXETG00000003773,MLXIP,mlxip,xenopus_tropicalis,2,3,3,8,1,1.6,1.6,4.2
1026,FBgn0032940,MLXIP,Mio,drosophila_melanogaster,11,2,11,24,3.5,1,3.5,7.9
1026,WBGene00003378,MLXIP,mml-1,caenorhabditis_elegans,2,2,2,6,1,1,1,3
1029,ENSG00000175832,ETV4,ETV4,homo_sapiens,8,13,7,28,3,3.7,2.8,9.5
1029,ENSMUSG00000017724,ETV4,Etv4,mus_musculus,3,13,3,19,1.6,3.7,1.6,6.9
1029,ENSXETG00000030031,ETV4,ETV4,xenopus_tropicalis,1,12,0,13,0,3.6,0,3.6
1029,FBgn0039225,ETV4,Ets96B,drosophila_melanogaster,2,5,2,9,1,2.3,1,4.3
1029,WBGene00016600,ETV4,ets-5,caenorhabditis_elegans,2,2,2,6,1,1,1,3
1031,ENSG00000176009,ASCL3,ASCL3,homo_sapiens,1,5,1,7,0,2.3,0,2.3
1031,ENSMUSG00000035951,ASCL3,Ascl3,mus_musculus,1,5,1,7,0,2.3,0,2.3
1031,WBGene00001952,ASCL3,hlh-6,caenorhabditis_elegans,1,1,1,3,0,0,0,0
1033,ENSG00000176083,ZNF683,ZNF683,homo_sapiens,9,2,12,23,3.2,1,3.6,7.8
1033,ENSMUSG00000049410,ZNF683,Zfp683,mus_musculus,1,2,3,6,0,1,1.6,2.6
1033,FBgn0035625,ZNF683,Blimp-1,drosophila_melanogaster,6,1,30,37,2.6,0,4.9,7.5
1033,WBGene00003847,ZNF683,blmp-1,caenorhabditis_elegans,2,1,12,15,1,0,3.6,4.6
1035,ENSG00000176165,FOXG1,FOXG1,homo_sapiens,1,14,1,16,0,3.8,0,3.8
1035,ENSMUSG00000020950,FOXG1,Foxg1,mus_musculus,2,16,2,20,1,4,1,6
1035,FBgn0004567,FOXG1,slp2,drosophila_melanogaster,1,6,1,8,0,2.6,0,2.6
1035,WBGene00001434,FOXG1,fkh-2,caenorhabditis_elegans,3,5,3,11,1.6,2.3,1.6,5.5
1037,ENSG00000176256,HMGB4,HMGB4,homo_sapiens,2,4,4,10,1,2,2,5
1037,ENSMUSG00000048686,HMGB4,Hmgb4,mus_musculus,1,4,2,7,0,2,1,3
1037,FBgn0011764,HMGB4,Dsp1,drosophila_melanogaster,7,1,14,22,2.8,0,3.8,6.6
1037,WBGene00001972,HMGB4,hmg-1.2,caenorhabditis_elegans,5,1,10,16,2.3,0,3.3,5.6
1041,ENSG00000176399,DMRTA1,DMRTA1,homo_sapiens,1,6,1,8,0,2.6,0,2.6
1041,ENSMUSG00000043753,DMRTA1,Dmrta1,mus_musculus,1,6,1,8,0,2.6,0,2.6
1041,ENSXETG00000005462,DMRTA1,dmrta1,xenopus_tropicalis,1,5,1,7,0,2.3,0,2.3
1041,FBgn0039683,DMRTA1,dmrt99B,drosophila_melanogaster,1,4,1,6,0,2,0,2
1041,WBGene00007776,DMRTA1,dmd-4,caenorhabditis_elegans,1,6,1,8,0,2.6,0,2.6
1048,ENSG00000176887,SOX11,SOX11,homo_sapiens,1,17,1,19,0,4.1,0,4.1
1048,ENSMUSG00000063632,SOX11,Sox11,mus_musculus,1,16,1,18,0,4,0,4
1048,ENSXETG00000024011,SOX11,sox12,xenopus_tropicalis,1,14,1,16,0,3.8,0,3.8
1048,FBgn0005612,SOX11,Sox14,drosophila_melanogaster,3,7,3,13,1.6,2.8,1.6,6
1048,WBGene00004771,SOX11,sem-2,caenorhabditis_elegans,2,3,2,7,1,1.6,1,3.6
1049,ENSG00000176946,THAP4,THAP4,homo_sapiens,4,1,1,6,2,0,0,2
1049,ENSMUSG00000026279,THAP4,Thap4,mus_musculus,3,1,1,5,1.6,0,0,1.6
1049,ENSXETG00000031164,THAP4,thap4,xenopus_tropicalis,1,1,1,3,0,0,0,0
1049,WBGene00012143,THAP4,T28H10.2,caenorhabditis_elegans,1,4,1,6,0,2,0,2
1054,ENSG00000177374,HIC1,HIC1,homo_sapiens,7,16,21,28,2.8,4,4.4,11.2
1054,ENSMUSG00000043099,HIC1,Hic1,mus_musculus,1,15,6,22,0,3.9,2.6,6.5
1054,ENSXETG00000023803,HIC1,hic1,xenopus_tropicalis,1,17,6,24,0,4.1,2.6,6.7
1054,WBGene00016154,HIC1,C27A12.2,caenorhabditis_elegans,1,1,5,7,0,0,2.3,2.3
1056,ENSG00000177463,NR2C2,NR2C2,homo_sapiens,10,12,6,28,3.3,3.6,2.6,9.5
1056,ENSMUSG00000005893,NR2C2,Nr2c2,mus_musculus,3,12,2,17,1.6,3.6,1,6.2
1056,ENSXETG00000004817,NR2C2,nr2c2,xenopus_tropicalis,1,14,1,16,0,3.8,0,3.8
1056,FBgn0015239,NR2C2,Hr78,drosophila_melanogaster,6,6,6,18,2.6,2.6,2.6,7.8
1056,WBGene00022423,NR2C2,nhr-41,caenorhabditis_elegans,7,4,6,18,2.8,2,2.6,7.4
1057,ENSG00000177468,OLIG3,OLIG3,homo_sapiens,1,5,1,7,0,2.3,0,2.3
1057,ENSMUSG00000045591,OLIG3,Olig3,mus_musculus,1,5,1,7,0,2.3,0,2.3
1057,ENSXETG00000022490,OLIG3,olig3,xenopus_tropicalis,1,5,1,7,0,2.3,0,2.3
1057,WBGene00001960,OLIG3,hlh-16,caenorhabditis_elegans,1,4,1,6,0,2,0,2
1060,ENSG00000177551,NHLH2,NHLH2,homo_sapiens,3,11,3,17,1.6,3.5,1.6,6.6
1060,ENSMUSG00000048540,NHLH2,Nhlh2,mus_musculus,3,11,3,17,1.6,3.5,1.6,6.6
1060,FBgn0011277,NHLH2,HLH4C,drosophila_melanogaster,2,5,2,9,1,2.3,1,4.3
1060,WBGene00001959,NHLH2,hlh-15,caenorhabditis_elegans,1,2,1,3,0,1,0,1
1061,ENSG00000177599,ZNF491,ZNF491,homo_sapiens,2,37,15,54,1,5.2,3.9,10.1
1061,WBGene00021931,ZNF491,Y55F3AM.14,caenorhabditis_elegans,1,1,11,13,0,0,3.5,3.5
1064,ENSG00000177732,SOX12,SOX12,homo_sapiens,1,17,1,19,0,4.1,0,4.1
1064,ENSMUSG00000051817,SOX12,Sox12,mus_musculus,2,16,2,20,1,4,1,6
1064,ENSXETG00000024011,SOX12,sox12,xenopus_tropicalis,1,14,1,16,0,3.8,0,3.8
1064,FBgn0005612,SOX12,Sox14,drosophila_melanogaster,3,7,3,13,1.6,2.8,1.6,6
1064,WBGene00004771,SOX12,sem-2,caenorhabditis_elegans,2,3,2,7,1,1.6,1,3.6
1071,ENSG00000178177,LCORL,LCORL,homo_sapiens,3,2,2,7,1.6,1,1,3.6
1071,ENSMUSG00000015882,LCORL,Lcorl,mus_musculus,0,2,2,11,0,1,1,2
1071,ENSXETG00000031509,LCORL,LCORL,xenopus_tropicalis,1,1,1,3,0,0,0,0
1071,FBgn0264490,LCORL,Eip93F,drosophila_melanogaster,3,1,3,7,1.6,0,1.6,3.2
1071,WBGene00011315,LCORL,mbr-1,caenorhabditis_elegans,1,1,2,4,0,0,1,1
1076,ENSG00000178403,NEUROG2,NEUROG2,homo_sapiens,1,10,1,12,0,3.3,0,3.3
1076,ENSMUSG00000027967,NEUROG2,Neurog2,mus_musculus,1,10,1,12,0,3.3,0,3.3
1076,ENSXETG00000024100,NEUROG2,neurog2,xenopus_tropicalis,1,9,2,12,0,3.2,1,4.2
1076,FBgn0015550,NEUROG2,tap,drosophila_melanogaster,1,5,1,7,0,2.3,0,2.3
1076,WBGene00003595,NEUROG2,ngn-1,caenorhabditis_elegans,1,3,1,5,0,1.6,0,1.6
1077,ENSG00000178573,MAF,MAF,homo_sapiens,3,7,3,13,1.6,2.8,1.6,6
1077,ENSMUSG00000055435,MAF,Maf,mus_musculus,2,7,2,11,1,2.8,1,4.8
1077,ENSXETG00000000172,MAF,maf,xenopus_tropicalis,1,7,3,11,0,2.8,1.6,4.4
1077,FBgn0000964,MAF,tj,drosophila_melanogaster,2,2,0,4,1,1,0,2
1077,WBGene00077521,MAF,maf-1,caenorhabditis_elegans,1,1,0,2,0,0,0,0
1089,ENSG00000179348,GATA2,GATA2,homo_sapiens,5,6,6,15,2.3,2.6,2.6,7.5
1089,ENSMUSG00000015053,GATA2,Gata2,mus_musculus,3,6,4,13,1.6,2.6,2,6.2
1089,ENSXETG00000016171,GATA2,gata2,xenopus_tropicalis,1,6,2,9,0,2.6,1,3.6
1089,FBgn0001138,GATA2,grn,drosophila_melanogaster,3,5,6,11,1.6,2.3,2.6,6.5
1089,WBGene00001249,GATA2,elt-1,caenorhabditis_elegans,6,5,10,21,2.6,2.3,3.3,8.2
1090,ENSG00000179361,ARID3B,ARID3B,homo_sapiens,3,7,5,15,1.6,2.8,2.3,6.7
1090,ENSMUSG00000004661,ARID3B,Arid3b,mus_musculus,6,7,7,20,2.6,2.8,2.8,8.2
1090,ENSXETG00000010647,ARID3B,arid3b,xenopus_tropicalis,1,7,1,9,0,2.8,0,2.8
1090,WBGene00000476,ARID3B,cfi-1,caenorhabditis_elegans,1,3,2,6,0,1.6,1,2.6
1091,ENSG00000179388,EGR3,EGR3,homo_sapiens,3,5,6,14,1.6,2.3,2.6,6.5
1091,ENSMUSG00000033730,EGR3,Egr3,mus_musculus,1,5,3,9,0,2.3,1.6,3.9
1091,ENSXETG00000031881,EGR3,EGR3,xenopus_tropicalis,1,5,3,9,0,2.3,1.6,3.9
1091,FBgn0003499,EGR3,sr,drosophila_melanogaster,5,2,12,19,2.3,1,3.6,6.9
1091,WBGene00043705,EGR3,egrh-2,caenorhabditis_elegans,4,5,12,21,2,2.3,3.6,7.9
1092,ENSG00000179456,ZBTB18,ZBTB18,homo_sapiens,2,16,10,28,1,4,3.3,8.3
1092,ENSMUSG00000063659,ZBTB18,Zbtb18,mus_musculus,11,15,21,47,3.5,3.9,4.4,11.8
1092,ENSXETG00000014541,ZBTB18,zbtb18,xenopus_tropicalis,1,17,5,23,0,4.1,2.3,6.4
1092,WBGene00016154,ZBTB18,C27A12.2,caenorhabditis_elegans,1,1,5,7,0,0,2.3,2.3
1095,ENSG00000179627,ZBTB42,ZBTB42,homo_sapiens,2,16,10,28,1,4,3.3,8.3
1095,ENSMUSG00000037638,ZBTB42,Zbtb42,mus_musculus,3,15,5,23,1.6,3.9,2.3,7.8
1095,ENSXETG00000008601,ZBTB42,znf238.2,xenopus_tropicalis,1,17,5,23,0,4.1,2.3,6.4
1095,WBGene00016154,ZBTB42,C27A12.2,caenorhabditis_elegans,1,1,5,7,0,0,2.3,2.3
1100,ENSG00000179930,ZNF648,ZNF648,homo_sapiens,1,1,10,12,0,0,3.3,3.3
1100,ENSMUSG00000066797,ZNF648,Zfp648,mus_musculus,1,1,10,12,0,0,3.3,3.3
1100,FBgn0029928,ZNF648,CG3032,drosophila_melanogaster,2,1,16,19,1,0,4,5
1100,WBGene00010264,ZNF648,F58G1.2,caenorhabditis_elegans,4,2,12,18,2,1,3.6,6.6
1116,ENSG00000180828,BHLHE22,BHLHE22,homo_sapiens,1,5,1,7,0,2.3,0,2.3
1116,ENSMUSG00000025128,BHLHE22,Bhlhe22,mus_musculus,1,5,1,7,0,2.3,0,2.3
1116,ENSXETG00000006104,BHLHE22,bhlhe23,xenopus_tropicalis,1,5,1,2,0,2.3,0,2.3
1116,FBgn0032651,BHLHE22,Oli,drosophila_melanogaster,4,1,4,9,2,0,2,4
1116,WBGene00001961,BHLHE22,hlh-17,caenorhabditis_elegans,1,4,1,6,0,2,0,2
1117,ENSG00000180855,ZNF443,ZNF443,homo_sapiens,1,38,19,58,0,5.2,4.2,9.5
1117,WBGene00021931,ZNF443,Y55F3AM.14,caenorhabditis_elegans,1,1,11,13,0,0,3.5,3.5
1127,ENSG00000181472,ZBTB2,ZBTB2,homo_sapiens,1,16,4,21,0,4,2,6
1127,ENSMUSG00000075327,ZBTB2,Zbtb2,mus_musculus,2,15,8,25,1,3.9,3,7.9
1127,ENSXETG00000012362,ZBTB2,zbtb2,xenopus_tropicalis,1,17,4,22,0,4.1,2,6.1
1127,WBGene00016154,ZBTB2,C27A12.2,caenorhabditis_elegans,1,1,5,7,0,0,2.3,2.3
1134,ENSG00000181896,ZNF101,ZNF101,homo_sapiens,4,38,21,63,2,5.2,4.4,11.6
1134,WBGene00021931,ZNF101,Y55F3AM.14,caenorhabditis_elegans,1,1,11,13,0,0,3.5,3.5
1135,ENSG00000181965,NEUROG1,NEUROG1,homo_sapiens,1,10,1,12,0,3.3,0,3.3
1135,ENSMUSG00000048904,NEUROG1,Neurog1,mus_musculus,1,10,1,12,0,3.3,0,3.3
1135,ENSXETG00000007898,NEUROG1,neurog1,xenopus_tropicalis,2,9,3,14,1,3.2,1.6,5.8
1135,FBgn0015550,NEUROG1,tap,drosophila_melanogaster,1,5,1,7,0,2.3,0,2.3
1135,WBGene00003595,NEUROG1,ngn-1,caenorhabditis_elegans,1,3,1,5,0,1.6,0,1.6
1138,ENSG00000182158,CREB3L2,CREB3L2,homo_sapiens,7,5,2,14,2.8,2.3,1,6.1
1138,ENSMUSG00000038648,CREB3L2,Creb3l2,mus_musculus,1,5,1,7,0,2.3,0,2.3
1138,ENSXETG00000033093,CREB3L2,CREB3L2,xenopus_tropicalis,1,4,1,6,0,2,0,2
1138,FBgn0004396,CREB3L2,CrebA,drosophila_melanogaster,2,1,2,5,1,0,1,2
1138,WBGene00016162,CREB3L2,crh-2,caenorhabditis_elegans,4,2,4,10,2,1,2,5
1142,ENSG00000182742,HOXB4,HOXB4,homo_sapiens,1,16,1,18,0,4,0,4
1142,ENSMUSG00000038692,HOXB4,Hoxb4,mus_musculus,1,15,1,17,0,3.9,0,3.9
1142,ENSXETG00000021973,HOXB4,hoxb4,xenopus_tropicalis,1,14,1,16,0,3.8,0,3.8
1142,FBgn0000439,HOXB4,Dfd,drosophila_melanogaster,1,6,1,8,0,2.6,0,2.6
1142,WBGene00003024,HOXB4,lin-39,caenorhabditis_elegans,2,1,2,5,1,0,1,2
1143,ENSG00000182759,MAFA,MAFA,homo_sapiens,1,7,1,9,0,2.8,0,2.8
1143,ENSMUSG00000047591,MAFA,Mafa,mus_musculus,1,7,1,9,0,2.8,0,2.8
1143,ENSXETG00000032364,MAFA,MAFA,xenopus_tropicalis,1,7,1,9,0,2.8,0,2.8
1143,FBgn0000964,MAFA,tj,drosophila_melanogaster,2,2,0,4,1,1,0,2
1143,WBGene00077521,MAFA,maf-1,caenorhabditis_elegans,1,1,0,2,0,0,0,0
1146,ENSG00000182979,MTA1,MTA1,homo_sapiens,5,5,11,21,2.3,2.3,3.5,8.1
1146,ENSMUSG00000021144,MTA1,Mta1,mus_musculus,5,6,15,26,2.3,2.6,3.9,8.8
1146,ENSXETG00000017948,MTA1,mta1,xenopus_tropicalis,1,4,2,7,0,2,1,3
1146,FBgn0027951,MTA1,MTA1-like,drosophila_melanogaster,4,2,16,22,2,1,4,7
1146,WBGene00003025,MTA1,lin-40,caenorhabditis_elegans,4,2,12,18,2,1,3.6,6.6
1151,ENSG00000183434,TFDP3,TFDP3,homo_sapiens,1,3,0,4,0,1.6,0,1.6
1151,ENSMUSG00000038482,TFDP3,Tfdp1,mus_musculus,1,2,0,3,0,1,0,1
1151,ENSXETG00000017776,TFDP3,tfdp1,xenopus_tropicalis,1,2,2,5,0,1,1,2
1151,FBgn0011763,TFDP3,Dp,drosophila_melanogaster,3,1,0,1,1.6,0,0,1.6
1151,WBGene00001061,TFDP3,dpl-1,caenorhabditis_elegans,1,1,0,2,0,0,0,0
1158,ENSG00000184221,OLIG1,OLIG1,homo_sapiens,2,5,1,6,1,2.3,0,3.3
1158,ENSMUSG00000046160,OLIG1,Olig1,mus_musculus,1,5,1,7,0,2.3,0,2.3
1158,ENSXETG00000033110,OLIG1,OLIG1,xenopus_tropicalis,1,5,1,7,0,2.3,0,2.3
1158,WBGene00001960,OLIG1,hlh-16,caenorhabditis_elegans,1,4,1,6,0,2,0,2
1160,ENSG00000184302,SIX6,SIX6,homo_sapiens,1,6,1,8,0,2.6,0,2.6
1160,ENSMUSG00000021099,SIX6,Six6,mus_musculus,1,6,1,2,0,2.6,0,2.6
1160,ENSXETG00000016945,SIX6,six6,xenopus_tropicalis,1,5,1,7,0,2.3,0,2.3
1160,FBgn0025360,SIX6,Optix,drosophila_melanogaster,3,3,2,8,1.6,1.6,1,4.2
1160,WBGene00000453,SIX6,ceh-32,caenorhabditis_elegans,1,4,1,6,0,2,0,2
1162,ENSG00000184481,FOXO4,FOXO4,homo_sapiens,2,5,2,9,1,2.3,1,4.3
1162,ENSMUSG00000042903,FOXO4,Foxo4,mus_musculus,2,5,2,9,1,2.3,1,4.3
1162,ENSXETG00000020899,FOXO4,foxo4,xenopus_tropicalis,1,4,1,6,0,2,0,2
1162,FBgn0038197,FOXO4,foxo,drosophila_melanogaster,5,2,5,12,2.3,1,2.3,5.6
1162,WBGene00000912,FOXO4,daf-16,caenorhabditis_elegans,10,3,9,22,3.3,1.6,3.2,8.1
1163,ENSG00000184486,POU3F2,POU3F2,homo_sapiens,1,16,2,19,0,4,1,5
1163,ENSMUSG00000095139,POU3F2,Pou3f2,mus_musculus,1,15,2,18,0,3.9,1,4.9
1163,FBgn0086680,POU3F2,vvl,drosophila_melanogaster,5,5,10,20,2.3,2.3,3.3,8
1163,WBGene00000431,POU3F2,ceh-6,caenorhabditis_elegans,1,3,2,6,0,1.6,1,2.6
1164,ENSG00000184492,FOXD4L1,FOXD4L1,homo_sapiens,1,24,1,26,0,4.6,0,4.6
1164,ENSMUSG00000051490,FOXD4L1,Foxd4,mus_musculus,1,19,1,21,0,4.2,0,4.2
1164,FBgn0004896,FOXD4L1,fd59A,drosophila_melanogaster,1,6,1,2,0,2.6,0,2.6
1164,WBGene00006853,FOXD4L1,unc-130,caenorhabditis_elegans,1,3,1,5,0,1.6,0,1.6
1167,ENSG00000184659,FOXD4L4,FOXD4L4,homo_sapiens,1,24,1,26,0,4.6,0,4.6
1167,FBgn0004896,FOXD4L4,fd59A,drosophila_melanogaster,1,6,1,2,0,2.6,0,2.6
1167,WBGene00006853,FOXD4L4,unc-130,caenorhabditis_elegans,1,3,1,5,0,1.6,0,1.6
1171,ENSG00000184937,WT1,WT1,homo_sapiens,8,5,24,29,3,2.3,4.6,9.9
1171,ENSMUSG00000016458,WT1,Wt1,mus_musculus,6,5,25,36,2.6,2.3,4.6,9.6
1171,ENSXETG00000008172,WT1,wt1,xenopus_tropicalis,1,5,4,10,0,2.3,2,4.3
1171,FBgn0013469,WT1,klu,drosophila_melanogaster,4,2,16,22,2,1,4,7
1171,WBGene00022592,WT1,ZC328.2,caenorhabditis_elegans,1,5,3,9,0,2.3,1.6,3.9
1173,ENSG00000185002,RFX6,RFX6,homo_sapiens,1,8,1,10,0,3,0,3
1173,ENSMUSG00000019900,RFX6,Rfx6,mus_musculus,2,8,1,11,1,3,0,4
1173,ENSXETG00000033810,RFX6,RFX6,xenopus_tropicalis,2,7,0,9,1,2.8,0,3.8
1173,WBGene00000914,RFX6,daf-19,caenorhabditis_elegans,5,1,4,11,2.3,0,2,4.3
1175,ENSG00000185122,HSF1,HSF1,homo_sapiens,3,3,0,6,1.6,1.6,0,3.2
1175,ENSMUSG00000022556,HSF1,Hsf1,mus_musculus,1,4,0,5,0,2,0,2
1175,ENSXETG00000005693,HSF1,hsf1,xenopus_tropicalis,1,5,0,6,0,2.3,0,2.3
1175,FBgn0001222,HSF1,Hsf,drosophila_melanogaster,4,1,0,5,2,0,0,2
1175,WBGene00002004,HSF1,hsf-1,caenorhabditis_elegans,1,1,0,2,0,0,0,0
1176,ENSG00000185129,PURA,PURA,homo_sapiens,1,3,0,4,0,1.6,0,1.6
1176,ENSMUSG00000043991,PURA,Pura,mus_musculus,1,3,0,4,0,1.6,0,1.6
1176,ENSXETG00000003837,PURA,pura,xenopus_tropicalis,1,3,0,4,0,1.6,0,1.6
1176,FBgn0022361,PURA,Pur-alpha,drosophila_melanogaster,7,1,0,8,2.8,0,0,2.8
1176,WBGene00004046,PURA,plp-1,caenorhabditis_elegans,1,2,0,3,0,1,0,1
1186,ENSG00000185591,SP1,SP1,homo_sapiens,4,15,6,25,2,3.9,2.6,8.5
1186,ENSMUSG00000001280,SP1,Sp1,mus_musculus,7,15,9,31,2.8,3.9,3.2,9.9
1186,ENSXETG00000012660,SP1,sp1,xenopus_tropicalis,2,14,5,21,1,3.8,2.3,7.1
1186,FBgn0039169,SP1,Spps,drosophila_melanogaster,2,4,6,12,1,2,2.6,5.6
1186,WBGene00011926,SP1,sptf-2,caenorhabditis_elegans,1,2,3,6,0,1,1.6,2.6
1188,ENSG00000185630,PBX1,PBX1,homo_sapiens,13,4,7,24,3.7,2,2.8,8.5
1188,ENSMUSG00000052534,PBX1,Pbx1,mus_musculus,5,4,5,14,2.3,2,2.3,6.6
1188,ENSXETG00000010464,PBX1,pbx1,xenopus_tropicalis,2,3,2,7,1,1.6,1,3.6
1188,FBgn0000611,PBX1,exd,drosophila_melanogaster,4,1,4,9,2,0,2,4
1188,WBGene00000443,PBX1,ceh-20,caenorhabditis_elegans,1,3,1,5,0,1.6,0,1.6
1189,ENSG00000185650,ZFP36L1,ZFP36L1,homo_sapiens,6,3,8,15,2.6,1.6,3,7.2
1189,ENSMUSG00000021127,ZFP36L1,Zfp36l1,mus_musculus,2,4,4,10,1,2,2,5
1189,ENSXETG00000016987,ZFP36L1,zfp36l1,xenopus_tropicalis,2,6,0,8,1,2.6,0,3.6
1189,FBgn0011837,ZFP36L1,Tis11,drosophila_melanogaster,3,1,6,10,1.6,0,2.6,4.2
1189,WBGene00009532,ZFP36L1,ccch-1,caenorhabditis_elegans,2,14,4,20,1,3.8,2,6.8
1190,ENSG00000185668,POU3F1,POU3F1,homo_sapiens,1,16,2,19,0,4,1,5
1190,ENSMUSG00000090125,POU3F1,Pou3f1,mus_musculus,1,15,2,18,0,3.9,1,4.9
1190,ENSXETG00000011510,POU3F1,pou3f1,xenopus_tropicalis,1,16,3,20,0,4,1.6,5.6
1190,FBgn0086680,POU3F1,vvl,drosophila_melanogaster,5,5,10,20,2.3,2.3,3.3,8
1190,WBGene00000431,POU3F1,ceh-6,caenorhabditis_elegans,1,3,2,6,0,1.6,1,2.6
1192,ENSG00000185670,ZBTB3,ZBTB3,homo_sapiens,2,16,4,22,1,4,2,7
1192,ENSMUSG00000071661,ZBTB3,Zbtb3,mus_musculus,1,15,3,19,0,3.9,1.6,5.5
1192,ENSXETG00000006025,ZBTB3,zbtb3,xenopus_tropicalis,1,17,3,21,0,4.1,1.6,5.7
1192,WBGene00016154,ZBTB3,C27A12.2,caenorhabditis_elegans,1,1,5,7,0,0,2.3,2.3
1193,ENSG00000185697,MYBL1,MYBL1,homo_sapiens,3,4,8,15,1.6,2,3,6.6
1193,ENSMUSG00000025912,MYBL1,Mybl1,mus_musculus,3,4,9,16,1.6,2,3.2,6.8
1193,ENSXETG00000029934,MYBL1,MYBL1,xenopus_tropicalis,1,4,3,8,0,2,1.6,3.6
1193,FBgn0002914,MYBL1,Myb,drosophila_melanogaster,4,2,9,15,2,1,3.2,6.2
1193,WBGene00001568,MYBL1,snpc-4,caenorhabditis_elegans,2,1,10,13,1,0,3.3,4.3
1207,ENSG00000186300,ZNF555,ZNF555,homo_sapiens,3,38,32,73,1.6,5.2,5,11.8
1207,WBGene00021931,ZNF555,Y55F3AM.14,caenorhabditis_elegans,1,1,11,13,0,0,3.5,3.5
1211,ENSG00000186446,ZNF501,ZNF501,homo_sapiens,2,9,18,29,1,3.2,4.2,8.3
1211,ENSXETG00000011203,ZNF501,0,xenopus_tropicalis,1,4,9,14,0,2,3.2,5.2
1211,FBgn0000286,ZNF501,Cf2,drosophila_melanogaster,5,3,26,34,2.3,1.6,4.7,8.6
1211,WBGene00000483,ZNF501,che-1,caenorhabditis_elegans,2,1,8,11,1,0,3,4
1212,ENSG00000186448,ZNF197,ZNF197,homo_sapiens,5,1,53,59,2.3,0,5.7,8
1212,ENSMUSG00000051034,ZNF197,Zfp11,mus_musculus,1,4,21,26,0,2,4.4,6.4
1212,ENSXETG00000033446,ZNF197,ZNF197,xenopus_tropicalis,1,1,27,29,0,0,4.8,4.8
1212,FBgn0037717,ZNF197,CG8301,drosophila_melanogaster,1,4,10,15,0,2,3.3,5.3
1212,WBGene00021689,ZNF197,Y48G8AL.10,caenorhabditis_elegans,5,1,37,43,2.3,0,5.2,7.5
1213,ENSG00000186487,MYT1L,MYT1L,homo_sapiens,4,3,0,7,2,1.6,0,3.6
1213,ENSMUSG00000061911,MYT1L,Myt1l,mus_musculus,2,3,0,5,1,1.6,0,2.6
1213,ENSXETG00000027983,MYT1L,myt1l,xenopus_tropicalis,1,3,0,4,0,1.6,0,1.6
1213,FBgn0263772,MYT1L,CG43689,drosophila_melanogaster,6,1,0,7,2.6,0,0,2.6
1213,WBGene00009939,MYT1L,ztf-11,caenorhabditis_elegans,2,1,0,3,1,0,0,1
1215,ENSG00000186564,FOXD2,FOXD2,homo_sapiens,1,24,1,2,0,4.6,0,4.6
1215,ENSMUSG00000055210,FOXD2,Foxd2,mus_musculus,1,19,1,21,0,4.2,0,4.2
1215,ENSXETG00000016337,FOXD2,foxd2,xenopus_tropicalis,1,19,1,21,0,4.2,0,4.2
1215,FBgn0004896,FOXD2,fd59A,drosophila_melanogaster,1,6,1,2,0,2.6,0,2.6
1215,WBGene00006853,FOXD2,unc-130,caenorhabditis_elegans,1,3,1,5,0,1.6,0,1.6
1222,ENSG00000186951,PPARA,PPARA,homo_sapiens,6,8,3,17,2.6,3,1.6,7.2
1222,ENSMUSG00000022383,PPARA,Ppara,mus_musculus,3,8,3,14,1.6,3,1.6,6.2
1222,ENSXETG00000023454,PPARA,ppara,xenopus_tropicalis,1,10,0,11,0,3.3,0,3.3
1222,FBgn0004865,PPARA,Eip78C,drosophila_melanogaster,4,8,3,15,2,3,1.6,6.6
1222,WBGene00004786,PPARA,sex-1,caenorhabditis_elegans,2,10,2,14,1,3.3,1,5.3
1223,ENSG00000187079,TEAD1,TEAD1,homo_sapiens,6,4,4,14,2.6,2,2,6.6
1223,ENSMUSG00000055320,TEAD1,Tead1,mus_musculus,11,5,10,26,3.5,2.3,3.3,9.1
1223,FBgn0003345,TEAD1,sd,drosophila_melanogaster,21,1,21,43,4.4,0,4.4,8.8
1223,WBGene00001208,TEAD1,egl-44,caenorhabditis_elegans,5,1,5,11,2.3,0,2.3,4.6
1224,ENSG00000187098,MITF,MITF,homo_sapiens,13,4,9,26,3.7,2,3.2,8.9
1224,ENSMUSG00000035158,MITF,Mitf,mus_musculus,6,4,6,16,2.6,2,2.6,7.2
1224,ENSXETG00000000154,MITF,mitf,xenopus_tropicalis,2,4,3,9,1,2,1.6,4.6
1224,FBgn0263112,MITF,Mitf,drosophila_melanogaster,4,1,4,9,2,0,2,4
1224,WBGene00020930,MITF,hlh-30,caenorhabditis_elegans,12,1,12,24,3.6,0,3.6,7.2
1225,ENSG00000187140,FOXD3,FOXD3,homo_sapiens,1,24,1,25,0,4.6,0,4.6
1225,ENSMUSG00000067261,FOXD3,Foxd3,mus_musculus,1,19,1,21,0,4.2,0,4.2
1225,ENSXETG00000010836,FOXD3,foxd3,xenopus_tropicalis,1,19,2,22,0,4.2,1,5.2
1225,FBgn0004896,FOXD3,fd59A,drosophila_melanogaster,1,6,1,2,0,2.6,0,2.6
1225,WBGene00006853,FOXD3,unc-130,caenorhabditis_elegans,1,3,1,5,0,1.6,0,1.6
1227,ENSG00000187559,FOXD4L3,FOXD4L3,homo_sapiens,1,24,1,26,0,4.6,0,4.6
1227,FBgn0004896,FOXD4L3,fd59A,drosophila_melanogaster,1,6,1,2,0,2.6,0,2.6
1227,WBGene00006853,FOXD4L3,unc-130,caenorhabditis_elegans,1,3,1,5,0,1.6,0,1.6
1228,ENSG00000187607,ZNF286A,ZNF286A,homo_sapiens,14,9,50,73,3.8,3.2,5.6,12.6
1228,ENSMUSG00000047342,ZNF286A,Zfp286,mus_musculus,3,3,13,19,1.6,1.6,3.7,6.9
1228,ENSXETG00000011203,ZNF286A,0,xenopus_tropicalis,1,4,9,14,0,2,3.2,5.2
1228,FBgn0000286,ZNF286A,Cf2,drosophila_melanogaster,5,3,26,34,2.3,1.6,4.7,8.6
1228,WBGene00000483,ZNF286A,che-1,caenorhabditis_elegans,2,1,8,11,1,0,3,4
1230,ENSG00000187772,LIN28B,LIN28B,homo_sapiens,1,2,1,4,0,1,0,1
1230,ENSMUSG00000063804,LIN28B,Lin28b,mus_musculus,1,2,1,4,0,1,0,1
1230,ENSXETG00000013293,LIN28B,lin28b,xenopus_tropicalis,3,2,3,8,1.6,1,1.6,4.2
1230,FBgn0035626,LIN28B,lin-28,drosophila_melanogaster,1,1,0,2,0,0,0,0
1230,WBGene00003014,LIN28B,lin-28,caenorhabditis_elegans,2,1,2,5,1,0,1,2
1236,ENSG00000187855,ASCL4,ASCL4,homo_sapiens,1,5,1,7,0,2.3,0,2.3
1236,ENSMUSG00000085111,ASCL4,Ascl4,mus_musculus,1,5,1,7,0,2.3,0,2.3
1236,ENSXETG00000026272,ASCL4,ascl3,xenopus_tropicalis,1,2,1,4,0,1,0,1
1236,WBGene00001952,ASCL4,hlh-6,caenorhabditis_elegans,1,1,1,3,0,0,0,0
1238,ENSG00000188033,ZNF490,ZNF490,homo_sapiens,2,38,16,56,1,5.2,4,10.2
1238,WBGene00021931,ZNF490,Y55F3AM.14,caenorhabditis_elegans,1,1,11,13,0,0,3.5,3.5
1244,ENSG00000188295,ZNF669,ZNF669,homo_sapiens,5,38,23,66,2.3,5.2,4.5,12.1
1244,WBGene00021931,ZNF669,Y55F3AM.14,caenorhabditis_elegans,1,1,11,13,0,0,3.5,3.5
1247,ENSG00000188620,HMX3,HMX3,homo_sapiens,1,21,1,23,0,4.4,0,4.4
1247,ENSMUSG00000040148,HMX3,Hmx3,mus_musculus,1,22,1,24,0,4.5,0,4.5
1247,ENSXETG00000009562,HMX3,hmx3,xenopus_tropicalis,1,23,0,25,0,4.5,0,4.5
1247,FBgn0264005,HMX3,Hmx,drosophila_melanogaster,3,9,3,15,1.6,3.2,1.6,6.3
1247,WBGene00003377,HMX3,mls-2,caenorhabditis_elegans,1,9,1,11,0,3.2,0,3.2
1252,ENSG00000188816,HMX2,HMX2,homo_sapiens,1,21,1,23,0,4.4,0,4.4
1252,ENSMUSG00000050100,HMX2,Hmx2,mus_musculus,2,22,2,26,1,4.5,1,6.5
1252,ENSXETG00000027771,HMX2,hmx2,xenopus_tropicalis,3,23,3,29,1.6,4.5,1.6,7.7
1252,FBgn0264005,HMX2,Hmx,drosophila_melanogaster,3,9,3,15,1.6,3.2,1.6,6.3
1252,WBGene00003377,HMX2,mls-2,caenorhabditis_elegans,1,9,1,11,0,3.2,0,3.2
1253,ENSG00000188868,ZNF563,ZNF563,homo_sapiens,4,38,21,63,2,5.2,4.4,11.6
1253,WBGene00021931,ZNF563,Y55F3AM.14,caenorhabditis_elegans,1,1,11,13,0,0,3.5,3.5
1254,ENSG00000188909,BSX,BSX,homo_sapiens,1,21,1,23,0,4.4,0,4.4
1254,ENSMUSG00000054360,BSX,Bsx,mus_musculus,1,22,1,24,0,4.5,0,4.5
1254,ENSXETG00000016950,BSX,bsx,xenopus_tropicalis,1,23,2,26,0,4.5,1,5.5
1254,FBgn0000529,BSX,bsh,drosophila_melanogaster,2,9,2,13,1,3.2,1,5.2
1254,WBGene00006380,BSX,tab-1,caenorhabditis_elegans,1,9,1,11,0,3.2,0,3.2
1257,ENSG00000189067,LITAF,LITAF,homo_sapiens,19,2,0,21,4.2,1,0,5.2
1257,ENSMUSG00000022500,LITAF,Litaf,mus_musculus,3,3,0,6,1.6,1.6,0,3.2
1257,ENSXETG00000024896,LITAF,litaf,xenopus_tropicalis,1,2,0,3,0,1,0,1
1257,FBgn0052280,LITAF,CG32280,drosophila_melanogaster,4,2,0,6,2,1,0,3
1257,WBGene00009484,LITAF,F36G3.3,caenorhabditis_elegans,1,1,0,2,0,0,0,0
1258,ENSG00000189079,ARID2,ARID2,homo_sapiens,5,1,4,10,2.3,0,2,4.3
1258,ENSMUSG00000033237,ARID2,Arid2,mus_musculus,2,1,3,6,1,0,1.6,2.6
1258,ENSXETG00000014656,ARID2,arid2,xenopus_tropicalis,1,1,3,5,0,0,1.6,1.6
1258,FBgn0042085,ARID2,Bap170,drosophila_melanogaster,1,1,2,4,0,0,1,1
1258,WBGene00007433,ARID2,swsn-7,caenorhabditis_elegans,1,1,2,4,0,0,1,1
1259,ENSG00000189120,SP6,SP6,homo_sapiens,2,15,6,23,1,3.9,2.6,7.5
1259,ENSMUSG00000038560,SP6,Sp6,mus_musculus,2,15,6,23,1,3.9,2.6,7.5
1259,ENSXETG00000021949,SP6,sp6,xenopus_tropicalis,1,14,3,18,0,3.8,1.6,5.4
1259,WBGene00011926,SP6,sptf-2,caenorhabditis_elegans,1,2,3,6,0,1,1.6,2.6
1266,ENSG00000189403,HMGB1,HMGB1,homo_sapiens,6,4,12,22,2.6,2,3.6,8.2
1266,ENSMUSG00000066551,HMGB1,Hmgb1,mus_musculus,7,4,13,24,2.8,2,3.7,8.5
1266,ENSXETG00000019166,HMGB1,hmgb1,xenopus_tropicalis,1,3,4,8,0,1.6,2,3.6
1266,FBgn0011764,HMGB1,Dsp1,drosophila_melanogaster,7,1,14,22,2.8,0,3.8,6.6
1266,WBGene00001972,HMGB1,hmg-1.2,caenorhabditis_elegans,5,1,10,16,2.3,0,3.3,5.6
1269,ENSG00000196092,PAX5,PAX5,homo_sapiens,13,9,11,32,3.7,3.2,3.5,10.3
1269,ENSMUSG00000014030,PAX5,Pax5,mus_musculus,14,9,13,36,3.8,3.2,3.7,10.7
1269,ENSXETG00000006547,PAX5,pax5,xenopus_tropicalis,1,9,1,11,0,3.2,0,3.2
1269,FBgn0005561,PAX5,sv,drosophila_melanogaster,7,10,7,24,2.8,3.3,2.8,8.9
1269,WBGene00001204,PAX5,egl-38,caenorhabditis_elegans,1,7,1,9,0,2.8,0,2.8
1271,ENSG00000196110,ZNF699,ZNF699,homo_sapiens,2,38,34,74,1,5.2,5.1,11.3
1271,WBGene00021931,ZNF699,Y55F3AM.14,caenorhabditis_elegans,1,1,11,13,0,0,3.5,3.5
1272,ENSG00000196132,MYT1,MYT1,homo_sapiens,4,3,0,7,2,1.6,0,3.6
1272,ENSMUSG00000010505,MYT1,Myt1,mus_musculus,6,3,0,9,2.6,1.6,0,4.2
1272,ENSXETG00000011499,MYT1,myt1,xenopus_tropicalis,1,3,2,6,0,1.6,1,2.6
1272,FBgn0263772,MYT1,CG43689,drosophila_melanogaster,6,1,0,7,2.6,0,0,2.6
1272,WBGene00009939,MYT1,ztf-11,caenorhabditis_elegans,2,1,0,3,1,0,0,1
1274,ENSG00000196152,ZNF79,ZNF79,homo_sapiens,4,9,47,60,2,3.2,5.6,10.7
1274,ENSXETG00000011203,ZNF79,0,xenopus_tropicalis,1,4,9,14,0,2,3.2,5.2
1274,FBgn0000286,ZNF79,Cf2,drosophila_melanogaster,5,3,26,34,2.3,1.6,4.7,8.6
1274,WBGene00000483,ZNF79,che-1,caenorhabditis_elegans,2,1,8,11,1,0,3,4
1277,ENSG00000196233,LCOR,LCOR,homo_sapiens,4,2,4,10,2,1,2,5
1277,ENSMUSG00000025019,LCOR,Lcor,mus_musculus,2,2,2,6,1,1,1,3
1277,FBgn0264490,LCOR,Eip93F,drosophila_melanogaster,3,1,3,7,1.6,0,1.6,3.2
1277,WBGene00011315,LCOR,mbr-1,caenorhabditis_elegans,1,1,2,4,0,0,1,1
1293,ENSG00000196418,ZNF124,ZNF124,homo_sapiens,4,38,19,61,2,5.2,4.2,11.5
1293,WBGene00021931,ZNF124,Y55F3AM.14,caenorhabditis_elegans,1,1,11,13,0,0,3.5,3.5
1294,ENSG00000196428,TSC22D2,TSC22D2,homo_sapiens,3,4,0,7,1.6,2,0,3.6
1294,ENSMUSG00000027806,TSC22D2,Tsc22d2,mus_musculus,2,4,0,6,1,2,0,3
1294,ENSXETG00000020092,TSC22D2,tsc22d2,xenopus_tropicalis,1,5,1,7,0,2.3,0,2.3
1294,FBgn0259176,TSC22D2,bun,drosophila_melanogaster,10,1,0,11,3.3,0,0,3.3
1294,WBGene00016269,TSC22D2,C30G4.4,caenorhabditis_elegans,24,3,0,27,4.6,1.6,0,6.2
1299,ENSG00000196460,RFX8,RFX8,homo_sapiens,1,8,0,9,0,3,0,3
1299,ENSMUSG00000057173,RFX8,Rfx8,mus_musculus,1,8,1,10,0,3,0,3
1299,WBGene00000914,RFX8,daf-19,caenorhabditis_elegans,5,1,4,11,2.3,0,2,4.3
1300,ENSG00000196466,ZNF799,ZNF799,homo_sapiens,3,38,37,40,1.6,5.2,5.2,12
1300,WBGene00021931,ZNF799,Y55F3AM.14,caenorhabditis_elegans,1,1,11,13,0,0,3.5,3.5
1302,ENSG00000196498,NCOR2,NCOR2,homo_sapiens,15,5,14,34,3.9,2.3,3.8,10
1302,ENSMUSG00000029478,NCOR2,Ncor2,mus_musculus,11,5,14,30,3.5,2.3,3.8,9.6
1302,ENSXETG00000001192,NCOR2,ncor2,xenopus_tropicalis,1,5,3,9,0,2.3,1.6,3.9
1302,FBgn0265523,NCOR2,Smr,drosophila_melanogaster,4,2,4,10,2,1,2,5
1302,WBGene00001565,NCOR2,gei-8,caenorhabditis_elegans,2,3,4,9,1,1.6,2,4.6
1305,ENSG00000196628,TCF4,TCF4,homo_sapiens,57,3,25,85,5.8,1.6,4.6,12.1
1305,ENSMUSG00000053477,TCF4,Tcf4,mus_musculus,46,3,23,72,5.5,1.6,4.5,11.6
1305,ENSXETG00000019086,TCF4,tcf4,xenopus_tropicalis,1,3,2,6,0,1.6,1,2.6
1305,FBgn0000413,TCF4,da,drosophila_melanogaster,3,1,3,7,1.6,0,1.6,3.2
1305,WBGene00001949,TCF4,hlh-2,caenorhabditis_elegans,1,1,1,3,0,0,0,0
1306,ENSG00000196646,ZNF136,ZNF136,homo_sapiens,4,38,15,57,2,5.2,3.9,11.2
1306,WBGene00021931,ZNF136,Y55F3AM.14,caenorhabditis_elegans,1,1,11,13,0,0,3.5,3.5
1314,ENSG00000196757,ZNF700,ZNF700,homo_sapiens,3,38,66,107,1.6,5.2,6,12.9
1314,WBGene00021931,ZNF700,Y55F3AM.14,caenorhabditis_elegans,1,1,11,13,0,0,3.5,3.5
