Index,GeneID,HumanName,Name,Species,complexity,isoforms,paralogues,motifs,complexity
0,ENSG00000001167,NFYA,NFYA,homo_sapiens,5,2,1,2,5
0,ENSMUSG00000023994,NFYA,Nfya,mus_musculus,17,9,1,7,17
0,ENSXETG00000011865,NFYA,nfya,xenopus_tropicalis,7,2,1,4,7
0,FBgn0035993,NFYA,Nf-YA,drosophila_melanogaster,3,1,1,1,3
0,WBGene00043056,NFYA,nfya-2,caenorhabditis_elegans,8,3,2,3,8
3,ENSG00000005102,MEOX1,MEOX1,homo_sapiens,27,4,20,3,27
3,ENSMUSG00000001493,MEOX1,Meox1,mus_musculus,22,1,20,1,22
3,FBgn0014949,MEOX1,btn,drosophila_melanogaster,13,1,11,1,13
3,WBGene00000436,MEOX1,ceh-12,caenorhabditis_elegans,8,1,6,1,8
4,ENSG00000005436,GCFC2,GCFC2,homo_sapiens,9,7,2,0,9
4,ENSMUSG00000035125,GCFC2,Gcfc2,mus_musculus,4,2,2,0,4
4,ENSXETG00000007803,GCFC2,gcfc2,xenopus_tropicalis,4,2,2,0,4
4,FBgn0037466,GCFC2,CG1965,drosophila_melanogaster,4,3,1,0,4
4,WBGene00009672,GCFC2,F43G9.12,caenorhabditis_elegans,3,2,1,0,3
8,ENSG00000006047,YBX2,YBX2,homo_sapiens,5,2,3,0,5
8,ENSMUSG00000018554,YBX2,Ybx2,mus_musculus,6,3,3,0,6
8,ENSXETG00000025267,YBX2,ybx2,xenopus_tropicalis,5,1,3,1,5
8,FBgn0022959,YBX2,yps,drosophila_melanogaster,3,2,1,0,3
8,WBGene00000472,YBX2,cey-1,caenorhabditis_elegans,1,1,0,0,1
11,ENSG00000006468,ETV1,ETV1,homo_sapiens,36,14,13,9,36
11,ENSMUSG00000004151,ETV1,Etv1,mus_musculus,31,11,13,7,31
11,ENSXETG00000005062,ETV1,etv1,xenopus_tropicalis,18,2,12,4,18
11,FBgn0039225,ETV1,Ets96B,drosophila_melanogaster,9,2,5,2,9
11,WBGene00016600,ETV1,ets-5,caenorhabditis_elegans,6,2,2,2,6
13,ENSG00000007372,PAX6,PAX6,homo_sapiens,39,15,9,24,39
13,ENSMUSG00000027168,PAX6,Pax6,mus_musculus,36,11,9,18,36
13,ENSXETG00000008175,PAX6,pax6,xenopus_tropicalis,15,2,9,4,15
13,FBgn0019650,PAX6,toy,drosophila_melanogaster,14,2,10,4,14
13,WBGene00006870,PAX6,vab-3,caenorhabditis_elegans,14,3,7,4,14
14,ENSG00000007866,TEAD3,TEAD3,homo_sapiens,8,3,4,1,8
14,ENSMUSG00000002249,TEAD3,Tead3,mus_musculus,13,4,5,4,13
14,FBgn0003345,TEAD3,sd,drosophila_melanogaster,43,21,1,21,43
14,WBGene00001208,TEAD3,egl-44,caenorhabditis_elegans,11,5,1,5,11
15,ENSG00000007968,E2F2,E2F2,homo_sapiens,7,1,6,0,7
15,ENSMUSG00000018983,E2F2,E2f2,mus_musculus,7,1,6,0,7
15,FBgn0011766,E2F2,E2f1,drosophila_melanogaster,8,6,2,0,8
15,WBGene00001162,E2F2,efl-2,caenorhabditis_elegans,2,4,2,0,2
16,ENSG00000008083,JARID2,JARID2,homo_sapiens,13,2,5,6,13
16,ENSMUSG00000038518,JARID2,Jarid2,mus_musculus,26,8,5,13,26
16,ENSXETG00000015433,JARID2,jarid2,xenopus_tropicalis,9,1,5,3,9
16,FBgn0036004,JARID2,Jarid2,drosophila_melanogaster,6,1,2,3,6
16,WBGene00004319,JARID2,rbr-2,caenorhabditis_elegans,11,2,1,8,11
17,ENSG00000008196,TFAP2B,TFAP2B,homo_sapiens,7,2,5,0,7
17,ENSMUSG00000025927,TFAP2B,Tfap2b,mus_musculus,8,3,5,0,8
17,ENSXETG00000021674,TFAP2B,tfap2b,xenopus_tropicalis,7,2,5,0,7
17,FBgn0261953,TFAP2B,TfAP-2,drosophila_melanogaster,7,6,1,0,7
17,WBGene00019424,TFAP2B,aptf-1,caenorhabditis_elegans,5,1,4,0,5
18,ENSG00000008197,TFAP2D,TFAP2D,homo_sapiens,6,1,5,0,6
18,ENSMUSG00000042596,TFAP2D,Tfap2d,mus_musculus,6,1,5,0,6
18,ENSXETG00000032997,TFAP2D,TFAP2D,xenopus_tropicalis,6,1,5,0,6
18,FBgn0261953,TFAP2D,TfAP-2,drosophila_melanogaster,7,6,1,0,7
18,WBGene00019424,TFAP2D,aptf-1,caenorhabditis_elegans,5,1,4,0,5
19,ENSG00000008441,NFIX,NFIX,homo_sapiens,26,11,4,11,26
19,ENSMUSG00000001911,NFIX,Nfix,mus_musculus,14,5,4,5,14
19,ENSXETG00000016718,NFIX,nfix,xenopus_tropicalis,8,2,4,2,8
19,FBgn0042696,NFIX,NfI,drosophila_melanogaster,5,2,1,2,5
19,WBGene00003592,NFIX,nfi-1,caenorhabditis_elegans,7,3,1,3,7
21,ENSG00000009709,PAX7,PAX7,homo_sapiens,18,3,9,6,18
21,ENSMUSG00000028736,PAX7,Pax7,mus_musculus,15,2,9,4,15
21,ENSXETG00000018527,PAX7,pax7,xenopus_tropicalis,13,1,9,3,13
21,FBgn0001148,PAX7,gsb,drosophila_melanogaster,13,1,10,2,13
21,WBGene00003939,PAX7,pax-3,caenorhabditis_elegans,10,1,7,2,10
22,ENSG00000009950,MLXIPL,MLXIPL,homo_sapiens,15,7,3,5,15
22,ENSMUSG00000005373,MLXIPL,Mlxipl,mus_musculus,10,4,3,3,10
22,ENSXETG00000030310,MLXIPL,MLXIPL,xenopus_tropicalis,7,1,3,0,7
22,FBgn0032940,MLXIPL,Mio,drosophila_melanogaster,24,11,2,11,24
22,WBGene00003378,MLXIPL,mml-1,caenorhabditis_elegans,6,2,2,2,6
25,ENSG00000010818,HIVEP2,HIVEP2,homo_sapiens,19,3,4,12,19
25,ENSMUSG00000015501,HIVEP2,Hivep2,mus_musculus,22,4,4,14,22
25,ENSXETG00000023284,HIVEP2,hivep2,xenopus_tropicalis,8,1,3,7,8
25,FBgn0003396,HIVEP2,shn,drosophila_melanogaster,49,6,1,42,49
25,WBGene00004862,HIVEP2,sma-9,caenorhabditis_elegans,71,14,1,51,71
30,ENSG00000012817,KDM5D,KDM5D,homo_sapiens,29,6,5,18,29
30,ENSMUSG00000056673,KDM5D,Kdm5d,mus_musculus,14,2,5,7,14
30,ENSXETG00000007178,KDM5D,kdm5c,xenopus_tropicalis,10,1,5,4,10
30,WBGene00004319,KDM5D,rbr-2,caenorhabditis_elegans,11,2,1,8,11
31,ENSG00000016082,ISL1,ISL1,homo_sapiens,20,2,12,6,20
31,ENSMUSG00000042258,ISL1,Isl1,mus_musculus,20,2,12,6,20
31,ENSXETG00000004188,ISL1,isl1,xenopus_tropicalis,16,1,13,2,16
31,FBgn0003896,ISL1,tup,drosophila_melanogaster,19,3,7,9,19
31,WBGene00002989,ISL1,lim-7,caenorhabditis_elegans,11,1,7,3,11
34,ENSG00000020256,ZFP64,ZFP64,homo_sapiens,79,9,5,65,79
34,ENSMUSG00000027551,ZFP64,Zfp64,mus_musculus,33,4,5,24,33
34,ENSXETG00000012327,ZFP64,zfp64,xenopus_tropicalis,13,1,4,8,13
34,WBGene00009553,ZFP64,F39B2.1,caenorhabditis_elegans,7,1,1,5,7
35,ENSG00000020633,RUNX3,RUNX3,homo_sapiens,9,3,3,3,9
35,ENSMUSG00000070691,RUNX3,Runx3,mus_musculus,7,2,3,2,7
35,ENSXETG00000001029,RUNX3,runx3,xenopus_tropicalis,5,1,3,1,5
35,FBgn0003300,RUNX3,run,drosophila_melanogaster,10,3,4,3,10
35,WBGene00004393,RUNX3,rnt-1,caenorhabditis_elegans,3,1,1,1,3
36,ENSG00000025156,HSF2,HSF2,homo_sapiens,6,3,3,0,6
36,ENSMUSG00000019878,HSF2,Hsf2,mus_musculus,5,1,4,0,5
36,ENSXETG00000023290,HSF2,hsf2,xenopus_tropicalis,6,1,5,0,6
36,FBgn0001222,HSF2,Hsf,drosophila_melanogaster,5,4,1,0,5
36,WBGene00002004,HSF2,hsf-1,caenorhabditis_elegans,2,1,1,0,2
38,ENSG00000028277,POU2F2,POU2F2,homo_sapiens,49,14,16,19,49
38,ENSMUSG00000008496,POU2F2,Pou2f2,mus_musculus,25,9,15,16,25
38,ENSXETG00000033156,POU2F2,POU2F2,xenopus_tropicalis,21,1,16,4,21
38,FBgn0004394,POU2F2,pdm2,drosophila_melanogaster,15,4,5,8,15
38,WBGene00000441,POU2F2,ceh-18,caenorhabditis_elegans,11,3,3,5,11
41,ENSG00000029993,HMGB3,HMGB3,homo_sapiens,19,5,4,10,19
41,ENSXETG00000007740,HMGB3,hmgb3,xenopus_tropicalis,8,1,3,4,8
41,FBgn0011764,HMGB3,Dsp1,drosophila_melanogaster,22,7,1,14,22
41,WBGene00001972,HMGB3,hmg-1.2,caenorhabditis_elegans,16,5,1,10,16
43,ENSG00000032219,ARID4A,ARID4A,homo_sapiens,19,7,7,5,19
43,ENSMUSG00000048118,ARID4A,Arid4a,mus_musculus,5,3,7,2,5
43,ENSXETG00000011968,ARID4A,arid4a,xenopus_tropicalis,14,2,7,5,14
43,FBgn0085451,ARID4A,CG34422,drosophila_melanogaster,6,2,3,1,6
43,WBGene00044689,ARID4A,arid-1,caenorhabditis_elegans,5,1,3,1,5
44,ENSG00000033800,PIAS1,PIAS1,homo_sapiens,14,2,6,6,14
44,ENSMUSG00000032405,PIAS1,Pias1,mus_musculus,10,1,6,3,10
44,ENSXETG00000007813,PIAS1,pias1,xenopus_tropicalis,10,1,6,3,10
44,FBgn0003612,PIAS1,Su(var)2-10,drosophila_melanogaster,58,14,2,42,58
44,WBGene00001574,PIAS1,gei-17,caenorhabditis_elegans,46,15,1,30,46
47,ENSG00000039600,SOX30,SOX30,homo_sapiens,10,3,4,3,10
47,ENSMUSG00000040489,SOX30,Sox30,mus_musculus,6,1,4,1,6
47,FBgn0039938,SOX30,Sox102F,drosophila_melanogaster,9,4,1,4,9
47,WBGene00015716,SOX30,sox-4,caenorhabditis_elegans,4,1,2,1,4
50,ENSG00000043355,ZIC2,ZIC2,homo_sapiens,28,2,18,8,28
50,ENSMUSG00000061524,ZIC2,Zic2,mus_musculus,23,1,18,4,23
50,FBgn0003002,ZIC2,opa,drosophila_melanogaster,12,1,0,4,12
50,WBGene00004335,ZIC2,ref-2,caenorhabditis_elegans,18,3,3,12,18
56,ENSG00000053254,FOXN3,FOXN3,homo_sapiens,26,12,6,8,26
56,ENSMUSG00000033713,FOXN3,Foxn3,mus_musculus,18,7,6,5,18
56,ENSXETG00000016645,FOXN3,foxn3,xenopus_tropicalis,11,2,5,4,11
56,FBgn0029504,FOXN3,CHES-1-like,drosophila_melanogaster,10,4,2,4,10
56,WBGene00001440,FOXN3,fkh-8,caenorhabditis_elegans,5,2,1,2,5
57,ENSG00000054267,ARID4B,ARID4B,homo_sapiens,16,5,7,4,16
57,ENSMUSG00000039219,ARID4B,Arid4b,mus_musculus,18,6,7,5,18
57,ENSXETG00000024651,ARID4B,arid4b,xenopus_tropicalis,12,2,7,3,12
57,FBgn0085451,ARID4B,CG34422,drosophila_melanogaster,6,2,3,1,6
57,WBGene00044689,ARID4B,arid-1,caenorhabditis_elegans,5,1,3,1,5
59,ENSG00000057657,PRDM1,PRDM1,homo_sapiens,29,6,2,21,29
59,ENSMUSG00000038151,PRDM1,Prdm1,mus_musculus,14,2,2,10,14
59,ENSXETG00000008674,PRDM1,prdm1,xenopus_tropicalis,7,1,1,5,7
59,FBgn0035625,PRDM1,Blimp-1,drosophila_melanogaster,37,6,1,30,37
59,WBGene00003847,PRDM1,blmp-1,caenorhabditis_elegans,15,2,1,12,15
60,ENSG00000057935,MTA3,MTA3,homo_sapiens,26,6,5,15,26
60,ENSMUSG00000055817,MTA3,Mta3,mus_musculus,26,6,6,14,26
60,FBgn0027951,MTA3,MTA1-like,drosophila_melanogaster,22,4,2,16,22
60,WBGene00003025,MTA3,lin-40,caenorhabditis_elegans,18,4,2,12,18
61,ENSG00000059728,MXD1,MXD1,homo_sapiens,9,3,4,2,9
61,ENSMUSG00000001156,MXD1,Mxd1,mus_musculus,8,2,4,2,8
61,ENSXETG00000033966,MXD1,mxd1,xenopus_tropicalis,7,1,4,2,7
61,WBGene00003163,MXD1,mdl-1,caenorhabditis_elegans,3,1,1,1,3
62,ENSG00000060138,YBX3,YBX3,homo_sapiens,6,3,3,0,6
62,ENSMUSG00000030189,YBX3,Ybx3,mus_musculus,5,2,3,0,5
62,ENSXETG00000016239,YBX3,ybx3,xenopus_tropicalis,5,2,3,0,5
62,FBgn0022959,YBX3,yps,drosophila_melanogaster,3,2,1,0,3
62,WBGene00000472,YBX3,cey-1,caenorhabditis_elegans,1,1,0,0,1
63,ENSG00000060566,CREB3L3,CREB3L3,homo_sapiens,12,4,5,3,12
63,ENSMUSG00000035041,CREB3L3,Creb3l3,mus_musculus,7,1,5,1,7
63,WBGene00002783,CREB3L3,let-607,caenorhabditis_elegans,6,2,2,2,6
64,ENSG00000061455,PRDM6,PRDM6,homo_sapiens,9,1,3,5,9
64,ENSMUSG00000069378,PRDM6,Prdm6,mus_musculus,26,4,3,19,26
64,ENSXETG00000010261,PRDM6,prdm6,xenopus_tropicalis,8,1,3,4,8
64,WBGene00018567,PRDM6,F47E1.3,caenorhabditis_elegans,7,1,1,5,7
66,ENSG00000063515,GSC2,GSC2,homo_sapiens,15,1,13,1,15
66,ENSMUSG00000022738,GSC2,Gsc2,mus_musculus,15,1,13,1,15
66,FBgn0010323,GSC2,Gsc,drosophila_melanogaster,8,2,4,2,8
66,WBGene00022837,GSC2,ceh-45,caenorhabditis_elegans,12,2,8,2,12
68,ENSG00000064195,DLX3,DLX3,homo_sapiens,25,2,21,2,25
68,ENSMUSG00000001510,DLX3,Dlx3,mus_musculus,24,1,22,1,24
68,ENSXETG00000021919,DLX3,dlx3,xenopus_tropicalis,25,1,23,1,25
68,WBGene00000463,DLX3,ceh-43,caenorhabditis_elegans,11,1,9,1,11
69,ENSG00000064218,DMRT3,DMRT3,homo_sapiens,9,2,6,1,9
69,ENSMUSG00000042372,DMRT3,Dmrt3,mus_musculus,8,1,6,1,8
69,ENSXETG00000015285,DMRT3,dmrt3,xenopus_tropicalis,6,1,5,1,6
69,WBGene00017326,DMRT3,dmd-5,caenorhabditis_elegans,8,1,6,1,8
70,ENSG00000064489,BORCS8-MEF2B,BORCS8-MEF2B,homo_sapiens,9,2,5,2,9
70,FBgn0011656,BORCS8-MEF2B,Mef2,drosophila_melanogaster,15,7,1,7,15
70,WBGene00003182,BORCS8-MEF2B,mef-2,caenorhabditis_elegans,3,1,1,1,3
73,ENSG00000064933,PMS1,PMS1,homo_sapiens,25,15,2,7,25
73,ENSMUSG00000026098,PMS1,Pms1,mus_musculus,11,6,3,2,11
73,ENSXETG00000009885,PMS1,pms1,xenopus_tropicalis,4,1,2,1,4
73,WBGene00004064,PMS1,pms-2,caenorhabditis_elegans,3,2,1,0,3
74,ENSG00000064961,HMG20B,HMG20B,homo_sapiens,12,6,2,4,12
74,ENSMUSG00000020232,HMG20B,Hmg20b,mus_musculus,16,7,2,7,16
74,ENSXETG00000022092,HMG20B,hmg20b,xenopus_tropicalis,6,2,2,2,6
74,FBgn0026582,HMG20B,Hmg-2,drosophila_melanogaster,3,1,1,1,3
74,WBGene00012209,HMG20B,hmg-20,caenorhabditis_elegans,3,1,1,1,3
77,ENSG00000065978,YBX1,YBX1,homo_sapiens,7,4,3,0,7
77,ENSXETG00000013436,YBX1,ybx1,xenopus_tropicalis,5,1,3,1,5
77,FBgn0022959,YBX1,yps,drosophila_melanogaster,3,2,1,0,3
77,WBGene00000472,YBX1,cey-1,caenorhabditis_elegans,1,1,0,0,1
86,ENSG00000068305,MEF2A,MEF2A,homo_sapiens,21,9,5,7,21
86,ENSMUSG00000030557,MEF2A,Mef2a,mus_musculus,16,6,5,5,16
86,ENSXETG00000018788,MEF2A,mef2a,xenopus_tropicalis,7,2,3,2,7
86,FBgn0011656,MEF2A,Mef2,drosophila_melanogaster,15,7,1,7,15
86,WBGene00003182,MEF2A,mef-2,caenorhabditis_elegans,3,1,1,1,3
87,ENSG00000068323,TFE3,TFE3,homo_sapiens,6,1,4,1,6
87,ENSMUSG00000000134,TFE3,Tfe3,mus_musculus,19,8,4,7,19
87,ENSXETG00000019114,TFE3,tfe3,xenopus_tropicalis,6,1,4,1,6
87,FBgn0263112,TFE3,Mitf,drosophila_melanogaster,9,4,1,4,9
87,WBGene00020930,TFE3,hlh-30,caenorhabditis_elegans,24,12,1,12,24
88,ENSG00000069011,PITX1,PITX1,homo_sapiens,25,5,13,7,25
88,ENSMUSG00000021506,PITX1,Pitx1,mus_musculus,18,2,13,3,18
88,ENSXETG00000010401,PITX1,pitx1,xenopus_tropicalis,18,1,14,3,18
88,FBgn0020912,PITX1,Ptx1,drosophila_melanogaster,13,3,4,6,13
88,WBGene00006766,PITX1,unc-30,caenorhabditis_elegans,16,4,8,4,16
89,ENSG00000069667,RORA,RORA,homo_sapiens,18,6,8,4,18
89,ENSMUSG00000032238,RORA,Rora,mus_musculus,12,2,8,2,12
89,ENSXETG00000021123,RORA,rora,xenopus_tropicalis,12,1,10,1,12
89,FBgn0000448,RORA,Hr46,drosophila_melanogaster,21,7,8,6,21
89,WBGene00003622,RORA,nhr-23,caenorhabditis_elegans,21,6,10,5,21
93,ENSG00000071564,TCF3,TCF3,homo_sapiens,28,15,3,11,28
93,ENSMUSG00000020167,TCF3,Tcf3,mus_musculus,26,12,3,11,26
93,ENSXETG00000013589,TCF3,tcf3,xenopus_tropicalis,6,1,0,2,6
93,FBgn0000413,TCF3,da,drosophila_melanogaster,7,3,1,3,7
93,WBGene00001949,TCF3,hlh-2,caenorhabditis_elegans,3,1,1,1,3
95,ENSG00000072310,SREBF1,SREBF1,homo_sapiens,13,7,2,4,13
95,ENSMUSG00000020538,SREBF1,Srebf1,mus_musculus,8,3,2,3,8
95,ENSXETG00000012160,SREBF1,srebf1,xenopus_tropicalis,5,1,2,2,5
95,FBgn0261283,SREBF1,HLH106,drosophila_melanogaster,9,4,1,4,9
95,WBGene00004735,SREBF1,sbp-1,caenorhabditis_elegans,3,1,1,1,3
99,ENSG00000073584,SMARCE1,SMARCE1,homo_sapiens,24,13,1,10,24
99,ENSMUSG00000037935,SMARCE1,Smarce1,mus_musculus,3,1,1,1,3
99,ENSXETG00000021355,SMARCE1,smarce1,xenopus_tropicalis,8,2,1,5,8
99,FBgn0030093,SMARCE1,dalao,drosophila_melanogaster,3,1,1,1,3
99,WBGene00022182,SMARCE1,swsn-3,caenorhabditis_elegans,3,1,1,1,3
100,ENSG00000073614,KDM5A,KDM5A,homo_sapiens,30,6,5,19,30
100,ENSMUSG00000030180,KDM5A,Kdm5a,mus_musculus,14,2,5,7,14
100,ENSXETG00000003642,KDM5A,kdm5a,xenopus_tropicalis,12,1,5,6,12
100,WBGene00004319,KDM5A,rbr-2,caenorhabditis_elegans,11,2,1,8,11
101,ENSG00000073861,TBX21,TBX21,homo_sapiens,6,1,4,1,6
101,ENSMUSG00000001444,TBX21,Tbx21,mus_musculus,2,1,4,1,2
101,WBGene00006554,TBX21,tbx-35,caenorhabditis_elegans,14,1,12,1,14
103,ENSG00000074219,TEAD2,TEAD2,homo_sapiens,16,7,4,5,16
103,ENSMUSG00000030796,TEAD2,Tead2,mus_musculus,9,2,5,2,9
103,ENSXETG00000003395,TEAD2,tead4,xenopus_tropicalis,7,2,1,4,7
103,FBgn0003345,TEAD2,sd,drosophila_melanogaster,43,21,1,21,43
103,WBGene00001208,TEAD2,egl-44,caenorhabditis_elegans,11,5,1,5,11
107,ENSG00000075891,PAX2,PAX2,homo_sapiens,21,6,9,6,21
107,ENSMUSG00000004231,PAX2,Pax2,mus_musculus,15,3,9,3,15
107,ENSXETG00000014206,PAX2,pax2,xenopus_tropicalis,13,2,9,2,13
107,FBgn0005561,PAX2,sv,drosophila_melanogaster,24,7,10,7,24
107,WBGene00001204,PAX2,egl-38,caenorhabditis_elegans,9,1,7,1,9
108,ENSG00000076108,BAZ2A,BAZ2A,homo_sapiens,32,9,8,15,32
108,ENSMUSG00000040054,BAZ2A,Baz2a,mus_musculus,18,2,8,8,18
108,ENSXETG00000021782,BAZ2A,baz2a,xenopus_tropicalis,13,1,8,4,13
108,FBgn0033636,BAZ2A,tou,drosophila_melanogaster,31,5,5,21,31
108,WBGene00001470,BAZ2A,flt-1,caenorhabditis_elegans,9,1,4,4,9
112,ENSG00000078043,PIAS2,PIAS2,homo_sapiens,28,8,6,14,28
112,ENSMUSG00000025423,PIAS2,Pias2,mus_musculus,18,3,6,9,18
112,ENSXETG00000021519,PIAS2,pias2,xenopus_tropicalis,12,2,6,4,12
112,FBgn0003612,PIAS2,Su(var)2-10,drosophila_melanogaster,58,14,2,42,58
112,WBGene00001574,PIAS2,gei-17,caenorhabditis_elegans,46,15,1,30,46
113,ENSG00000078246,TULP3,TULP3,homo_sapiens,12,6,6,0,12
113,ENSMUSG00000001521,TULP3,Tulp3,mus_musculus,12,3,9,0,12
113,ENSXETG00000001314,TULP3,tulp3,xenopus_tropicalis,9,2,6,1,9
113,FBgn0015721,TULP3,ktub,drosophila_melanogaster,5,2,3,0,5
113,WBGene00006655,TULP3,tub-1,caenorhabditis_elegans,4,1,3,0,4
115,ENSG00000078403,MLLT10,MLLT10,homo_sapiens,30,10,9,11,30
115,ENSMUSG00000026743,MLLT10,Mllt10,mus_musculus,18,4,9,5,18
115,ENSXETG00000007391,MLLT10,mllt10,xenopus_tropicalis,17,2,9,6,17
115,FBgn0261238,MLLT10,Alh,drosophila_melanogaster,22,0,4,5,22
115,WBGene00006975,MLLT10,zfp-1,caenorhabditis_elegans,13,4,4,5,13
120,ENSG00000081059,TCF7,TCF7,homo_sapiens,27,14,4,9,27
120,ENSMUSG00000000782,TCF7,Tcf7,mus_musculus,8,2,4,2,8
120,ENSXETG00000016100,TCF7,tcf7,xenopus_tropicalis,6,1,4,1,6
120,FBgn0085432,TCF7,pan,drosophila_melanogaster,19,9,1,9,19
120,WBGene00004077,TCF7,pop-1,caenorhabditis_elegans,3,1,1,1,3
121,ENSG00000081189,MEF2C,MEF2C,homo_sapiens,56,27,5,24,56
121,ENSMUSG00000005583,MEF2C,Mef2c,mus_musculus,57,27,5,25,57
121,ENSXETG00000007038,MEF2C,mef2c,xenopus_tropicalis,7,2,3,2,7
121,FBgn0011656,MEF2C,Mef2,drosophila_melanogaster,15,7,1,7,15
121,WBGene00003182,MEF2C,mef-2,caenorhabditis_elegans,3,1,1,1,3
126,ENSG00000083307,GRHL2,GRHL2,homo_sapiens,9,3,6,0,9
126,ENSMUSG00000022286,GRHL2,Grhl2,mus_musculus,10,4,6,0,10
126,ENSXETG00000006632,GRHL2,grhl2,xenopus_tropicalis,7,1,6,0,7
126,FBgn0259211,GRHL2,grh,drosophila_melanogaster,10,8,2,0,10
126,WBGene00001707,GRHL2,grh-1,caenorhabditis_elegans,4,3,1,0,4
135,ENSG00000085274,MYNN,MYNN,homo_sapiens,45,3,16,26,45
135,ENSMUSG00000037730,MYNN,Mynn,mus_musculus,34,2,15,17,34
135,ENSXETG00000009218,MYNN,mynn,xenopus_tropicalis,29,2,17,10,29
135,WBGene00016154,MYNN,C27A12.2,caenorhabditis_elegans,7,1,1,5,7
136,ENSG00000085276,MECOM,MECOM,homo_sapiens,114,17,2,95,114
136,ENSMUSG00000027684,MECOM,Mecom,mus_musculus,96,11,2,83,96
136,ENSXETG00000022839,MECOM,mecom,xenopus_tropicalis,11,1,2,8,11
136,FBgn0011236,MECOM,ken,drosophila_melanogaster,6,1,3,3,6
136,WBGene00001207,MECOM,egl-43,caenorhabditis_elegans,8,2,1,6,8
138,ENSG00000086102,NFX1,NFX1,homo_sapiens,12,3,2,7,12
138,ENSMUSG00000028423,NFX1,Nfx1,mus_musculus,12,3,2,7,12
138,ENSXETG00000014997,NFX1,nfx1,xenopus_tropicalis,7,1,2,4,7
138,FBgn0001978,NFX1,stc,drosophila_melanogaster,14,4,2,8,14
138,WBGene00007048,NFX1,nfx-1,caenorhabditis_elegans,4,1,1,2,4
139,ENSG00000087510,TFAP2C,TFAP2C,homo_sapiens,7,2,5,0,7
139,ENSMUSG00000028640,TFAP2C,Tfap2c,mus_musculus,8,3,5,0,8
139,ENSXETG00000012025,TFAP2C,tfap2c,xenopus_tropicalis,6,1,5,0,6
139,FBgn0261953,TFAP2C,TfAP-2,drosophila_melanogaster,7,6,1,0,7
139,WBGene00019424,TFAP2C,aptf-1,caenorhabditis_elegans,5,1,4,0,5
142,ENSG00000088881,EBF4,EBF4,homo_sapiens,8,4,4,0,8
142,ENSMUSG00000053552,EBF4,Ebf4,mus_musculus,7,3,4,0,7
142,ENSXETG00000030294,EBF4,EBF4,xenopus_tropicalis,5,1,4,0,5
142,FBgn0001319,EBF4,kn,drosophila_melanogaster,6,5,1,0,6
142,WBGene00006743,EBF4,unc-3,caenorhabditis_elegans,2,1,1,0,2
143,ENSG00000089116,LHX5,LHX5,homo_sapiens,16,1,12,3,16
143,ENSMUSG00000029595,LHX5,Lhx5,mus_musculus,16,1,12,3,16
143,ENSXETG00000017665,LHX5,lhx5,xenopus_tropicalis,17,1,13,3,17
143,FBgn0026411,LHX5,Lim1,drosophila_melanogaster,13,2,7,4,13
143,WBGene00003000,LHX5,lin-11,caenorhabditis_elegans,11,1,7,3,11
146,ENSG00000089486,CDIP1,CDIP1,homo_sapiens,14,12,2,0,14
146,ENSMUSG00000004071,CDIP1,Cdip1,mus_musculus,7,4,3,0,7
146,ENSXETG00000013161,CDIP1,cdip1,xenopus_tropicalis,5,1,2,2,5
146,FBgn0052280,CDIP1,CG32280,drosophila_melanogaster,6,4,2,0,6
146,WBGene00009484,CDIP1,F36G3.3,caenorhabditis_elegans,2,1,1,0,2
147,ENSG00000089775,ZBTB25,ZBTB25,homo_sapiens,29,4,16,9,29
147,ENSMUSG00000056459,ZBTB25,Zbtb25,mus_musculus,33,6,15,12,33
147,ENSXETG00000022529,ZBTB25,zbtb25,xenopus_tropicalis,21,1,17,3,21
147,WBGene00016154,ZBTB25,C27A12.2,caenorhabditis_elegans,7,1,1,5,7
148,ENSG00000089902,RCOR1,RCOR1,homo_sapiens,9,1,5,3,9
148,ENSMUSG00000037896,RCOR1,Rcor1,mus_musculus,13,2,5,6,13
148,ENSXETG00000012743,RCOR1,rcor1,xenopus_tropicalis,7,1,5,1,7
148,FBgn0261573,RCOR1,CoRest,drosophila_melanogaster,36,10,2,24,36
148,WBGene00022278,RCOR1,rcor-1,caenorhabditis_elegans,20,4,3,13,20
149,ENSG00000090447,TFAP4,TFAP4,homo_sapiens,5,2,1,2,5
149,ENSMUSG00000005718,TFAP4,Tfap4,mus_musculus,3,1,1,1,3
149,ENSXETG00000033922,TFAP4,tfap4,xenopus_tropicalis,3,1,1,1,3
149,FBgn0001994,TFAP4,crp,drosophila_melanogaster,5,2,1,2,5
149,WBGene00001955,TFAP4,hlh-11,caenorhabditis_elegans,10,5,1,4,10
151,ENSG00000090661,CERS4,CERS4,homo_sapiens,23,9,5,9,23
151,ENSMUSG00000008206,CERS4,Cers4,mus_musculus,9,2,5,2,9
151,FBgn0040918,CERS4,schlank,drosophila_melanogaster,7,2,1,4,7
151,WBGene00002043,CERS4,hyl-1,caenorhabditis_elegans,11,4,3,4,11
152,ENSG00000091010,POU4F3,POU4F3,homo_sapiens,19,1,16,2,19
152,ENSMUSG00000024497,POU4F3,Pou4f3,mus_musculus,18,1,15,2,18
152,ENSXETG00000032363,POU4F3,POU4F3,xenopus_tropicalis,20,1,16,3,20
152,FBgn0000028,POU4F3,acj6,drosophila_melanogaster,44,13,5,26,44
152,WBGene00006818,POU4F3,unc-86,caenorhabditis_elegans,9,2,3,4,9
153,ENSG00000091656,ZFHX4,ZFHX4,homo_sapiens,28,6,3,22,28
153,ENSMUSG00000025255,ZFHX4,Zfhx4,mus_musculus,37,4,3,30,37
153,ENSXETG00000017151,ZFHX4,zfhx4,xenopus_tropicalis,17,1,3,13,17
153,FBgn0004607,ZFHX4,zfh2,drosophila_melanogaster,33,3,1,29,33
153,WBGene00022518,ZFHX4,zfh-2,caenorhabditis_elegans,40,6,1,41,40
155,ENSG00000092067,CEBPE,CEBPE,homo_sapiens,7,1,5,1,7
155,ENSMUSG00000052435,CEBPE,Cebpe,mus_musculus,6,1,4,1,6
155,ENSXETG00000032559,CEBPE,CEBPE,xenopus_tropicalis,7,1,5,1,7
155,WBGene00016754,CEBPE,cebp-2,caenorhabditis_elegans,3,1,1,1,3
156,ENSG00000092203,TOX4,TOX4,homo_sapiens,11,4,5,2,11
156,ENSMUSG00000016831,TOX4,Tox4,mus_musculus,7,1,5,1,7
156,ENSXETG00000017183,TOX4,tox4,xenopus_tropicalis,10,2,5,3,10
156,FBgn0035238,TOX4,CG12104,drosophila_melanogaster,12,3,6,3,12
156,WBGene00009827,TOX4,hmg-6,caenorhabditis_elegans,6,1,4,1,6
159,ENSG00000095794,CREM,CREM,homo_sapiens,82,34,3,46,82
159,ENSMUSG00000063889,CREM,Crem,mus_musculus,90,32,3,55,90
159,FBgn0265784,CREM,CrebB,drosophila_melanogaster,24,8,1,15,24
159,WBGene00000793,CREM,crh-1,caenorhabditis_elegans,20,7,1,12,20
160,ENSG00000095951,HIVEP1,HIVEP1,homo_sapiens,20,8,4,8,20
160,ENSMUSG00000021366,HIVEP1,Hivep1,mus_musculus,9,1,4,4,9
160,ENSXETG00000015441,HIVEP1,hivep1,xenopus_tropicalis,9,1,3,5,9
160,FBgn0003396,HIVEP1,shn,drosophila_melanogaster,49,6,1,42,49
160,WBGene00004862,HIVEP1,sma-9,caenorhabditis_elegans,71,14,1,51,71
161,ENSG00000096401,CDC5L,CDC5L,homo_sapiens,4,1,1,2,4
161,ENSMUSG00000023932,CDC5L,Cdc5l,mus_musculus,4,1,1,2,4
161,ENSXETG00000007885,CDC5L,cdc5l,xenopus_tropicalis,4,1,1,2,4
161,FBgn0265574,CDC5L,Cdc5,drosophila_melanogaster,7,2,1,4,7
161,WBGene00008386,CDC5L,D1081.8,caenorhabditis_elegans,4,1,1,2,4
167,ENSG00000100219,XBP1,XBP1,homo_sapiens,11,5,1,5,11
167,ENSMUSG00000020484,XBP1,Xbp1,mus_musculus,7,3,1,3,7
167,ENSXETG00000027416,XBP1,xbp1,xenopus_tropicalis,3,1,1,1,3
167,FBgn0021872,XBP1,Xbp1,drosophila_melanogaster,5,2,1,2,5
167,WBGene00006959,XBP1,xbp-1,caenorhabditis_elegans,7,3,1,2,7
169,ENSG00000100426,ZBED4,ZBED4,homo_sapiens,8,1,3,4,8
169,ENSMUSG00000034333,ZBED4,Zbed4,mus_musculus,8,1,3,4,8
169,ENSXETG00000014526,ZBED4,zbed4,xenopus_tropicalis,15,1,10,4,15
169,FBgn0031874,ZBED4,CG13775,drosophila_melanogaster,6,3,1,2,6
169,WBGene00010704,ZBED4,K09A11.1,caenorhabditis_elegans,6,1,4,1,6
174,ENSG00000100987,VSX1,VSX1,homo_sapiens,13,4,3,4,13
174,ENSMUSG00000033080,VSX1,Vsx1,mus_musculus,6,1,3,2,6
174,ENSXETG00000012786,VSX1,vsx1,xenopus_tropicalis,5,1,3,1,5
174,FBgn0263512,VSX1,Vsx2,drosophila_melanogaster,13,2,5,6,13
174,WBGene00000435,VSX1,ceh-10,caenorhabditis_elegans,6,1,3,2,6
175,ENSG00000101057,MYBL2,MYBL2,homo_sapiens,12,2,4,6,12
175,ENSMUSG00000017861,MYBL2,Mybl2,mus_musculus,9,2,4,3,9
175,ENSXETG00000012125,MYBL2,mybl2,xenopus_tropicalis,5,1,4,3,5
175,FBgn0002914,MYBL2,Myb,drosophila_melanogaster,15,4,2,9,15
175,WBGene00001568,MYBL2,snpc-4,caenorhabditis_elegans,13,2,1,10,13
176,ENSG00000101076,HNF4A,HNF4A,homo_sapiens,28,8,12,8,28
176,ENSMUSG00000017950,HNF4A,Hnf4a,mus_musculus,20,4,12,4,20
176,ENSXETG00000001775,HNF4A,hnf4a,xenopus_tropicalis,16,1,14,1,16
176,FBgn0004914,HNF4A,Hnf4,drosophila_melanogaster,16,5,6,5,16
176,WBGene00003654,HNF4A,nhr-64,caenorhabditis_elegans,8,2,4,2,8
178,ENSG00000101115,SALL4,SALL4,homo_sapiens,18,3,4,11,18
178,ENSMUSG00000027547,SALL4,Sall4,mus_musculus,22,5,4,13,22
178,ENSXETG00000012326,SALL4,sall4,xenopus_tropicalis,12,1,4,7,12
178,FBgn0000287,SALL4,salr,drosophila_melanogaster,26,3,2,21,26
178,WBGene00004773,SALL4,sem-4,caenorhabditis_elegans,7,1,1,5,7
181,ENSG00000101216,GMEB2,GMEB2,homo_sapiens,8,3,2,3,8
181,ENSMUSG00000038705,GMEB2,Gmeb2,mus_musculus,6,2,2,2,6
181,ENSXETG00000016232,GMEB2,gmeb2,xenopus_tropicalis,4,1,2,1,4
181,WBGene00015285,GMEB2,gmeb-1,caenorhabditis_elegans,6,1,4,1,6
182,ENSG00000101412,E2F1,E2F1,homo_sapiens,7,1,6,0,7
182,ENSMUSG00000027490,E2F1,E2f1,mus_musculus,8,2,6,0,8
182,ENSXETG00000021428,E2F1,e2f1,xenopus_tropicalis,5,1,4,0,5
182,FBgn0011766,E2F1,E2f1,drosophila_melanogaster,8,6,2,0,8
182,WBGene00001162,E2F1,efl-2,caenorhabditis_elegans,2,4,2,0,2
187,ENSG00000102034,ELF4,ELF4,homo_sapiens,19,4,12,3,19
187,ENSMUSG00000031103,ELF4,Elf4,mus_musculus,14,3,11,3,14
187,FBgn0000567,ELF4,Eip74EF,drosophila_melanogaster,13,5,3,5,13
187,WBGene00016029,ELF4,elf-1,caenorhabditis_elegans,16,4,8,4,16
188,ENSG00000102145,GATA1,GATA1,homo_sapiens,12,2,6,4,12
188,ENSMUSG00000031162,GATA1,Gata1,mus_musculus,11,3,6,2,11
188,ENSXETG00000018547,GATA1,gata1,xenopus_tropicalis,9,1,6,2,9
188,FBgn0001138,GATA1,grn,drosophila_melanogaster,11,3,5,6,11
188,WBGene00001249,GATA1,elt-1,caenorhabditis_elegans,21,6,5,10,21
191,ENSG00000102804,TSC22D1,TSC22D1,homo_sapiens,11,7,4,0,11
191,ENSMUSG00000022010,TSC22D1,Tsc22d1,mus_musculus,14,10,4,0,14
191,ENSXETG00000014776,TSC22D1,tsc22d1,xenopus_tropicalis,6,1,5,0,6
191,FBgn0259176,TSC22D1,bun,drosophila_melanogaster,11,10,1,0,11
191,WBGene00016269,TSC22D1,C30G4.4,caenorhabditis_elegans,27,24,3,0,27
193,ENSG00000102878,HSF4,HSF4,homo_sapiens,11,8,3,0,11
193,ENSMUSG00000033249,HSF4,Hsf4,mus_musculus,9,5,4,0,9
193,ENSXETG00000030007,HSF4,HSF4,xenopus_tropicalis,6,1,5,0,6
193,FBgn0001222,HSF4,Hsf,drosophila_melanogaster,5,4,1,0,5
193,WBGene00002004,HSF4,hsf-1,caenorhabditis_elegans,2,1,1,0,2
196,ENSG00000102974,CTCF,CTCF,homo_sapiens,26,2,5,19,26
196,ENSMUSG00000005698,CTCF,Ctcf,mus_musculus,17,1,5,11,17
196,ENSXETG00000015615,CTCF,ctcf,xenopus_tropicalis,28,2,4,22,28
196,FBgn0035769,CTCF,CTCF,drosophila_melanogaster,15,1,3,11,15
196,WBGene00009553,CTCF,F39B2.1,caenorhabditis_elegans,7,1,1,5,7
198,ENSG00000103241,FOXF1,FOXF1,homo_sapiens,2,1,14,1,2
198,ENSMUSG00000042812,FOXF1,Foxf1,mus_musculus,18,1,16,1,18
198,ENSXETG00000003565,FOXF1,foxf1,xenopus_tropicalis,17,1,14,2,17
198,FBgn0045759,FOXF1,bin,drosophila_melanogaster,8,1,6,1,8
198,WBGene00002601,FOXF1,let-381,caenorhabditis_elegans,7,1,5,1,7
199,ENSG00000103326,CAPN15,CAPN15,homo_sapiens,13,4,2,7,13
199,ENSMUSG00000037326,CAPN15,Capn15,mus_musculus,8,1,2,5,8
199,ENSXETG00000010331,CAPN15,capn15,xenopus_tropicalis,9,1,2,6,9
199,FBgn0003464,CAPN15,sol,drosophila_melanogaster,20,4,1,15,20
199,WBGene00011705,CAPN15,T11A5.6,caenorhabditis_elegans,13,3,8,2,13
201,ENSG00000103449,SALL1,SALL1,homo_sapiens,35,4,4,27,35
201,ENSMUSG00000031665,SALL1,Sall1,mus_musculus,14,1,4,9,14
201,ENSXETG00000018417,SALL1,sall1,xenopus_tropicalis,15,1,4,10,15
201,FBgn0000287,SALL1,salr,drosophila_melanogaster,26,3,2,21,26
201,WBGene00004773,SALL1,sem-4,caenorhabditis_elegans,7,1,1,5,7
202,ENSG00000103460,TOX3,TOX3,homo_sapiens,10,3,5,2,10
202,ENSMUSG00000043668,TOX3,Tox3,mus_musculus,10,3,5,2,10
202,ENSXETG00000006442,TOX3,tox3,xenopus_tropicalis,11,2,5,4,11
202,FBgn0035238,TOX3,CG12104,drosophila_melanogaster,12,3,6,3,12
202,WBGene00009827,TOX3,hmg-6,caenorhabditis_elegans,6,1,4,1,6
205,ENSG00000104177,MYEF2,MYEF2,homo_sapiens,21,7,2,12,21
205,ENSMUSG00000027201,MYEF2,Myef2,mus_musculus,26,6,3,17,26
205,ENSXETG00000018412,MYEF2,myef2,xenopus_tropicalis,16,2,2,12,16
205,FBgn0267790,MYEF2,rump,drosophila_melanogaster,7,2,1,4,7
205,WBGene00007706,MYEF2,C25A1.4,caenorhabditis_elegans,9,2,1,6,9
207,ENSG00000104804,TULP2,TULP2,homo_sapiens,5,5,6,0,5
207,ENSMUSG00000023467,TULP2,Tulp2,mus_musculus,11,2,9,0,11
207,ENSXETG00000021227,TULP2,tulp2,xenopus_tropicalis,7,1,6,0,7
207,FBgn0015721,TULP2,ktub,drosophila_melanogaster,5,2,3,0,5
207,WBGene00006655,TULP2,tub-1,caenorhabditis_elegans,4,1,3,0,4
211,ENSG00000105229,PIAS4,PIAS4,homo_sapiens,10,1,6,3,10
211,ENSMUSG00000004934,PIAS4,Pias4,mus_musculus,11,2,6,3,11
211,ENSXETG00000006386,PIAS4,pias4,xenopus_tropicalis,12,2,6,4,12
211,FBgn0003612,PIAS4,Su(var)2-10,drosophila_melanogaster,58,14,2,42,58
211,WBGene00001574,PIAS4,gei-17,caenorhabditis_elegans,46,15,1,30,46
212,ENSG00000105261,OVOL3,OVOL3,homo_sapiens,11,2,3,6,11
212,ENSMUSG00000100512,OVOL3,Ovol3,mus_musculus,7,1,3,3,7
212,ENSXETG00000030032,OVOL3,OVOL3,xenopus_tropicalis,11,2,3,6,11
212,FBgn0003028,OVOL3,ovo,drosophila_melanogaster,18,5,1,15,18
212,WBGene00003033,OVOL3,lin-48,caenorhabditis_elegans,5,1,1,3,5
214,ENSG00000105419,MEIS3,MEIS3,homo_sapiens,27,10,9,8,27
214,ENSMUSG00000041420,MEIS3,Meis3,mus_musculus,15,4,9,2,15
214,ENSXETG00000002807,MEIS3,meis3,xenopus_tropicalis,9,1,7,1,9
214,FBgn0001235,MEIS3,hth,drosophila_melanogaster,10,5,3,2,10
214,WBGene00006796,MEIS3,unc-62,caenorhabditis_elegans,19,10,1,8,19
216,ENSG00000105516,DBP,DBP,homo_sapiens,10,4,3,3,10
216,ENSMUSG00000059824,DBP,Dbp,mus_musculus,5,1,3,1,5
216,ENSXETG00000003160,DBP,dbp,xenopus_tropicalis,5,1,3,1,5
216,FBgn0016694,DBP,Pdp1,drosophila_melanogaster,29,13,3,13,29
216,WBGene00000469,DBP,ces-2,caenorhabditis_elegans,4,1,2,1,4
217,ENSG00000105610,KLF1,KLF1,homo_sapiens,16,1,12,3,16
217,ENSMUSG00000054191,KLF1,Klf1,mus_musculus,17,1,13,3,17
217,ENSXETG00000001058,KLF1,klf17,xenopus_tropicalis,15,1,11,3,15
217,WBGene00018990,KLF1,klf-1,caenorhabditis_elegans,11,2,3,6,11
218,ENSG00000105672,ETV2,ETV2,homo_sapiens,14,8,0,6,14
218,ENSMUSG00000006311,ETV2,Etv2,mus_musculus,2,1,13,1,2
218,ENSXETG00000027926,ETV2,etv2,xenopus_tropicalis,14,1,12,1,14
218,FBgn0003118,ETV2,pnt,drosophila_melanogaster,15,4,5,6,15
218,WBGene00016600,ETV2,ets-5,caenorhabditis_elegans,6,2,2,2,6
220,ENSG00000105708,ZNF14,ZNF14,homo_sapiens,59,1,38,20,59
220,WBGene00021931,ZNF14,Y55F3AM.14,caenorhabditis_elegans,13,1,1,11,13
221,ENSG00000105717,PBX4,PBX4,homo_sapiens,6,1,4,1,6
221,ENSMUSG00000031860,PBX4,Pbx4,mus_musculus,7,2,4,1,7
221,FBgn0000611,PBX4,exd,drosophila_melanogaster,9,4,1,4,9
221,WBGene00000443,PBX4,ceh-20,caenorhabditis_elegans,5,1,3,1,5
222,ENSG00000105722,ERF,ERF,homo_sapiens,17,4,13,4,17
222,ENSMUSG00000040857,ERF,Erf,mus_musculus,17,2,13,2,17
222,ENSXETG00000012067,ERF,erf,xenopus_tropicalis,18,2,12,4,18
222,FBgn0005660,ERF,Ets21C,drosophila_melanogaster,16,4,5,7,16
222,WBGene00016600,ERF,ets-5,caenorhabditis_elegans,6,2,2,2,6
225,ENSG00000105821,DNAJC2,DNAJC2,homo_sapiens,15,5,2,8,15
225,ENSMUSG00000029014,DNAJC2,Dnajc2,mus_musculus,16,4,2,10,16
225,ENSXETG00000023108,DNAJC2,dnajc2,xenopus_tropicalis,8,2,2,4,8
225,FBgn0037051,DNAJC2,CG10565,drosophila_melanogaster,10,2,2,6,10
225,WBGene00001029,DNAJC2,dnj-11,caenorhabditis_elegans,6,1,2,3,6
227,ENSG00000105866,SP4,SP4,homo_sapiens,20,2,15,3,20
227,ENSMUSG00000025323,SP4,Sp4,mus_musculus,19,1,15,3,19
227,ENSXETG00000007429,SP4,sp4,xenopus_tropicalis,21,1,14,6,21
227,FBgn0039169,SP4,Spps,drosophila_melanogaster,12,2,4,6,12
227,WBGene00011926,SP4,sptf-2,caenorhabditis_elegans,6,1,2,3,6
228,ENSG00000105880,DLX5,DLX5,homo_sapiens,25,2,21,2,25
228,ENSMUSG00000029755,DLX5,Dlx5,mus_musculus,25,2,22,1,25
228,ENSXETG00000016572,DLX5,dlx5,xenopus_tropicalis,2,1,23,1,2
228,WBGene00000463,DLX5,ceh-43,caenorhabditis_elegans,11,1,9,1,11
229,ENSG00000105967,TFEC,TFEC,homo_sapiens,14,5,4,5,14
229,ENSMUSG00000029553,TFEC,Tfec,mus_musculus,7,2,4,1,7
229,ENSXETG00000011566,TFEC,tfec,xenopus_tropicalis,6,1,4,1,6
229,FBgn0263112,TFEC,Mitf,drosophila_melanogaster,9,4,1,4,9
229,WBGene00020930,TFEC,hlh-30,caenorhabditis_elegans,24,12,1,12,24
230,ENSG00000105991,HOXA1,HOXA1,homo_sapiens,23,2,20,1,23
230,ENSMUSG00000029844,HOXA1,Hoxa1,mus_musculus,23,2,20,1,23
230,ENSXETG00000000715,HOXA1,hoxa1,xenopus_tropicalis,25,1,22,2,25
230,FBgn0002522,HOXA1,lab,drosophila_melanogaster,15,2,11,2,15
230,WBGene00000437,HOXA1,ceh-13,caenorhabditis_elegans,8,1,6,1,8
231,ENSG00000105996,HOXA2,HOXA2,homo_sapiens,22,1,20,1,22
231,ENSMUSG00000014704,HOXA2,Hoxa2,mus_musculus,22,1,20,1,22
231,ENSXETG00000000716,HOXA2,hoxa2,xenopus_tropicalis,24,1,22,1,24
231,FBgn0051481,HOXA2,pb,drosophila_melanogaster,19,4,11,4,19
231,WBGene00003102,HOXA2,mab-5,caenorhabditis_elegans,8,1,6,1,8
233,ENSG00000106004,HOXA5,HOXA5,homo_sapiens,18,1,16,1,18
233,ENSMUSG00000038253,HOXA5,Hoxa5,mus_musculus,17,1,15,1,17
233,ENSXETG00000000720,HOXA5,hoxa5,xenopus_tropicalis,16,1,14,1,16
233,WBGene00003024,HOXA5,lin-39,caenorhabditis_elegans,5,2,1,2,5
236,ENSG00000106038,EVX1,EVX1,homo_sapiens,24,3,20,1,24
236,ENSMUSG00000005503,EVX1,Evx1,mus_musculus,23,2,20,1,23
236,ENSXETG00000000736,EVX1,evx1,xenopus_tropicalis,26,2,22,2,26
236,FBgn0000606,EVX1,eve,drosophila_melanogaster,13,1,11,1,13
236,WBGene00006873,EVX1,vab-7,caenorhabditis_elegans,8,1,6,1,8
241,ENSG00000106511,MEOX2,MEOX2,homo_sapiens,22,1,20,1,22
241,ENSMUSG00000036144,MEOX2,Meox2,mus_musculus,22,1,20,1,22
241,ENSXETG00000005051,MEOX2,meox2,xenopus_tropicalis,27,2,22,3,27
241,FBgn0014949,MEOX2,btn,drosophila_melanogaster,13,1,11,1,13
241,WBGene00000436,MEOX2,ceh-12,caenorhabditis_elegans,8,1,6,1,8
243,ENSG00000106546,AHR,AHR,homo_sapiens,5,1,2,2,5
243,ENSMUSG00000019256,AHR,Ahr,mus_musculus,5,1,2,2,5
243,ENSXETG00000022784,AHR,ahr,xenopus_tropicalis,4,1,2,1,4
243,FBgn0003513,AHR,ss,drosophila_melanogaster,13,3,1,9,13
243,WBGene00000096,AHR,ahr-1,caenorhabditis_elegans,6,2,1,3,6
245,ENSG00000106689,LHX2,LHX2,homo_sapiens,25,4,12,9,25
245,ENSMUSG00000000247,LHX2,Lhx2,mus_musculus,26,4,12,10,26
245,ENSXETG00000020776,LHX2,lhx2,xenopus_tropicalis,17,1,13,3,17
245,FBgn0000099,LHX2,ap,drosophila_melanogaster,21,4,7,10,21
245,WBGene00006654,LHX2,ttx-3,caenorhabditis_elegans,15,2,7,6,15
246,ENSG00000106852,LHX6,LHX6,homo_sapiens,37,9,12,16,37
246,ENSMUSG00000026890,LHX6,Lhx6,mus_musculus,38,7,12,19,38
246,ENSXETG00000016325,LHX6,lhx6,xenopus_tropicalis,17,1,13,3,17
246,FBgn0013751,LHX6,Awh,drosophila_melanogaster,23,4,7,12,23
246,WBGene00002987,LHX6,lim-4,caenorhabditis_elegans,11,1,7,3,11
247,ENSG00000107175,CREB3,CREB3,homo_sapiens,9,2,5,2,9
247,ENSMUSG00000028466,CREB3,Creb3,mus_musculus,10,3,5,2,10
247,ENSXETG00000024221,CREB3,creb3,xenopus_tropicalis,8,2,4,2,8
247,WBGene00002783,CREB3,let-607,caenorhabditis_elegans,6,2,2,2,6
248,ENSG00000107187,LHX3,LHX3,homo_sapiens,24,3,12,9,24
248,ENSMUSG00000026934,LHX3,Lhx3,mus_musculus,20,2,12,6,20
248,ENSXETG00000000726,LHX3,lhx3,xenopus_tropicalis,16,1,13,2,16
248,FBgn0002023,LHX3,Lim3,drosophila_melanogaster,35,7,7,21,35
248,WBGene00000438,LHX3,ceh-14,caenorhabditis_elegans,11,1,7,3,11
250,ENSG00000107485,GATA3,GATA3,homo_sapiens,12,2,6,4,12
250,ENSMUSG00000015619,GATA3,Gata3,mus_musculus,10,2,6,2,10
250,ENSXETG00000025398,GATA3,gata3,xenopus_tropicalis,9,1,6,2,9
250,FBgn0001138,GATA3,grn,drosophila_melanogaster,11,3,5,6,11
250,WBGene00001249,GATA3,elt-1,caenorhabditis_elegans,21,6,5,10,21
252,ENSG00000107859,PITX3,PITX3,homo_sapiens,19,2,13,4,19
252,ENSMUSG00000025229,PITX3,Pitx3,mus_musculus,18,2,13,3,18
252,ENSXETG00000010022,PITX3,pitx3,xenopus_tropicalis,17,1,14,2,17
252,FBgn0020912,PITX3,Ptx1,drosophila_melanogaster,13,3,4,6,13
252,WBGene00006766,PITX3,unc-30,caenorhabditis_elegans,16,4,8,4,16
253,ENSG00000108001,EBF3,EBF3,homo_sapiens,7,3,4,0,7
253,ENSMUSG00000010476,EBF3,Ebf3,mus_musculus,8,4,4,0,8
253,ENSXETG00000011309,EBF3,ebf3,xenopus_tropicalis,6,2,4,0,6
253,FBgn0001319,EBF3,kn,drosophila_melanogaster,6,5,1,0,6
253,WBGene00006743,EBF3,unc-3,caenorhabditis_elegans,2,1,1,0,2
258,ENSG00000108509,CAMTA2,CAMTA2,homo_sapiens,24,6,2,16,24
258,ENSMUSG00000040712,CAMTA2,Camta2,mus_musculus,26,6,2,18,26
258,ENSXETG00000017389,CAMTA2,camta2,xenopus_tropicalis,7,1,2,4,7
258,FBgn0259234,CAMTA2,Camta,drosophila_melanogaster,29,7,1,21,29
258,WBGene00020251,CAMTA2,camt-1,caenorhabditis_elegans,11,3,1,7,11
261,ENSG00000108788,MLX,MLX,homo_sapiens,11,4,3,4,11
261,ENSMUSG00000017801,MLX,Mlx,mus_musculus,11,4,3,4,11
261,ENSXETG00000012035,MLX,mlx,xenopus_tropicalis,5,1,3,1,5
261,FBgn0039509,MLX,bigmax,drosophila_melanogaster,4,1,2,1,4
261,WBGene00003510,MLX,mxl-2,caenorhabditis_elegans,4,1,2,1,4
263,ENSG00000108924,HLF,HLF,homo_sapiens,13,5,3,5,13
263,ENSMUSG00000003949,HLF,Hlf,mus_musculus,6,2,3,1,6
263,ENSXETG00000004316,HLF,hlf,xenopus_tropicalis,5,1,3,1,5
263,FBgn0016694,HLF,Pdp1,drosophila_melanogaster,29,13,3,13,29
263,WBGene00000469,HLF,ces-2,caenorhabditis_elegans,4,1,2,1,4
265,ENSG00000109132,PHOX2B,PHOX2B,homo_sapiens,17,1,15,1,17
265,ENSMUSG00000012520,PHOX2B,Phox2b,mus_musculus,17,2,13,2,17
265,ENSXETG00000021083,PHOX2B,phox2b,xenopus_tropicalis,19,2,13,4,19
265,FBgn0025334,PHOX2B,PHDP,drosophila_melanogaster,12,1,10,1,12
265,WBGene00000440,PHOX2B,ceh-17,caenorhabditis_elegans,5,1,3,1,5
267,ENSG00000109381,ELF2,ELF2,homo_sapiens,25,7,12,7,25
267,ENSMUSG00000037174,ELF2,Elf2,mus_musculus,25,8,11,6,25
267,FBgn0000567,ELF2,Eip74EF,drosophila_melanogaster,13,5,3,5,13
267,WBGene00016029,ELF2,elf-1,caenorhabditis_elegans,16,4,8,4,16
273,ENSG00000110693,SOX6,SOX6,homo_sapiens,17,8,4,5,17
273,ENSMUSG00000051910,SOX6,Sox6,mus_musculus,22,10,4,8,22
273,ENSXETG00000016058,SOX6,sox6,xenopus_tropicalis,9,2,3,4,9
273,FBgn0039938,SOX6,Sox102F,drosophila_melanogaster,9,4,1,4,9
273,WBGene00001182,SOX6,egl-13,caenorhabditis_elegans,14,6,2,6,14
275,ENSG00000111046,MYF6,MYF6,homo_sapiens,6,1,4,1,6
275,ENSMUSG00000035923,MYF6,Myf6,mus_musculus,6,1,4,1,6
275,ENSXETG00000027340,MYF6,myf6,xenopus_tropicalis,6,1,4,1,6
275,FBgn0002922,MYF6,nau,drosophila_melanogaster,5,2,1,2,5
275,WBGene00001948,MYF6,hlh-1,caenorhabditis_elegans,7,3,1,3,7
276,ENSG00000111049,MYF5,MYF5,homo_sapiens,6,1,4,1,6
276,ENSMUSG00000000435,MYF5,Myf5,mus_musculus,6,1,4,1,6
276,ENSXETG00000014520,MYF5,myf5,xenopus_tropicalis,7,1,4,2,7
276,FBgn0002922,MYF5,nau,drosophila_melanogaster,5,2,1,2,5
276,WBGene00001948,MYF5,hlh-1,caenorhabditis_elegans,7,3,1,3,7
278,ENSG00000111145,ELK3,ELK3,homo_sapiens,20,4,12,4,20
278,ENSMUSG00000008398,ELK3,Elk3,mus_musculus,15,2,11,2,15
278,ENSXETG00000001891,ELK3,elk3,xenopus_tropicalis,20,3,10,7,20
278,WBGene00016798,ELK3,ets-8,caenorhabditis_elegans,12,2,8,2,12
279,ENSG00000111206,FOXM1,FOXM1,homo_sapiens,15,5,5,5,15
279,ENSMUSG00000001517,FOXM1,Foxm1,mus_musculus,13,4,5,4,13
279,ENSXETG00000001315,FOXM1,foxm1,xenopus_tropicalis,6,1,4,1,6
279,WBGene00003976,FOXM1,pes-1,caenorhabditis_elegans,7,2,3,2,7
280,ENSG00000111249,CUX2,CUX2,homo_sapiens,11,2,5,4,11
280,ENSMUSG00000042589,CUX2,Cux2,mus_musculus,22,5,5,12,22
280,ENSXETG00000011684,CUX2,cux2,xenopus_tropicalis,12,1,6,5,12
280,FBgn0004198,CUX2,ct,drosophila_melanogaster,22,4,2,16,22
280,WBGene00000464,CUX2,ceh-44,caenorhabditis_elegans,13,3,6,4,13
284,ENSG00000111783,RFX4,RFX4,homo_sapiens,18,6,8,4,18
284,ENSMUSG00000020037,RFX4,Rfx4,mus_musculus,12,3,8,1,12
284,ENSXETG00000014145,RFX4,rfx4,xenopus_tropicalis,8,1,7,0,8
284,WBGene00000914,RFX4,daf-19,caenorhabditis_elegans,11,5,1,4,11
285,ENSG00000112033,PPARD,PPARD,homo_sapiens,9,5,8,4,9
285,ENSMUSG00000002250,PPARD,Ppard,mus_musculus,12,2,8,2,12
285,ENSXETG00000015121,PPARD,ppard,xenopus_tropicalis,12,1,10,1,12
285,FBgn0004865,PPARD,Eip78C,drosophila_melanogaster,15,4,8,3,15
285,WBGene00004786,PPARD,sex-1,caenorhabditis_elegans,14,2,10,2,14
286,ENSG00000112041,TULP1,TULP1,homo_sapiens,10,4,6,0,10
286,ENSMUSG00000037446,TULP1,Tulp1,mus_musculus,13,4,9,0,13
286,ENSXETG00000000422,TULP1,tulp1,xenopus_tropicalis,8,1,6,1,8
286,FBgn0015721,TULP1,ktub,drosophila_melanogaster,5,2,3,0,5
286,WBGene00006655,TULP1,tub-1,caenorhabditis_elegans,4,1,3,0,4
289,ENSG00000112242,E2F3,E2F3,homo_sapiens,6,3,6,0,6
289,ENSMUSG00000016477,E2F3,E2f3,mus_musculus,8,2,6,0,8
289,ENSXETG00000000021,E2F3,e2f3,xenopus_tropicalis,6,1,4,1,6
289,FBgn0011766,E2F3,E2f1,drosophila_melanogaster,8,6,2,0,8
289,WBGene00001162,E2F3,efl-2,caenorhabditis_elegans,2,4,2,0,2
293,ENSG00000112561,TFEB,TFEB,homo_sapiens,29,16,4,9,29
293,ENSMUSG00000023990,TFEB,Tfeb,mus_musculus,21,12,4,5,21
293,ENSXETG00000011854,TFEB,tfeb,xenopus_tropicalis,8,2,4,2,8
293,FBgn0263112,TFEB,Mitf,drosophila_melanogaster,9,4,1,4,9
293,WBGene00020930,TFEB,hlh-30,caenorhabditis_elegans,24,12,1,12,24
294,ENSG00000112592,TBP,TBP,homo_sapiens,10,7,3,0,10
294,ENSMUSG00000014767,TBP,Tbp,mus_musculus,13,10,3,0,13
294,ENSXETG00000008556,TBP,tbp,xenopus_tropicalis,5,1,3,1,5
294,FBgn0003687,TBP,Tbp,drosophila_melanogaster,4,1,3,0,4
294,WBGene00006542,TBP,tbp-1,caenorhabditis_elegans,4,2,2,0,4
295,ENSG00000112658,SRF,SRF,homo_sapiens,3,1,1,1,3
295,ENSMUSG00000015605,SRF,Srf,mus_musculus,3,1,1,1,3
295,ENSXETG00000018511,SRF,srf,xenopus_tropicalis,4,1,1,2,4
295,FBgn0004101,SRF,bs,drosophila_melanogaster,7,3,1,3,7
295,WBGene00006844,SRF,unc-120,caenorhabditis_elegans,3,1,1,1,3
298,ENSG00000113387,SUB1,SUB1,homo_sapiens,7,6,1,0,7
298,ENSMUSG00000022205,SUB1,Sub1,mus_musculus,3,2,1,0,3
298,ENSXETG00000027218,SUB1,sub1,xenopus_tropicalis,2,1,1,0,2
298,WBGene00011743,SUB1,T13F2.2,caenorhabditis_elegans,2,1,1,0,2
301,ENSG00000113658,SMAD5,SMAD5,homo_sapiens,23,8,8,7,23
301,ENSMUSG00000021540,SMAD5,Smad5,mus_musculus,17,3,8,6,17
301,FBgn0011648,SMAD5,Mad,drosophila_melanogaster,10,2,4,4,10
301,WBGene00004856,SMAD5,sma-2,caenorhabditis_elegans,3,1,0,2,3
303,ENSG00000113722,CDX1,CDX1,homo_sapiens,5,2,3,2,5
303,ENSMUSG00000024619,CDX1,Cdx1,mus_musculus,5,1,3,1,5
303,ENSXETG00000010282,CDX1,cdx1,xenopus_tropicalis,6,1,3,2,6
303,FBgn0000251,CDX1,cad,drosophila_melanogaster,7,3,1,3,7
303,WBGene00003912,CDX1,pal-1,caenorhabditis_elegans,13,6,1,6,13
305,ENSG00000114126,TFDP2,TFDP2,homo_sapiens,19,16,3,0,19
305,ENSMUSG00000032411,TFDP2,Tfdp2,mus_musculus,15,13,2,0,15
305,ENSXETG00000014750,TFDP2,tfdp2,xenopus_tropicalis,3,1,2,0,3
305,FBgn0011763,TFDP2,Dp,drosophila_melanogaster,1,3,1,0,1
305,WBGene00001061,TFDP2,dpl-1,caenorhabditis_elegans,2,1,1,0,2
307,ENSG00000114439,BBX,BBX,homo_sapiens,36,21,2,13,36
307,ENSMUSG00000022641,BBX,Bbx,mus_musculus,13,6,2,5,13
307,ENSXETG00000016131,BBX,BBX,xenopus_tropicalis,6,1,2,3,6
307,FBgn0024251,BBX,bbx,drosophila_melanogaster,10,4,2,4,10
307,WBGene00001560,BBX,gei-3,caenorhabditis_elegans,6,3,1,2,6
312,ENSG00000115415,STAT1,STAT1,homo_sapiens,19,8,7,4,19
312,ENSMUSG00000026104,STAT1,Stat1,mus_musculus,14,8,7,7,14
312,ENSXETG00000004649,STAT1,stat1,xenopus_tropicalis,10,2,6,2,10
312,FBgn0016917,STAT1,Stat92E,drosophila_melanogaster,23,11,1,11,23
312,WBGene00013111,STAT1,sta-1,caenorhabditis_elegans,4,3,1,0,4
314,ENSG00000115568,ZNF142,ZNF142,homo_sapiens,46,5,3,38,46
314,ENSMUSG00000026135,ZNF142,Zfp142,mus_musculus,65,3,3,59,65
314,ENSXETG00000013837,ZNF142,znf142,xenopus_tropicalis,47,2,3,42,47
314,FBgn0001180,ZNF142,hb,drosophila_melanogaster,7,2,1,4,7
314,WBGene00001824,ZNF142,hbl-1,caenorhabditis_elegans,11,2,1,8,11
316,ENSG00000115816,CEBPZ,CEBPZ,homo_sapiens,4,3,1,0,4
316,ENSMUSG00000024081,CEBPZ,Cebpz,mus_musculus,2,1,1,0,2
316,ENSXETG00000000654,CEBPZ,cebpz,xenopus_tropicalis,3,1,1,1,3
316,FBgn0036124,CEBPZ,CG7839,drosophila_melanogaster,2,1,1,0,2
316,WBGene00009084,CEBPZ,F23B12.7,caenorhabditis_elegans,3,2,1,0,3
317,ENSG00000115844,DLX2,DLX2,homo_sapiens,25,2,21,2,25
317,ENSMUSG00000023391,DLX2,Dlx2,mus_musculus,24,1,22,1,24
317,ENSXETG00000007532,DLX2,dlx2,xenopus_tropicalis,25,1,23,1,25
317,WBGene00000463,DLX2,ceh-43,caenorhabditis_elegans,11,1,9,1,11
319,ENSG00000116016,EPAS1,EPAS1,homo_sapiens,20,2,13,5,20
319,ENSMUSG00000024140,EPAS1,Epas1,mus_musculus,17,1,13,3,17
319,ENSXETG00000026167,EPAS1,epas1,xenopus_tropicalis,15,1,11,3,15
319,FBgn0266411,EPAS1,sima,drosophila_melanogaster,19,4,6,9,19
319,WBGene00011327,EPAS1,hlh-34,caenorhabditis_elegans,6,1,3,2,6
320,ENSG00000116017,ARID3A,ARID3A,homo_sapiens,13,2,7,4,13
320,ENSMUSG00000019564,ARID3A,Arid3a,mus_musculus,17,4,7,6,17
320,ENSXETG00000021613,ARID3A,arid3a,xenopus_tropicalis,13,2,7,4,13
320,WBGene00000476,ARID3A,cfi-1,caenorhabditis_elegans,6,1,3,2,6
321,ENSG00000116035,VAX2,VAX2,homo_sapiens,9,1,7,1,9
321,ENSMUSG00000034777,VAX2,Vax2,mus_musculus,9,1,7,1,9
321,WBGene00000430,VAX2,ceh-5,caenorhabditis_elegans,9,1,7,1,9
323,ENSG00000116132,PRRX1,PRRX1,homo_sapiens,22,3,15,4,22
323,ENSMUSG00000026586,PRRX1,Prrx1,mus_musculus,20,3,13,4,20
323,ENSXETG00000004727,PRRX1,prrx1,xenopus_tropicalis,16,1,13,2,16
323,FBgn0034821,PRRX1,CG9876,drosophila_melanogaster,12,1,10,1,12
323,WBGene00044330,PRRX1,alr-1,caenorhabditis_elegans,5,1,3,1,5
326,ENSG00000116604,MEF2D,MEF2D,homo_sapiens,14,5,5,4,14
326,ENSMUSG00000001419,MEF2D,Mef2d,mus_musculus,13,4,5,4,13
326,ENSXETG00000020378,MEF2D,mef2d,xenopus_tropicalis,7,2,3,2,7
326,FBgn0011656,MEF2D,Mef2,drosophila_melanogaster,15,7,1,7,15
326,WBGene00003182,MEF2D,mef-2,caenorhabditis_elegans,3,1,1,1,3
329,ENSG00000116819,TFAP2E,TFAP2E,homo_sapiens,6,1,5,0,6
329,ENSMUSG00000042477,TFAP2E,Tfap2e,mus_musculus,6,1,5,0,6
329,ENSXETG00000027719,TFAP2E,tfap2e,xenopus_tropicalis,6,1,5,0,6
329,FBgn0261953,TFAP2E,TfAP-2,drosophila_melanogaster,7,6,1,0,7
329,WBGene00019424,TFAP2E,aptf-1,caenorhabditis_elegans,5,1,4,0,5
330,ENSG00000116833,NR5A2,NR5A2,homo_sapiens,20,5,12,4,20
330,ENSMUSG00000026398,NR5A2,Nr5a2,mus_musculus,22,5,12,5,22
330,ENSXETG00000000314,NR5A2,nr5a2,xenopus_tropicalis,15,1,13,1,15
330,FBgn0001078,NR5A2,ftz-f1,drosophila_melanogaster,8,4,4,4,8
330,WBGene00003623,NR5A2,nhr-25,caenorhabditis_elegans,7,4,2,1,7
334,ENSG00000117036,ETV3,ETV3,homo_sapiens,17,2,13,2,17
334,ENSMUSG00000003382,ETV3,Etv3,mus_musculus,19,3,13,3,19
334,ENSXETG00000018076,ETV3,etv3,xenopus_tropicalis,14,1,12,1,14
334,FBgn0005660,ETV3,Ets21C,drosophila_melanogaster,16,4,5,7,16
334,WBGene00016600,ETV3,ets-5,caenorhabditis_elegans,6,2,2,2,6
335,ENSG00000117139,KDM5B,KDM5B,homo_sapiens,23,3,5,15,23
335,ENSMUSG00000042207,KDM5B,Kdm5b,mus_musculus,18,2,5,11,18
335,ENSXETG00000007973,KDM5B,kdm5b,xenopus_tropicalis,11,1,5,5,11
335,WBGene00004319,KDM5B,rbr-2,caenorhabditis_elegans,11,2,1,8,11
339,ENSG00000117625,RCOR3,RCOR3,homo_sapiens,28,8,5,15,28
339,ENSMUSG00000037395,RCOR3,Rcor3,mus_musculus,26,7,5,14,26
339,ENSXETG00000005989,RCOR3,rcor3,xenopus_tropicalis,10,2,5,3,10
339,FBgn0261573,RCOR3,CoRest,drosophila_melanogaster,36,10,2,24,36
339,WBGene00022278,RCOR3,rcor-1,caenorhabditis_elegans,20,4,3,13,20
340,ENSG00000117707,PROX1,PROX1,homo_sapiens,8,6,2,0,8
340,ENSMUSG00000010175,PROX1,Prox1,mus_musculus,5,3,2,0,5
340,ENSXETG00000023176,PROX1,prox1,xenopus_tropicalis,3,1,1,1,3
340,FBgn0004595,PROX1,pros,drosophila_melanogaster,7,6,1,0,7
340,WBGene00000448,PROX1,pros-1,caenorhabditis_elegans,2,1,1,0,2
342,ENSG00000118156,ZNF541,ZNF541,homo_sapiens,27,4,3,20,27
342,ENSMUSG00000078796,ZNF541,Zfp541,mus_musculus,9,1,2,6,9
342,FBgn0037698,ZNF541,CG16779,drosophila_melanogaster,43,5,1,37,43
342,WBGene00010012,ZNF541,saeg-1,caenorhabditis_elegans,17,4,1,12,17
344,ENSG00000118260,CREB1,CREB1,homo_sapiens,24,10,3,11,24
344,ENSMUSG00000025958,CREB1,Creb1,mus_musculus,18,6,3,11,18
344,ENSXETG00000016392,CREB1,creb1,xenopus_tropicalis,5,1,2,2,5
344,FBgn0265784,CREB1,CrebB,drosophila_melanogaster,24,8,1,15,24
344,WBGene00000793,CREB1,crh-1,caenorhabditis_elegans,20,7,1,12,20
348,ENSG00000118513,MYB,MYB,homo_sapiens,60,14,4,42,60
348,ENSMUSG00000019982,MYB,Myb,mus_musculus,12,2,4,6,12
348,ENSXETG00000003725,MYB,myb,xenopus_tropicalis,8,1,4,3,8
348,FBgn0002914,MYB,Myb,drosophila_melanogaster,15,4,2,9,15
348,WBGene00001568,MYB,snpc-4,caenorhabditis_elegans,13,2,1,10,13
351,ENSG00000118689,FOXO3,FOXO3,homo_sapiens,10,3,5,2,10
351,ENSMUSG00000048756,FOXO3,Foxo3,mus_musculus,14,5,5,4,14
351,ENSXETG00000014847,FOXO3,foxo3,xenopus_tropicalis,6,1,4,1,6
351,FBgn0038197,FOXO3,foxo,drosophila_melanogaster,12,5,2,5,12
351,WBGene00000912,FOXO3,daf-16,caenorhabditis_elegans,22,10,3,9,22
355,ENSG00000119138,KLF9,KLF9,homo_sapiens,19,1,15,3,19
355,ENSMUSG00000033863,KLF9,Klf9,mus_musculus,18,1,15,3,18
355,ENSXETG00000019051,KLF9,klf9,xenopus_tropicalis,4,1,14,3,4
355,FBgn0043364,KLF9,cbt,drosophila_melanogaster,16,3,4,9,16
355,WBGene00012735,KLF9,sptf-3,caenorhabditis_elegans,6,1,2,3,6
356,ENSG00000119508,NR4A3,NR4A3,homo_sapiens,22,4,14,4,22
356,ENSMUSG00000028341,NR4A3,Nr4a3,mus_musculus,19,2,15,2,19
356,ENSXETG00000024016,NR4A3,nr4a2,xenopus_tropicalis,16,1,14,1,16
356,FBgn0014859,NR4A3,Hr38,drosophila_melanogaster,6,2,2,2,6
356,WBGene00003605,NR4A3,nhr-6,caenorhabditis_elegans,7,3,1,3,7
357,ENSG00000119547,ONECUT2,ONECUT2,homo_sapiens,8,1,5,2,8
357,ENSMUSG00000045991,ONECUT2,Onecut2,mus_musculus,11,2,5,4,11
357,ENSXETG00000031047,ONECUT2,ONECUT2,xenopus_tropicalis,8,1,6,1,8
357,FBgn0028996,ONECUT2,onecut,drosophila_melanogaster,8,2,2,4,8
357,WBGene00015934,ONECUT2,ceh-48,caenorhabditis_elegans,9,1,6,2,9
359,ENSG00000119608,PROX2,PROX2,homo_sapiens,5,3,2,0,5
359,ENSMUSG00000042320,PROX2,Prox2,mus_musculus,4,2,2,0,4
359,FBgn0004595,PROX2,pros,drosophila_melanogaster,7,6,1,0,7
359,WBGene00000448,PROX2,pros-1,caenorhabditis_elegans,2,1,1,0,2
363,ENSG00000119866,BCL11A,BCL11A,homo_sapiens,27,7,3,17,27
363,ENSMUSG00000000861,BCL11A,Bcl11a,mus_musculus,18,4,3,11,18
363,ENSXETG00000002206,BCL11A,bcl11a,xenopus_tropicalis,19,2,2,15,19
363,FBgn0029939,BCL11A,CG9650,drosophila_melanogaster,25,4,1,20,25
363,WBGene00017430,BCL11A,F13H6.1,caenorhabditis_elegans,13,3,1,9,13
365,ENSG00000119950,MXI1,MXI1,homo_sapiens,18,7,4,7,18
365,ENSMUSG00000025025,MXI1,Mxi1,mus_musculus,10,3,4,3,10
365,ENSXETG00000018714,MXI1,mxi1,xenopus_tropicalis,6,1,4,1,6
365,WBGene00003163,MXI1,mdl-1,caenorhabditis_elegans,3,1,1,1,3
367,ENSG00000120075,HOXB5,HOXB5,homo_sapiens,18,1,16,1,18
367,ENSMUSG00000038700,HOXB5,Hoxb5,mus_musculus,17,1,15,1,17
367,ENSXETG00000021978,HOXB5,hoxb5,xenopus_tropicalis,16,1,14,1,16
367,WBGene00003024,HOXB5,lin-39,caenorhabditis_elegans,5,2,1,2,5
369,ENSG00000120094,HOXB1,HOXB1,homo_sapiens,23,2,20,1,23
369,ENSMUSG00000018973,HOXB1,Hoxb1,mus_musculus,22,1,20,1,22
369,ENSXETG00000021964,HOXB1,hoxb1,xenopus_tropicalis,24,1,22,1,24
369,FBgn0002522,HOXB1,lab,drosophila_melanogaster,15,2,11,2,15
369,WBGene00000437,HOXB1,ceh-13,caenorhabditis_elegans,8,1,6,1,8
372,ENSG00000120690,ELF1,ELF1,homo_sapiens,21,5,12,4,21
372,ENSMUSG00000036461,ELF1,Elf1,mus_musculus,15,2,11,2,15
372,ENSXETG00000018893,ELF1,elf1,xenopus_tropicalis,12,1,10,1,12
372,FBgn0000567,ELF1,Eip74EF,drosophila_melanogaster,13,5,3,5,13
372,WBGene00016029,ELF1,elf-1,caenorhabditis_elegans,16,4,8,4,16
373,ENSG00000120693,SMAD9,SMAD9,homo_sapiens,17,3,8,6,17
373,ENSMUSG00000027796,SMAD9,Smad9,mus_musculus,11,1,8,2,11
373,ENSXETG00000001820,SMAD9,smad9,xenopus_tropicalis,13,1,10,2,13
373,FBgn0011648,SMAD9,Mad,drosophila_melanogaster,10,2,4,4,10
373,WBGene00004856,SMAD9,sma-2,caenorhabditis_elegans,3,1,0,2,3
374,ENSG00000120738,EGR1,EGR1,homo_sapiens,9,1,5,3,9
374,ENSMUSG00000038418,EGR1,Egr1,mus_musculus,13,2,5,6,13
374,ENSXETG00000006697,EGR1,egr1,xenopus_tropicalis,16,2,5,9,16
374,FBgn0003499,EGR1,sr,drosophila_melanogaster,19,5,2,12,19
374,WBGene00043705,EGR1,egrh-2,caenorhabditis_elegans,21,4,5,12,21
376,ENSG00000120798,NR2C1,NR2C1,homo_sapiens,22,6,12,4,22
376,ENSMUSG00000005897,NR2C1,Nr2c1,mus_musculus,18,3,12,3,18
376,ENSXETG00000023840,NR2C1,nr2c1,xenopus_tropicalis,16,1,14,1,16
376,FBgn0015239,NR2C1,Hr78,drosophila_melanogaster,18,6,6,6,18
376,WBGene00022423,NR2C1,nhr-41,caenorhabditis_elegans,18,7,4,6,18
377,ENSG00000120837,NFYB,NFYB,homo_sapiens,5,3,2,0,5
377,ENSMUSG00000020248,NFYB,Nfyb,mus_musculus,4,2,2,0,4
377,ENSXETG00000019656,NFYB,nfyb,xenopus_tropicalis,2,1,1,0,2
377,FBgn0032816,NFYB,Nf-YB,drosophila_melanogaster,4,2,2,0,4
377,WBGene00021132,NFYB,nfyb-1,caenorhabditis_elegans,2,1,1,0,2
378,ENSG00000121068,TBX2,TBX2,homo_sapiens,15,1,13,1,15
378,ENSMUSG00000000093,TBX2,Tbx2,mus_musculus,15,1,13,1,15
378,ENSXETG00000020557,TBX2,tbx2,xenopus_tropicalis,14,1,12,1,14
378,FBgn0000179,TBX2,bi,drosophila_melanogaster,22,7,8,7,22
378,WBGene00006543,TBX2,tbx-2,caenorhabditis_elegans,6,1,4,1,6
384,ENSG00000121454,LHX4,LHX4,homo_sapiens,16,1,12,3,16
384,ENSMUSG00000026468,LHX4,Lhx4,mus_musculus,19,2,12,5,19
384,ENSXETG00000034077,LHX4,LHX4,xenopus_tropicalis,17,1,13,3,17
384,FBgn0002023,LHX4,Lim3,drosophila_melanogaster,35,7,7,21,35
384,WBGene00000438,LHX4,ceh-14,caenorhabditis_elegans,11,1,7,3,11
389,ENSG00000122180,MYOG,MYOG,homo_sapiens,6,1,4,1,6
389,ENSMUSG00000026459,MYOG,Myog,mus_musculus,6,1,4,1,6
389,ENSXETG00000001704,MYOG,myog,xenopus_tropicalis,7,1,4,2,7
389,FBgn0002922,MYOG,nau,drosophila_melanogaster,5,2,1,2,5
389,WBGene00001948,MYOG,hlh-1,caenorhabditis_elegans,7,3,1,3,7
393,ENSG00000122691,TWIST1,TWIST1,homo_sapiens,13,1,11,1,13
393,ENSMUSG00000035799,TWIST1,Twist1,mus_musculus,13,1,11,1,13
393,ENSXETG00000010663,TWIST1,twist2,xenopus_tropicalis,13,1,11,1,13
393,FBgn0003900,TWIST1,twi,drosophila_melanogaster,11,3,5,3,11
393,WBGene00001953,TWIST1,hlh-8,caenorhabditis_elegans,4,1,2,1,4
394,ENSG00000122859,NEUROG3,NEUROG3,homo_sapiens,12,1,10,1,12
394,ENSMUSG00000044312,NEUROG3,Neurog3,mus_musculus,12,1,10,1,12
394,ENSXETG00000026423,NEUROG3,neurog3,xenopus_tropicalis,11,1,9,1,11
394,FBgn0015550,NEUROG3,tap,drosophila_melanogaster,7,1,5,1,7
394,WBGene00003595,NEUROG3,ngn-1,caenorhabditis_elegans,5,1,3,1,5
395,ENSG00000122877,EGR2,EGR2,homo_sapiens,17,3,5,9,17
395,ENSMUSG00000037868,EGR2,Egr2,mus_musculus,21,7,5,9,21
395,ENSXETG00000014066,EGR2,egr2,xenopus_tropicalis,10,1,5,4,10
395,FBgn0003499,EGR2,sr,drosophila_melanogaster,19,5,2,12,19
395,WBGene00043705,EGR2,egrh-2,caenorhabditis_elegans,21,4,5,12,21
397,ENSG00000123268,ATF1,ATF1,homo_sapiens,10,3,3,4,10
397,ENSMUSG00000023027,ATF1,Atf1,mus_musculus,13,6,3,4,13
397,ENSXETG00000007299,ATF1,atf1,xenopus_tropicalis,8,2,2,4,8
397,FBgn0265784,ATF1,CrebB,drosophila_melanogaster,24,8,1,15,24
397,WBGene00000793,ATF1,crh-1,caenorhabditis_elegans,20,7,1,12,20
398,ENSG00000123307,NEUROD4,NEUROD4,homo_sapiens,12,1,10,1,12
398,ENSMUSG00000048015,NEUROD4,Neurod4,mus_musculus,12,1,10,1,12
398,ENSXETG00000004295,NEUROD4,neurod4,xenopus_tropicalis,13,2,9,2,13
398,WBGene00000561,NEUROD4,cnd-1,caenorhabditis_elegans,5,1,3,1,5
399,ENSG00000123358,NR4A1,NR4A1,homo_sapiens,35,13,14,8,35
399,ENSMUSG00000023034,NR4A1,Nr4a1,mus_musculus,17,1,15,1,17
399,ENSXETG00000000579,NR4A1,nr4a1,xenopus_tropicalis,18,2,14,2,18
399,FBgn0014859,NR4A1,Hr38,drosophila_melanogaster,6,2,2,2,6
399,WBGene00003605,NR4A1,nhr-6,caenorhabditis_elegans,7,3,1,3,7
406,ENSG00000123636,BAZ2B,BAZ2B,homo_sapiens,27,8,8,11,27
406,ENSMUSG00000026987,BAZ2B,Baz2b,mus_musculus,21,4,8,9,21
406,ENSXETG00000007584,BAZ2B,baz2b,xenopus_tropicalis,20,2,8,10,20
406,FBgn0033636,BAZ2B,tou,drosophila_melanogaster,31,5,5,21,31
406,WBGene00001470,BAZ2B,flt-1,caenorhabditis_elegans,9,1,4,4,9
408,ENSG00000123933,MXD4,MXD4,homo_sapiens,6,1,4,1,6
408,ENSMUSG00000037235,MXD4,Mxd4,mus_musculus,8,2,4,2,8
408,ENSXETG00000020483,MXD4,mxd4,xenopus_tropicalis,6,1,4,1,6
408,WBGene00003163,MXD4,mdl-1,caenorhabditis_elegans,3,1,1,1,3
409,ENSG00000124092,CTCFL,CTCFL,homo_sapiens,167,16,5,146,167
409,ENSMUSG00000070495,CTCFL,Ctcfl,mus_musculus,29,2,5,22,29
409,FBgn0035769,CTCFL,CTCF,drosophila_melanogaster,15,1,3,11,15
409,WBGene00009553,CTCFL,F39B2.1,caenorhabditis_elegans,7,1,1,5,7
410,ENSG00000124191,TOX2,TOX2,homo_sapiens,14,5,5,4,14
410,ENSMUSG00000074607,TOX2,Tox2,mus_musculus,13,5,5,3,13
410,ENSXETG00000021435,TOX2,tox2,xenopus_tropicalis,8,2,5,1,8
410,FBgn0035238,TOX2,CG12104,drosophila_melanogaster,12,3,6,3,12
410,WBGene00009827,TOX2,hmg-6,caenorhabditis_elegans,6,1,4,1,6
411,ENSG00000124203,ZNF831,ZNF831,homo_sapiens,7,1,4,2,7
411,ENSMUSG00000050600,ZNF831,Zfp831,mus_musculus,7,1,4,2,7
411,FBgn0003396,ZNF831,shn,drosophila_melanogaster,49,6,1,42,49
411,WBGene00004862,ZNF831,sma-9,caenorhabditis_elegans,71,14,1,51,71
413,ENSG00000124232,RBPJL,RBPJL,homo_sapiens,6,4,2,0,6
413,ENSMUSG00000017007,RBPJL,Rbpjl,mus_musculus,3,1,2,0,3
413,WBGene00002245,RBPJL,lag-1,caenorhabditis_elegans,5,4,1,0,5
417,ENSG00000124496,TRERF1,TRERF1,homo_sapiens,32,5,3,24,32
417,ENSXETG00000000198,TRERF1,trerf1,xenopus_tropicalis,8,1,2,5,8
417,FBgn0037698,TRERF1,CG16779,drosophila_melanogaster,43,5,1,37,43
417,WBGene00010012,TRERF1,saeg-1,caenorhabditis_elegans,17,4,1,12,17
418,ENSG00000124613,ZNF391,ZNF391,homo_sapiens,21,2,9,10,21
418,ENSXETG00000011203,ZNF391,0,xenopus_tropicalis,14,1,4,9,14
418,FBgn0000286,ZNF391,Cf2,drosophila_melanogaster,34,5,3,26,34
418,WBGene00000483,ZNF391,che-1,caenorhabditis_elegans,11,2,1,8,11
419,ENSG00000124664,SPDEF,SPDEF,homo_sapiens,18,2,12,4,18
419,ENSMUSG00000024215,SPDEF,Spdef,mus_musculus,21,4,11,6,21
419,ENSXETG00000034149,SPDEF,spdef,xenopus_tropicalis,12,1,10,1,12
419,FBgn0005659,SPDEF,Ets98B,drosophila_melanogaster,9,2,3,4,9
419,WBGene00017687,SPDEF,ets-4,caenorhabditis_elegans,14,2,8,4,14
420,ENSG00000124766,SOX4,SOX4,homo_sapiens,19,1,17,1,19
420,ENSMUSG00000076431,SOX4,Sox4,mus_musculus,2,1,16,1,2
420,ENSXETG00000024011,SOX4,sox12,xenopus_tropicalis,16,1,14,1,16
420,FBgn0005612,SOX4,Sox14,drosophila_melanogaster,13,3,7,3,13
420,WBGene00004771,SOX4,sem-2,caenorhabditis_elegans,7,2,3,2,7
421,ENSG00000124782,RREB1,RREB1,homo_sapiens,88,9,5,74,88
421,ENSMUSG00000039087,RREB1,Rreb1,mus_musculus,79,9,5,65,79
421,ENSXETG00000015435,RREB1,rreb1,xenopus_tropicalis,19,1,4,14,19
421,FBgn0003053,RREB1,peb,drosophila_melanogaster,22,2,3,20,22
421,WBGene00009553,RREB1,F39B2.1,caenorhabditis_elegans,7,1,1,5,7
422,ENSG00000124813,RUNX2,RUNX2,homo_sapiens,17,7,3,7,17
422,ENSMUSG00000039153,RUNX2,Runx2,mus_musculus,21,9,3,9,21
422,ENSXETG00000001397,RUNX2,runx2,xenopus_tropicalis,7,2,3,2,7
422,FBgn0003300,RUNX2,run,drosophila_melanogaster,10,3,4,3,10
422,WBGene00004393,RUNX2,rnt-1,caenorhabditis_elegans,3,1,1,1,3
424,ENSG00000124920,MYRF,MYRF,homo_sapiens,10,3,2,5,10
424,ENSMUSG00000036098,MYRF,Myrf,mus_musculus,13,4,2,7,13
424,ENSXETG00000006702,MYRF,myrf,xenopus_tropicalis,3,1,2,0,3
424,FBgn0034985,MYRF,CG3328,drosophila_melanogaster,7,3,1,3,7
424,WBGene00004134,MYRF,pqn-47,caenorhabditis_elegans,4,1,2,1,4
425,ENSG00000125285,SOX21,SOX21,homo_sapiens,19,1,17,1,19
425,ENSMUSG00000061517,SOX21,Sox21,mus_musculus,18,1,16,1,18
425,ENSXETG00000010955,SOX21,sox21,xenopus_tropicalis,17,1,14,2,17
425,FBgn0000411,SOX21,D,drosophila_melanogaster,15,4,7,4,15
425,WBGene00004950,SOX21,sox-3,caenorhabditis_elegans,5,1,3,1,5
429,ENSG00000125492,BARHL1,BARHL1,homo_sapiens,20,2,16,2,20
429,ENSMUSG00000026805,BARHL1,Barhl1,mus_musculus,22,3,16,3,22
429,ENSXETG00000006257,BARHL1,barhl1,xenopus_tropicalis,18,1,16,1,18
429,FBgn0011758,BARHL1,B-H1,drosophila_melanogaster,14,2,11,1,14
429,WBGene00000451,BARHL1,ceh-30,caenorhabditis_elegans,6,1,4,1,6
431,ENSG00000125533,BHLHE23,BHLHE23,homo_sapiens,9,2,5,2,9
431,ENSMUSG00000045493,BHLHE23,Bhlhe23,mus_musculus,7,1,5,1,7
431,ENSXETG00000006104,BHLHE23,bhlhe23,xenopus_tropicalis,2,1,5,1,2
431,FBgn0032651,BHLHE23,Oli,drosophila_melanogaster,9,4,1,4,9
431,WBGene00013665,BHLHE23,hlh-32,caenorhabditis_elegans,6,1,4,1,6
432,ENSG00000125618,PAX8,PAX8,homo_sapiens,23,9,9,5,23
432,ENSMUSG00000026976,PAX8,Pax8,mus_musculus,19,5,9,5,19
432,ENSXETG00000001272,PAX8,pax8,xenopus_tropicalis,11,1,9,1,11
432,FBgn0005561,PAX8,sv,drosophila_melanogaster,24,7,10,7,24
432,WBGene00001204,PAX8,egl-38,caenorhabditis_elegans,9,1,7,1,9
434,ENSG00000125798,FOXA2,FOXA2,homo_sapiens,26,2,24,2,26
434,ENSMUSG00000037025,FOXA2,Foxa2,mus_musculus,25,3,19,2,25
434,ENSXETG00000026998,FOXA2,foxa2,xenopus_tropicalis,28,2,19,7,28
434,FBgn0000659,FOXA2,fkh,drosophila_melanogaster,16,5,6,5,16
434,WBGene00004013,FOXA2,pha-4,caenorhabditis_elegans,9,3,3,3,9
436,ENSG00000125813,PAX1,PAX1,homo_sapiens,15,3,9,3,15
436,ENSMUSG00000037034,PAX1,Pax1,mus_musculus,14,2,9,3,14
436,ENSXETG00000023497,PAX1,pax1,xenopus_tropicalis,11,1,9,1,11
436,FBgn0003129,PAX1,Poxm,drosophila_melanogaster,12,1,10,1,12
436,WBGene00003937,PAX1,pax-1,caenorhabditis_elegans,9,1,7,1,9
440,ENSG00000125850,OVOL2,OVOL2,homo_sapiens,8,1,3,4,8
440,ENSMUSG00000037279,OVOL2,Ovol2,mus_musculus,11,2,3,6,11
440,ENSXETG00000024897,OVOL2,ovol2,xenopus_tropicalis,7,1,3,3,7
440,FBgn0003028,OVOL2,ovo,drosophila_melanogaster,18,5,1,15,18
440,WBGene00003033,OVOL2,lin-48,caenorhabditis_elegans,5,1,1,3,5
443,ENSG00000125952,MAX,MAX,homo_sapiens,25,14,1,10,25
443,ENSMUSG00000059436,MAX,Max,mus_musculus,5,2,1,2,5
443,ENSXETG00000007650,MAX,max,xenopus_tropicalis,7,3,1,3,7
443,FBgn0017578,MAX,Max,drosophila_melanogaster,7,3,1,3,7
443,WBGene00003509,MAX,mxl-1,caenorhabditis_elegans,4,1,2,1,4
446,ENSG00000126012,KDM5C,KDM5C,homo_sapiens,26,5,5,20,26
446,ENSMUSG00000025332,KDM5C,Kdm5c,mus_musculus,22,5,5,12,22
446,ENSXETG00000007178,KDM5C,kdm5c,xenopus_tropicalis,10,1,5,4,10
446,WBGene00004319,KDM5C,rbr-2,caenorhabditis_elegans,11,2,1,8,11
448,ENSG00000126368,NR1D1,NR1D1,homo_sapiens,10,1,8,1,10
448,ENSMUSG00000020889,NR1D1,Nr1d1,mus_musculus,10,1,8,1,10
448,ENSXETG00000024397,NR1D1,nr1d1,xenopus_tropicalis,17,2,10,5,17
448,FBgn0000568,NR1D1,Eip75B,drosophila_melanogaster,21,7,8,6,21
448,WBGene00003675,NR1D1,nhr-85,caenorhabditis_elegans,11,2,10,1,11
450,ENSG00000126561,STAT5A,STAT5A,homo_sapiens,19,7,7,5,19
450,ENSMUSG00000004043,STAT5A,Stat5a,mus_musculus,15,5,7,3,15
450,ENSXETG00000000836,STAT5A,stat5b,xenopus_tropicalis,9,1,6,2,9
450,FBgn0016917,STAT5A,Stat92E,drosophila_melanogaster,23,11,1,11,23
450,WBGene00013111,STAT5A,sta-1,caenorhabditis_elegans,4,3,1,0,4
452,ENSG00000126733,DACH2,DACH2,homo_sapiens,8,6,2,0,8
452,ENSMUSG00000025592,DACH2,Dach2,mus_musculus,7,5,2,0,7
452,ENSXETG00000015905,DACH2,dach2,xenopus_tropicalis,4,2,2,0,4
452,FBgn0005677,DACH2,dac,drosophila_melanogaster,7,6,1,0,7
452,WBGene00000895,DACH2,dac-1,caenorhabditis_elegans,3,2,1,0,3
453,ENSG00000126746,ZNF384,ZNF384,homo_sapiens,51,12,4,35,51
453,ENSMUSG00000038346,ZNF384,Zfp384,mus_musculus,63,9,4,56,63
453,ENSXETG00000011532,ZNF384,znf384,xenopus_tropicalis,10,1,2,7,10
453,FBgn0010768,ZNF384,sqz,drosophila_melanogaster,10,1,4,5,10
453,WBGene00003015,ZNF384,lin-29,caenorhabditis_elegans,19,3,1,15,19
455,ENSG00000126778,SIX1,SIX1,homo_sapiens,9,2,6,1,9
455,ENSMUSG00000051367,SIX1,Six1,mus_musculus,8,1,6,1,8
455,ENSXETG00000016943,SIX1,six1,xenopus_tropicalis,7,1,5,1,7
455,FBgn0003460,SIX1,so,drosophila_melanogaster,5,1,3,1,5
455,WBGene00000454,SIX1,ceh-33,caenorhabditis_elegans,6,1,4,1,6
456,ENSG00000126804,ZBTB1,ZBTB1,homo_sapiens,30,5,16,9,30
456,ENSMUSG00000033454,ZBTB1,Zbtb1,mus_musculus,21,1,15,5,21
456,ENSXETG00000022532,ZBTB1,zbtb1,xenopus_tropicalis,23,1,17,5,23
456,WBGene00016154,ZBTB1,C27A12.2,caenorhabditis_elegans,7,1,1,5,7
458,ENSG00000127124,HIVEP3,HIVEP3,homo_sapiens,22,3,4,15,22
458,ENSMUSG00000028634,HIVEP3,Hivep3,mus_musculus,17,3,4,10,17
458,ENSXETG00000012923,HIVEP3,hivep3,xenopus_tropicalis,11,1,3,7,11
458,FBgn0003396,HIVEP3,shn,drosophila_melanogaster,49,6,1,42,49
458,WBGene00004862,HIVEP3,sma-9,caenorhabditis_elegans,71,14,1,51,71
459,ENSG00000127152,BCL11B,BCL11B,homo_sapiens,24,3,3,18,24
459,ENSMUSG00000048251,BCL11B,Bcl11b,mus_musculus,24,3,3,18,24
459,ENSXETG00000011434,BCL11B,bcl11b,xenopus_tropicalis,18,2,2,14,18
459,FBgn0029939,BCL11B,CG9650,drosophila_melanogaster,25,4,1,20,25
459,WBGene00017430,BCL11B,F13H6.1,caenorhabditis_elegans,13,3,1,9,13
460,ENSG00000127337,YEATS4,YEATS4,homo_sapiens,9,4,2,3,9
460,ENSMUSG00000020171,YEATS4,Yeats4,mus_musculus,4,1,2,1,4
460,ENSXETG00000026783,YEATS4,yeats4,xenopus_tropicalis,4,1,2,1,4
460,FBgn0031873,YEATS4,Gas41,drosophila_melanogaster,4,1,2,1,4
460,WBGene00001585,YEATS4,gfl-1,caenorhabditis_elegans,4,1,2,1,4
461,ENSG00000127528,KLF2,KLF2,homo_sapiens,17,2,12,3,17
461,ENSMUSG00000055148,KLF2,Klf2,mus_musculus,17,1,13,3,17
461,WBGene00018990,KLF2,klf-1,caenorhabditis_elegans,11,2,3,6,11
465,ENSG00000128573,FOXP2,FOXP2,homo_sapiens,43,18,14,11,43
465,ENSMUSG00000029563,FOXP2,Foxp2,mus_musculus,31,11,16,4,31
465,ENSXETG00000011560,FOXP2,foxp2,xenopus_tropicalis,20,2,14,4,20
465,WBGene00001439,FOXP2,fkh-7,caenorhabditis_elegans,31,14,5,12,31
467,ENSG00000128610,FEZF1,FEZF1,homo_sapiens,19,3,4,12,19
467,ENSMUSG00000029697,FEZF1,Fezf1,mus_musculus,11,1,4,6,11
467,ENSXETG00000022748,FEZF1,fezf1,xenopus_tropicalis,11,1,4,6,11
467,FBgn0031375,FEZF1,erm,drosophila_melanogaster,32,4,4,24,32
467,WBGene00012639,FEZF1,fezf-1,caenorhabditis_elegans,9,1,2,6,9
468,ENSG00000128645,HOXD1,HOXD1,homo_sapiens,22,1,20,1,22
468,ENSMUSG00000042448,HOXD1,Hoxd1,mus_musculus,22,1,20,1,22
468,ENSXETG00000001801,HOXD1,hoxd1,xenopus_tropicalis,24,1,22,1,24
468,FBgn0002522,HOXD1,lab,drosophila_melanogaster,15,2,11,2,15
468,WBGene00000437,HOXD1,ceh-13,caenorhabditis_elegans,8,1,6,1,8
476,ENSG00000129152,MYOD1,MYOD1,homo_sapiens,6,1,4,1,6
476,ENSMUSG00000009471,MYOD1,Myod1,mus_musculus,6,1,4,1,6
476,ENSXETG00000001320,MYOD1,myod1,xenopus_tropicalis,6,1,4,1,6
476,FBgn0002922,MYOD1,nau,drosophila_melanogaster,5,2,1,2,5
476,WBGene00001948,MYOD1,hlh-1,caenorhabditis_elegans,7,3,1,3,7
477,ENSG00000129173,E2F8,E2F8,homo_sapiens,6,4,2,0,6
477,ENSMUSG00000046179,E2F8,E2f8,mus_musculus,4,2,2,0,4
477,ENSXETG00000004436,E2F8,e2f8,xenopus_tropicalis,3,1,2,0,3
477,WBGene00009899,E2F8,efl-3,caenorhabditis_elegans,2,1,1,0,2
479,ENSG00000129514,FOXA1,FOXA1,homo_sapiens,26,1,24,1,26
479,ENSMUSG00000035451,FOXA1,Foxa1,mus_musculus,21,1,19,1,21
479,FBgn0000659,FOXA1,fkh,drosophila_melanogaster,16,5,6,5,16
479,WBGene00004013,FOXA1,pha-4,caenorhabditis_elegans,9,3,3,3,9
480,ENSG00000129535,NRL,NRL,homo_sapiens,18,6,7,5,18
480,ENSMUSG00000040632,NRL,Nrl,mus_musculus,13,3,7,3,13
480,ENSXETG00000022130,NRL,nrl,xenopus_tropicalis,11,2,7,2,11
480,FBgn0000964,NRL,tj,drosophila_melanogaster,4,2,2,0,4
480,WBGene00077521,NRL,maf-1,caenorhabditis_elegans,2,1,1,0,2
482,ENSG00000129911,KLF16,KLF16,homo_sapiens,26,3,15,8,26
482,ENSMUSG00000035397,KLF16,Klf16,mus_musculus,19,1,15,3,19
482,FBgn0043364,KLF16,cbt,drosophila_melanogaster,16,3,4,9,16
482,WBGene00012735,KLF16,sptf-3,caenorhabditis_elegans,6,1,2,3,6
484,ENSG00000130338,TULP4,TULP4,homo_sapiens,14,2,6,6,14
484,ENSMUSG00000034377,TULP4,Tulp4,mus_musculus,17,4,9,4,17
484,ENSXETG00000032878,TULP4,TULP4,xenopus_tropicalis,18,2,6,10,18
484,FBgn0039530,TULP4,Tusp,drosophila_melanogaster,19,4,3,12,19
484,WBGene00022139,TULP4,tub-2,caenorhabditis_elegans,7,2,3,2,7
491,ENSG00000130711,PRDM12,PRDM12,homo_sapiens,8,1,3,4,8
491,ENSMUSG00000079466,PRDM12,Prdm12,mus_musculus,8,1,3,4,8
491,ENSXETG00000001343,PRDM12,prdm12,xenopus_tropicalis,5,1,3,1,5
491,WBGene00018567,PRDM12,F47E1.3,caenorhabditis_elegans,7,1,1,5,7
502,ENSG00000131264,CDX4,CDX4,homo_sapiens,5,1,3,1,5
502,ENSMUSG00000031326,CDX4,Cdx4,mus_musculus,5,1,3,1,5
502,ENSXETG00000004589,CDX4,cdx4,xenopus_tropicalis,5,1,3,1,5
502,FBgn0000251,CDX4,cad,drosophila_melanogaster,7,3,1,3,7
502,WBGene00003912,CDX4,pal-1,caenorhabditis_elegans,13,6,1,6,13
507,ENSG00000131788,PIAS3,PIAS3,homo_sapiens,19,4,6,9,19
507,ENSMUSG00000028101,PIAS3,Pias3,mus_musculus,21,5,6,10,21
507,ENSXETG00000018642,PIAS3,pias3,xenopus_tropicalis,12,2,6,4,12
507,FBgn0003612,PIAS3,Su(var)2-10,drosophila_melanogaster,58,14,2,42,58
507,WBGene00001574,PIAS3,gei-17,caenorhabditis_elegans,46,15,1,30,46
512,ENSG00000131914,LIN28A,LIN28A,homo_sapiens,6,2,2,2,6
512,ENSMUSG00000050966,LIN28A,Lin28a,mus_musculus,9,4,2,3,9
512,FBgn0035626,LIN28A,lin-28,drosophila_melanogaster,2,1,1,0,2
512,WBGene00003014,LIN28A,lin-28,caenorhabditis_elegans,5,2,1,2,5
515,ENSG00000132010,ZNF20,ZNF20,homo_sapiens,61,3,38,20,61
515,WBGene00021931,ZNF20,Y55F3AM.14,caenorhabditis_elegans,13,1,1,11,13
517,ENSG00000132170,PPARG,PPARG,homo_sapiens,26,10,8,8,26
517,ENSMUSG00000000440,PPARG,Pparg,mus_musculus,17,5,8,4,17
517,ENSXETG00000017422,PPARG,pparg,xenopus_tropicalis,10,1,9,0,10
517,FBgn0004865,PPARG,Eip78C,drosophila_melanogaster,15,4,8,3,15
517,WBGene00004786,PPARG,sex-1,caenorhabditis_elegans,14,2,10,2,14
520,ENSG00000133740,E2F5,E2F5,homo_sapiens,12,6,6,0,12
520,ENSMUSG00000027552,E2F5,E2f5,mus_musculus,8,2,6,0,8
520,ENSXETG00000013780,E2F5,e2f5,xenopus_tropicalis,5,1,4,0,5
520,FBgn0024371,E2F5,E2f2,drosophila_melanogaster,4,2,2,0,4
520,WBGene00001161,E2F5,efl-1,caenorhabditis_elegans,3,1,2,0,3
522,ENSG00000133884,DPF2,DPF2,homo_sapiens,14,4,4,6,14
522,ENSMUSG00000024826,DPF2,Dpf2,mus_musculus,11,2,4,5,11
522,ENSXETG00000001672,DPF2,dpf2,xenopus_tropicalis,9,2,4,3,9
522,FBgn0033015,DPF2,d4,drosophila_melanogaster,15,4,0,8,15
522,WBGene00016200,DPF2,dpff-1,caenorhabditis_elegans,8,3,2,3,8
523,ENSG00000133937,GSC,GSC,homo_sapiens,15,1,13,1,15
523,ENSMUSG00000021095,GSC,Gsc,mus_musculus,15,1,13,1,15
523,ENSXETG00000023328,GSC,gsc,xenopus_tropicalis,18,2,14,2,18
523,FBgn0010323,GSC,Gsc,drosophila_melanogaster,8,2,4,2,8
523,WBGene00022837,GSC,ceh-45,caenorhabditis_elegans,12,2,8,2,12
526,ENSG00000134138,MEIS2,MEIS2,homo_sapiens,33,14,9,10,33
526,ENSMUSG00000027210,MEIS2,Meis2,mus_musculus,21,6,9,6,21
526,FBgn0001235,MEIS2,hth,drosophila_melanogaster,10,5,3,2,10
526,WBGene00006796,MEIS2,unc-62,caenorhabditis_elegans,19,10,1,8,19
527,ENSG00000134317,GRHL1,GRHL1,homo_sapiens,9,3,6,0,9
527,ENSMUSG00000020656,GRHL1,Grhl1,mus_musculus,8,2,6,0,8
527,ENSXETG00000007012,GRHL1,grhl1,xenopus_tropicalis,7,1,6,0,7
527,FBgn0259211,GRHL1,grh,drosophila_melanogaster,10,8,2,0,10
527,WBGene00001707,GRHL1,grh-1,caenorhabditis_elegans,4,3,1,0,4
529,ENSG00000134438,RAX,RAX,homo_sapiens,20,3,15,2,20
529,ENSMUSG00000024518,RAX,Rax,mus_musculus,16,1,13,2,16
529,ENSXETG00000021154,RAX,rax,xenopus_tropicalis,16,1,13,2,16
529,WBGene00000433,RAX,ceh-8,caenorhabditis_elegans,5,1,3,1,5
530,ENSG00000134532,SOX5,SOX5,homo_sapiens,21,10,4,7,21
530,ENSMUSG00000041540,SOX5,Sox5,mus_musculus,16,7,4,5,16
530,ENSXETG00000026458,SOX5,sox5,xenopus_tropicalis,5,1,3,1,5
530,FBgn0039938,SOX5,Sox102F,drosophila_melanogaster,9,4,1,4,9
530,WBGene00001182,SOX5,egl-13,caenorhabditis_elegans,14,6,2,6,14
534,ENSG00000134954,ETS1,ETS1,homo_sapiens,28,6,13,9,28
534,ENSMUSG00000032035,ETS1,Ets1,mus_musculus,23,4,13,6,23
534,ENSXETG00000022781,ETS1,ets1,xenopus_tropicalis,14,1,12,1,14
534,WBGene00016600,ETS1,ets-5,caenorhabditis_elegans,6,2,2,2,6
536,ENSG00000135111,TBX3,TBX3,homo_sapiens,19,3,13,3,19
536,ENSMUSG00000018604,TBX3,Tbx3,mus_musculus,19,3,13,3,19
536,ENSXETG00000006579,TBX3,tbx3,xenopus_tropicalis,16,2,12,2,16
536,FBgn0000179,TBX3,bi,drosophila_melanogaster,22,7,8,7,22
536,WBGene00006543,TBX3,tbx-2,caenorhabditis_elegans,6,1,4,1,6
538,ENSG00000135373,EHF,EHF,homo_sapiens,37,10,12,15,37
538,ENSMUSG00000012350,EHF,Ehf,mus_musculus,26,6,11,9,26
538,ENSXETG00000007559,EHF,ehf,xenopus_tropicalis,12,1,10,1,12
538,WBGene00006462,EHF,tag-97,caenorhabditis_elegans,14,2,8,4,14
539,ENSG00000135374,ELF5,ELF5,homo_sapiens,24,5,12,7,24
539,ENSMUSG00000027186,ELF5,Elf5,mus_musculus,22,4,11,7,22
539,ENSXETG00000007560,ELF5,elf5,xenopus_tropicalis,12,1,10,1,12
539,WBGene00006462,ELF5,tag-97,caenorhabditis_elegans,14,2,8,4,14
542,ENSG00000135625,EGR4,EGR4,homo_sapiens,13,2,5,6,13
542,ENSMUSG00000071341,EGR4,Egr4,mus_musculus,9,1,5,3,9
542,ENSXETG00000011775,EGR4,egr4,xenopus_tropicalis,9,1,5,3,9
542,WBGene00043705,EGR4,egrh-2,caenorhabditis_elegans,21,4,5,12,21
543,ENSG00000135638,EMX1,EMX1,homo_sapiens,12,3,7,2,12
543,ENSMUSG00000033726,EMX1,Emx1,mus_musculus,9,1,7,1,9
543,ENSXETG00000017958,EMX1,emx1.2,xenopus_tropicalis,8,1,6,1,8
543,FBgn0000576,EMX1,ems,drosophila_melanogaster,8,1,6,1,8
543,WBGene00000429,EMX1,ceh-2,caenorhabditis_elegans,9,1,7,1,9
546,ENSG00000135903,PAX3,PAX3,homo_sapiens,31,8,9,14,31
546,ENSMUSG00000004872,PAX3,Pax3,mus_musculus,15,2,9,4,15
546,ENSXETG00000007640,PAX3,pax3,xenopus_tropicalis,14,2,9,3,14
546,FBgn0001148,PAX3,gsb,drosophila_melanogaster,13,1,10,2,13
546,WBGene00003939,PAX3,pax-3,caenorhabditis_elegans,10,1,7,2,10
547,ENSG00000136169,SETDB2,SETDB2,homo_sapiens,29,4,13,12,29
547,ENSMUSG00000071350,SETDB2,Setdb2,mus_musculus,22,3,13,6,22
547,ENSXETG00000015666,SETDB2,setdb2,xenopus_tropicalis,19,2,11,6,19
547,WBGene00019883,SETDB2,met-2,caenorhabditis_elegans,11,1,6,4,11
548,ENSG00000136327,NKX2-8,NKX2-8,homo_sapiens,23,1,21,1,23
548,ENSMUSG00000058669,NKX2-8,Nkx2-9,mus_musculus,24,1,22,1,24
548,ENSXETG00000002908,NKX2-8,nkx2-8,xenopus_tropicalis,25,1,23,1,25
548,WBGene00000445,NKX2-8,ceh-22,caenorhabditis_elegans,15,3,9,3,15
550,ENSG00000136367,ZFHX2,ZFHX2,homo_sapiens,15,4,3,8,15
550,ENSMUSG00000040721,ZFHX2,Zfhx2,mus_musculus,12,1,3,8,12
550,ENSXETG00000022562,ZFHX2,zfhx2,xenopus_tropicalis,11,1,3,7,11
550,FBgn0004607,ZFHX2,zfh2,drosophila_melanogaster,33,3,1,29,33
550,WBGene00022518,ZFHX2,zfh-2,caenorhabditis_elegans,40,6,1,41,40
553,ENSG00000136535,TBR1,TBR1,homo_sapiens,10,3,4,3,10
553,ENSMUSG00000035033,TBR1,Tbr1,mus_musculus,8,2,4,2,8
553,ENSXETG00000016201,TBR1,tbr1,xenopus_tropicalis,5,1,3,1,5
553,WBGene00006554,TBR1,tbx-35,caenorhabditis_elegans,14,1,12,1,14
556,ENSG00000136770,DNAJC1,DNAJC1,homo_sapiens,6,1,2,3,6
556,ENSMUSG00000026740,DNAJC1,Dnajc1,mus_musculus,15,4,2,9,15
556,ENSXETG00000007390,DNAJC1,dnajc1,xenopus_tropicalis,5,1,2,2,5
556,FBgn0030990,DNAJC1,CG7556,drosophila_melanogaster,10,2,2,6,10
556,WBGene00018836,DNAJC1,F54F2.9,caenorhabditis_elegans,7,1,2,4,7
557,ENSG00000136826,KLF4,KLF4,homo_sapiens,22,4,12,6,22
557,ENSMUSG00000003032,KLF4,Klf4,mus_musculus,19,3,13,3,19
557,ENSXETG00000005739,KLF4,klf4,xenopus_tropicalis,15,1,11,3,15
557,WBGene00018990,KLF4,klf-1,caenorhabditis_elegans,11,2,3,6,11
560,ENSG00000136931,NR5A1,NR5A1,homo_sapiens,19,4,12,3,19
560,ENSMUSG00000026751,NR5A1,Nr5a1,mus_musculus,16,2,12,2,16
560,ENSXETG00000011456,NR5A1,nr5a1,xenopus_tropicalis,15,1,13,1,15
560,FBgn0001078,NR5A1,ftz-f1,drosophila_melanogaster,8,4,4,4,8
560,WBGene00003623,NR5A1,nhr-25,caenorhabditis_elegans,7,4,2,1,7
561,ENSG00000136944,LMX1B,LMX1B,homo_sapiens,28,4,12,12,28
561,ENSMUSG00000038765,LMX1B,Lmx1b,mus_musculus,20,2,12,6,20
561,ENSXETG00000000742,LMX1B,lmx1b.1,xenopus_tropicalis,15,1,13,2,15
561,FBgn0052105,LMX1B,CG32105,drosophila_melanogaster,15,2,7,6,15
561,WBGene00002988,LMX1B,lim-6,caenorhabditis_elegans,15,2,7,6,15
563,ENSG00000137090,DMRT1,DMRT1,homo_sapiens,9,2,6,1,9
563,ENSMUSG00000024837,DMRT1,Dmrt1,mus_musculus,10,2,6,2,10
563,ENSXETG00000002277,DMRT1,kank1,xenopus_tropicalis,7,1,5,1,7
563,WBGene00017326,DMRT1,dmd-5,caenorhabditis_elegans,8,1,6,1,8
566,ENSG00000137203,TFAP2A,TFAP2A,homo_sapiens,14,9,5,0,14
566,ENSMUSG00000021359,TFAP2A,Tfap2a,mus_musculus,7,2,5,0,7
566,ENSXETG00000001074,TFAP2A,tfap2a,xenopus_tropicalis,5,3,5,0,5
566,FBgn0261953,TFAP2A,TfAP-2,drosophila_melanogaster,7,6,1,0,7
566,WBGene00019424,TFAP2A,aptf-1,caenorhabditis_elegans,5,1,4,0,5
569,ENSG00000137273,FOXF2,FOXF2,homo_sapiens,16,1,14,1,16
569,ENSMUSG00000038402,FOXF2,Foxf2,mus_musculus,18,1,16,1,18
569,ENSXETG00000000589,FOXF2,foxf2,xenopus_tropicalis,16,1,14,1,16
569,FBgn0045759,FOXF2,bin,drosophila_melanogaster,8,1,6,1,8
569,WBGene00002601,FOXF2,let-381,caenorhabditis_elegans,7,1,5,1,7
574,ENSG00000137709,POU2F3,POU2F3,homo_sapiens,24,3,16,5,24
574,ENSMUSG00000032015,POU2F3,Pou2f3,mus_musculus,21,2,15,4,21
574,ENSXETG00000015251,POU2F3,pou2f3,xenopus_tropicalis,20,1,16,3,20
574,FBgn0004394,POU2F3,pdm2,drosophila_melanogaster,15,4,5,8,15
574,WBGene00000441,POU2F3,ceh-18,caenorhabditis_elegans,11,3,3,5,11
576,ENSG00000138073,PREB,PREB,homo_sapiens,9,4,1,4,9
576,ENSMUSG00000045302,PREB,Preb,mus_musculus,11,4,1,6,11
576,FBgn0031779,PREB,CG9175,drosophila_melanogaster,9,2,1,6,9
576,WBGene00010496,PREB,sec-12,caenorhabditis_elegans,7,2,1,4,7
577,ENSG00000138083,SIX3,SIX3,homo_sapiens,8,1,6,1,8
577,ENSMUSG00000038805,SIX3,Six3,mus_musculus,12,3,6,3,12
577,ENSXETG00000002758,SIX3,six3,xenopus_tropicalis,7,1,5,1,7
577,FBgn0025360,SIX3,Optix,drosophila_melanogaster,8,3,3,2,8
577,WBGene00000453,SIX3,ceh-32,caenorhabditis_elegans,6,1,4,1,6
579,ENSG00000138378,STAT4,STAT4,homo_sapiens,16,6,7,3,16
579,ENSMUSG00000062939,STAT4,Stat4,mus_musculus,11,2,7,2,11
579,ENSXETG00000004662,STAT4,stat4,xenopus_tropicalis,8,1,6,1,8
579,FBgn0016917,STAT4,Stat92E,drosophila_melanogaster,23,11,1,11,23
579,WBGene00013111,STAT4,sta-1,caenorhabditis_elegans,4,3,1,0,4
582,ENSG00000138795,LEF1,LEF1,homo_sapiens,14,6,4,4,14
582,ENSMUSG00000027985,LEF1,Lef1,mus_musculus,12,4,4,4,12
582,ENSXETG00000021102,LEF1,lef1,xenopus_tropicalis,6,1,4,1,6
582,FBgn0085432,LEF1,pan,drosophila_melanogaster,19,9,1,9,19
582,WBGene00004077,LEF1,pop-1,caenorhabditis_elegans,3,1,1,1,3
588,ENSG00000139613,SMARCC2,SMARCC2,homo_sapiens,14,4,2,8,14
588,ENSMUSG00000025369,SMARCC2,Smarcc2,mus_musculus,8,0,2,6,8
588,ENSXETG00000009486,SMARCC2,smarcc2,xenopus_tropicalis,9,2,2,5,9
588,FBgn0002783,SMARCC2,mor,drosophila_melanogaster,7,2,1,4,7
588,WBGene00004203,SMARCC2,swsn-1,caenorhabditis_elegans,9,4,1,8,9
589,ENSG00000139624,CERS5,CERS5,homo_sapiens,17,6,5,6,17
589,ENSMUSG00000023021,CERS5,Cers5,mus_musculus,16,5,5,6,16
589,ENSXETG00000013344,CERS5,cers5,xenopus_tropicalis,8,1,5,2,8
589,FBgn0040918,CERS5,schlank,drosophila_melanogaster,7,2,1,4,7
589,WBGene00002043,CERS5,hyl-1,caenorhabditis_elegans,11,4,3,4,11
591,ENSG00000139800,ZIC5,ZIC5,homo_sapiens,23,1,18,4,23
591,ENSMUSG00000041703,ZIC5,Zic5,mus_musculus,23,1,18,4,23
591,ENSXETG00000018872,ZIC5,zic5,xenopus_tropicalis,20,1,14,5,20
591,FBgn0003002,ZIC5,opa,drosophila_melanogaster,12,1,0,4,12
591,WBGene00004335,ZIC5,ref-2,caenorhabditis_elegans,18,3,3,12,18
594,ENSG00000140262,TCF12,TCF12,homo_sapiens,26,13,3,10,26
594,ENSMUSG00000032228,TCF12,Tcf12,mus_musculus,21,11,3,7,21
594,ENSXETG00000016563,TCF12,tcf12,xenopus_tropicalis,6,1,3,2,6
594,FBgn0000413,TCF12,da,drosophila_melanogaster,7,3,1,3,7
594,WBGene00001949,TCF12,hlh-2,caenorhabditis_elegans,3,1,1,1,3
596,ENSG00000140382,HMG20A,HMG20A,homo_sapiens,14,8,2,4,14
596,ENSMUSG00000032329,HMG20A,Hmg20a,mus_musculus,4,1,2,1,4
596,ENSXETG00000015269,HMG20A,hmg20a,xenopus_tropicalis,4,1,2,1,4
596,FBgn0026582,HMG20A,Hmg-2,drosophila_melanogaster,3,1,1,1,3
596,WBGene00012209,HMG20A,hmg-20,caenorhabditis_elegans,3,1,1,1,3
598,ENSG00000140836,ZFHX3,ZFHX3,homo_sapiens,30,2,3,25,30
598,ENSMUSG00000038872,ZFHX3,Zfhx3,mus_musculus,18,2,3,13,18
598,ENSXETG00000023509,ZFHX3,zfhx3,xenopus_tropicalis,21,1,3,17,21
598,FBgn0004607,ZFHX3,zfh2,drosophila_melanogaster,33,3,1,29,33
598,WBGene00022518,ZFHX3,zfh-2,caenorhabditis_elegans,40,6,1,41,40
601,ENSG00000141002,TCF25,TCF25,homo_sapiens,12,11,1,0,12
601,ENSMUSG00000001472,TCF25,Tcf25,mus_musculus,3,2,1,0,3
601,ENSXETG00000023414,TCF25,tcf25,xenopus_tropicalis,3,1,1,1,3
601,FBgn0027549,TCF25,CG7927,drosophila_melanogaster,4,3,1,0,4
601,WBGene00010620,TCF25,K07A12.1,caenorhabditis_elegans,2,1,1,0,2
602,ENSG00000141027,NCOR1,NCOR1,homo_sapiens,30,14,5,11,30
602,ENSMUSG00000018501,NCOR1,Ncor1,mus_musculus,34,15,5,14,34
602,ENSXETG00000006720,NCOR1,ncor1,xenopus_tropicalis,10,2,5,3,10
602,FBgn0265523,NCOR1,Smr,drosophila_melanogaster,10,4,2,4,10
602,WBGene00001565,NCOR1,gei-8,caenorhabditis_elegans,9,2,3,4,9
608,ENSG00000141646,SMAD4,SMAD4,homo_sapiens,29,9,8,12,29
608,ENSMUSG00000024515,SMAD4,Smad4,mus_musculus,14,2,8,4,14
608,ENSXETG00000022355,SMAD4,smad4.1,xenopus_tropicalis,18,2,10,6,18
608,FBgn0011655,SMAD4,Med,drosophila_melanogaster,13,3,4,6,13
608,WBGene00004858,SMAD4,sma-4,caenorhabditis_elegans,19,5,6,8,19
609,ENSG00000141905,NFIC,NFIC,homo_sapiens,12,6,4,6,12
609,ENSMUSG00000055053,NFIC,Nfic,mus_musculus,13,5,4,4,13
609,ENSXETG00000008149,NFIC,nfic,xenopus_tropicalis,6,1,4,1,6
609,FBgn0042696,NFIC,NfI,drosophila_melanogaster,5,2,1,2,5
609,WBGene00003592,NFIC,nfi-1,caenorhabditis_elegans,7,3,1,3,7
619,ENSG00000142611,PRDM16,PRDM16,homo_sapiens,51,6,2,54,51
619,ENSMUSG00000039410,PRDM16,Prdm16,mus_musculus,76,7,2,67,76
619,ENSXETG00000012050,PRDM16,PRDM16,xenopus_tropicalis,15,1,2,12,15
619,FBgn0011236,PRDM16,ken,drosophila_melanogaster,6,1,3,3,6
619,WBGene00001207,PRDM16,egl-43,caenorhabditis_elegans,8,2,1,6,8
620,ENSG00000142700,DMRTA2,DMRTA2,homo_sapiens,10,2,6,2,10
620,ENSMUSG00000047143,DMRTA2,Dmrta2,mus_musculus,8,1,6,1,8
620,ENSXETG00000002846,DMRTA2,dmrta2,xenopus_tropicalis,8,1,5,2,8
620,FBgn0039683,DMRTA2,dmrt99B,drosophila_melanogaster,6,1,4,1,6
620,WBGene00007776,DMRTA2,dmd-4,caenorhabditis_elegans,8,1,6,1,8
621,ENSG00000143006,DMRTB1,DMRTB1,homo_sapiens,8,1,6,1,8
621,ENSMUSG00000028610,DMRTB1,Dmrtb1,mus_musculus,9,2,6,1,9
621,FBgn0000504,DMRTB1,dsx,drosophila_melanogaster,16,6,4,6,16
621,WBGene00003100,DMRTB1,mab-3,caenorhabditis_elegans,10,2,6,2,10
622,ENSG00000143032,BARHL2,BARHL2,homo_sapiens,18,1,16,1,18
622,ENSMUSG00000034384,BARHL2,Barhl2,mus_musculus,18,1,16,1,18
622,ENSXETG00000023986,BARHL2,barhl2,xenopus_tropicalis,18,1,16,1,18
622,FBgn0004854,BARHL2,B-H2,drosophila_melanogaster,15,2,11,2,15
622,WBGene00000451,BARHL2,ceh-30,caenorhabditis_elegans,6,1,4,1,6
626,ENSG00000143190,POU2F1,POU2F1,homo_sapiens,34,6,16,12,34
626,ENSMUSG00000026565,POU2F1,Pou2f1,mus_musculus,46,13,15,18,46
626,ENSXETG00000006231,POU2F1,POU2F1,xenopus_tropicalis,20,1,16,3,20
626,FBgn0004394,POU2F1,pdm2,drosophila_melanogaster,15,4,5,8,15
626,WBGene00000441,POU2F1,ceh-18,caenorhabditis_elegans,11,3,3,5,11
629,ENSG00000143355,LHX9,LHX9,homo_sapiens,28,7,12,12,28
629,ENSMUSG00000019230,LHX9,Lhx9,mus_musculus,32,5,12,15,32
629,ENSXETG00000009957,LHX9,lhx9,xenopus_tropicalis,17,1,13,3,17
629,FBgn0000099,LHX9,ap,drosophila_melanogaster,21,4,7,10,21
629,WBGene00006654,LHX9,ttx-3,caenorhabditis_elegans,15,2,7,6,15
630,ENSG00000143365,RORC,RORC,homo_sapiens,12,2,8,2,12
630,ENSMUSG00000028150,RORC,Rorc,mus_musculus,14,3,8,3,14
630,ENSXETG00000002131,RORC,rorc,xenopus_tropicalis,11,1,10,0,11
630,FBgn0000448,RORC,Hr46,drosophila_melanogaster,21,7,8,6,21
630,WBGene00003622,RORC,nhr-23,caenorhabditis_elegans,21,6,10,5,21
632,ENSG00000143379,SETDB1,SETDB1,homo_sapiens,36,9,13,14,36
632,ENSMUSG00000015697,SETDB1,Setdb1,mus_musculus,26,3,13,10,26
632,ENSXETG00000008936,SETDB1,setdb1,xenopus_tropicalis,16,1,11,4,16
632,FBgn0086908,SETDB1,egg,drosophila_melanogaster,12,1,7,4,12
632,WBGene00019883,SETDB1,met-2,caenorhabditis_elegans,11,1,6,4,11
634,ENSG00000143437,ARNT,ARNT,homo_sapiens,29,4,13,12,29
634,ENSMUSG00000015522,ARNT,Arnt,mus_musculus,32,6,13,13,32
634,ENSXETG00000008942,ARNT,arnt,xenopus_tropicalis,21,2,11,8,21
634,FBgn0264075,ARNT,tgo,drosophila_melanogaster,14,2,6,6,14
634,WBGene00000095,ARNT,aha-1,caenorhabditis_elegans,11,2,3,3,11
635,ENSG00000143578,CREB3L4,CREB3L4,homo_sapiens,16,7,5,4,16
635,ENSMUSG00000027938,CREB3L4,Creb3l4,mus_musculus,9,2,5,2,9
635,ENSXETG00000002133,CREB3L4,creb3l4,xenopus_tropicalis,8,2,4,2,8
635,WBGene00002783,CREB3L4,let-607,caenorhabditis_elegans,6,2,2,2,6
636,ENSG00000143614,GATAD2B,GATAD2B,homo_sapiens,12,6,2,4,12
636,ENSMUSG00000042390,GATAD2B,Gatad2b,mus_musculus,12,5,2,5,12
636,ENSXETG00000019921,GATAD2B,gatad2b,xenopus_tropicalis,4,1,2,1,4
636,FBgn0010762,GATAD2B,simj,drosophila_melanogaster,6,5,1,0,6
636,WBGene00000938,GATAD2B,dcp-66,caenorhabditis_elegans,3,2,1,0,3
637,ENSG00000143799,PARP1,PARP1,homo_sapiens,15,4,3,8,15
637,ENSMUSG00000026496,PARP1,Parp1,mus_musculus,13,3,3,7,13
637,ENSXETG00000022610,PARP1,parp1,xenopus_tropicalis,9,1,3,5,9
637,FBgn0010247,PARP1,Parp,drosophila_melanogaster,7,1,1,5,7
637,WBGene00022289,PARP1,Y75B7B.2,caenorhabditis_elegans,6,1,4,1,6
638,ENSG00000143842,SOX13,SOX13,homo_sapiens,10,4,4,2,10
638,ENSMUSG00000070643,SOX13,Sox13,mus_musculus,10,3,4,3,10
638,ENSXETG00000017139,SOX13,sox13,xenopus_tropicalis,9,2,3,4,9
638,FBgn0039938,SOX13,Sox102F,drosophila_melanogaster,9,4,1,4,9
638,WBGene00001182,SOX13,egl-13,caenorhabditis_elegans,14,6,2,6,14
639,ENSG00000143867,OSR1,OSR1,homo_sapiens,6,1,2,3,6
639,ENSMUSG00000048387,OSR1,Osr1,mus_musculus,6,1,2,3,6
639,ENSXETG00000007992,OSR1,osr1,xenopus_tropicalis,6,1,2,3,6
639,FBgn0024244,OSR1,drm,drosophila_melanogaster,10,3,4,6,10
639,WBGene00003846,OSR1,odd-2,caenorhabditis_elegans,6,1,2,3,6
640,ENSG00000143995,MEIS1,MEIS1,homo_sapiens,19,6,9,5,19
640,ENSMUSG00000020160,MEIS1,Meis1,mus_musculus,17,4,9,4,17
640,ENSXETG00000011473,MEIS1,meis1,xenopus_tropicalis,10,1,7,2,10
640,FBgn0001235,MEIS1,hth,drosophila_melanogaster,10,5,3,2,10
640,WBGene00006796,MEIS1,unc-62,caenorhabditis_elegans,19,10,1,8,19
652,ENSG00000146676,PURB,PURB,homo_sapiens,4,1,3,0,4
652,ENSMUSG00000094483,PURB,Purb,mus_musculus,4,1,3,0,4
652,ENSXETG00000001257,PURB,purb,xenopus_tropicalis,5,1,3,1,5
652,FBgn0022361,PURB,Pur-alpha,drosophila_melanogaster,8,7,1,0,8
652,WBGene00004046,PURB,plp-1,caenorhabditis_elegans,3,1,2,0,3
658,ENSG00000147421,HMBOX1,HMBOX1,homo_sapiens,17,9,1,7,17
658,ENSMUSG00000021972,HMBOX1,Hmbox1,mus_musculus,16,8,1,7,16
658,WBGene00018786,HMBOX1,hmbx-1,caenorhabditis_elegans,3,1,1,1,3
659,ENSG00000147488,ST18,ST18,homo_sapiens,6,3,3,0,6
659,ENSMUSG00000033740,ST18,St18,mus_musculus,13,10,3,0,13
659,ENSXETG00000005673,ST18,st18,xenopus_tropicalis,4,1,3,0,4
659,FBgn0263772,ST18,CG43689,drosophila_melanogaster,7,6,1,0,7
659,WBGene00009939,ST18,ztf-11,caenorhabditis_elegans,3,2,1,0,3
660,ENSG00000147596,PRDM14,PRDM14,homo_sapiens,12,2,3,7,12
660,ENSMUSG00000042414,PRDM14,Prdm14,mus_musculus,11,1,3,7,11
660,ENSXETG00000015915,PRDM14,prdm14,xenopus_tropicalis,18,2,3,13,18
660,WBGene00018567,PRDM14,F47E1.3,caenorhabditis_elegans,7,1,1,5,7
663,ENSG00000147862,NFIB,NFIB,homo_sapiens,26,12,4,10,26
663,ENSMUSG00000008575,NFIB,Nfib,mus_musculus,18,7,4,7,18
663,ENSXETG00000000835,NFIB,nfib,xenopus_tropicalis,6,1,4,1,6
663,FBgn0042696,NFIB,NfI,drosophila_melanogaster,5,2,1,2,5
663,WBGene00003592,NFIB,nfi-1,caenorhabditis_elegans,7,3,1,3,7
664,ENSG00000148200,NR6A1,NR6A1,homo_sapiens,22,5,12,5,22
664,ENSMUSG00000063972,NR6A1,Nr6a1,mus_musculus,22,5,12,5,22
664,ENSXETG00000008578,NR6A1,nr6a1,xenopus_tropicalis,15,1,13,1,15
664,FBgn0264562,NR6A1,Hr4,drosophila_melanogaster,22,9,4,9,22
664,WBGene00003681,NR6A1,nhr-91,caenorhabditis_elegans,11,6,2,3,11
667,ENSG00000148516,ZEB1,ZEB1,homo_sapiens,52,9,2,29,52
667,ENSMUSG00000024238,ZEB1,Zeb1,mus_musculus,14,3,2,3,14
667,ENSXETG00000011655,ZEB1,zeb1,xenopus_tropicalis,18,2,2,14,18
667,FBgn0004606,ZEB1,zfh1,drosophila_melanogaster,32,3,1,28,32
667,WBGene00006970,ZEB1,zag-1,caenorhabditis_elegans,7,1,1,5,7
668,ENSG00000148704,VAX1,VAX1,homo_sapiens,11,2,7,2,11
668,ENSMUSG00000006270,VAX1,Vax1,mus_musculus,9,1,7,1,9
668,ENSXETG00000008186,VAX1,vax1,xenopus_tropicalis,8,1,6,1,8
668,WBGene00000430,VAX1,ceh-5,caenorhabditis_elegans,9,1,7,1,9
669,ENSG00000148737,TCF7L2,TCF7L2,homo_sapiens,37,18,4,15,37
669,ENSMUSG00000024985,TCF7L2,Tcf7l2,mus_musculus,33,17,4,13,33
669,ENSXETG00000018735,TCF7L2,tcf7l2,xenopus_tropicalis,9,2,4,3,9
669,FBgn0085432,TCF7L2,pan,drosophila_melanogaster,19,9,1,9,19
669,WBGene00004077,TCF7L2,pop-1,caenorhabditis_elegans,3,1,1,1,3
670,ENSG00000148826,NKX6-2,NKX6-2,homo_sapiens,18,1,16,1,18
670,ENSMUSG00000041309,NKX6-2,Nkx6-2,mus_musculus,18,1,16,1,18
670,FBgn0040318,NKX6-2,HGTX,drosophila_melanogaster,13,1,11,1,13
670,WBGene00000584,NKX6-2,cog-1,caenorhabditis_elegans,6,2,4,2,6
673,ENSG00000149136,SSRP1,SSRP1,homo_sapiens,10,4,5,2,10
673,ENSMUSG00000027067,SSRP1,Ssrp1,mus_musculus,11,3,5,3,11
673,ENSXETG00000000781,SSRP1,ssrp1,xenopus_tropicalis,8,1,5,2,8
673,FBgn0010278,SSRP1,Ssrp,drosophila_melanogaster,8,1,6,1,8
673,WBGene00001974,SSRP1,hmg-4,caenorhabditis_elegans,6,1,4,1,6
674,ENSG00000149480,MTA2,MTA2,homo_sapiens,15,3,5,7,15
674,ENSMUSG00000071646,MTA2,Mta2,mus_musculus,10,1,6,3,10
674,ENSXETG00000005633,MTA2,mta2,xenopus_tropicalis,7,1,4,2,7
674,FBgn0027951,MTA2,MTA1-like,drosophila_melanogaster,22,4,2,16,22
674,WBGene00003025,MTA2,lin-40,caenorhabditis_elegans,18,4,2,12,18
677,ENSG00000150051,MKX,MKX,homo_sapiens,14,4,7,3,14
677,ENSMUSG00000061013,MKX,Mkx,mus_musculus,9,1,7,1,9
677,ENSXETG00000004554,MKX,mkx,xenopus_tropicalis,8,1,6,1,8
677,FBgn0031232,MKX,CG11617,drosophila_melanogaster,8,2,4,2,8
677,WBGene00007984,MKX,irx-1,caenorhabditis_elegans,3,1,1,1,3
679,ENSG00000150907,FOXO1,FOXO1,homo_sapiens,7,1,5,1,7
679,ENSMUSG00000044167,FOXO1,Foxo1,mus_musculus,2,1,5,1,2
679,FBgn0038197,FOXO1,foxo,drosophila_melanogaster,12,5,2,5,12
679,WBGene00000912,FOXO1,daf-16,caenorhabditis_elegans,22,10,3,9,22
684,ENSG00000151615,POU4F2,POU4F2,homo_sapiens,19,1,16,2,19
684,ENSMUSG00000031688,POU4F2,Pou4f2,mus_musculus,18,1,15,2,18
684,ENSXETG00000026053,POU4F2,pou4f2,xenopus_tropicalis,18,1,16,2,18
684,FBgn0000028,POU4F2,acj6,drosophila_melanogaster,44,13,5,26,44
684,WBGene00006818,POU4F2,unc-86,caenorhabditis_elegans,9,2,3,4,9
688,ENSG00000152192,POU4F1,POU4F1,homo_sapiens,19,1,16,2,19
688,ENSMUSG00000048349,POU4F1,Pou4f1,mus_musculus,18,1,15,2,18
688,ENSXETG00000017814,POU4F1,pou4f1,xenopus_tropicalis,21,1,16,4,21
688,FBgn0000028,POU4F1,acj6,drosophila_melanogaster,44,13,5,26,44
688,WBGene00006818,POU4F1,unc-86,caenorhabditis_elegans,9,2,3,4,9
689,ENSG00000152284,TCF7L1,TCF7L1,homo_sapiens,7,2,4,1,7
689,ENSMUSG00000055799,TCF7L1,Tcf7l1,mus_musculus,9,3,4,2,9
689,ENSXETG00000019015,TCF7L1,tcf7l1,xenopus_tropicalis,8,1,4,3,8
689,FBgn0085432,TCF7L1,pan,drosophila_melanogaster,19,9,1,9,19
689,WBGene00004077,TCF7L1,pop-1,caenorhabditis_elegans,3,1,1,1,3
696,ENSG00000152518,ZFP36L2,ZFP36L2,homo_sapiens,9,2,3,4,9
696,ENSMUSG00000045817,ZFP36L2,Zfp36l2,mus_musculus,7,1,4,2,7
696,ENSXETG00000009274,ZFP36L2,zfp36l2,xenopus_tropicalis,8,1,6,1,8
696,FBgn0011837,ZFP36L2,Tis11,drosophila_melanogaster,10,3,1,6,10
696,WBGene00009532,ZFP36L2,ccch-1,caenorhabditis_elegans,20,2,14,4,20
698,ENSG00000152804,HHEX,HHEX,homo_sapiens,22,3,16,3,22
698,ENSMUSG00000024986,HHEX,Hhex,mus_musculus,20,2,16,2,20
698,ENSXETG00000012215,HHEX,hhex,xenopus_tropicalis,20,2,16,2,20
698,FBgn0038852,HHEX,HHEX,drosophila_melanogaster,13,1,11,1,13
698,WBGene00004011,HHEX,pha-2,caenorhabditis_elegans,6,1,4,1,6
700,ENSG00000152977,ZIC1,ZIC1,homo_sapiens,26,2,18,6,26
700,ENSMUSG00000032368,ZIC1,Zic1,mus_musculus,26,2,18,8,26
700,ENSXETG00000015467,ZIC1,zic1,xenopus_tropicalis,20,1,14,5,20
700,FBgn0003002,ZIC1,opa,drosophila_melanogaster,12,1,0,4,12
700,WBGene00004335,ZIC1,ref-2,caenorhabditis_elegans,18,3,3,12,18
702,ENSG00000153234,NR4A2,NR4A2,homo_sapiens,28,8,14,6,28
702,ENSMUSG00000026826,NR4A2,Nr4a2,mus_musculus,21,3,15,3,21
702,ENSXETG00000031753,NR4A2,nr4a2,xenopus_tropicalis,16,1,14,1,16
702,FBgn0014859,NR4A2,Hr38,drosophila_melanogaster,6,2,2,2,6
702,WBGene00003605,NR4A2,nhr-6,caenorhabditis_elegans,7,3,1,3,7
703,ENSG00000153266,FEZF2,FEZF2,homo_sapiens,25,3,4,18,25
703,ENSMUSG00000021743,FEZF2,Fezf2,mus_musculus,11,1,4,6,11
703,ENSXETG00000022248,FEZF2,fezf2,xenopus_tropicalis,11,1,4,6,11
703,FBgn0031375,FEZF2,erm,drosophila_melanogaster,32,4,4,24,32
703,WBGene00012639,FEZF2,fezf-1,caenorhabditis_elegans,9,1,2,6,9
706,ENSG00000153879,CEBPG,CEBPG,homo_sapiens,9,2,5,2,9
706,ENSMUSG00000056216,CEBPG,Cebpg,mus_musculus,8,2,4,2,8
706,ENSXETG00000027337,CEBPG,cebpg,xenopus_tropicalis,7,1,5,1,7
706,WBGene00016754,CEBPG,cebp-2,caenorhabditis_elegans,3,1,1,1,3
708,ENSG00000154227,CERS3,CERS3,homo_sapiens,17,5,5,7,17
708,ENSMUSG00000030510,CERS3,Cers3,mus_musculus,9,2,5,2,9
708,ENSXETG00000027994,CERS3,cers3,xenopus_tropicalis,11,2,5,4,11
708,FBgn0040918,CERS3,schlank,drosophila_melanogaster,7,2,1,4,7
708,WBGene00002043,CERS3,hyl-1,caenorhabditis_elegans,11,4,3,4,11
710,ENSG00000154727,GABPA,GABPA,homo_sapiens,19,2,13,4,19
710,ENSMUSG00000008976,GABPA,Gabpa,mus_musculus,19,2,13,4,19
710,ENSXETG00000013611,GABPA,gabpa,xenopus_tropicalis,14,1,12,1,14
710,FBgn0004510,GABPA,Ets97D,drosophila_melanogaster,11,2,5,4,11
710,WBGene00016600,GABPA,ets-5,caenorhabditis_elegans,6,2,2,2,6
712,ENSG00000155090,KLF10,KLF10,homo_sapiens,23,2,15,6,23
712,ENSMUSG00000037465,KLF10,Klf10,mus_musculus,19,1,15,3,19
712,ENSXETG00000004120,KLF10,klf10,xenopus_tropicalis,18,1,14,3,18
712,FBgn0043364,KLF10,cbt,drosophila_melanogaster,16,3,4,9,16
712,WBGene00012735,KLF10,sptf-3,caenorhabditis_elegans,6,1,2,3,6
713,ENSG00000155545,MIER3,MIER3,homo_sapiens,17,6,3,8,17
713,ENSMUSG00000032727,MIER3,Mier3,mus_musculus,12,3,3,6,12
713,ENSXETG00000015520,MIER3,mier3,xenopus_tropicalis,7,2,3,2,7
713,WBGene00020320,MIER3,T07F8.4,caenorhabditis_elegans,3,1,2,1,3
720,ENSG00000156925,ZIC3,ZIC3,homo_sapiens,28,2,18,8,28
720,ENSMUSG00000067860,ZIC3,Zic3,mus_musculus,34,0,18,12,34
720,ENSXETG00000024458,ZIC3,zic3,xenopus_tropicalis,19,1,14,4,19
720,FBgn0003002,ZIC3,opa,drosophila_melanogaster,12,1,0,4,12
720,WBGene00004335,ZIC3,ref-2,caenorhabditis_elegans,18,3,3,12,18
722,ENSG00000157514,TSC22D3,TSC22D3,homo_sapiens,21,17,4,0,21
722,ENSMUSG00000031431,TSC22D3,Tsc22d3,mus_musculus,7,3,4,0,7
722,ENSXETG00000022572,TSC22D3,tsc22d3,xenopus_tropicalis,7,2,5,0,7
722,FBgn0259176,TSC22D3,bun,drosophila_melanogaster,11,10,1,0,11
722,WBGene00016269,TSC22D3,C30G4.4,caenorhabditis_elegans,27,24,3,0,27
724,ENSG00000157557,ETS2,ETS2,homo_sapiens,23,4,13,6,23
724,ENSMUSG00000022895,ETS2,Ets2,mus_musculus,18,2,13,3,18
724,ENSXETG00000023724,ETS2,ets2,xenopus_tropicalis,14,1,12,1,14
724,WBGene00016600,ETS2,ets-5,caenorhabditis_elegans,6,2,2,2,6
725,ENSG00000157613,CREB3L1,CREB3L1,homo_sapiens,10,3,5,2,10
725,ENSMUSG00000027230,CREB3L1,Creb3l1,mus_musculus,2,1,5,1,2
725,ENSXETG00000031075,CREB3L1,CREB3L1,xenopus_tropicalis,6,1,4,1,6
725,FBgn0004396,CREB3L1,CrebA,drosophila_melanogaster,5,2,1,2,5
725,WBGene00016162,CREB3L1,crh-2,caenorhabditis_elegans,10,4,2,4,10
727,ENSG00000158055,GRHL3,GRHL3,homo_sapiens,11,5,6,0,11
727,ENSMUSG00000037188,GRHL3,Grhl3,mus_musculus,7,1,6,0,7
727,ENSXETG00000003899,GRHL3,grhl3,xenopus_tropicalis,8,2,6,0,8
727,FBgn0259211,GRHL3,grh,drosophila_melanogaster,10,8,2,0,10
727,WBGene00001707,GRHL3,grh-1,caenorhabditis_elegans,4,3,1,0,4
729,ENSG00000158711,ELK4,ELK4,homo_sapiens,18,3,12,3,18
729,ENSMUSG00000026436,ELK4,Elk4,mus_musculus,17,3,11,3,17
729,ENSXETG00000000987,ELK4,elk4,xenopus_tropicalis,13,1,10,2,13
729,WBGene00017601,ELK4,ets-7,caenorhabditis_elegans,10,1,8,1,10
732,ENSG00000159086,PAXBP1,PAXBP1,homo_sapiens,4,2,2,0,4
732,ENSMUSG00000022974,PAXBP1,Paxbp1,mus_musculus,3,1,2,0,3
732,ENSXETG00000009903,PAXBP1,paxbp1,xenopus_tropicalis,3,1,2,0,3
732,FBgn0037466,PAXBP1,CG1965,drosophila_melanogaster,4,3,1,0,4
732,WBGene00009672,PAXBP1,F43G9.12,caenorhabditis_elegans,3,2,1,0,3
734,ENSG00000159216,RUNX1,RUNX1,homo_sapiens,18,9,3,7,18
734,ENSMUSG00000022952,RUNX1,Runx1,mus_musculus,13,6,3,4,13
734,ENSXETG00000014140,RUNX1,runx1,xenopus_tropicalis,5,1,3,1,5
734,FBgn0003300,RUNX1,run,drosophila_melanogaster,10,3,4,3,10
734,WBGene00004393,RUNX1,rnt-1,caenorhabditis_elegans,3,1,1,1,3
737,ENSG00000159556,ISL2,ISL2,homo_sapiens,16,1,12,3,16
737,ENSMUSG00000032318,ISL2,Isl2,mus_musculus,19,2,12,5,19
737,ENSXETG00000015323,ISL2,isl2,xenopus_tropicalis,21,2,13,6,21
737,FBgn0003896,ISL2,tup,drosophila_melanogaster,19,3,7,9,19
737,WBGene00002989,ISL2,lim-7,caenorhabditis_elegans,11,1,7,3,11
743,ENSG00000160062,ZBTB8A,ZBTB8A,homo_sapiens,24,2,16,6,24
743,ENSMUSG00000028807,ZBTB8A,Zbtb8a,mus_musculus,19,1,15,3,19
743,ENSXETG00000027866,ZBTB8A,zbtb8a.2,xenopus_tropicalis,21,1,17,3,21
743,WBGene00016154,ZBTB8A,C27A12.2,caenorhabditis_elegans,7,1,1,5,7
744,ENSG00000160094,ZNF362,ZNF362,homo_sapiens,19,3,4,12,19
744,ENSMUSG00000028799,ZNF362,Zfp362,mus_musculus,24,3,4,17,24
744,ENSXETG00000009496,ZNF362,znf362,xenopus_tropicalis,8,1,2,5,8
744,FBgn0010768,ZNF362,sqz,drosophila_melanogaster,10,1,4,5,10
744,WBGene00003015,ZNF362,lin-29,caenorhabditis_elegans,19,3,1,15,19
754,ENSG00000160973,FOXH1,FOXH1,homo_sapiens,16,1,14,1,16
754,ENSMUSG00000033837,FOXH1,Foxh1,mus_musculus,18,1,16,1,18
754,ENSXETG00000005286,FOXH1,foxh1.2,xenopus_tropicalis,17,1,14,2,17
754,WBGene00001441,FOXH1,fkh-9,caenorhabditis_elegans,11,4,5,2,11
763,ENSG00000162419,GMEB1,GMEB1,homo_sapiens,8,3,2,3,8
763,ENSMUSG00000028901,GMEB1,Gmeb1,mus_musculus,10,4,2,3,10
763,ENSXETG00000020625,GMEB1,gmeb1,xenopus_tropicalis,4,1,2,1,4
763,WBGene00008092,GMEB1,gmeb-3,caenorhabditis_elegans,6,1,4,1,6
764,ENSG00000162599,NFIA,NFIA,homo_sapiens,28,13,4,11,28
764,ENSMUSG00000028565,NFIA,Nfia,mus_musculus,17,7,4,6,17
764,ENSXETG00000008871,NFIA,nfia,xenopus_tropicalis,8,1,4,3,8
764,FBgn0042696,NFIA,NfI,drosophila_melanogaster,5,2,1,2,5
764,WBGene00003592,NFIA,nfi-1,caenorhabditis_elegans,7,3,1,3,7
766,ENSG00000162613,FUBP1,FUBP1,homo_sapiens,16,3,3,10,16
766,ENSMUSG00000028034,FUBP1,Fubp1,mus_musculus,41,11,3,27,41
766,ENSXETG00000013137,FUBP1,fubp1,xenopus_tropicalis,9,1,3,5,9
766,FBgn0014870,FUBP1,Psi,drosophila_melanogaster,16,3,1,12,16
766,WBGene00007534,FUBP1,C12D8.1,caenorhabditis_elegans,29,5,4,20,29
767,ENSG00000162624,LHX8,LHX8,homo_sapiens,20,2,12,6,20
767,ENSMUSG00000096225,LHX8,Lhx8,mus_musculus,23,3,12,8,23
767,ENSXETG00000002992,LHX8,lhx8,xenopus_tropicalis,17,1,13,3,17
767,FBgn0013751,LHX8,Awh,drosophila_melanogaster,23,4,7,12,23
767,WBGene00002987,LHX8,lim-4,caenorhabditis_elegans,11,1,7,3,11
768,ENSG00000162676,GFI1,GFI1,homo_sapiens,25,3,4,18,25
768,ENSMUSG00000029275,GFI1,Gfi1,mus_musculus,32,5,4,23,32
768,ENSXETG00000023006,GFI1,gfi1,xenopus_tropicalis,11,1,4,6,11
768,FBgn0051632,GFI1,sens-2,drosophila_melanogaster,18,2,4,12,18
768,WBGene00003909,GFI1,pag-3,caenorhabditis_elegans,8,1,2,5,8
771,ENSG00000162761,LMX1A,LMX1A,homo_sapiens,24,3,12,9,24
771,ENSMUSG00000026686,LMX1A,Lmx1a,mus_musculus,20,2,12,6,20
771,ENSXETG00000013183,LMX1A,lmx1a,xenopus_tropicalis,18,1,13,4,18
771,FBgn0052105,LMX1A,CG32105,drosophila_melanogaster,15,2,7,6,15
771,WBGene00002988,LMX1A,lim-6,caenorhabditis_elegans,15,2,7,6,15
774,ENSG00000162992,NEUROD1,NEUROD1,homo_sapiens,12,1,10,1,12
774,ENSMUSG00000034701,NEUROD1,Neurod1,mus_musculus,12,1,10,1,12
774,ENSXETG00000014068,NEUROD1,neurod1,xenopus_tropicalis,14,2,9,3,14
774,WBGene00000561,NEUROD1,cnd-1,caenorhabditis_elegans,5,1,3,1,5
775,ENSG00000163064,EN1,EN1,homo_sapiens,9,1,7,1,9
775,ENSMUSG00000058665,EN1,En1,mus_musculus,9,1,7,1,9
775,ENSXETG00000014994,EN1,en1,xenopus_tropicalis,8,1,6,1,8
775,FBgn0001269,EN1,inv,drosophila_melanogaster,12,3,6,2,12
775,WBGene00000439,EN1,ceh-16,caenorhabditis_elegans,11,2,7,2,11
778,ENSG00000163435,ELF3,ELF3,homo_sapiens,23,4,12,7,23
778,ENSMUSG00000003051,ELF3,Elf3,mus_musculus,17,2,11,4,17
778,ENSXETG00000031510,ELF3,ELF3,xenopus_tropicalis,13,1,10,2,13
778,WBGene00006462,ELF3,tag-97,caenorhabditis_elegans,14,2,8,4,14
780,ENSG00000163508,EOMES,EOMES,homo_sapiens,10,3,4,3,10
780,ENSMUSG00000032446,EOMES,Eomes,mus_musculus,10,3,4,3,10
780,ENSXETG00000019924,EOMES,eomes,xenopus_tropicalis,5,1,3,1,5
780,WBGene00006554,EOMES,tbx-35,caenorhabditis_elegans,14,1,12,1,14
781,ENSG00000163623,NKX6-1,NKX6-1,homo_sapiens,20,2,16,2,20
781,ENSMUSG00000035187,NKX6-1,Nkx6-1,mus_musculus,18,1,16,1,18
781,ENSXETG00000013227,NKX6-1,nkx6-1,xenopus_tropicalis,25,3,16,6,25
781,FBgn0040318,NKX6-1,HGTX,drosophila_melanogaster,13,1,11,1,13
781,WBGene00000584,NKX6-1,cog-1,caenorhabditis_elegans,6,2,4,2,6
782,ENSG00000163666,HESX1,HESX1,homo_sapiens,18,3,13,2,18
782,ENSMUSG00000040726,HESX1,Hesx1,mus_musculus,15,1,13,1,15
782,ENSXETG00000008710,HESX1,hesx1,xenopus_tropicalis,16,1,14,1,16
782,WBGene00020485,HESX1,ceh-54,caenorhabditis_elegans,10,1,8,1,10
784,ENSG00000163795,ZNF513,ZNF513,homo_sapiens,20,3,3,15,20
784,ENSMUSG00000043059,ZNF513,Zfp513,mus_musculus,22,5,3,14,22
784,ENSXETG00000031268,ZNF513,ZNF513,xenopus_tropicalis,12,1,3,8,12
784,FBgn0001180,ZNF513,hb,drosophila_melanogaster,7,2,1,4,7
784,WBGene00001824,ZNF513,hbl-1,caenorhabditis_elegans,11,2,1,8,11
788,ENSG00000163939,PBRM1,PBRM1,homo_sapiens,110,17,1,92,110
788,ENSMUSG00000042323,PBRM1,Pbrm1,mus_musculus,108,13,1,94,108
788,ENSXETG00000013671,PBRM1,pbrm1,xenopus_tropicalis,20,2,1,17,20
788,FBgn0039227,PBRM1,polybromo,drosophila_melanogaster,10,1,1,8,10
788,WBGene00007042,PBRM1,pbrm-1,caenorhabditis_elegans,14,3,1,10,14
791,ENSG00000164093,PITX2,PITX2,homo_sapiens,40,11,13,18,40
791,ENSMUSG00000028023,PITX2,Pitx2,mus_musculus,29,7,13,9,29
791,ENSXETG00000013330,PITX2,pitx2,xenopus_tropicalis,23,2,14,7,23
791,FBgn0020912,PITX2,Ptx1,drosophila_melanogaster,13,3,4,6,13
791,WBGene00006766,PITX2,unc-30,caenorhabditis_elegans,16,4,8,4,16
792,ENSG00000164104,HMGB2,HMGB2,homo_sapiens,16,4,4,8,16
792,ENSMUSG00000054717,HMGB2,Hmgb2,mus_musculus,7,1,4,2,7
792,ENSXETG00000016916,HMGB2,hmgb2,xenopus_tropicalis,6,1,3,2,6
792,FBgn0011764,HMGB2,Dsp1,drosophila_melanogaster,22,7,1,14,22
792,WBGene00001972,HMGB2,hmg-1.2,caenorhabditis_elegans,16,5,1,10,16
794,ENSG00000164256,PRDM9,PRDM9,homo_sapiens,25,3,3,19,25
794,ENSMUSG00000051977,PRDM9,Prdm9,mus_musculus,19,2,2,15,19
794,WBGene00011887,PRDM9,set-17,caenorhabditis_elegans,3,1,1,1,3
796,ENSG00000164330,EBF1,EBF1,homo_sapiens,8,4,4,0,8
796,ENSMUSG00000057098,EBF1,Ebf1,mus_musculus,7,3,4,0,7
796,ENSXETG00000031092,EBF1,EBF1,xenopus_tropicalis,5,1,4,0,5
796,FBgn0001319,EBF1,kn,drosophila_melanogaster,6,5,1,0,6
796,WBGene00006743,EBF1,unc-3,caenorhabditis_elegans,2,1,1,0,2
800,ENSG00000164532,TBX20,TBX20,homo_sapiens,15,1,13,1,15
800,ENSMUSG00000031965,TBX20,Tbx20,mus_musculus,17,2,13,2,17
800,ENSXETG00000013110,TBX20,tbx20,xenopus_tropicalis,14,1,12,1,14
800,FBgn0261963,TBX20,mid,drosophila_melanogaster,12,0,8,1,12
800,WBGene00003106,TBX20,mab-9,caenorhabditis_elegans,2,1,4,1,2
801,ENSG00000164600,NEUROD6,NEUROD6,homo_sapiens,14,2,10,2,14
801,ENSMUSG00000037984,NEUROD6,Neurod6,mus_musculus,12,1,10,1,12
801,ENSXETG00000023427,NEUROD6,neurod6,xenopus_tropicalis,13,2,9,2,13
801,WBGene00000561,NEUROD6,cnd-1,caenorhabditis_elegans,5,1,3,1,5
803,ENSG00000164651,SP8,SP8,homo_sapiens,27,3,15,9,27
803,ENSMUSG00000048562,SP8,Sp8,mus_musculus,19,1,15,3,19
803,ENSXETG00000030115,SP8,SP8,xenopus_tropicalis,20,1,14,5,20
803,FBgn0020378,SP8,Sp1,drosophila_melanogaster,20,4,4,12,20
803,WBGene00011926,SP8,sptf-2,caenorhabditis_elegans,6,1,2,3,6
806,ENSG00000164749,HNF4G,HNF4G,homo_sapiens,16,2,12,2,16
806,ENSMUSG00000017688,HNF4G,Hnf4g,mus_musculus,16,2,12,2,16
806,ENSXETG00000017845,HNF4G,hnf4g,xenopus_tropicalis,16,1,14,1,16
806,FBgn0004914,HNF4G,Hnf4,drosophila_melanogaster,16,5,6,5,16
806,WBGene00003654,HNF4G,nhr-64,caenorhabditis_elegans,8,2,4,2,8
807,ENSG00000164778,EN2,EN2,homo_sapiens,9,1,7,1,9
807,ENSMUSG00000039095,EN2,En2,mus_musculus,9,1,7,1,9
807,ENSXETG00000013496,EN2,en2,xenopus_tropicalis,8,1,6,1,8
807,FBgn0001269,EN2,inv,drosophila_melanogaster,12,3,6,2,12
807,WBGene00000439,EN2,ceh-16,caenorhabditis_elegans,11,2,7,2,11
808,ENSG00000164853,UNCX,UNCX,homo_sapiens,5,1,3,1,5
808,ENSMUSG00000029546,UNCX,Uncx,mus_musculus,7,2,3,2,7
808,ENSXETG00000004021,UNCX,uncx,xenopus_tropicalis,5,1,3,1,5
808,FBgn0026058,UNCX,OdsH,drosophila_melanogaster,7,1,5,1,7
808,WBGene00006744,UNCX,unc-4,caenorhabditis_elegans,5,1,3,1,5
811,ENSG00000164920,OSR2,OSR2,homo_sapiens,32,7,2,23,32
811,ENSMUSG00000022330,OSR2,Osr2,mus_musculus,6,1,2,3,6
811,ENSXETG00000017850,OSR2,osr2,xenopus_tropicalis,8,1,2,5,8
811,FBgn0024244,OSR2,drm,drosophila_melanogaster,10,3,4,6,10
811,WBGene00003846,OSR2,odd-2,caenorhabditis_elegans,6,1,2,3,6
812,ENSG00000165030,NFIL3,NFIL3,homo_sapiens,2,1,1,1,2
812,ENSMUSG00000056749,NFIL3,Nfil3,mus_musculus,3,1,1,1,3
812,ENSXETG00000000804,NFIL3,nfil3,xenopus_tropicalis,4,1,2,1,4
812,FBgn0016076,NFIL3,vri,drosophila_melanogaster,11,5,1,5,11
812,WBGene00000220,NFIL3,atf-2,caenorhabditis_elegans,4,1,1,2,4
818,ENSG00000165462,PHOX2A,PHOX2A,homo_sapiens,18,2,15,1,18
818,ENSMUSG00000007946,PHOX2A,Phox2a,mus_musculus,15,1,13,1,15
818,ENSXETG00000010505,PHOX2A,phox2a,xenopus_tropicalis,15,1,13,1,15
818,FBgn0025334,PHOX2A,PHDP,drosophila_melanogaster,12,1,10,1,12
818,WBGene00000440,PHOX2A,ceh-17,caenorhabditis_elegans,5,1,3,1,5
820,ENSG00000165512,ZNF22,ZNF22,homo_sapiens,15,1,9,5,15
820,ENSMUSG00000059878,ZNF22,Zfp422,mus_musculus,21,3,3,15,21
820,ENSXETG00000011203,ZNF22,0,xenopus_tropicalis,14,1,4,9,14
820,FBgn0000286,ZNF22,Cf2,drosophila_melanogaster,34,5,3,26,34
820,WBGene00000483,ZNF22,che-1,caenorhabditis_elegans,11,2,1,8,11
821,ENSG00000165556,CDX2,CDX2,homo_sapiens,5,1,3,1,5
821,ENSMUSG00000029646,CDX2,Cdx2,mus_musculus,5,1,3,1,5
821,FBgn0000251,CDX2,cad,drosophila_melanogaster,7,3,1,3,7
821,WBGene00003912,CDX2,pal-1,caenorhabditis_elegans,13,6,1,6,13
827,ENSG00000165702,GFI1B,GFI1B,homo_sapiens,23,3,4,16,23
827,ENSMUSG00000026815,GFI1B,Gfi1b,mus_musculus,18,2,4,12,18
827,ENSXETG00000006263,GFI1B,gfi1b,xenopus_tropicalis,11,1,4,6,11
827,FBgn0051632,GFI1B,sens-2,drosophila_melanogaster,18,2,4,12,18
827,WBGene00003909,GFI1B,pag-3,caenorhabditis_elegans,8,1,2,5,8
829,ENSG00000165821,SALL2,SALL2,homo_sapiens,32,7,4,21,32
829,ENSMUSG00000049532,SALL2,Sall2,mus_musculus,12,1,4,7,12
829,ENSXETG00000017176,SALL2,sall2,xenopus_tropicalis,14,1,4,9,14
829,FBgn0000287,SALL2,salr,drosophila_melanogaster,26,3,2,21,26
829,WBGene00004773,SALL2,sem-4,caenorhabditis_elegans,7,1,1,5,7
830,ENSG00000165891,E2F7,E2F7,homo_sapiens,7,5,2,0,7
830,ENSMUSG00000020185,E2F7,E2f7,mus_musculus,6,4,2,0,6
830,ENSXETG00000014320,E2F7,e2f7,xenopus_tropicalis,3,1,2,0,3
830,WBGene00009899,E2F7,efl-3,caenorhabditis_elegans,2,1,1,0,2
834,ENSG00000166268,MYRFL,MYRFL,homo_sapiens,11,5,2,4,11
834,ENSMUSG00000034057,MYRFL,Myrfl,mus_musculus,5,1,2,2,5
834,ENSXETG00000011388,MYRFL,myrfl,xenopus_tropicalis,3,1,2,0,3
834,FBgn0034985,MYRFL,CG3328,drosophila_melanogaster,7,3,1,3,7
834,WBGene00004134,MYRFL,pqn-47,caenorhabditis_elegans,4,1,2,1,4
835,ENSG00000166402,TUB,TUB,homo_sapiens,9,3,6,0,9
835,ENSMUSG00000031028,TUB,Tub,mus_musculus,12,3,9,0,12
835,ENSXETG00000019686,TUB,tub,xenopus_tropicalis,7,1,6,0,7
835,FBgn0015721,TUB,ktub,drosophila_melanogaster,5,2,3,0,5
835,WBGene00006655,TUB,tub-1,caenorhabditis_elegans,4,1,3,0,4
842,ENSG00000166888,STAT6,STAT6,homo_sapiens,32,17,7,8,32
842,ENSMUSG00000002147,STAT6,Stat6,mus_musculus,10,2,7,1,10
842,ENSXETG00000004431,STAT6,stat6,xenopus_tropicalis,8,1,6,1,8
842,FBgn0016917,STAT6,Stat92E,drosophila_melanogaster,23,11,1,11,23
842,WBGene00013111,STAT6,sta-1,caenorhabditis_elegans,4,3,1,0,4
843,ENSG00000166925,TSC22D4,TSC22D4,homo_sapiens,8,4,4,0,8
843,ENSMUSG00000029723,TSC22D4,Tsc22d4,mus_musculus,10,6,4,0,10
843,ENSXETG00000033531,TSC22D4,TSC22D4,xenopus_tropicalis,5,1,5,0,5
843,WBGene00016269,TSC22D4,C30G4.4,caenorhabditis_elegans,27,24,3,0,27
846,ENSG00000167074,TEF,TEF,homo_sapiens,8,3,3,2,8
846,ENSMUSG00000022389,TEF,Tef,mus_musculus,9,4,3,2,9
846,ENSXETG00000006333,TEF,tef,xenopus_tropicalis,5,1,3,1,5
846,FBgn0034096,TEF,CG7786,drosophila_melanogaster,5,1,3,1,5
846,WBGene00000469,TEF,ces-2,caenorhabditis_elegans,4,1,2,1,4
847,ENSG00000167081,PBX3,PBX3,homo_sapiens,10,6,4,4,10
847,ENSMUSG00000038718,PBX3,Pbx3,mus_musculus,11,5,4,2,11
847,ENSXETG00000000502,PBX3,pbx3,xenopus_tropicalis,5,1,3,1,5
847,FBgn0000611,PBX3,exd,drosophila_melanogaster,9,4,1,4,9
847,WBGene00000443,PBX3,ceh-20,caenorhabditis_elegans,5,1,3,1,5
848,ENSG00000167157,PRRX2,PRRX2,homo_sapiens,18,1,15,2,18
848,ENSMUSG00000039476,PRRX2,Prrx2,mus_musculus,19,2,13,4,19
848,ENSXETG00000014169,PRRX2,prrx2,xenopus_tropicalis,16,1,13,2,16
848,FBgn0034821,PRRX2,CG9876,drosophila_melanogaster,12,1,10,1,12
848,WBGene00044330,PRRX2,alr-1,caenorhabditis_elegans,5,1,3,1,5
849,ENSG00000167182,SP2,SP2,homo_sapiens,20,2,15,3,20
849,ENSMUSG00000018678,SP2,Sp2,mus_musculus,31,4,15,12,31
849,ENSXETG00000021952,SP2,sp2,xenopus_tropicalis,22,2,14,6,22
849,FBgn0039169,SP2,Spps,drosophila_melanogaster,12,2,4,6,12
849,WBGene00011926,SP2,sptf-2,caenorhabditis_elegans,6,1,2,3,6
857,ENSG00000167491,GATAD2A,GATAD2A,homo_sapiens,14,9,2,3,14
857,ENSMUSG00000036180,GATAD2A,Gatad2a,mus_musculus,5,3,2,0,5
857,ENSXETG00000013053,GATAD2A,gatad2a,xenopus_tropicalis,6,2,2,2,6
857,FBgn0010762,GATAD2A,simj,drosophila_melanogaster,6,5,1,0,6
857,WBGene00000938,GATAD2A,dcp-66,caenorhabditis_elegans,3,2,1,0,3
863,ENSG00000167635,ZNF146,ZNF146,homo_sapiens,24,2,2,20,24
863,ENSMUSG00000037029,ZNF146,Zfp146,mus_musculus,11,1,2,10,11
863,ENSXETG00000006490,ZNF146,znf350,xenopus_tropicalis,19,1,10,8,19
863,FBgn0028878,ZNF146,CG15269,drosophila_melanogaster,13,1,4,8,13
863,WBGene00009448,ZNF146,zfp-2,caenorhabditis_elegans,8,1,1,7,8
867,ENSG00000167771,RCOR2,RCOR2,homo_sapiens,9,1,5,3,9
867,ENSMUSG00000024968,RCOR2,Rcor2,mus_musculus,15,3,5,7,15
867,ENSXETG00000002710,RCOR2,rcor2,xenopus_tropicalis,8,1,5,2,8
867,FBgn0261573,RCOR2,CoRest,drosophila_melanogaster,36,10,2,24,36
867,WBGene00005006,RCOR2,spr-1,caenorhabditis_elegans,8,1,3,4,8
876,ENSG00000168267,PTF1A,PTF1A,homo_sapiens,4,1,2,1,4
876,ENSMUSG00000026735,PTF1A,Ptf1a,mus_musculus,4,1,2,1,4
876,ENSXETG00000005914,PTF1A,ptf1a,xenopus_tropicalis,5,1,2,2,5
876,FBgn0037475,PTF1A,Fer1,drosophila_melanogaster,7,2,3,2,7
876,WBGene00001957,PTF1A,hlh-13,caenorhabditis_elegans,3,1,1,1,3
880,ENSG00000168348,INSM2,INSM2,homo_sapiens,6,1,2,3,6
880,ENSMUSG00000045440,INSM2,Insm2,mus_musculus,6,1,2,3,6
880,ENSXETG00000002917,INSM2,insm2,xenopus_tropicalis,5,1,1,3,5
880,FBgn0028999,INSM2,nerfin-1,drosophila_melanogaster,5,1,2,2,5
880,WBGene00001210,INSM2,egl-46,caenorhabditis_elegans,3,1,1,1,3
883,ENSG00000168610,STAT3,STAT3,homo_sapiens,18,6,7,5,18
883,ENSMUSG00000004040,STAT3,Stat3,mus_musculus,15,4,7,4,15
883,ENSXETG00000007642,STAT3,stat3.1,xenopus_tropicalis,8,1,6,1,8
883,FBgn0016917,STAT3,Stat92E,drosophila_melanogaster,23,11,1,11,23
883,WBGene00013111,STAT3,sta-1,caenorhabditis_elegans,4,3,1,0,4
887,ENSG00000168826,ZBTB49,ZBTB49,homo_sapiens,29,3,16,10,29
887,ENSMUSG00000029127,ZBTB49,Zbtb49,mus_musculus,30,3,15,12,30
887,ENSXETG00000016041,ZBTB49,zbtb49,xenopus_tropicalis,26,1,17,8,26
887,WBGene00016154,ZBTB49,C27A12.2,caenorhabditis_elegans,7,1,1,5,7
889,ENSG00000168875,SOX14,SOX14,homo_sapiens,19,1,17,1,19
889,ENSMUSG00000053747,SOX14,Sox14,mus_musculus,20,2,16,2,20
889,ENSXETG00000022689,SOX14,sox14,xenopus_tropicalis,16,1,14,1,16
889,FBgn0000411,SOX14,D,drosophila_melanogaster,15,4,7,4,15
889,WBGene00004950,SOX14,sox-3,caenorhabditis_elegans,5,1,3,1,5
890,ENSG00000169016,E2F6,E2F6,homo_sapiens,10,4,6,0,10
890,ENSMUSG00000057469,E2F6,E2f6,mus_musculus,7,1,6,0,7
890,FBgn0011766,E2F6,E2f1,drosophila_melanogaster,8,6,2,0,8
890,WBGene00001162,E2F6,efl-2,caenorhabditis_elegans,2,4,2,0,2
898,ENSG00000169554,ZEB2,ZEB2,homo_sapiens,63,19,2,42,63
898,ENSMUSG00000026872,ZEB2,Zeb2,mus_musculus,56,17,2,43,56
898,ENSXETG00000000237,ZEB2,zeb2,xenopus_tropicalis,10,1,2,7,10
898,FBgn0004606,ZEB2,zfh1,drosophila_melanogaster,32,3,1,28,32
898,WBGene00006970,ZEB2,zag-1,caenorhabditis_elegans,7,1,1,5,7
899,ENSG00000169594,BNC1,BNC1,homo_sapiens,15,3,2,10,15
899,ENSMUSG00000025105,BNC1,Bnc1,mus_musculus,5,1,2,2,5
899,ENSXETG00000016084,BNC1,bnc1,xenopus_tropicalis,6,1,2,3,6
899,FBgn0042650,BNC1,disco-r,drosophila_melanogaster,14,4,2,8,14
899,WBGene00044791,BNC1,bnc-1,caenorhabditis_elegans,4,1,1,2,4
900,ENSG00000169635,HIC2,HIC2,homo_sapiens,37,3,16,18,37
900,ENSMUSG00000050240,HIC2,Hic2,mus_musculus,26,2,15,9,26
900,ENSXETG00000022419,HIC2,hic2,xenopus_tropicalis,24,1,17,6,24
900,WBGene00016154,HIC2,C27A12.2,caenorhabditis_elegans,7,1,1,5,7
901,ENSG00000169714,CNBP,CNBP,homo_sapiens,61,8,2,51,61
901,ENSMUSG00000030057,CNBP,Cnbp,mus_musculus,42,5,2,35,42
901,ENSXETG00000025147,CNBP,cnbp,xenopus_tropicalis,15,2,1,12,15
901,FBgn0034802,CNBP,CG3800,drosophila_melanogaster,15,0,1,12,15
901,WBGene00019537,CNBP,K08D12.3,caenorhabditis_elegans,11,3,1,7,11
904,ENSG00000169856,ONECUT1,ONECUT1,homo_sapiens,9,2,5,2,9
904,ENSMUSG00000043013,ONECUT1,Onecut1,mus_musculus,8,1,5,2,8
904,ENSXETG00000006349,ONECUT1,onecut1,xenopus_tropicalis,14,2,6,6,14
904,FBgn0028996,ONECUT1,onecut,drosophila_melanogaster,8,2,2,4,8
904,WBGene00015934,ONECUT1,ceh-48,caenorhabditis_elegans,9,1,6,2,9
905,ENSG00000169926,KLF13,KLF13,homo_sapiens,27,4,15,8,27
905,ENSMUSG00000052040,KLF13,Klf13,mus_musculus,21,3,15,3,21
905,ENSXETG00000016478,KLF13,klf13,xenopus_tropicalis,18,1,14,3,18
905,FBgn0043364,KLF13,cbt,drosophila_melanogaster,16,3,4,9,16
905,WBGene00012735,KLF13,sptf-3,caenorhabditis_elegans,6,1,2,3,6
912,ENSG00000170122,FOXD4,FOXD4,homo_sapiens,26,1,24,1,26
912,FBgn0004896,FOXD4,fd59A,drosophila_melanogaster,2,1,6,1,2
912,WBGene00006853,FOXD4,unc-130,caenorhabditis_elegans,5,1,3,1,5
913,ENSG00000170166,HOXD4,HOXD4,homo_sapiens,2,1,16,1,2
913,ENSMUSG00000101174,HOXD4,Hoxd4,mus_musculus,19,2,15,2,19
913,ENSXETG00000001799,HOXD4,hoxd4,xenopus_tropicalis,16,1,14,1,16
913,FBgn0000439,HOXD4,Dfd,drosophila_melanogaster,8,1,6,1,8
913,WBGene00003024,HOXD4,lin-39,caenorhabditis_elegans,5,2,1,2,5
920,ENSG00000170365,SMAD1,SMAD1,homo_sapiens,28,9,8,11,28
920,ENSMUSG00000031681,SMAD1,Smad1,mus_musculus,16,3,8,5,16
920,ENSXETG00000026047,SMAD1,smad1,xenopus_tropicalis,14,1,10,3,14
920,FBgn0011648,SMAD1,Mad,drosophila_melanogaster,10,2,4,4,10
920,WBGene00004856,SMAD1,sma-2,caenorhabditis_elegans,3,1,0,2,3
921,ENSG00000170370,EMX2,EMX2,homo_sapiens,11,3,7,1,11
921,ENSMUSG00000043969,EMX2,Emx2,mus_musculus,10,2,7,1,10
921,ENSXETG00000022080,EMX2,emx2,xenopus_tropicalis,8,1,6,1,8
921,FBgn0008646,EMX2,E5,drosophila_melanogaster,7,1,6,1,7
921,WBGene00000429,EMX2,ceh-2,caenorhabditis_elegans,9,1,7,1,9
922,ENSG00000170374,SP7,SP7,homo_sapiens,28,4,15,9,28
922,ENSMUSG00000060284,SP7,Sp7,mus_musculus,19,1,15,3,19
922,ENSXETG00000012663,SP7,sp7,xenopus_tropicalis,19,1,14,4,19
922,WBGene00011926,SP7,sptf-2,caenorhabditis_elegans,6,1,2,3,6
927,ENSG00000170577,SIX2,SIX2,homo_sapiens,8,1,6,1,8
927,ENSMUSG00000024134,SIX2,Six2,mus_musculus,10,2,6,2,10
927,ENSXETG00000026158,SIX2,six2,xenopus_tropicalis,9,2,5,2,9
927,WBGene00000454,SIX2,ceh-33,caenorhabditis_elegans,6,1,4,1,6
928,ENSG00000170581,STAT2,STAT2,homo_sapiens,12,3,7,2,12
928,ENSMUSG00000040033,STAT2,Stat2,mus_musculus,11,2,7,2,11
928,ENSXETG00000021830,STAT2,stat2,xenopus_tropicalis,10,2,6,2,10
928,FBgn0016917,STAT2,Stat92E,drosophila_melanogaster,23,11,1,11,23
928,WBGene00013111,STAT2,sta-1,caenorhabditis_elegans,4,3,1,0,4
929,ENSG00000170608,FOXA3,FOXA3,homo_sapiens,28,2,24,2,28
929,ENSMUSG00000040891,FOXA3,Foxa3,mus_musculus,21,1,19,1,21
929,ENSXETG00000025867,FOXA3,foxa1,xenopus_tropicalis,21,1,19,1,21
929,FBgn0000659,FOXA3,fkh,drosophila_melanogaster,16,5,6,5,16
929,WBGene00004013,FOXA3,pha-4,caenorhabditis_elegans,9,3,3,3,9
933,ENSG00000170684,ZNF296,ZNF296,homo_sapiens,17,2,3,12,17
933,ENSMUSG00000011267,ZNF296,Zfp296,mus_musculus,8,1,3,4,8
933,FBgn0029939,ZNF296,CG9650,drosophila_melanogaster,25,4,1,20,25
933,WBGene00017430,ZNF296,F13H6.1,caenorhabditis_elegans,13,3,1,9,13
935,ENSG00000170802,FOXN2,FOXN2,homo_sapiens,12,3,6,3,12
935,ENSMUSG00000034998,FOXN2,Foxn2,mus_musculus,9,2,6,1,9
935,ENSXETG00000022651,FOXN2,foxn2,xenopus_tropicalis,9,2,5,2,9
935,FBgn0029504,FOXN2,CHES-1-like,drosophila_melanogaster,10,4,2,4,10
935,WBGene00001440,FOXN2,fkh-8,caenorhabditis_elegans,5,2,1,2,5
944,ENSG00000171291,ZNF439,ZNF439,homo_sapiens,65,3,38,24,65
944,WBGene00021931,ZNF439,Y55F3AM.14,caenorhabditis_elegans,13,1,1,11,13
945,ENSG00000171295,ZNF440,ZNF440,homo_sapiens,63,5,38,20,63
945,WBGene00021931,ZNF440,Y55F3AM.14,caenorhabditis_elegans,13,1,1,11,13
951,ENSG00000171532,NEUROD2,NEUROD2,homo_sapiens,12,1,10,1,12
951,ENSMUSG00000038255,NEUROD2,Neurod2,mus_musculus,12,1,10,1,12
951,ENSXETG00000014068,NEUROD2,neurod1,xenopus_tropicalis,14,2,9,3,14
951,WBGene00000561,NEUROD2,cnd-1,caenorhabditis_elegans,5,1,3,1,5
956,ENSG00000171735,CAMTA1,CAMTA1,homo_sapiens,18,7,2,9,18
956,ENSMUSG00000014592,CAMTA1,Camta1,mus_musculus,28,7,2,19,28
956,ENSXETG00000005040,CAMTA1,camta1,xenopus_tropicalis,6,1,2,3,6
956,FBgn0259234,CAMTA1,Camta,drosophila_melanogaster,29,7,1,21,29
956,WBGene00020251,CAMTA1,camt-1,caenorhabditis_elegans,11,3,1,7,11
957,ENSG00000171786,NHLH1,NHLH1,homo_sapiens,13,1,11,1,13
957,ENSMUSG00000051251,NHLH1,Nhlh1,mus_musculus,13,1,11,1,13
957,ENSXETG00000005841,NHLH1,nhlh1,xenopus_tropicalis,13,1,11,1,13
957,FBgn0011277,NHLH1,HLH4C,drosophila_melanogaster,9,2,5,2,9
957,WBGene00001959,NHLH1,hlh-15,caenorhabditis_elegans,3,1,2,1,3
962,ENSG00000171956,FOXB1,FOXB1,homo_sapiens,26,1,24,1,26
962,ENSMUSG00000059246,FOXB1,Foxb1,mus_musculus,21,1,19,1,21
962,ENSXETG00000017708,FOXB1,foxb1,xenopus_tropicalis,21,1,19,1,21
962,FBgn0004898,FOXB1,fd96Cb,drosophila_melanogaster,8,1,6,1,8
962,WBGene00003017,FOXB1,lin-31,caenorhabditis_elegans,5,1,3,1,5
963,ENSG00000171970,ZNF57,ZNF57,homo_sapiens,86,5,38,43,86
963,WBGene00021931,ZNF57,Y55F3AM.14,caenorhabditis_elegans,13,1,1,11,13
964,ENSG00000172000,ZNF556,ZNF556,homo_sapiens,60,2,38,20,60
964,WBGene00021931,ZNF556,Y55F3AM.14,caenorhabditis_elegans,13,1,1,11,13
965,ENSG00000172006,ZNF554,ZNF554,homo_sapiens,20,2,9,9,20
965,ENSXETG00000011203,ZNF554,0,xenopus_tropicalis,14,1,4,9,14
965,FBgn0000286,ZNF554,Cf2,drosophila_melanogaster,34,5,3,26,34
965,WBGene00000483,ZNF554,che-1,caenorhabditis_elegans,11,2,1,8,11
966,ENSG00000172059,KLF11,KLF11,homo_sapiens,15,6,15,9,15
966,ENSMUSG00000020653,KLF11,Klf11,mus_musculus,22,4,15,3,22
966,ENSXETG00000007013,KLF11,klf11,xenopus_tropicalis,22,2,14,6,22
966,FBgn0043364,KLF11,cbt,drosophila_melanogaster,16,3,4,9,16
966,WBGene00012735,KLF11,sptf-3,caenorhabditis_elegans,6,1,2,3,6
968,ENSG00000172216,CEBPB,CEBPB,homo_sapiens,7,1,5,1,7
968,ENSMUSG00000056501,CEBPB,Cebpb,mus_musculus,6,1,4,1,6
968,ENSXETG00000012286,CEBPB,cebpb,xenopus_tropicalis,7,1,5,1,7
968,WBGene00016754,CEBPB,cebp-2,caenorhabditis_elegans,3,1,1,1,3
969,ENSG00000172238,ATOH1,ATOH1,homo_sapiens,12,1,10,1,12
969,ENSMUSG00000073043,ATOH1,Atoh1,mus_musculus,12,1,10,1,12
969,ENSXETG00000023279,ATOH1,atoh1,xenopus_tropicalis,11,1,9,1,11
969,WBGene00003018,ATOH1,lin-32,caenorhabditis_elegans,5,1,3,1,5
972,ENSG00000172292,CERS6,CERS6,homo_sapiens,9,2,5,4,9
972,ENSMUSG00000027035,CERS6,Cers6,mus_musculus,11,2,5,4,11
972,ENSXETG00000016207,CERS6,cers6,xenopus_tropicalis,8,1,5,2,8
972,FBgn0040918,CERS6,schlank,drosophila_melanogaster,7,2,1,4,7
972,WBGene00002043,CERS6,hyl-1,caenorhabditis_elegans,11,4,3,4,11
974,ENSG00000172379,ARNT2,ARNT2,homo_sapiens,34,6,13,15,34
974,ENSMUSG00000015709,ARNT2,Arnt2,mus_musculus,34,7,13,14,34
974,ENSXETG00000012988,ARNT2,arnt2,xenopus_tropicalis,19,2,11,6,19
974,FBgn0264075,ARNT2,tgo,drosophila_melanogaster,14,2,6,6,14
974,WBGene00000095,ARNT2,aha-1,caenorhabditis_elegans,11,2,3,3,11
979,ENSG00000172789,HOXC5,HOXC5,homo_sapiens,18,1,16,1,18
979,ENSMUSG00000022485,HOXC5,Hoxc5,mus_musculus,17,1,15,1,17
979,ENSXETG00000025183,HOXC5,hoxc5,xenopus_tropicalis,18,2,14,2,18
979,WBGene00003024,HOXC5,lin-39,caenorhabditis_elegans,5,2,1,2,5
980,ENSG00000172818,OVOL1,OVOL1,homo_sapiens,13,2,3,8,13
980,ENSMUSG00000024922,OVOL1,Ovol1,mus_musculus,7,1,3,3,7
980,ENSXETG00000020587,OVOL1,ovol1,xenopus_tropicalis,7,1,3,3,7
980,FBgn0003028,OVOL1,ovo,drosophila_melanogaster,18,5,1,15,18
980,WBGene00003033,OVOL1,lin-48,caenorhabditis_elegans,5,1,1,3,5
982,ENSG00000172845,SP3,SP3,homo_sapiens,24,3,15,9,24
982,ENSMUSG00000027109,SP3,Sp3,mus_musculus,23,2,15,3,23
982,ENSXETG00000008503,SP3,sp3,xenopus_tropicalis,24,2,14,8,24
982,FBgn0039169,SP3,Spps,drosophila_melanogaster,12,2,4,6,12
982,WBGene00011926,SP3,sptf-2,caenorhabditis_elegans,6,1,2,3,6
987,ENSG00000173068,BNC2,BNC2,homo_sapiens,28,13,2,13,28
987,ENSMUSG00000028487,BNC2,Bnc2,mus_musculus,35,16,2,17,35
987,ENSXETG00000018036,BNC2,bnc2,xenopus_tropicalis,7,1,2,4,7
987,FBgn0000459,BNC2,disco,drosophila_melanogaster,6,2,2,2,6
987,WBGene00044791,BNC2,bnc-1,caenorhabditis_elegans,4,1,1,2,4
993,ENSG00000173404,INSM1,INSM1,homo_sapiens,7,1,2,4,7
993,ENSMUSG00000068154,INSM1,Insm1,mus_musculus,7,1,2,4,7
993,ENSXETG00000002917,INSM1,insm2,xenopus_tropicalis,5,1,1,3,5
993,FBgn0028999,INSM1,nerfin-1,drosophila_melanogaster,5,1,2,2,5
993,WBGene00001210,INSM1,egl-46,caenorhabditis_elegans,3,1,1,1,3
995,ENSG00000173473,SMARCC1,SMARCC1,homo_sapiens,5,1,2,2,5
995,ENSMUSG00000032481,SMARCC1,Smarcc1,mus_musculus,15,6,2,7,15
995,ENSXETG00000014492,SMARCC1,smarcc1,xenopus_tropicalis,7,1,2,4,7
995,FBgn0002783,SMARCC1,mor,drosophila_melanogaster,7,2,1,4,7
995,WBGene00004203,SMARCC1,swsn-1,caenorhabditis_elegans,9,4,1,8,9
998,ENSG00000173757,STAT5B,STAT5B,homo_sapiens,10,2,7,1,10
998,ENSMUSG00000020919,STAT5B,Stat5b,mus_musculus,11,2,7,2,11
998,ENSXETG00000000836,STAT5B,stat5b,xenopus_tropicalis,9,1,6,2,9
998,FBgn0016917,STAT5B,Stat92E,drosophila_melanogaster,23,11,1,11,23
998,WBGene00013111,STAT5B,sta-1,caenorhabditis_elegans,4,3,1,0,4
999,ENSG00000173875,ZNF791,ZNF791,homo_sapiens,62,3,38,21,62
999,ENSMUSG00000074194,ZNF791,Zfp791,mus_musculus,114,1,97,16,114
999,WBGene00021931,ZNF791,Y55F3AM.14,caenorhabditis_elegans,13,1,1,11,13
1000,ENSG00000173917,HOXB2,HOXB2,homo_sapiens,22,1,20,1,22
1000,ENSMUSG00000075588,HOXB2,Hoxb2,mus_musculus,2,1,20,1,2
1000,FBgn0004054,HOXB2,zen2,drosophila_melanogaster,15,2,11,2,15
1000,WBGene00003102,HOXB2,mab-5,caenorhabditis_elegans,8,1,6,1,8
1001,ENSG00000173976,RAX2,RAX2,homo_sapiens,19,2,15,2,19
1001,WBGene00000433,RAX2,ceh-8,caenorhabditis_elegans,5,1,3,1,5
1002,ENSG00000174197,MGA,MGA,homo_sapiens,24,9,4,11,24
1002,ENSMUSG00000033943,MGA,Mga,mus_musculus,19,5,4,10,19
1002,ENSXETG00000000051,MGA,mga,xenopus_tropicalis,6,1,3,2,6
1002,WBGene00006554,MGA,tbx-35,caenorhabditis_elegans,14,1,12,1,14
1004,ENSG00000174279,EVX2,EVX2,homo_sapiens,22,1,20,1,22
1004,ENSMUSG00000001815,EVX2,Evx2,mus_musculus,24,2,20,2,24
1004,FBgn0000606,EVX2,eve,drosophila_melanogaster,13,1,11,1,13
1004,WBGene00006873,EVX2,vab-7,caenorhabditis_elegans,8,1,6,1,8
1009,ENSG00000174576,NPAS4,NPAS4,homo_sapiens,5,1,1,3,5
1009,ENSMUSG00000045903,NPAS4,Npas4,mus_musculus,5,1,1,3,5
1009,ENSXETG00000020576,NPAS4,npas4,xenopus_tropicalis,7,2,1,4,7
1009,FBgn0039411,NPAS4,dys,drosophila_melanogaster,10,3,1,6,10
1009,WBGene00000521,NPAS4,cky-1,caenorhabditis_elegans,7,2,1,4,7
1013,ENSG00000174738,NR1D2,NR1D2,homo_sapiens,10,1,8,1,10
1013,ENSMUSG00000021775,NR1D2,Nr1d2,mus_musculus,10,1,8,1,10
1013,ENSXETG00000003869,NR1D2,nr1d2,xenopus_tropicalis,16,0,10,4,16
1013,FBgn0000568,NR1D2,Eip75B,drosophila_melanogaster,21,7,8,6,21
1013,WBGene00003675,NR1D2,nhr-85,caenorhabditis_elegans,11,2,10,1,11
1015,ENSG00000174963,ZIC4,ZIC4,homo_sapiens,51,9,18,24,51
1015,ENSMUSG00000036972,ZIC4,Zic4,mus_musculus,37,6,18,13,37
1015,ENSXETG00000015475,ZIC4,zic4,xenopus_tropicalis,19,1,14,4,19
1015,FBgn0003002,ZIC4,opa,drosophila_melanogaster,12,1,0,4,12
1015,WBGene00004335,ZIC4,ref-2,caenorhabditis_elegans,18,3,3,12,18
1020,ENSG00000175325,PROP1,PROP1,homo_sapiens,15,1,13,1,15
1020,ENSMUSG00000044542,PROP1,Prop1,mus_musculus,16,0,13,1,16
1020,FBgn0052532,PROP1,CG32532,drosophila_melanogaster,10,3,4,3,10
1020,WBGene00006778,PROP1,unc-42,caenorhabditis_elegans,17,5,8,4,17
1025,ENSG00000175691,ZNF77,ZNF77,homo_sapiens,52,1,38,13,52
1025,WBGene00021931,ZNF77,Y55F3AM.14,caenorhabditis_elegans,13,1,1,11,13
1026,ENSG00000175727,MLXIP,MLXIP,homo_sapiens,13,6,3,4,13
1026,ENSMUSG00000038342,MLXIP,Mlxip,mus_musculus,6,2,3,1,6
1026,ENSXETG00000003773,MLXIP,mlxip,xenopus_tropicalis,8,2,3,3,8
1026,FBgn0032940,MLXIP,Mio,drosophila_melanogaster,24,11,2,11,24
1026,WBGene00003378,MLXIP,mml-1,caenorhabditis_elegans,6,2,2,2,6
1029,ENSG00000175832,ETV4,ETV4,homo_sapiens,28,8,13,7,28
1029,ENSMUSG00000017724,ETV4,Etv4,mus_musculus,19,3,13,3,19
1029,ENSXETG00000030031,ETV4,ETV4,xenopus_tropicalis,13,1,12,0,13
1029,FBgn0039225,ETV4,Ets96B,drosophila_melanogaster,9,2,5,2,9
1029,WBGene00016600,ETV4,ets-5,caenorhabditis_elegans,6,2,2,2,6
1031,ENSG00000176009,ASCL3,ASCL3,homo_sapiens,7,1,5,1,7
1031,ENSMUSG00000035951,ASCL3,Ascl3,mus_musculus,7,1,5,1,7
1031,WBGene00001952,ASCL3,hlh-6,caenorhabditis_elegans,3,1,1,1,3
1033,ENSG00000176083,ZNF683,ZNF683,homo_sapiens,23,9,2,12,23
1033,ENSMUSG00000049410,ZNF683,Zfp683,mus_musculus,6,1,2,3,6
1033,FBgn0035625,ZNF683,Blimp-1,drosophila_melanogaster,37,6,1,30,37
1033,WBGene00003847,ZNF683,blmp-1,caenorhabditis_elegans,15,2,1,12,15
1035,ENSG00000176165,FOXG1,FOXG1,homo_sapiens,16,1,14,1,16
1035,ENSMUSG00000020950,FOXG1,Foxg1,mus_musculus,20,2,16,2,20
1035,FBgn0004567,FOXG1,slp2,drosophila_melanogaster,8,1,6,1,8
1035,WBGene00001434,FOXG1,fkh-2,caenorhabditis_elegans,11,3,5,3,11
1037,ENSG00000176256,HMGB4,HMGB4,homo_sapiens,10,2,4,4,10
1037,ENSMUSG00000048686,HMGB4,Hmgb4,mus_musculus,7,1,4,2,7
1037,FBgn0011764,HMGB4,Dsp1,drosophila_melanogaster,22,7,1,14,22
1037,WBGene00001972,HMGB4,hmg-1.2,caenorhabditis_elegans,16,5,1,10,16
1041,ENSG00000176399,DMRTA1,DMRTA1,homo_sapiens,8,1,6,1,8
1041,ENSMUSG00000043753,DMRTA1,Dmrta1,mus_musculus,8,1,6,1,8
1041,ENSXETG00000005462,DMRTA1,dmrta1,xenopus_tropicalis,7,1,5,1,7
1041,FBgn0039683,DMRTA1,dmrt99B,drosophila_melanogaster,6,1,4,1,6
1041,WBGene00007776,DMRTA1,dmd-4,caenorhabditis_elegans,8,1,6,1,8
1048,ENSG00000176887,SOX11,SOX11,homo_sapiens,19,1,17,1,19
1048,ENSMUSG00000063632,SOX11,Sox11,mus_musculus,18,1,16,1,18
1048,ENSXETG00000024011,SOX11,sox12,xenopus_tropicalis,16,1,14,1,16
1048,FBgn0005612,SOX11,Sox14,drosophila_melanogaster,13,3,7,3,13
1048,WBGene00004771,SOX11,sem-2,caenorhabditis_elegans,7,2,3,2,7
1049,ENSG00000176946,THAP4,THAP4,homo_sapiens,6,4,1,1,6
1049,ENSMUSG00000026279,THAP4,Thap4,mus_musculus,5,3,1,1,5
1049,ENSXETG00000031164,THAP4,thap4,xenopus_tropicalis,3,1,1,1,3
1049,WBGene00012143,THAP4,T28H10.2,caenorhabditis_elegans,6,1,4,1,6
1054,ENSG00000177374,HIC1,HIC1,homo_sapiens,28,7,16,21,28
1054,ENSMUSG00000043099,HIC1,Hic1,mus_musculus,22,1,15,6,22
1054,ENSXETG00000023803,HIC1,hic1,xenopus_tropicalis,24,1,17,6,24
1054,WBGene00016154,HIC1,C27A12.2,caenorhabditis_elegans,7,1,1,5,7
1056,ENSG00000177463,NR2C2,NR2C2,homo_sapiens,28,10,12,6,28
1056,ENSMUSG00000005893,NR2C2,Nr2c2,mus_musculus,17,3,12,2,17
1056,ENSXETG00000004817,NR2C2,nr2c2,xenopus_tropicalis,16,1,14,1,16
1056,FBgn0015239,NR2C2,Hr78,drosophila_melanogaster,18,6,6,6,18
1056,WBGene00022423,NR2C2,nhr-41,caenorhabditis_elegans,18,7,4,6,18
1057,ENSG00000177468,OLIG3,OLIG3,homo_sapiens,7,1,5,1,7
1057,ENSMUSG00000045591,OLIG3,Olig3,mus_musculus,7,1,5,1,7
1057,ENSXETG00000022490,OLIG3,olig3,xenopus_tropicalis,7,1,5,1,7
1057,WBGene00001960,OLIG3,hlh-16,caenorhabditis_elegans,6,1,4,1,6
1060,ENSG00000177551,NHLH2,NHLH2,homo_sapiens,17,3,11,3,17
1060,ENSMUSG00000048540,NHLH2,Nhlh2,mus_musculus,17,3,11,3,17
1060,FBgn0011277,NHLH2,HLH4C,drosophila_melanogaster,9,2,5,2,9
1060,WBGene00001959,NHLH2,hlh-15,caenorhabditis_elegans,3,1,2,1,3
1061,ENSG00000177599,ZNF491,ZNF491,homo_sapiens,54,2,37,15,54
1061,WBGene00021931,ZNF491,Y55F3AM.14,caenorhabditis_elegans,13,1,1,11,13
1064,ENSG00000177732,SOX12,SOX12,homo_sapiens,19,1,17,1,19
1064,ENSMUSG00000051817,SOX12,Sox12,mus_musculus,20,2,16,2,20
1064,ENSXETG00000024011,SOX12,sox12,xenopus_tropicalis,16,1,14,1,16
1064,FBgn0005612,SOX12,Sox14,drosophila_melanogaster,13,3,7,3,13
1064,WBGene00004771,SOX12,sem-2,caenorhabditis_elegans,7,2,3,2,7
1071,ENSG00000178177,LCORL,LCORL,homo_sapiens,7,3,2,2,7
1071,ENSMUSG00000015882,LCORL,Lcorl,mus_musculus,11,0,2,2,11
1071,ENSXETG00000031509,LCORL,LCORL,xenopus_tropicalis,3,1,1,1,3
1071,FBgn0264490,LCORL,Eip93F,drosophila_melanogaster,7,3,1,3,7
1071,WBGene00011315,LCORL,mbr-1,caenorhabditis_elegans,4,1,1,2,4
1076,ENSG00000178403,NEUROG2,NEUROG2,homo_sapiens,12,1,10,1,12
1076,ENSMUSG00000027967,NEUROG2,Neurog2,mus_musculus,12,1,10,1,12
1076,ENSXETG00000024100,NEUROG2,neurog2,xenopus_tropicalis,12,1,9,2,12
1076,FBgn0015550,NEUROG2,tap,drosophila_melanogaster,7,1,5,1,7
1076,WBGene00003595,NEUROG2,ngn-1,caenorhabditis_elegans,5,1,3,1,5
1077,ENSG00000178573,MAF,MAF,homo_sapiens,13,3,7,3,13
1077,ENSMUSG00000055435,MAF,Maf,mus_musculus,11,2,7,2,11
1077,ENSXETG00000000172,MAF,maf,xenopus_tropicalis,11,1,7,3,11
1077,FBgn0000964,MAF,tj,drosophila_melanogaster,4,2,2,0,4
1077,WBGene00077521,MAF,maf-1,caenorhabditis_elegans,2,1,1,0,2
1089,ENSG00000179348,GATA2,GATA2,homo_sapiens,15,5,6,6,15
1089,ENSMUSG00000015053,GATA2,Gata2,mus_musculus,13,3,6,4,13
1089,ENSXETG00000016171,GATA2,gata2,xenopus_tropicalis,9,1,6,2,9
1089,FBgn0001138,GATA2,grn,drosophila_melanogaster,11,3,5,6,11
1089,WBGene00001249,GATA2,elt-1,caenorhabditis_elegans,21,6,5,10,21
1090,ENSG00000179361,ARID3B,ARID3B,homo_sapiens,15,3,7,5,15
1090,ENSMUSG00000004661,ARID3B,Arid3b,mus_musculus,20,6,7,7,20
1090,ENSXETG00000010647,ARID3B,arid3b,xenopus_tropicalis,9,1,7,1,9
1090,WBGene00000476,ARID3B,cfi-1,caenorhabditis_elegans,6,1,3,2,6
1091,ENSG00000179388,EGR3,EGR3,homo_sapiens,14,3,5,6,14
1091,ENSMUSG00000033730,EGR3,Egr3,mus_musculus,9,1,5,3,9
1091,ENSXETG00000031881,EGR3,EGR3,xenopus_tropicalis,9,1,5,3,9
1091,FBgn0003499,EGR3,sr,drosophila_melanogaster,19,5,2,12,19
1091,WBGene00043705,EGR3,egrh-2,caenorhabditis_elegans,21,4,5,12,21
1092,ENSG00000179456,ZBTB18,ZBTB18,homo_sapiens,28,2,16,10,28
1092,ENSMUSG00000063659,ZBTB18,Zbtb18,mus_musculus,47,11,15,21,47
1092,ENSXETG00000014541,ZBTB18,zbtb18,xenopus_tropicalis,23,1,17,5,23
1092,WBGene00016154,ZBTB18,C27A12.2,caenorhabditis_elegans,7,1,1,5,7
1095,ENSG00000179627,ZBTB42,ZBTB42,homo_sapiens,28,2,16,10,28
1095,ENSMUSG00000037638,ZBTB42,Zbtb42,mus_musculus,23,3,15,5,23
1095,ENSXETG00000008601,ZBTB42,znf238.2,xenopus_tropicalis,23,1,17,5,23
1095,WBGene00016154,ZBTB42,C27A12.2,caenorhabditis_elegans,7,1,1,5,7
1100,ENSG00000179930,ZNF648,ZNF648,homo_sapiens,12,1,1,10,12
1100,ENSMUSG00000066797,ZNF648,Zfp648,mus_musculus,12,1,1,10,12
1100,FBgn0029928,ZNF648,CG3032,drosophila_melanogaster,19,2,1,16,19
1100,WBGene00010264,ZNF648,F58G1.2,caenorhabditis_elegans,18,4,2,12,18
1116,ENSG00000180828,BHLHE22,BHLHE22,homo_sapiens,7,1,5,1,7
1116,ENSMUSG00000025128,BHLHE22,Bhlhe22,mus_musculus,7,1,5,1,7
1116,ENSXETG00000006104,BHLHE22,bhlhe23,xenopus_tropicalis,2,1,5,1,2
1116,FBgn0032651,BHLHE22,Oli,drosophila_melanogaster,9,4,1,4,9
1116,WBGene00001961,BHLHE22,hlh-17,caenorhabditis_elegans,6,1,4,1,6
1117,ENSG00000180855,ZNF443,ZNF443,homo_sapiens,58,1,38,19,58
1117,WBGene00021931,ZNF443,Y55F3AM.14,caenorhabditis_elegans,13,1,1,11,13
1127,ENSG00000181472,ZBTB2,ZBTB2,homo_sapiens,21,1,16,4,21
1127,ENSMUSG00000075327,ZBTB2,Zbtb2,mus_musculus,25,2,15,8,25
1127,ENSXETG00000012362,ZBTB2,zbtb2,xenopus_tropicalis,22,1,17,4,22
1127,WBGene00016154,ZBTB2,C27A12.2,caenorhabditis_elegans,7,1,1,5,7
1134,ENSG00000181896,ZNF101,ZNF101,homo_sapiens,63,4,38,21,63
1134,WBGene00021931,ZNF101,Y55F3AM.14,caenorhabditis_elegans,13,1,1,11,13
1135,ENSG00000181965,NEUROG1,NEUROG1,homo_sapiens,12,1,10,1,12
1135,ENSMUSG00000048904,NEUROG1,Neurog1,mus_musculus,12,1,10,1,12
1135,ENSXETG00000007898,NEUROG1,neurog1,xenopus_tropicalis,14,2,9,3,14
1135,FBgn0015550,NEUROG1,tap,drosophila_melanogaster,7,1,5,1,7
1135,WBGene00003595,NEUROG1,ngn-1,caenorhabditis_elegans,5,1,3,1,5
1138,ENSG00000182158,CREB3L2,CREB3L2,homo_sapiens,14,7,5,2,14
1138,ENSMUSG00000038648,CREB3L2,Creb3l2,mus_musculus,7,1,5,1,7
1138,ENSXETG00000033093,CREB3L2,CREB3L2,xenopus_tropicalis,6,1,4,1,6
1138,FBgn0004396,CREB3L2,CrebA,drosophila_melanogaster,5,2,1,2,5
1138,WBGene00016162,CREB3L2,crh-2,caenorhabditis_elegans,10,4,2,4,10
1142,ENSG00000182742,HOXB4,HOXB4,homo_sapiens,18,1,16,1,18
1142,ENSMUSG00000038692,HOXB4,Hoxb4,mus_musculus,17,1,15,1,17
1142,ENSXETG00000021973,HOXB4,hoxb4,xenopus_tropicalis,16,1,14,1,16
1142,FBgn0000439,HOXB4,Dfd,drosophila_melanogaster,8,1,6,1,8
1142,WBGene00003024,HOXB4,lin-39,caenorhabditis_elegans,5,2,1,2,5
1143,ENSG00000182759,MAFA,MAFA,homo_sapiens,9,1,7,1,9
1143,ENSMUSG00000047591,MAFA,Mafa,mus_musculus,9,1,7,1,9
1143,ENSXETG00000032364,MAFA,MAFA,xenopus_tropicalis,9,1,7,1,9
1143,FBgn0000964,MAFA,tj,drosophila_melanogaster,4,2,2,0,4
1143,WBGene00077521,MAFA,maf-1,caenorhabditis_elegans,2,1,1,0,2
1146,ENSG00000182979,MTA1,MTA1,homo_sapiens,21,5,5,11,21
1146,ENSMUSG00000021144,MTA1,Mta1,mus_musculus,26,5,6,15,26
1146,ENSXETG00000017948,MTA1,mta1,xenopus_tropicalis,7,1,4,2,7
1146,FBgn0027951,MTA1,MTA1-like,drosophila_melanogaster,22,4,2,16,22
1146,WBGene00003025,MTA1,lin-40,caenorhabditis_elegans,18,4,2,12,18
1151,ENSG00000183434,TFDP3,TFDP3,homo_sapiens,4,1,3,0,4
1151,ENSMUSG00000038482,TFDP3,Tfdp1,mus_musculus,3,1,2,0,3
1151,ENSXETG00000017776,TFDP3,tfdp1,xenopus_tropicalis,5,1,2,2,5
1151,FBgn0011763,TFDP3,Dp,drosophila_melanogaster,1,3,1,0,1
1151,WBGene00001061,TFDP3,dpl-1,caenorhabditis_elegans,2,1,1,0,2
1158,ENSG00000184221,OLIG1,OLIG1,homo_sapiens,6,2,5,1,6
1158,ENSMUSG00000046160,OLIG1,Olig1,mus_musculus,7,1,5,1,7
1158,ENSXETG00000033110,OLIG1,OLIG1,xenopus_tropicalis,7,1,5,1,7
1158,WBGene00001960,OLIG1,hlh-16,caenorhabditis_elegans,6,1,4,1,6
1160,ENSG00000184302,SIX6,SIX6,homo_sapiens,8,1,6,1,8
1160,ENSMUSG00000021099,SIX6,Six6,mus_musculus,2,1,6,1,2
1160,ENSXETG00000016945,SIX6,six6,xenopus_tropicalis,7,1,5,1,7
1160,FBgn0025360,SIX6,Optix,drosophila_melanogaster,8,3,3,2,8
1160,WBGene00000453,SIX6,ceh-32,caenorhabditis_elegans,6,1,4,1,6
1162,ENSG00000184481,FOXO4,FOXO4,homo_sapiens,9,2,5,2,9
1162,ENSMUSG00000042903,FOXO4,Foxo4,mus_musculus,9,2,5,2,9
1162,ENSXETG00000020899,FOXO4,foxo4,xenopus_tropicalis,6,1,4,1,6
1162,FBgn0038197,FOXO4,foxo,drosophila_melanogaster,12,5,2,5,12
1162,WBGene00000912,FOXO4,daf-16,caenorhabditis_elegans,22,10,3,9,22
1163,ENSG00000184486,POU3F2,POU3F2,homo_sapiens,19,1,16,2,19
1163,ENSMUSG00000095139,POU3F2,Pou3f2,mus_musculus,18,1,15,2,18
1163,FBgn0086680,POU3F2,vvl,drosophila_melanogaster,20,5,5,10,20
1163,WBGene00000431,POU3F2,ceh-6,caenorhabditis_elegans,6,1,3,2,6
1164,ENSG00000184492,FOXD4L1,FOXD4L1,homo_sapiens,26,1,24,1,26
1164,ENSMUSG00000051490,FOXD4L1,Foxd4,mus_musculus,21,1,19,1,21
1164,FBgn0004896,FOXD4L1,fd59A,drosophila_melanogaster,2,1,6,1,2
1164,WBGene00006853,FOXD4L1,unc-130,caenorhabditis_elegans,5,1,3,1,5
1167,ENSG00000184659,FOXD4L4,FOXD4L4,homo_sapiens,26,1,24,1,26
1167,FBgn0004896,FOXD4L4,fd59A,drosophila_melanogaster,2,1,6,1,2
1167,WBGene00006853,FOXD4L4,unc-130,caenorhabditis_elegans,5,1,3,1,5
1171,ENSG00000184937,WT1,WT1,homo_sapiens,29,8,5,24,29
1171,ENSMUSG00000016458,WT1,Wt1,mus_musculus,36,6,5,25,36
1171,ENSXETG00000008172,WT1,wt1,xenopus_tropicalis,10,1,5,4,10
1171,FBgn0013469,WT1,klu,drosophila_melanogaster,22,4,2,16,22
1171,WBGene00022592,WT1,ZC328.2,caenorhabditis_elegans,9,1,5,3,9
1173,ENSG00000185002,RFX6,RFX6,homo_sapiens,10,1,8,1,10
1173,ENSMUSG00000019900,RFX6,Rfx6,mus_musculus,11,2,8,1,11
1173,ENSXETG00000033810,RFX6,RFX6,xenopus_tropicalis,9,2,7,0,9
1173,WBGene00000914,RFX6,daf-19,caenorhabditis_elegans,11,5,1,4,11
1175,ENSG00000185122,HSF1,HSF1,homo_sapiens,6,3,3,0,6
1175,ENSMUSG00000022556,HSF1,Hsf1,mus_musculus,5,1,4,0,5
1175,ENSXETG00000005693,HSF1,hsf1,xenopus_tropicalis,6,1,5,0,6
1175,FBgn0001222,HSF1,Hsf,drosophila_melanogaster,5,4,1,0,5
1175,WBGene00002004,HSF1,hsf-1,caenorhabditis_elegans,2,1,1,0,2
1176,ENSG00000185129,PURA,PURA,homo_sapiens,4,1,3,0,4
1176,ENSMUSG00000043991,PURA,Pura,mus_musculus,4,1,3,0,4
1176,ENSXETG00000003837,PURA,pura,xenopus_tropicalis,4,1,3,0,4
1176,FBgn0022361,PURA,Pur-alpha,drosophila_melanogaster,8,7,1,0,8
1176,WBGene00004046,PURA,plp-1,caenorhabditis_elegans,3,1,2,0,3
1186,ENSG00000185591,SP1,SP1,homo_sapiens,25,4,15,6,25
1186,ENSMUSG00000001280,SP1,Sp1,mus_musculus,31,7,15,9,31
1186,ENSXETG00000012660,SP1,sp1,xenopus_tropicalis,21,2,14,5,21
1186,FBgn0039169,SP1,Spps,drosophila_melanogaster,12,2,4,6,12
1186,WBGene00011926,SP1,sptf-2,caenorhabditis_elegans,6,1,2,3,6
1188,ENSG00000185630,PBX1,PBX1,homo_sapiens,24,13,4,7,24
1188,ENSMUSG00000052534,PBX1,Pbx1,mus_musculus,14,5,4,5,14
1188,ENSXETG00000010464,PBX1,pbx1,xenopus_tropicalis,7,2,3,2,7
1188,FBgn0000611,PBX1,exd,drosophila_melanogaster,9,4,1,4,9
1188,WBGene00000443,PBX1,ceh-20,caenorhabditis_elegans,5,1,3,1,5
1189,ENSG00000185650,ZFP36L1,ZFP36L1,homo_sapiens,15,6,3,8,15
1189,ENSMUSG00000021127,ZFP36L1,Zfp36l1,mus_musculus,10,2,4,4,10
1189,ENSXETG00000016987,ZFP36L1,zfp36l1,xenopus_tropicalis,8,2,6,0,8
1189,FBgn0011837,ZFP36L1,Tis11,drosophila_melanogaster,10,3,1,6,10
1189,WBGene00009532,ZFP36L1,ccch-1,caenorhabditis_elegans,20,2,14,4,20
1190,ENSG00000185668,POU3F1,POU3F1,homo_sapiens,19,1,16,2,19
1190,ENSMUSG00000090125,POU3F1,Pou3f1,mus_musculus,18,1,15,2,18
1190,ENSXETG00000011510,POU3F1,pou3f1,xenopus_tropicalis,20,1,16,3,20
1190,FBgn0086680,POU3F1,vvl,drosophila_melanogaster,20,5,5,10,20
1190,WBGene00000431,POU3F1,ceh-6,caenorhabditis_elegans,6,1,3,2,6
1192,ENSG00000185670,ZBTB3,ZBTB3,homo_sapiens,22,2,16,4,22
1192,ENSMUSG00000071661,ZBTB3,Zbtb3,mus_musculus,19,1,15,3,19
1192,ENSXETG00000006025,ZBTB3,zbtb3,xenopus_tropicalis,21,1,17,3,21
1192,WBGene00016154,ZBTB3,C27A12.2,caenorhabditis_elegans,7,1,1,5,7
1193,ENSG00000185697,MYBL1,MYBL1,homo_sapiens,15,3,4,8,15
1193,ENSMUSG00000025912,MYBL1,Mybl1,mus_musculus,16,3,4,9,16
1193,ENSXETG00000029934,MYBL1,MYBL1,xenopus_tropicalis,8,1,4,3,8
1193,FBgn0002914,MYBL1,Myb,drosophila_melanogaster,15,4,2,9,15
1193,WBGene00001568,MYBL1,snpc-4,caenorhabditis_elegans,13,2,1,10,13
1207,ENSG00000186300,ZNF555,ZNF555,homo_sapiens,73,3,38,32,73
1207,WBGene00021931,ZNF555,Y55F3AM.14,caenorhabditis_elegans,13,1,1,11,13
1211,ENSG00000186446,ZNF501,ZNF501,homo_sapiens,29,2,9,18,29
1211,ENSXETG00000011203,ZNF501,0,xenopus_tropicalis,14,1,4,9,14
1211,FBgn0000286,ZNF501,Cf2,drosophila_melanogaster,34,5,3,26,34
1211,WBGene00000483,ZNF501,che-1,caenorhabditis_elegans,11,2,1,8,11
1212,ENSG00000186448,ZNF197,ZNF197,homo_sapiens,59,5,1,53,59
1212,ENSMUSG00000051034,ZNF197,Zfp11,mus_musculus,26,1,4,21,26
1212,ENSXETG00000033446,ZNF197,ZNF197,xenopus_tropicalis,29,1,1,27,29
1212,FBgn0037717,ZNF197,CG8301,drosophila_melanogaster,15,1,4,10,15
1212,WBGene00021689,ZNF197,Y48G8AL.10,caenorhabditis_elegans,43,5,1,37,43
1213,ENSG00000186487,MYT1L,MYT1L,homo_sapiens,7,4,3,0,7
1213,ENSMUSG00000061911,MYT1L,Myt1l,mus_musculus,5,2,3,0,5
1213,ENSXETG00000027983,MYT1L,myt1l,xenopus_tropicalis,4,1,3,0,4
1213,FBgn0263772,MYT1L,CG43689,drosophila_melanogaster,7,6,1,0,7
1213,WBGene00009939,MYT1L,ztf-11,caenorhabditis_elegans,3,2,1,0,3
1215,ENSG00000186564,FOXD2,FOXD2,homo_sapiens,2,1,24,1,2
1215,ENSMUSG00000055210,FOXD2,Foxd2,mus_musculus,21,1,19,1,21
1215,ENSXETG00000016337,FOXD2,foxd2,xenopus_tropicalis,21,1,19,1,21
1215,FBgn0004896,FOXD2,fd59A,drosophila_melanogaster,2,1,6,1,2
1215,WBGene00006853,FOXD2,unc-130,caenorhabditis_elegans,5,1,3,1,5
1222,ENSG00000186951,PPARA,PPARA,homo_sapiens,17,6,8,3,17
1222,ENSMUSG00000022383,PPARA,Ppara,mus_musculus,14,3,8,3,14
1222,ENSXETG00000023454,PPARA,ppara,xenopus_tropicalis,11,1,10,0,11
1222,FBgn0004865,PPARA,Eip78C,drosophila_melanogaster,15,4,8,3,15
1222,WBGene00004786,PPARA,sex-1,caenorhabditis_elegans,14,2,10,2,14
1223,ENSG00000187079,TEAD1,TEAD1,homo_sapiens,14,6,4,4,14
1223,ENSMUSG00000055320,TEAD1,Tead1,mus_musculus,26,11,5,10,26
1223,FBgn0003345,TEAD1,sd,drosophila_melanogaster,43,21,1,21,43
1223,WBGene00001208,TEAD1,egl-44,caenorhabditis_elegans,11,5,1,5,11
1224,ENSG00000187098,MITF,MITF,homo_sapiens,26,13,4,9,26
1224,ENSMUSG00000035158,MITF,Mitf,mus_musculus,16,6,4,6,16
1224,ENSXETG00000000154,MITF,mitf,xenopus_tropicalis,9,2,4,3,9
1224,FBgn0263112,MITF,Mitf,drosophila_melanogaster,9,4,1,4,9
1224,WBGene00020930,MITF,hlh-30,caenorhabditis_elegans,24,12,1,12,24
1225,ENSG00000187140,FOXD3,FOXD3,homo_sapiens,25,1,24,1,25
1225,ENSMUSG00000067261,FOXD3,Foxd3,mus_musculus,21,1,19,1,21
1225,ENSXETG00000010836,FOXD3,foxd3,xenopus_tropicalis,22,1,19,2,22
1225,FBgn0004896,FOXD3,fd59A,drosophila_melanogaster,2,1,6,1,2
1225,WBGene00006853,FOXD3,unc-130,caenorhabditis_elegans,5,1,3,1,5
1227,ENSG00000187559,FOXD4L3,FOXD4L3,homo_sapiens,26,1,24,1,26
1227,FBgn0004896,FOXD4L3,fd59A,drosophila_melanogaster,2,1,6,1,2
1227,WBGene00006853,FOXD4L3,unc-130,caenorhabditis_elegans,5,1,3,1,5
1228,ENSG00000187607,ZNF286A,ZNF286A,homo_sapiens,73,14,9,50,73
1228,ENSMUSG00000047342,ZNF286A,Zfp286,mus_musculus,19,3,3,13,19
1228,ENSXETG00000011203,ZNF286A,0,xenopus_tropicalis,14,1,4,9,14
1228,FBgn0000286,ZNF286A,Cf2,drosophila_melanogaster,34,5,3,26,34
1228,WBGene00000483,ZNF286A,che-1,caenorhabditis_elegans,11,2,1,8,11
1230,ENSG00000187772,LIN28B,LIN28B,homo_sapiens,4,1,2,1,4
1230,ENSMUSG00000063804,LIN28B,Lin28b,mus_musculus,4,1,2,1,4
1230,ENSXETG00000013293,LIN28B,lin28b,xenopus_tropicalis,8,3,2,3,8
1230,FBgn0035626,LIN28B,lin-28,drosophila_melanogaster,2,1,1,0,2
1230,WBGene00003014,LIN28B,lin-28,caenorhabditis_elegans,5,2,1,2,5
1236,ENSG00000187855,ASCL4,ASCL4,homo_sapiens,7,1,5,1,7
1236,ENSMUSG00000085111,ASCL4,Ascl4,mus_musculus,7,1,5,1,7
1236,ENSXETG00000026272,ASCL4,ascl3,xenopus_tropicalis,4,1,2,1,4
1236,WBGene00001952,ASCL4,hlh-6,caenorhabditis_elegans,3,1,1,1,3
1238,ENSG00000188033,ZNF490,ZNF490,homo_sapiens,56,2,38,16,56
1238,WBGene00021931,ZNF490,Y55F3AM.14,caenorhabditis_elegans,13,1,1,11,13
1244,ENSG00000188295,ZNF669,ZNF669,homo_sapiens,66,5,38,23,66
1244,WBGene00021931,ZNF669,Y55F3AM.14,caenorhabditis_elegans,13,1,1,11,13
1247,ENSG00000188620,HMX3,HMX3,homo_sapiens,23,1,21,1,23
1247,ENSMUSG00000040148,HMX3,Hmx3,mus_musculus,24,1,22,1,24
1247,ENSXETG00000009562,HMX3,hmx3,xenopus_tropicalis,25,1,23,0,25
1247,FBgn0264005,HMX3,Hmx,drosophila_melanogaster,15,3,9,3,15
1247,WBGene00003377,HMX3,mls-2,caenorhabditis_elegans,11,1,9,1,11
1252,ENSG00000188816,HMX2,HMX2,homo_sapiens,23,1,21,1,23
1252,ENSMUSG00000050100,HMX2,Hmx2,mus_musculus,26,2,22,2,26
1252,ENSXETG00000027771,HMX2,hmx2,xenopus_tropicalis,29,3,23,3,29
1252,FBgn0264005,HMX2,Hmx,drosophila_melanogaster,15,3,9,3,15
1252,WBGene00003377,HMX2,mls-2,caenorhabditis_elegans,11,1,9,1,11
1253,ENSG00000188868,ZNF563,ZNF563,homo_sapiens,63,4,38,21,63
1253,WBGene00021931,ZNF563,Y55F3AM.14,caenorhabditis_elegans,13,1,1,11,13
1254,ENSG00000188909,BSX,BSX,homo_sapiens,23,1,21,1,23
1254,ENSMUSG00000054360,BSX,Bsx,mus_musculus,24,1,22,1,24
1254,ENSXETG00000016950,BSX,bsx,xenopus_tropicalis,26,1,23,2,26
1254,FBgn0000529,BSX,bsh,drosophila_melanogaster,13,2,9,2,13
1254,WBGene00006380,BSX,tab-1,caenorhabditis_elegans,11,1,9,1,11
1257,ENSG00000189067,LITAF,LITAF,homo_sapiens,21,19,2,0,21
1257,ENSMUSG00000022500,LITAF,Litaf,mus_musculus,6,3,3,0,6
1257,ENSXETG00000024896,LITAF,litaf,xenopus_tropicalis,3,1,2,0,3
1257,FBgn0052280,LITAF,CG32280,drosophila_melanogaster,6,4,2,0,6
1257,WBGene00009484,LITAF,F36G3.3,caenorhabditis_elegans,2,1,1,0,2
1258,ENSG00000189079,ARID2,ARID2,homo_sapiens,10,5,1,4,10
1258,ENSMUSG00000033237,ARID2,Arid2,mus_musculus,6,2,1,3,6
1258,ENSXETG00000014656,ARID2,arid2,xenopus_tropicalis,5,1,1,3,5
1258,FBgn0042085,ARID2,Bap170,drosophila_melanogaster,4,1,1,2,4
1258,WBGene00007433,ARID2,swsn-7,caenorhabditis_elegans,4,1,1,2,4
1259,ENSG00000189120,SP6,SP6,homo_sapiens,23,2,15,6,23
1259,ENSMUSG00000038560,SP6,Sp6,mus_musculus,23,2,15,6,23
1259,ENSXETG00000021949,SP6,sp6,xenopus_tropicalis,18,1,14,3,18
1259,WBGene00011926,SP6,sptf-2,caenorhabditis_elegans,6,1,2,3,6
1266,ENSG00000189403,HMGB1,HMGB1,homo_sapiens,22,6,4,12,22
1266,ENSMUSG00000066551,HMGB1,Hmgb1,mus_musculus,24,7,4,13,24
1266,ENSXETG00000019166,HMGB1,hmgb1,xenopus_tropicalis,8,1,3,4,8
1266,FBgn0011764,HMGB1,Dsp1,drosophila_melanogaster,22,7,1,14,22
1266,WBGene00001972,HMGB1,hmg-1.2,caenorhabditis_elegans,16,5,1,10,16
1269,ENSG00000196092,PAX5,PAX5,homo_sapiens,32,13,9,11,32
1269,ENSMUSG00000014030,PAX5,Pax5,mus_musculus,36,14,9,13,36
1269,ENSXETG00000006547,PAX5,pax5,xenopus_tropicalis,11,1,9,1,11
1269,FBgn0005561,PAX5,sv,drosophila_melanogaster,24,7,10,7,24
1269,WBGene00001204,PAX5,egl-38,caenorhabditis_elegans,9,1,7,1,9
1271,ENSG00000196110,ZNF699,ZNF699,homo_sapiens,74,2,38,34,74
1271,WBGene00021931,ZNF699,Y55F3AM.14,caenorhabditis_elegans,13,1,1,11,13
1272,ENSG00000196132,MYT1,MYT1,homo_sapiens,7,4,3,0,7
1272,ENSMUSG00000010505,MYT1,Myt1,mus_musculus,9,6,3,0,9
1272,ENSXETG00000011499,MYT1,myt1,xenopus_tropicalis,6,1,3,2,6
1272,FBgn0263772,MYT1,CG43689,drosophila_melanogaster,7,6,1,0,7
1272,WBGene00009939,MYT1,ztf-11,caenorhabditis_elegans,3,2,1,0,3
1274,ENSG00000196152,ZNF79,ZNF79,homo_sapiens,60,4,9,47,60
1274,ENSXETG00000011203,ZNF79,0,xenopus_tropicalis,14,1,4,9,14
1274,FBgn0000286,ZNF79,Cf2,drosophila_melanogaster,34,5,3,26,34
1274,WBGene00000483,ZNF79,che-1,caenorhabditis_elegans,11,2,1,8,11
1277,ENSG00000196233,LCOR,LCOR,homo_sapiens,10,4,2,4,10
1277,ENSMUSG00000025019,LCOR,Lcor,mus_musculus,6,2,2,2,6
1277,FBgn0264490,LCOR,Eip93F,drosophila_melanogaster,7,3,1,3,7
1277,WBGene00011315,LCOR,mbr-1,caenorhabditis_elegans,4,1,1,2,4
1293,ENSG00000196418,ZNF124,ZNF124,homo_sapiens,61,4,38,19,61
1293,WBGene00021931,ZNF124,Y55F3AM.14,caenorhabditis_elegans,13,1,1,11,13
1294,ENSG00000196428,TSC22D2,TSC22D2,homo_sapiens,7,3,4,0,7
1294,ENSMUSG00000027806,TSC22D2,Tsc22d2,mus_musculus,6,2,4,0,6
1294,ENSXETG00000020092,TSC22D2,tsc22d2,xenopus_tropicalis,7,1,5,1,7
1294,FBgn0259176,TSC22D2,bun,drosophila_melanogaster,11,10,1,0,11
1294,WBGene00016269,TSC22D2,C30G4.4,caenorhabditis_elegans,27,24,3,0,27
1299,ENSG00000196460,RFX8,RFX8,homo_sapiens,9,1,8,0,9
1299,ENSMUSG00000057173,RFX8,Rfx8,mus_musculus,10,1,8,1,10
1299,WBGene00000914,RFX8,daf-19,caenorhabditis_elegans,11,5,1,4,11
1300,ENSG00000196466,ZNF799,ZNF799,homo_sapiens,40,3,38,37,40
1300,WBGene00021931,ZNF799,Y55F3AM.14,caenorhabditis_elegans,13,1,1,11,13
1302,ENSG00000196498,NCOR2,NCOR2,homo_sapiens,34,15,5,14,34
1302,ENSMUSG00000029478,NCOR2,Ncor2,mus_musculus,30,11,5,14,30
1302,ENSXETG00000001192,NCOR2,ncor2,xenopus_tropicalis,9,1,5,3,9
1302,FBgn0265523,NCOR2,Smr,drosophila_melanogaster,10,4,2,4,10
1302,WBGene00001565,NCOR2,gei-8,caenorhabditis_elegans,9,2,3,4,9
1305,ENSG00000196628,TCF4,TCF4,homo_sapiens,85,57,3,25,85
1305,ENSMUSG00000053477,TCF4,Tcf4,mus_musculus,72,46,3,23,72
1305,ENSXETG00000019086,TCF4,tcf4,xenopus_tropicalis,6,1,3,2,6
1305,FBgn0000413,TCF4,da,drosophila_melanogaster,7,3,1,3,7
1305,WBGene00001949,TCF4,hlh-2,caenorhabditis_elegans,3,1,1,1,3
1306,ENSG00000196646,ZNF136,ZNF136,homo_sapiens,57,4,38,15,57
1306,WBGene00021931,ZNF136,Y55F3AM.14,caenorhabditis_elegans,13,1,1,11,13
1314,ENSG00000196757,ZNF700,ZNF700,homo_sapiens,107,3,38,66,107
1314,WBGene00021931,ZNF700,Y55F3AM.14,caenorhabditis_elegans,13,1,1,11,13
1315,ENSG00000196767,POU3F4,POU3F4,homo_sapiens,19,1,16,2,19
1315,ENSMUSG00000056854,POU3F4,Pou3f4,mus_musculus,18,1,15,2,18
1315,ENSXETG00000014504,POU3F4,pou3f4,xenopus_tropicalis,19,1,16,2,19
1315,FBgn0086680,POU3F4,vvl,drosophila_melanogaster,20,5,5,10,20
1315,WBGene00000431,POU3F4,ceh-6,caenorhabditis_elegans,6,1,3,2,6
1318,ENSG00000196826,CTD-2192J16.17,CTD-2192J16.17,homo_sapiens,59,1,38,20,59
1318,ENSMUSG00000074472,CTD-2192J16.17,Zfp872,mus_musculus,127,2,97,28,127
1318,WBGene00021931,CTD-2192J16.17,Y55F3AM.14,caenorhabditis_elegans,13,1,1,11,13
1329,ENSG00000197044,ZNF441,ZNF441,homo_sapiens,59,1,38,20,59
1329,WBGene00021931,ZNF441,Y55F3AM.14,caenorhabditis_elegans,13,1,1,11,13
1331,ENSG00000197054,ZNF763,ZNF763,homo_sapiens,65,5,38,22,65
1331,WBGene00021931,ZNF763,Y55F3AM.14,caenorhabditis_elegans,13,1,1,11,13
1351,ENSG00000197576,HOXA4,HOXA4,homo_sapiens,24,4,16,4,24
1351,ENSMUSG00000000942,HOXA4,Hoxa4,mus_musculus,17,1,15,1,17
1351,ENSXETG00000027534,HOXA4,hoxa4,xenopus_tropicalis,16,1,14,1,16
1351,FBgn0000439,HOXA4,Dfd,drosophila_melanogaster,8,1,6,1,8
1351,WBGene00003024,HOXA4,lin-39,caenorhabditis_elegans,5,2,1,2,5
1352,ENSG00000197587,DMBX1,DMBX1,homo_sapiens,19,2,13,4,19
1352,ENSMUSG00000028707,DMBX1,Dmbx1,mus_musculus,22,3,13,6,22
1352,ENSXETG00000004360,DMBX1,dmbx1,xenopus_tropicalis,17,1,14,2,17
1352,WBGene00015651,DMBX1,ceh-53,caenorhabditis_elegans,10,1,8,1,10
1355,ENSG00000197647,ZNF433,ZNF433,homo_sapiens,93,9,38,46,93
1355,WBGene00021931,ZNF433,Y55F3AM.14,caenorhabditis_elegans,13,1,1,11,13
1362,ENSG00000197857,ZNF44,ZNF44,homo_sapiens,76,2,38,36,76
1362,WBGene00021931,ZNF44,Y55F3AM.14,caenorhabditis_elegans,13,1,1,11,13
1364,ENSG00000197905,TEAD4,TEAD4,homo_sapiens,16,7,4,5,16
1364,ENSMUSG00000030353,TEAD4,Tead4,mus_musculus,13,5,5,3,13
1364,FBgn0003345,TEAD4,sd,drosophila_melanogaster,43,21,1,21,43
1364,WBGene00001208,TEAD4,egl-44,caenorhabditis_elegans,11,5,1,5,11
1367,ENSG00000197933,ZNF823,ZNF823,homo_sapiens,75,4,38,33,75
1367,WBGene00021931,ZNF823,Y55F3AM.14,caenorhabditis_elegans,13,1,1,11,13
1382,ENSG00000198160,MIER1,MIER1,homo_sapiens,28,9,3,16,28
1382,ENSMUSG00000028522,MIER1,Mier1,mus_musculus,21,7,3,11,21
1382,ENSXETG00000012401,MIER1,mier1,xenopus_tropicalis,5,1,3,1,5
1382,WBGene00020320,MIER1,T07F8.4,caenorhabditis_elegans,3,1,2,1,3
1384,ENSG00000198176,TFDP1,TFDP1,homo_sapiens,6,3,3,0,6
1384,ENSMUSG00000038482,TFDP1,Tfdp1,mus_musculus,3,1,2,0,3
1384,ENSXETG00000017776,TFDP1,tfdp1,xenopus_tropicalis,5,1,2,2,5
1384,FBgn0011763,TFDP1,Dp,drosophila_melanogaster,1,3,1,0,1
1384,WBGene00001061,TFDP1,dpl-1,caenorhabditis_elegans,2,1,1,0,2
1391,ENSG00000198342,ZNF442,ZNF442,homo_sapiens,93,4,38,51,93
1391,WBGene00021931,ZNF442,Y55F3AM.14,caenorhabditis_elegans,13,1,1,11,13
1393,ENSG00000198353,HOXC4,HOXC4,homo_sapiens,20,2,16,2,20
1393,ENSMUSG00000075394,HOXC4,Hoxc4,mus_musculus,18,2,15,1,18
1393,ENSXETG00000023484,HOXC4,hoxc4,xenopus_tropicalis,16,1,14,1,16
1393,FBgn0000439,HOXC4,Dfd,drosophila_melanogaster,8,1,6,1,8
1393,WBGene00003024,HOXC4,lin-39,caenorhabditis_elegans,5,2,1,2,5
1405,ENSG00000198551,ZNF627,ZNF627,homo_sapiens,55,4,38,13,55
1405,WBGene00021931,ZNF627,Y55F3AM.14,caenorhabditis_elegans,13,1,1,11,13
1406,ENSG00000198554,WDHD1,WDHD1,homo_sapiens,16,3,1,12,16
1406,ENSMUSG00000037572,WDHD1,Wdhd1,mus_musculus,24,4,1,19,24
1406,ENSXETG00000012210,WDHD1,wdhd1,xenopus_tropicalis,8,1,1,6,8
1406,FBgn0033890,WDHD1,Ctf4,drosophila_melanogaster,5,1,1,3,5
1406,WBGene00008921,WDHD1,F17C11.10,caenorhabditis_elegans,2,1,1,0,2
1413,ENSG00000198807,PAX9,PAX9,homo_sapiens,14,3,9,2,14
1413,ENSMUSG00000001497,PAX9,Pax9,mus_musculus,13,2,9,2,13
1413,ENSXETG00000002907,PAX9,pax9,xenopus_tropicalis,11,1,9,1,11
1413,FBgn0003129,PAX9,Poxm,drosophila_melanogaster,12,1,10,1,12
1413,WBGene00003937,PAX9,pax-1,caenorhabditis_elegans,9,1,7,1,9
1416,ENSG00000198846,TOX,TOX,homo_sapiens,7,1,5,1,7
1416,ENSMUSG00000041272,TOX,Tox,mus_musculus,7,1,5,1,7
1416,ENSXETG00000020167,TOX,tox,xenopus_tropicalis,7,1,5,1,7
1416,FBgn0035238,TOX,CG12104,drosophila_melanogaster,12,3,6,3,12
1416,WBGene00009827,TOX,hmg-6,caenorhabditis_elegans,6,1,4,1,6
1417,ENSG00000198911,SREBF2,SREBF2,homo_sapiens,7,3,2,2,7
1417,ENSMUSG00000022463,SREBF2,Srebf2,mus_musculus,4,1,2,1,4
1417,ENSXETG00000017449,SREBF2,srebf2,xenopus_tropicalis,8,2,2,4,8
1417,FBgn0261283,SREBF2,HLH106,drosophila_melanogaster,9,4,1,4,9
1417,WBGene00004735,SREBF2,sbp-1,caenorhabditis_elegans,3,1,1,1,3
1418,ENSG00000198914,POU3F3,POU3F3,homo_sapiens,19,1,16,2,19
1418,ENSMUSG00000045515,POU3F3,Pou3f3,mus_musculus,18,1,15,2,18
1418,ENSXETG00000025593,POU3F3,pou3f3,xenopus_tropicalis,19,1,16,2,19
1418,FBgn0086680,POU3F3,vvl,drosophila_melanogaster,20,5,5,10,20
1418,WBGene00000431,POU3F3,ceh-6,caenorhabditis_elegans,6,1,3,2,6
1420,ENSG00000198963,RORB,RORB,homo_sapiens,12,2,8,2,12
1420,ENSMUSG00000036192,RORB,Rorb,mus_musculus,13,3,8,2,13
1420,ENSXETG00000031251,RORB,RORB,xenopus_tropicalis,12,1,10,1,12
1420,FBgn0000448,RORB,Hr46,drosophila_melanogaster,21,7,8,6,21
1420,WBGene00003622,RORB,nhr-23,caenorhabditis_elegans,21,6,10,5,21
1424,ENSG00000204060,FOXO6,FOXO6,homo_sapiens,9,2,5,2,9
1424,ENSMUSG00000052135,FOXO6,Foxo6,mus_musculus,7,1,5,1,7
1424,ENSXETG00000012944,FOXO6,foxo6,xenopus_tropicalis,6,1,4,1,6
1424,FBgn0038197,FOXO6,foxo,drosophila_melanogaster,12,5,2,5,12
1424,WBGene00000912,FOXO6,daf-16,caenorhabditis_elegans,22,10,3,9,22
1425,ENSG00000204103,MAFB,MAFB,homo_sapiens,9,1,7,1,9
1425,ENSMUSG00000074622,MAFB,Mafb,mus_musculus,9,1,7,1,9
1425,ENSXETG00000032746,MAFB,MAFB,xenopus_tropicalis,9,1,7,1,9
1425,FBgn0000964,MAFB,tj,drosophila_melanogaster,4,2,2,0,4
1425,WBGene00077521,MAFB,maf-1,caenorhabditis_elegans,2,1,1,0,2
1427,ENSG00000204304,PBX2,PBX2,homo_sapiens,6,1,4,1,6
1427,ENSMUSG00000034673,PBX2,Pbx2,mus_musculus,11,4,4,3,11
1427,ENSXETG00000005223,PBX2,pbx2,xenopus_tropicalis,7,2,3,2,7
1427,FBgn0000611,PBX2,exd,drosophila_melanogaster,9,4,1,4,9
1427,WBGene00000443,PBX2,ceh-20,caenorhabditis_elegans,5,1,3,1,5
1428,ENSG00000204335,SP5,SP5,homo_sapiens,16,1,15,3,16
1428,ENSMUSG00000075304,SP5,Sp5,mus_musculus,19,1,15,3,19
1428,ENSXETG00000025407,SP5,sp5,xenopus_tropicalis,19,1,14,4,19
1428,WBGene00011926,SP5,sptf-2,caenorhabditis_elegans,6,1,2,3,6
1438,ENSG00000204612,FOXB2,FOXB2,homo_sapiens,26,1,24,1,26
1438,ENSMUSG00000056829,FOXB2,Foxb2,mus_musculus,21,1,19,1,21
1438,FBgn0004898,FOXB2,fd96Cb,drosophila_melanogaster,8,1,6,1,8
1438,WBGene00003017,FOXB2,lin-31,caenorhabditis_elegans,5,1,3,1,5
1440,ENSG00000204779,FOXD4L5,FOXD4L5,homo_sapiens,26,1,24,1,26
1440,FBgn0004896,FOXD4L5,fd59A,drosophila_melanogaster,2,1,6,1,2
1440,WBGene00006853,FOXD4L5,unc-130,caenorhabditis_elegans,5,1,3,1,5
1448,ENSG00000205250,E2F4,E2F4,homo_sapiens,8,2,6,0,8
1448,ENSMUSG00000014859,E2F4,E2f4,mus_musculus,7,1,6,0,7
1448,ENSXETG00000003083,E2F4,e2f4,xenopus_tropicalis,5,1,4,0,5
1448,FBgn0024371,E2F4,E2f2,drosophila_melanogaster,4,2,2,0,4
1448,WBGene00001161,E2F4,efl-1,caenorhabditis_elegans,3,1,2,0,3
1450,ENSG00000205922,ONECUT3,ONECUT3,homo_sapiens,8,1,5,2,8
1450,ENSMUSG00000045518,ONECUT3,Onecut3,mus_musculus,8,1,5,2,8
1450,ENSXETG00000032205,ONECUT3,ONECUT3,xenopus_tropicalis,9,1,6,2,9
1450,FBgn0028996,ONECUT3,onecut,drosophila_melanogaster,8,2,2,4,8
1450,WBGene00015934,ONECUT3,ceh-48,caenorhabditis_elegans,9,1,6,2,9
1451,ENSG00000205927,OLIG2,OLIG2,homo_sapiens,10,3,5,2,10
1451,ENSMUSG00000039830,OLIG2,Olig2,mus_musculus,7,1,5,1,7
1451,ENSXETG00000024839,OLIG2,olig2,xenopus_tropicalis,9,1,5,3,9
1451,WBGene00001960,OLIG2,hlh-16,caenorhabditis_elegans,6,1,4,1,6
1462,ENSG00000213347,MXD3,MXD3,homo_sapiens,15,6,4,5,15
1462,ENSMUSG00000021485,MXD3,Mxd3,mus_musculus,6,1,4,1,6
1462,ENSXETG00000007236,MXD3,mxd3,xenopus_tropicalis,6,1,4,1,6
1462,WBGene00003163,MXD3,mdl-1,caenorhabditis_elegans,3,1,1,1,3
1471,ENSG00000213999,MEF2B,MEF2B,homo_sapiens,13,4,5,4,13
1471,ENSMUSG00000079033,MEF2B,Mef2b,mus_musculus,13,4,5,4,13
1471,FBgn0011656,MEF2B,Mef2,drosophila_melanogaster,15,7,1,7,15
1471,WBGene00003182,MEF2B,mef-2,caenorhabditis_elegans,3,1,1,1,3
1476,ENSG00000214717,ZBED1,ZBED1,homo_sapiens,11,4,3,4,11
1476,ENSXETG00000031433,ZBED1,0,xenopus_tropicalis,12,1,10,1,12
1476,FBgn0031874,ZBED1,CG13775,drosophila_melanogaster,6,3,1,2,6
1476,WBGene00010704,ZBED1,K09A11.1,caenorhabditis_elegans,6,1,4,1,6
1481,ENSG00000215397,SCRT2,SCRT2,homo_sapiens,11,1,5,5,11
1481,ENSMUSG00000060257,SCRT2,Scrt2,mus_musculus,11,1,5,5,11
1481,FBgn0035144,SCRT2,Kah,drosophila_melanogaster,12,1,7,4,12
1481,WBGene00000468,SCRT2,ces-1,caenorhabditis_elegans,8,1,3,4,8
1483,ENSG00000215612,HMX1,HMX1,homo_sapiens,26,3,21,2,26
1483,ENSMUSG00000067438,HMX1,Hmx1,mus_musculus,25,2,22,1,25
1483,ENSXETG00000015419,HMX1,hmx1,xenopus_tropicalis,25,1,23,1,25
1483,FBgn0264005,HMX1,Hmx,drosophila_melanogaster,15,3,9,3,15
1483,WBGene00003377,HMX1,mls-2,caenorhabditis_elegans,11,1,9,1,11
1484,ENSG00000217236,SP9,SP9,homo_sapiens,19,1,15,3,19
1484,ENSMUSG00000068859,SP9,Sp9,mus_musculus,19,1,15,3,19
1484,ENSXETG00000030987,SP9,sp9,xenopus_tropicalis,19,1,14,4,19
1484,FBgn0020378,SP9,Sp1,drosophila_melanogaster,20,4,4,12,20
1484,WBGene00011926,SP9,sptf-2,caenorhabditis_elegans,6,1,2,3,6
1488,ENSG00000221818,EBF2,EBF2,homo_sapiens,7,3,4,0,7
1488,ENSMUSG00000022053,EBF2,Ebf2,mus_musculus,7,3,4,0,7
1488,ENSXETG00000010153,EBF2,ebf2,xenopus_tropicalis,6,1,4,1,6
1488,FBgn0001319,EBF2,kn,drosophila_melanogaster,6,5,1,0,6
1488,WBGene00006743,EBF2,unc-3,caenorhabditis_elegans,2,1,1,0,2
1489,ENSG00000221869,CEBPD,CEBPD,homo_sapiens,7,1,5,1,7
1489,ENSXETG00000004850,CEBPD,cebpd,xenopus_tropicalis,7,1,5,1,7
1489,WBGene00016754,CEBPD,cebp-2,caenorhabditis_elegans,3,1,1,1,3
1492,ENSG00000223547,ZNF844,ZNF844,homo_sapiens,54,3,38,13,54
1492,WBGene00021931,ZNF844,Y55F3AM.14,caenorhabditis_elegans,13,1,1,11,13
1521,ENSG00000232237,ASCL5,ASCL5,homo_sapiens,9,2,5,2,9
1521,ENSMUSG00000097918,ASCL5,Ascl5,mus_musculus,7,1,5,1,7
1521,WBGene00001952,ASCL5,hlh-6,caenorhabditis_elegans,3,1,1,1,3
1522,ENSG00000233608,TWIST2,TWIST2,homo_sapiens,15,2,11,2,15
1522,ENSMUSG00000007805,TWIST2,Twist2,mus_musculus,15,2,11,2,15
1522,ENSXETG00000010663,TWIST2,twist2,xenopus_tropicalis,13,1,11,1,13
1522,FBgn0003900,TWIST2,twi,drosophila_melanogaster,11,3,5,3,11
1522,WBGene00001953,TWIST2,hlh-8,caenorhabditis_elegans,4,1,2,1,4
1547,ENSG00000242852,ZNF709,ZNF709,homo_sapiens,61,2,38,21,61
1547,ENSMUSG00000074472,ZNF709,Zfp872,mus_musculus,127,2,97,28,127
1547,WBGene00021931,ZNF709,Y55F3AM.14,caenorhabditis_elegans,13,1,1,11,13
1550,ENSG00000244405,ETV5,ETV5,homo_sapiens,21,6,13,2,21
1550,ENSMUSG00000013089,ETV5,Etv5,mus_musculus,18,3,13,2,18
1550,FBgn0039225,ETV5,Ets96B,drosophila_melanogaster,9,2,5,2,9
1550,WBGene00016600,ETV5,ets-5,caenorhabditis_elegans,6,2,2,2,6
1552,ENSG00000245848,CEBPA,CEBPA,homo_sapiens,7,1,5,1,7
1552,ENSMUSG00000034957,CEBPA,Cebpa,mus_musculus,7,2,4,1,7
1552,ENSXETG00000018291,CEBPA,cebpa,xenopus_tropicalis,9,1,5,3,9
1552,WBGene00016754,CEBPA,cebp-2,caenorhabditis_elegans,3,1,1,1,3
1554,ENSG00000249459,ZNF286B,ZNF286B,homo_sapiens,24,5,9,10,24
1554,ENSMUSG00000047342,ZNF286B,Zfp286,mus_musculus,19,3,3,13,19
1554,ENSXETG00000011203,ZNF286B,0,xenopus_tropicalis,14,1,4,9,14
1554,FBgn0000286,ZNF286B,Cf2,drosophila_melanogaster,34,5,3,26,34
1554,WBGene00000483,ZNF286B,che-1,caenorhabditis_elegans,11,2,1,8,11
1556,ENSG00000249709,ZNF564,ZNF564,homo_sapiens,57,3,38,16,57
1556,WBGene00021931,ZNF564,Y55F3AM.14,caenorhabditis_elegans,13,1,1,11,13
1563,ENSG00000251493,FOXD1,FOXD1,homo_sapiens,26,1,24,1,26
1563,ENSMUSG00000078302,FOXD1,Foxd1,mus_musculus,21,1,19,1,21
1563,FBgn0004896,FOXD1,fd59A,drosophila_melanogaster,2,1,6,1,2
1563,WBGene00006853,FOXD1,unc-130,caenorhabditis_elegans,5,1,3,1,5
1565,ENSG00000253831,ETV3L,ETV3L,homo_sapiens,15,1,13,1,15
1565,FBgn0005660,ETV3L,Ets21C,drosophila_melanogaster,16,4,5,7,16
1565,WBGene00016600,ETV3L,ets-5,caenorhabditis_elegans,6,2,2,2,6
1566,ENSG00000254004,ZNF260,ZNF260,homo_sapiens,58,4,2,52,58
1566,ENSMUSG00000049421,ZNF260,Zfp260,mus_musculus,29,3,2,24,29
1566,ENSXETG00000023998,ZNF260,0,xenopus_tropicalis,19,1,10,8,19
1566,FBgn0028878,ZNF260,CG15269,drosophila_melanogaster,13,1,4,8,13
1566,WBGene00009448,ZNF260,zfp-2,caenorhabditis_elegans,8,1,1,7,8
1567,ENSG00000254553,RP1-27O5.3,RP1-27O5.3,homo_sapiens,16,0,16,0,16
1567,ENSMUSG00000048485,RP1-27O5.3,Zbtb8b,mus_musculus,23,2,15,6,23
1567,ENSXETG00000003914,RP1-27O5.3,zbtb8b,xenopus_tropicalis,24,2,17,5,24
1567,WBGene00016154,RP1-27O5.3,C27A12.2,caenorhabditis_elegans,7,1,1,5,7
1569,ENSG00000255104,TBC1D26,TBC1D26,homo_sapiens,23,1,21,1,23
1569,ENSXETG00000020613,TBC1D26,0,xenopus_tropicalis,7,1,5,1,7
1569,FBgn0020620,TBC1D26,RN-tre,drosophila_melanogaster,13,5,3,5,13
1569,WBGene00012894,TBC1D26,tbc-17,caenorhabditis_elegans,10,4,3,3,10
1574,ENSG00000256463,SALL3,SALL3,homo_sapiens,40,5,4,31,40
1574,ENSMUSG00000024565,SALL3,Sall3,mus_musculus,12,1,4,7,12
1574,ENSXETG00000000845,SALL3,sall3,xenopus_tropicalis,14,1,4,10,14
1574,FBgn0000287,SALL3,salr,drosophila_melanogaster,26,3,2,21,26
1574,WBGene00004773,SALL3,sem-4,caenorhabditis_elegans,7,1,1,5,7
1578,ENSG00000257315,ZBED6,ZBED6,homo_sapiens,6,1,3,2,6
1578,ENSMUSG00000102049,ZBED6,Zbed6,mus_musculus,6,1,3,2,6
1578,ENSXETG00000023933,ZBED6,zbed6,xenopus_tropicalis,13,1,10,2,13
1578,FBgn0031874,ZBED6,CG13775,drosophila_melanogaster,6,3,1,2,6
1578,WBGene00010704,ZBED6,K09A11.1,caenorhabditis_elegans,6,1,4,1,6
1579,ENSG00000257446,ZNF878,ZNF878,homo_sapiens,55,1,38,16,55
1579,WBGene00021931,ZNF878,Y55F3AM.14,caenorhabditis_elegans,13,1,1,11,13
1581,ENSG00000257591,ZNF625,ZNF625,homo_sapiens,52,3,38,11,52
1581,WBGene00021931,ZNF625,Y55F3AM.14,caenorhabditis_elegans,13,1,1,11,13
1582,ENSG00000257923,CUX1,CUX1,homo_sapiens,41,12,5,24,41
1582,ENSMUSG00000029705,CUX1,Cux1,mus_musculus,34,9,5,20,34
1582,ENSXETG00000005476,CUX1,cux1,xenopus_tropicalis,12,1,6,5,12
1582,FBgn0004198,CUX1,ct,drosophila_melanogaster,22,4,2,16,22
1582,WBGene00000464,CUX1,ceh-44,caenorhabditis_elegans,13,3,6,4,13
1610,ENSG00000261678,SCRT1,SCRT1,homo_sapiens,10,1,5,4,10
1610,ENSMUSG00000048385,SCRT1,Scrt1,mus_musculus,15,2,5,8,15
1610,FBgn0035144,SCRT1,Kah,drosophila_melanogaster,12,1,7,4,12
1610,WBGene00000468,SCRT1,ces-1,caenorhabditis_elegans,8,1,3,4,8
1638,ENSG00000266265,KLF14,KLF14,homo_sapiens,19,1,15,3,19
1638,ENSMUSG00000073209,KLF14,Klf14,mus_musculus,19,1,15,3,19
1638,FBgn0043364,KLF14,cbt,drosophila_melanogaster,16,3,4,9,16
1638,WBGene00012735,KLF14,sptf-3,caenorhabditis_elegans,6,1,2,3,6
1641,ENSG00000267179,CTD-2006C1.13,CTD-2006C1.13,homo_sapiens,50,2,38,10,50
1641,WBGene00021931,CTD-2006C1.13,Y55F3AM.14,caenorhabditis_elegans,13,1,1,11,13
1681,ENSG00000273049,RP11-834C11.12,RP11-834C11.12,homo_sapiens,18,1,16,1,18
1681,ENSMUSG00000022485,RP11-834C11.12,Hoxc5,mus_musculus,17,1,15,1,17
1681,ENSXETG00000025183,RP11-834C11.12,hoxc5,xenopus_tropicalis,18,2,14,2,18
1681,WBGene00003024,RP11-834C11.12,lin-39,caenorhabditis_elegans,5,2,1,2,5
1684,ENSG00000273274,ZBTB8B,ZBTB8B,homo_sapiens,20,1,16,3,20
1684,ENSMUSG00000048485,ZBTB8B,Zbtb8b,mus_musculus,23,2,15,6,23
1684,ENSXETG00000003914,ZBTB8B,zbtb8b,xenopus_tropicalis,24,2,17,5,24
1684,WBGene00016154,ZBTB8B,C27A12.2,caenorhabditis_elegans,7,1,1,5,7
1687,ENSG00000005339,CREBBP,CREBBP,homo_sapiens,25,6,6,13,25
1687,ENSMUSG00000022521,CREBBP,Crebbp,mus_musculus,25,6,6,13,25
1687,ENSXETG00000010317,CREBBP,crebbp,xenopus_tropicalis,16,1,6,9,16
1687,FBgn0050417,CREBBP,CG30417,drosophila_melanogaster,8,1,5,2,8
1687,WBGene00010545,CREBBP,cbp-2,caenorhabditis_elegans,12,2,6,4,12
1688,ENSG00000005483,KMT2E,KMT2E,homo_sapiens,24,10,2,12,24
1688,ENSMUSG00000029004,KMT2E,Kmt2e,mus_musculus,9,3,2,4,9
1688,ENSXETG00000025679,KMT2E,kmt2e,xenopus_tropicalis,10,2,2,6,10
1688,WBGene00022203,KMT2E,Y73B3A.1,caenorhabditis_elegans,5,0,4,0,5
1693,ENSG00000013561,RNF14,RNF14,homo_sapiens,33,13,5,15,33
1693,ENSMUSG00000060450,RNF14,Rnf14,mus_musculus,13,3,5,5,13
1693,ENSXETG00000027142,RNF14,0,xenopus_tropicalis,12,1,10,1,12
1693,WBGene00018966,RNF14,F56D2.5,caenorhabditis_elegans,7,1,4,2,7
1696,ENSG00000020426,MNAT1,MNAT1,homo_sapiens,11,4,1,6,11
1696,ENSMUSG00000021103,MNAT1,Mnat1,mus_musculus,7,2,1,4,7
1696,ENSXETG00000016938,MNAT1,mnat1,xenopus_tropicalis,4,1,1,2,4
1696,FBgn0024956,MNAT1,Mat1,drosophila_melanogaster,2,1,1,1,2
1696,WBGene00018769,MNAT1,mnat-1,caenorhabditis_elegans,5,2,1,2,5
1698,ENSG00000028839,TBPL1,TBPL1,homo_sapiens,9,6,3,0,9
1698,ENSMUSG00000071359,TBPL1,Tbpl1,mus_musculus,5,2,3,0,5
1698,ENSXETG00000000116,TBPL1,tbpl1,xenopus_tropicalis,4,1,3,0,4
1698,FBgn0261793,TBPL1,Trf2,drosophila_melanogaster,9,6,3,0,9
1698,WBGene00006577,TBPL1,tlf-1,caenorhabditis_elegans,4,2,2,0,4
1699,ENSG00000035928,RFC1,RFC1,homo_sapiens,9,5,1,3,9
1699,ENSMUSG00000029191,RFC1,Rfc1,mus_musculus,10,5,1,4,10
1699,ENSXETG00000012866,RFC1,rfc1,xenopus_tropicalis,8,2,1,5,8
1699,FBgn0004913,RFC1,Gnf1,drosophila_melanogaster,5,2,1,2,5
1699,WBGene00004337,RFC1,rfc-1,caenorhabditis_elegans,2,1,1,0,2
1700,ENSG00000042429,MED17,MED17,homo_sapiens,5,4,1,0,5
1700,ENSMUSG00000031935,MED17,Med17,mus_musculus,2,1,1,0,2
1700,ENSXETG00000017118,MED17,med17,xenopus_tropicalis,2,1,1,0,2
1700,FBgn0038578,MED17,MED17,drosophila_melanogaster,2,1,1,0,2
1700,WBGene00007017,MED17,mdt-17,caenorhabditis_elegans,7,6,1,0,7
1702,ENSG00000060339,CCAR1,CCAR1,homo_sapiens,18,10,2,6,18
1702,ENSMUSG00000020074,CCAR1,Ccar1,mus_musculus,4,1,2,1,4
1702,ENSXETG00000008844,CCAR1,ccar1,xenopus_tropicalis,7,1,1,5,7
1702,WBGene00003085,CCAR1,lst-3,caenorhabditis_elegans,4,3,1,0,4
1704,ENSG00000063438,AHRR,AHRR,homo_sapiens,19,9,2,8,19
1704,ENSMUSG00000021575,AHRR,Ahrr,mus_musculus,7,2,2,3,7
1704,ENSXETG00000006186,AHRR,ahrr,xenopus_tropicalis,4,1,2,1,4
1704,FBgn0003513,AHRR,ss,drosophila_melanogaster,13,3,1,9,13
1704,WBGene00000096,AHRR,ahr-1,caenorhabditis_elegans,6,2,1,3,6
1706,ENSG00000064393,HIPK2,HIPK2,homo_sapiens,16,3,10,3,16
1706,ENSMUSG00000061436,HIPK2,Hipk2,mus_musculus,17,4,9,4,17
1706,ENSXETG00000014419,HIPK2,hipk2,xenopus_tropicalis,9,1,7,1,9
1706,FBgn0035142,HIPK2,hipk,drosophila_melanogaster,6,3,4,2,6
1706,WBGene00001994,HIPK2,hpk-1,caenorhabditis_elegans,12,4,5,4,12
1707,ENSG00000064655,EYA2,EYA2,homo_sapiens,10,6,4,0,10
1707,ENSMUSG00000017897,EYA2,Eya2,mus_musculus,6,2,4,0,6
1707,ENSXETG00000003474,EYA2,eya2,xenopus_tropicalis,1,1,4,0,1
1707,FBgn0000320,EYA2,eya,drosophila_melanogaster,4,3,1,0,4
1707,WBGene00001377,EYA2,eya-1,caenorhabditis_elegans,3,2,1,0,3
1708,ENSG00000064703,DDX20,DDX20,homo_sapiens,9,2,4,3,9
1708,ENSMUSG00000027905,DDX20,Ddx20,mus_musculus,10,1,6,3,10
1708,ENSXETG00000013568,DDX20,ddx20,xenopus_tropicalis,8,1,4,3,8
1708,FBgn0011802,DDX20,Gem3,drosophila_melanogaster,11,2,3,6,11
1708,WBGene00020284,DDX20,mel-46,caenorhabditis_elegans,17,4,5,8,17
1709,ENSG00000064995,TAF11,TAF11,homo_sapiens,3,2,1,0,3
1709,ENSXETG00000030212,TAF11,taf11,xenopus_tropicalis,2,1,1,0,2
1709,FBgn0011291,TAF11,Taf11,drosophila_melanogaster,2,1,1,0,2
1709,WBGene00006393,TAF11,taf-11.1,caenorhabditis_elegans,5,2,3,0,5
1712,ENSG00000067560,RHOA,RHOA,homo_sapiens,19,4,12,3,19
1712,ENSMUSG00000036463,RHOA,4930544G11Rik,mus_musculus,14,1,12,1,14
1712,ENSXETG00000005934,RHOA,rhoa,xenopus_tropicalis,11,1,10,0,11
1712,FBgn0014020,RHOA,Rho1,drosophila_melanogaster,16,6,4,6,16
1712,WBGene00004357,RHOA,rho-1,caenorhabditis_elegans,2,1,1,1,2
1714,ENSG00000070061,IKBKAP,IKBKAP,homo_sapiens,3,2,1,0,3
1714,ENSMUSG00000028431,IKBKAP,Ikbkap,mus_musculus,2,1,1,0,2
1714,ENSXETG00000009534,IKBKAP,ikbkap,xenopus_tropicalis,2,1,1,0,2
1714,FBgn0037926,IKBKAP,Elp1,drosophila_melanogaster,4,3,1,0,4
1714,WBGene00022463,IKBKAP,elpc-1,caenorhabditis_elegans,2,1,1,0,2
1715,ENSG00000071282,LMCD1,LMCD1,homo_sapiens,23,5,7,11,23
1715,ENSMUSG00000057604,LMCD1,Lmcd1,mus_musculus,13,1,9,3,13
1715,ENSXETG00000015748,LMCD1,lmcd1,xenopus_tropicalis,10,2,6,2,10
1715,FBgn0034223,LMCD1,Tes,drosophila_melanogaster,8,1,3,4,8
1715,WBGene00015217,LMCD1,tes-1,caenorhabditis_elegans,7,1,2,4,7
1717,ENSG00000074319,TSG101,TSG101,homo_sapiens,7,2,1,4,7
1717,ENSMUSG00000014402,TSG101,Tsg101,mus_musculus,8,3,1,4,8
1717,ENSXETG00000014566,TSG101,tsg101,xenopus_tropicalis,2,1,1,0,2
1717,FBgn0036666,TSG101,TSG101,drosophila_melanogaster,4,1,1,2,4
1717,WBGene00015658,TSG101,tsg-101,caenorhabditis_elegans,4,1,1,2,4
1719,ENSG00000077080,ACTL6B,ACTL6B,homo_sapiens,7,2,5,0,7
1719,ENSMUSG00000029712,ACTL6B,Actl6b,mus_musculus,11,5,6,0,11
1719,FBgn0025716,ACTL6B,Bap55,drosophila_melanogaster,3,1,2,0,3
1719,WBGene00022774,ACTL6B,swsn-6,caenorhabditis_elegans,4,2,2,0,4
1721,ENSG00000080603,SRCAP,SRCAP,homo_sapiens,14,4,4,6,14
1721,ENSMUSG00000053877,SRCAP,Srcap,mus_musculus,26,8,3,15,26
1721,ENSXETG00000018840,SRCAP,0,xenopus_tropicalis,12,1,4,7,12
1721,FBgn0020306,SRCAP,dom,drosophila_melanogaster,20,4,1,15,20
1721,WBGene00007027,SRCAP,ssl-1,caenorhabditis_elegans,14,4,1,9,14
1722,ENSG00000080839,RBL1,RBL1,homo_sapiens,6,3,3,0,6
1722,ENSMUSG00000027641,RBL1,Rbl1,mus_musculus,4,1,3,0,4
1722,ENSXETG00000007414,RBL1,rbl1,xenopus_tropicalis,6,2,4,0,6
1722,FBgn0015799,RBL1,Rbf,drosophila_melanogaster,3,1,2,0,3
1722,WBGene00003020,RBL1,lin-35,caenorhabditis_elegans,2,1,1,0,2
1723,ENSG00000083544,TDRD3,TDRD3,homo_sapiens,18,6,2,10,18
1723,ENSMUSG00000022019,TDRD3,Tdrd3,mus_musculus,14,5,2,7,14
1723,ENSXETG00000012815,TDRD3,tdrd3,xenopus_tropicalis,6,2,2,2,6
1723,FBgn0036450,TDRD3,Tdrd3,drosophila_melanogaster,4,1,1,2,4
1723,WBGene00021748,TDRD3,Y50D4C.3,caenorhabditis_elegans,4,1,2,1,4
1725,ENSG00000085721,RRN3,RRN3,homo_sapiens,6,5,1,0,6
1725,ENSMUSG00000022682,RRN3,Rrn3,mus_musculus,2,1,1,0,2
1725,ENSXETG00000005536,RRN3,rrn3,xenopus_tropicalis,2,1,1,0,2
1725,FBgn0032988,RRN3,Tif-IA,drosophila_melanogaster,2,1,1,0,2
1725,WBGene00007980,RRN3,C36E8.1,caenorhabditis_elegans,3,2,1,0,3
1726,ENSG00000087077,TRIP6,TRIP6,homo_sapiens,21,4,11,6,21
1726,ENSMUSG00000023348,TRIP6,Trip6,mus_musculus,16,2,11,3,16
1726,FBgn0011642,TRIP6,Zyx,drosophila_melanogaster,24,5,4,15,24
1726,WBGene00006999,TRIP6,zyx-1,caenorhabditis_elegans,30,7,2,21,30
1727,ENSG00000087095,NLK,NLK,homo_sapiens,9,2,6,1,9
1727,ENSMUSG00000017376,NLK,Nlk,mus_musculus,9,2,6,1,9
1727,ENSXETG00000012503,NLK,nlk,xenopus_tropicalis,15,3,7,5,15
1727,FBgn0011817,NLK,nmo,drosophila_melanogaster,16,7,2,6,16
1727,WBGene00003048,NLK,lit-1,caenorhabditis_elegans,17,6,5,6,17
1731,ENSG00000088038,CNOT3,CNOT3,homo_sapiens,7,6,1,0,7
1731,ENSMUSG00000035632,CNOT3,Cnot3,mus_musculus,5,4,1,0,5
1731,ENSXETG00000003166,CNOT3,cnot3,xenopus_tropicalis,6,2,1,3,6
1731,FBgn0033029,CNOT3,Not3,drosophila_melanogaster,3,2,1,0,3
1731,WBGene00003826,CNOT3,ntl-3,caenorhabditis_elegans,5,4,1,0,5
1735,ENSG00000097007,ABL1,ABL1,homo_sapiens,22,3,13,6,22
1735,ENSMUSG00000026842,ABL1,Abl1,mus_musculus,24,4,13,7,24
1735,ENSXETG00000001464,ABL1,abl1,xenopus_tropicalis,17,1,13,3,17
1735,FBgn0000017,ABL1,Abl,drosophila_melanogaster,43,10,3,30,43
1735,WBGene00000018,ABL1,abl-1,caenorhabditis_elegans,15,3,3,9,15
1737,ENSG00000100084,HIRA,HIRA,homo_sapiens,11,2,1,8,11
1737,ENSMUSG00000022702,HIRA,Hira,mus_musculus,11,2,1,8,11
1737,ENSXETG00000018598,HIRA,hira,xenopus_tropicalis,6,1,1,4,6
1737,FBgn0022786,HIRA,Hira,drosophila_melanogaster,6,1,1,4,6
1737,WBGene00019627,HIRA,K10D2.1,caenorhabditis_elegans,8,2,1,6,8
1738,ENSG00000100201,DDX17,DDX17,homo_sapiens,13,2,5,6,13
1738,ENSMUSG00000055065,DDX17,Ddx17,mus_musculus,8,1,4,3,8
1738,ENSXETG00000006900,DDX17,ddx17,xenopus_tropicalis,9,1,4,4,9
1738,FBgn0003261,DDX17,Rm62,drosophila_melanogaster,54,12,6,36,54
1738,WBGene00010260,DDX17,ddx-17,caenorhabditis_elegans,23,5,3,15,23
1740,ENSG00000100320,RBFOX2,RBFOX2,homo_sapiens,27,12,3,12,27
1740,ENSMUSG00000033565,RBFOX2,Rbfox2,mus_musculus,11,4,3,4,11
1740,ENSXETG00000000231,RBFOX2,rbfox2,xenopus_tropicalis,7,2,2,3,7
1740,FBgn0052062,RBFOX2,A2bp1,drosophila_melanogaster,17,8,1,8,17
1740,WBGene00011279,RBFOX2,asd-1,caenorhabditis_elegans,13,5,3,5,13
1741,ENSG00000100393,EP300,EP300,homo_sapiens,16,3,6,7,16
1741,ENSMUSG00000055024,EP300,Ep300,mus_musculus,17,4,6,7,17
1741,ENSXETG00000022974,EP300,EP300,xenopus_tropicalis,18,1,6,11,18
1741,FBgn0050417,EP300,CG30417,drosophila_melanogaster,8,1,5,2,8
1741,WBGene00010545,EP300,cbp-2,caenorhabditis_elegans,12,2,6,4,12
1743,ENSG00000100410,PHF5A,PHF5A,homo_sapiens,2,1,1,0,2
1743,ENSMUSG00000061360,PHF5A,Phf5a,mus_musculus,2,1,1,0,2
1743,ENSXETG00000006893,PHF5A,phf5a,xenopus_tropicalis,3,2,1,0,3
1743,FBgn0031822,PHF5A,CG9548,drosophila_melanogaster,2,1,1,0,2
1743,WBGene00004016,PHF5A,phf-5,caenorhabditis_elegans,2,1,1,0,2
1744,ENSG00000100603,SNW1,SNW1,homo_sapiens,5,4,1,0,5
1744,ENSMUSG00000021039,SNW1,Snw1,mus_musculus,2,1,1,0,2
1744,ENSXETG00000011087,SNW1,snw1,xenopus_tropicalis,2,1,1,0,2
1744,FBgn0004856,SNW1,Bx42,drosophila_melanogaster,3,2,1,0,3
1744,WBGene00004806,SNW1,skp-1,caenorhabditis_elegans,2,1,1,0,2
1745,ENSG00000100815,TRIP11,TRIP11,homo_sapiens,6,3,1,2,6
1745,ENSMUSG00000021188,TRIP11,Trip11,mus_musculus,7,4,1,2,7
1745,ENSXETG00000027050,TRIP11,TRIP11,xenopus_tropicalis,3,1,2,0,3
1745,FBgn0027287,TRIP11,Gmap,drosophila_melanogaster,7,3,1,3,7
1745,WBGene00013730,TRIP11,sql-1,caenorhabditis_elegans,2,1,1,0,2
1746,ENSG00000100823,APEX1,APEX1,homo_sapiens,25,13,2,10,25
1746,ENSMUSG00000035960,APEX1,Apex1,mus_musculus,9,4,2,3,9
1746,ENSXETG00000024773,APEX1,apex1,xenopus_tropicalis,3,1,2,0,3
1746,FBgn0004584,APEX1,Rrp1,drosophila_melanogaster,5,2,1,2,5
1746,WBGene00001372,APEX1,exo-3,caenorhabditis_elegans,6,3,1,2,6
1748,ENSG00000101161,PRPF6,PRPF6,homo_sapiens,4,1,1,2,4
1748,ENSMUSG00000002455,PRPF6,Prpf6,mus_musculus,8,3,1,4,8
1748,ENSXETG00000012054,PRPF6,prpf6,xenopus_tropicalis,5,2,1,2,5
1748,FBgn0036828,PRPF6,CG6841,drosophila_melanogaster,7,2,1,4,7
1748,WBGene00013343,PRPF6,prp-6,caenorhabditis_elegans,6,1,1,4,6
1749,ENSG00000101255,TRIB3,TRIB3,homo_sapiens,11,4,4,3,11
1749,ENSMUSG00000032715,TRIB3,Trib3,mus_musculus,6,1,4,1,6
1749,FBgn0028978,TRIB3,trbl,drosophila_melanogaster,3,1,1,1,3
1749,WBGene00010700,TRIB3,nipi-3,caenorhabditis_elegans,3,1,1,1,3
1750,ENSG00000101577,LPIN2,LPIN2,homo_sapiens,6,3,3,0,6
1750,ENSMUSG00000024052,LPIN2,Lpin2,mus_musculus,6,3,3,0,6
1750,ENSXETG00000001617,LPIN2,lpin2,xenopus_tropicalis,5,2,3,0,5
1750,FBgn0263593,LPIN2,Lpin,drosophila_melanogaster,12,11,1,0,12
1750,WBGene00010425,LPIN2,lpin-1,caenorhabditis_elegans,2,1,1,0,2
1753,ENSG00000102103,PQBP1,PQBP1,homo_sapiens,17,8,1,8,17
1753,ENSMUSG00000031157,PQBP1,Pqbp1,mus_musculus,11,5,1,5,11
1753,WBGene00020647,PQBP1,pqbp-1.1,caenorhabditis_elegans,4,1,2,1,4
1755,ENSG00000102387,TAF7L,TAF7L,homo_sapiens,5,3,2,0,5
1755,ENSMUSG00000074734,TAF7L,4933416C03Rik,mus_musculus,4,1,3,0,4
1755,FBgn0024909,TAF7L,Taf7,drosophila_melanogaster,3,2,1,0,3
1755,WBGene00006389,TAF7L,taf-7.2,caenorhabditis_elegans,3,1,2,0,3
1758,ENSG00000103275,UBE2I,UBE2I,homo_sapiens,20,10,1,9,20
1758,ENSMUSG00000015120,UBE2I,Ube2i,mus_musculus,23,12,1,10,23
1758,ENSXETG00000004027,UBE2I,ube2i,xenopus_tropicalis,3,1,1,1,3
1758,FBgn0010602,UBE2I,lwr,drosophila_melanogaster,9,4,1,4,9
1758,WBGene00006706,UBE2I,ubc-9,caenorhabditis_elegans,4,1,2,1,4
1760,ENSG00000103363,TCEB2,TCEB2,homo_sapiens,11,5,1,5,11
1760,ENSMUSG00000055839,TCEB2,Tceb2,mus_musculus,4,1,2,1,4
1760,ENSXETG00000018362,TCEB2,tceb2,xenopus_tropicalis,3,1,1,1,3
1760,FBgn0023212,TCEB2,EloB,drosophila_melanogaster,3,1,1,1,3
1760,WBGene00001235,TCEB2,elb-1,caenorhabditis_elegans,2,1,1,0,2
1761,ENSG00000103479,RBL2,RBL2,homo_sapiens,7,4,3,0,7
1761,ENSMUSG00000031666,RBL2,Rbl2,mus_musculus,4,1,3,0,4
1761,ENSXETG00000000346,RBL2,rbl2,xenopus_tropicalis,1,1,4,0,1
1761,FBgn0015799,RBL2,Rbf,drosophila_melanogaster,3,1,2,0,3
1761,WBGene00003020,RBL2,lin-35,caenorhabditis_elegans,2,1,1,0,2
1762,ENSG00000103671,TRIP4,TRIP4,homo_sapiens,4,3,1,0,4
1762,ENSMUSG00000032386,TRIP4,Trip4,mus_musculus,6,5,1,0,6
1762,ENSXETG00000010649,TRIP4,trip4,xenopus_tropicalis,3,2,1,0,3
1762,FBgn0031115,TRIP4,CG11710,drosophila_melanogaster,4,3,1,0,4
1762,WBGene00000208,TRIP4,asc-1,caenorhabditis_elegans,2,1,1,0,2
1764,ENSG00000104313,EYA1,EYA1,homo_sapiens,4,7,0,0,4
1764,ENSMUSG00000025932,EYA1,Eya1,mus_musculus,12,8,4,0,12
1764,ENSXETG00000015955,EYA1,eya1,xenopus_tropicalis,6,2,4,0,6
1764,FBgn0000320,EYA1,eya,drosophila_melanogaster,4,3,1,0,4
1764,WBGene00001377,EYA1,eya-1,caenorhabditis_elegans,3,2,1,0,3
1766,ENSG00000104881,PPP1R13L,PPP1R13L,homo_sapiens,28,7,8,13,28
1766,ENSMUSG00000040734,PPP1R13L,Ppp1r13l,mus_musculus,16,4,8,4,16
1766,ENSXETG00000018235,PPP1R13L,ppp1r13l,xenopus_tropicalis,16,1,9,6,16
1766,FBgn0034606,PPP1R13L,ASPP,drosophila_melanogaster,18,3,3,12,18
1766,WBGene00000146,PPP1R13L,ape-1,caenorhabditis_elegans,23,4,3,16,23
1767,ENSG00000104884,ERCC2,ERCC2,homo_sapiens,12,6,1,6,12
1767,ENSMUSG00000030400,ERCC2,Ercc2,mus_musculus,8,4,1,3,8
1767,ENSXETG00000018229,ERCC2,ercc2,xenopus_tropicalis,5,2,1,2,5
1767,FBgn0261850,ERCC2,Xpd,drosophila_melanogaster,3,1,1,1,3
1767,WBGene00021759,ERCC2,Y50D7A.11,caenorhabditis_elegans,4,1,2,1,4
1771,ENSG00000105173,CCNE1,CCNE1,homo_sapiens,16,5,11,0,16
1771,ENSMUSG00000002068,CCNE1,Ccne1,mus_musculus,13,2,11,0,13
1771,ENSXETG00000012929,CCNE1,ccne1,xenopus_tropicalis,26,1,25,0,26
1771,FBgn0010382,CCNE1,CycE,drosophila_melanogaster,11,6,5,0,11
1771,WBGene00000871,CCNE1,cye-1,caenorhabditis_elegans,2,2,6,0,2
1773,ENSG00000105204,DYRK1B,DYRK1B,homo_sapiens,23,7,10,6,23
1773,ENSMUSG00000002409,DYRK1B,Dyrk1b,mus_musculus,15,3,9,3,15
1773,ENSXETG00000032961,DYRK1B,DYRK1B,xenopus_tropicalis,15,2,7,6,15
1773,FBgn0259168,DYRK1B,mnb,drosophila_melanogaster,14,5,4,5,14
1773,WBGene00003149,DYRK1B,mbk-1,caenorhabditis_elegans,7,1,5,1,7
1776,ENSG00000106290,TAF6,TAF6,homo_sapiens,17,15,2,1,17
1776,ENSMUSG00000036980,TAF6,Taf6,mus_musculus,7,5,2,0,7
1776,ENSXETG00000004009,TAF6,taf6,xenopus_tropicalis,4,2,2,0,4
1776,FBgn0010417,TAF6,Taf6,drosophila_melanogaster,2,2,2,0,2
1776,WBGene00006387,TAF6,taf-6.1,caenorhabditis_elegans,3,1,2,0,3
1777,ENSG00000106624,AEBP1,AEBP1,homo_sapiens,14,4,8,2,14
1777,ENSMUSG00000020473,AEBP1,Aebp1,mus_musculus,12,2,8,2,12
1777,ENSXETG00000032698,AEBP1,AEBP1,xenopus_tropicalis,15,1,8,6,15
1777,FBgn0004648,AEBP1,svr,drosophila_melanogaster,13,11,2,0,13
1777,WBGene00001189,AEBP1,egl-21,caenorhabditis_elegans,6,3,3,0,6
1778,ENSG00000106829,TLE4,TLE4,homo_sapiens,38,12,6,20,38
1778,ENSMUSG00000024642,TLE4,Tle4,mus_musculus,19,2,7,10,19
1778,ENSXETG00000010266,TLE4,tle4,xenopus_tropicalis,16,2,4,10,16
1778,WBGene00006773,TLE4,unc-37,caenorhabditis_elegans,11,2,1,8,11
1779,ENSG00000107223,EDF1,EDF1,homo_sapiens,7,3,1,3,7
1779,ENSMUSG00000015092,EDF1,Edf1,mus_musculus,3,1,1,1,3
1779,ENSXETG00000003971,EDF1,edf1,xenopus_tropicalis,3,1,1,1,3
1779,FBgn0262732,EDF1,mbf1,drosophila_melanogaster,11,5,1,5,11
1779,WBGene00003148,EDF1,mbf-1,caenorhabditis_elegans,2,1,1,1,2
1784,ENSG00000108510,MED13,MED13,homo_sapiens,4,2,2,0,4
1784,ENSMUSG00000034297,MED13,Med13,mus_musculus,3,1,2,0,3
1784,ENSXETG00000010728,MED13,med13,xenopus_tropicalis,3,1,2,0,3
1784,FBgn0003415,MED13,skd,drosophila_melanogaster,5,4,1,0,5
1784,WBGene00002295,MED13,let-19,caenorhabditis_elegans,2,1,1,0,2
1785,ENSG00000108561,C1QBP,C1QBP,homo_sapiens,5,4,1,0,5
1785,ENSMUSG00000018446,C1QBP,C1qbp,mus_musculus,2,1,1,0,2
1785,ENSXETG00000021363,C1QBP,c1qbp,xenopus_tropicalis,2,1,1,0,2
1785,FBgn0034259,C1QBP,P32,drosophila_melanogaster,2,1,1,0,2
1785,WBGene00010303,C1QBP,cri-3,caenorhabditis_elegans,2,1,1,0,2
1786,ENSG00000108590,MED31,MED31,homo_sapiens,4,3,1,0,4
1786,ENSMUSG00000020801,MED31,Med31,mus_musculus,2,1,1,0,2
1786,ENSXETG00000017618,MED31,med31,xenopus_tropicalis,2,1,1,0,2
1786,FBgn0037262,MED31,MED31,drosophila_melanogaster,6,5,1,0,6
1786,WBGene00007026,MED31,mdt-31,caenorhabditis_elegans,4,3,1,0,4
1787,ENSG00000108654,DDX5,DDX5,homo_sapiens,33,16,5,12,33
1787,ENSMUSG00000020719,DDX5,Ddx5,mus_musculus,13,3,4,6,13
1787,ENSXETG00000012580,DDX5,ddx5,xenopus_tropicalis,8,1,4,3,8
1787,FBgn0003261,DDX5,Rm62,drosophila_melanogaster,54,12,6,36,54
1787,WBGene00010260,DDX5,ddx-17,caenorhabditis_elegans,23,5,3,15,23
1790,ENSG00000109854,HTATIP2,HTATIP2,homo_sapiens,9,8,1,0,9
1790,ENSMUSG00000039745,HTATIP2,Htatip2,mus_musculus,3,2,1,0,3
1790,ENSXETG00000014192,HTATIP2,htatip2,xenopus_tropicalis,2,1,1,0,2
1790,WBGene00050941,HTATIP2,C33F10.14,caenorhabditis_elegans,2,1,1,0,2
1791,ENSG00000110315,RNF141,RNF141,homo_sapiens,7,3,1,3,7
1791,ENSMUSG00000030788,RNF141,Rnf141,mus_musculus,12,7,1,4,12
1791,ENSXETG00000008400,RNF141,rnf141,xenopus_tropicalis,5,2,1,2,5
1791,WBGene00010028,RNF141,F54B11.5,caenorhabditis_elegans,3,1,1,1,3
1793,ENSG00000110395,CBL,CBL,homo_sapiens,15,4,3,8,15
1793,ENSMUSG00000034342,CBL,Cbl,mus_musculus,22,7,3,12,22
1793,ENSXETG00000021588,CBL,cbl,xenopus_tropicalis,6,1,2,3,6
1793,FBgn0020224,CBL,Cbl,drosophila_melanogaster,6,2,1,3,6
1793,WBGene00004829,CBL,sli-1,caenorhabditis_elegans,10,3,1,6,10
1794,ENSG00000110422,HIPK3,HIPK3,homo_sapiens,19,5,10,4,19
1794,ENSMUSG00000027177,HIPK3,Hipk3,mus_musculus,15,3,9,3,15
1794,ENSXETG00000017947,HIPK3,hipk3,xenopus_tropicalis,13,2,7,4,13
1794,FBgn0035142,HIPK3,hipk,drosophila_melanogaster,6,3,4,2,6
1794,WBGene00001994,HIPK3,hpk-1,caenorhabditis_elegans,12,4,5,4,12
1795,ENSG00000110711,AIP,AIP,homo_sapiens,9,3,2,4,9
1795,ENSMUSG00000024847,AIP,Aip,mus_musculus,9,3,2,4,9
1795,ENSXETG00000017438,AIP,aip,xenopus_tropicalis,5,1,2,2,5
1795,FBgn0030345,AIP,CG1847,drosophila_melanogaster,7,2,1,4,7
1795,WBGene00016966,AIP,C56C10.10,caenorhabditis_elegans,4,1,1,2,4
1797,ENSG00000110801,PSMD9,PSMD9,homo_sapiens,6,4,2,0,6
1797,ENSMUSG00000029440,PSMD9,Psmd9,mus_musculus,4,3,1,0,4
1797,ENSXETG00000003768,PSMD9,psmd9,xenopus_tropicalis,2,1,1,0,2
1797,FBgn0038166,PSMD9,CG9588,drosophila_melanogaster,2,1,1,0,2
1797,WBGene00016623,PSMD9,psmd-9,caenorhabditis_elegans,2,1,1,0,2
1798,ENSG00000111596,CNOT2,CNOT2,homo_sapiens,21,20,1,0,21
1798,ENSMUSG00000020166,CNOT2,Cnot2,mus_musculus,8,7,1,0,8
1798,ENSXETG00000011385,CNOT2,cnot2,xenopus_tropicalis,5,4,1,0,5
1798,FBgn0017550,CNOT2,Rga,drosophila_melanogaster,6,3,3,0,6
1798,WBGene00003825,CNOT2,ntl-2,caenorhabditis_elegans,12,10,2,0,12
1800,ENSG00000111727,HCFC2,HCFC2,homo_sapiens,13,2,8,3,13
1800,ENSMUSG00000020246,HCFC2,Hcfc2,mus_musculus,15,2,8,5,15
1800,ENSXETG00000019643,HCFC2,hcfc2,xenopus_tropicalis,12,2,10,0,12
1800,FBgn0039904,HCFC2,Hcf,drosophila_melanogaster,9,5,4,0,9
1800,WBGene00001827,HCFC2,hcf-1,caenorhabditis_elegans,6,1,3,2,6
1801,ENSG00000111802,TDP2,TDP2,homo_sapiens,3,2,1,0,3
1801,ENSMUSG00000035958,TDP2,Tdp2,mus_musculus,2,1,1,0,2
1801,ENSXETG00000014826,TDP2,tdp2,xenopus_tropicalis,2,1,1,0,2
1801,WBGene00013405,TDP2,tdpt-1,caenorhabditis_elegans,2,1,1,0,2
1802,ENSG00000111837,MAK,MAK,homo_sapiens,13,5,3,5,13
1802,ENSMUSG00000021363,MAK,Mak,mus_musculus,9,3,3,3,9
1802,ENSXETG00000001069,MAK,mak,xenopus_tropicalis,7,2,3,2,7
1802,FBgn0259712,MAK,CG42366,drosophila_melanogaster,5,2,1,2,5
1802,WBGene00001121,MAK,dyf-5,caenorhabditis_elegans,5,2,1,1,5
1803,ENSG00000111912,NCOA7,NCOA7,homo_sapiens,13,9,4,0,13
1803,ENSMUSG00000039697,NCOA7,Ncoa7,mus_musculus,6,2,4,0,6
1803,ENSXETG00000011699,NCOA7,ncoa7,xenopus_tropicalis,5,1,4,0,5
1803,FBgn0013576,NCOA7,mtd,drosophila_melanogaster,26,24,2,0,26
1803,WBGene00018700,NCOA7,lmd-3,caenorhabditis_elegans,7,5,2,0,7
1804,ENSG00000112214,FHL5,FHL5,homo_sapiens,29,3,15,11,29
1804,ENSMUSG00000028259,FHL5,Fhl5,mus_musculus,24,2,14,8,24
1804,ENSXETG00000001065,FHL5,fhl5,xenopus_tropicalis,14,1,10,3,14
1804,FBgn0085354,FHL5,CG34325,drosophila_melanogaster,18,3,7,8,18
1804,WBGene00006407,FHL5,lim-9,caenorhabditis_elegans,53,7,5,41,53
1805,ENSG00000112237,CCNC,CCNC,homo_sapiens,18,11,7,0,18
1805,ENSMUSG00000028252,CCNC,Ccnc,mus_musculus,11,4,7,0,11
1805,ENSXETG00000026026,CCNC,ccnc,xenopus_tropicalis,8,1,7,0,8
1805,FBgn0004597,CCNC,CycC,drosophila_melanogaster,5,1,5,0,5
1805,WBGene00000506,CCNC,cic-1,caenorhabditis_elegans,6,1,5,0,6
1806,ENSG00000112282,MED23,MED23,homo_sapiens,1,6,1,0,1
1806,ENSMUSG00000019984,MED23,Med23,mus_musculus,6,5,1,0,6
1806,ENSXETG00000008243,MED23,med23,xenopus_tropicalis,2,1,1,0,2
1806,FBgn0034795,MED23,MED23,drosophila_melanogaster,2,1,1,0,2
1806,WBGene00006349,MED23,sur-2,caenorhabditis_elegans,3,2,1,0,3
1809,ENSG00000113300,CNOT6,CNOT6,homo_sapiens,22,4,6,12,22
1809,ENSMUSG00000020362,CNOT6,Cnot6,mus_musculus,16,2,6,8,16
1809,FBgn0011725,CNOT6,twin,drosophila_melanogaster,25,6,4,15,25
1809,WBGene00000376,CNOT6,ccr-4,caenorhabditis_elegans,25,6,3,16,25
1811,ENSG00000113649,TCERG1,TCERG1,homo_sapiens,24,2,4,18,24
1811,ENSMUSG00000024498,TCERG1,Tcerg1,mus_musculus,14,1,4,9,14
1811,ENSXETG00000002324,TCERG1,tcerg1,xenopus_tropicalis,31,3,4,24,31
1811,FBgn0261641,TCERG1,CG42724,drosophila_melanogaster,51,7,2,42,51
1811,WBGene00022855,TCERG1,tcer-1,caenorhabditis_elegans,55,7,3,45,55
1813,ENSG00000115041,KCNIP3,KCNIP3,homo_sapiens,26,3,14,9,26
1813,ENSMUSG00000079056,KCNIP3,Kcnip3,mus_musculus,25,3,13,9,25
1813,ENSXETG00000004341,KCNIP3,kcnip3,xenopus_tropicalis,21,1,17,3,21
1813,FBgn0039380,KCNIP3,CG5890,drosophila_melanogaster,18,3,6,9,18
1813,WBGene00015867,KCNIP3,ncs-7,caenorhabditis_elegans,9,1,5,3,9
1815,ENSG00000115593,SMYD1,SMYD1,homo_sapiens,11,3,3,5,11
1815,ENSMUSG00000055027,SMYD1,Smyd1,mus_musculus,15,6,3,6,15
1815,ENSXETG00000001940,SMYD1,smyd1,xenopus_tropicalis,7,2,1,4,7
1815,FBgn0011566,SMYD1,Bzd,drosophila_melanogaster,3,1,1,1,3
1815,WBGene00011068,SMYD1,set-14,caenorhabditis_elegans,6,1,4,1,6
1816,ENSG00000115641,FHL2,FHL2,homo_sapiens,53,10,15,28,53
1816,ENSMUSG00000008136,FHL2,Fhl2,mus_musculus,25,3,14,8,25
1816,ENSXETG00000002577,FHL2,fhl2,xenopus_tropicalis,14,1,10,3,14
1816,FBgn0051988,FHL2,CG31988,drosophila_melanogaster,15,2,7,6,15
1816,WBGene00006407,FHL2,lim-9,caenorhabditis_elegans,53,7,5,41,53
1817,ENSG00000115942,ORC2,ORC2,homo_sapiens,4,3,1,0,4
1817,ENSMUSG00000026037,ORC2,Orc2,mus_musculus,5,4,1,0,5
1817,ENSXETG00000004151,ORC2,orc2,xenopus_tropicalis,3,2,1,0,3
1817,FBgn0015270,ORC2,Orc2,drosophila_melanogaster,2,1,1,0,2
1817,WBGene00003882,ORC2,orc-2,caenorhabditis_elegans,2,1,1,0,2
1818,ENSG00000116030,SUMO1,SUMO1,homo_sapiens,18,8,4,6,18
1818,ENSMUSG00000026021,SUMO1,Sumo1,mus_musculus,8,2,4,2,8
1818,ENSXETG00000022072,SUMO1,sumo1,xenopus_tropicalis,5,1,3,1,5
1818,WBGene00004888,SUMO1,smo-1,caenorhabditis_elegans,3,1,1,1,3
1820,ENSG00000116560,SFPQ,SFPQ,homo_sapiens,6,1,3,2,6
1820,ENSMUSG00000028820,SFPQ,Sfpq,mus_musculus,6,1,3,2,6
1820,ENSXETG00000009682,SFPQ,sfpq,xenopus_tropicalis,14,3,2,11,14
1820,FBgn0015520,SFPQ,nonA-l,drosophila_melanogaster,8,2,2,4,8
1820,WBGene00017778,SFPQ,nono-1,caenorhabditis_elegans,10,4,1,5,10
1821,ENSG00000116830,TTF2,TTF2,homo_sapiens,6,2,1,3,6
1821,ENSMUSG00000033222,TTF2,Ttf2,mus_musculus,5,2,1,2,5
1821,ENSXETG00000022003,TTF2,TTF2,xenopus_tropicalis,3,1,1,1,3
1821,FBgn0002542,TTF2,lds,drosophila_melanogaster,5,1,2,2,5
1821,WBGene00020742,TTF2,T23H2.3,caenorhabditis_elegans,6,1,3,2,6
1823,ENSG00000117505,DR1,DR1,homo_sapiens,3,2,1,0,3
1823,ENSMUSG00000029265,DR1,Dr1,mus_musculus,2,1,1,0,2
1823,ENSXETG00000022989,DR1,dr1,xenopus_tropicalis,5,2,1,2,5
1823,FBgn0028926,DR1,NC2beta,drosophila_melanogaster,2,1,1,0,2
1823,WBGene00001092,DR1,dro-1,caenorhabditis_elegans,2,1,1,0,2
1828,ENSG00000120616,EPC1,EPC1,homo_sapiens,5,3,2,0,5
1828,ENSMUSG00000024240,EPC1,Epc1,mus_musculus,6,4,2,0,6
1828,ENSXETG00000011660,EPC1,epc1,xenopus_tropicalis,6,0,2,2,6
1828,FBgn0000581,EPC1,E(Pc),drosophila_melanogaster,6,5,1,0,6
1828,WBGene00007030,EPC1,epc-1,caenorhabditis_elegans,2,1,1,0,2
1829,ENSG00000121022,COPS5,COPS5,homo_sapiens,4,3,1,0,4
1829,ENSMUSG00000025917,COPS5,Cops5,mus_musculus,3,2,1,0,3
1829,ENSXETG00000023263,COPS5,cops5,xenopus_tropicalis,2,1,1,0,2
1829,FBgn0027053,COPS5,CSN5,drosophila_melanogaster,3,2,1,0,3
1829,WBGene00000817,COPS5,csn-5,caenorhabditis_elegans,2,1,1,0,2
1831,ENSG00000121390,PSPC1,PSPC1,homo_sapiens,12,3,3,6,12
1831,ENSMUSG00000021938,PSPC1,Pspc1,mus_musculus,9,2,3,4,9
1831,FBgn0015520,PSPC1,nonA-l,drosophila_melanogaster,8,2,2,4,8
1831,WBGene00017778,PSPC1,nono-1,caenorhabditis_elegans,10,4,1,5,10
1832,ENSG00000121481,RNF2,RNF2,homo_sapiens,5,3,2,3,5
1832,ENSMUSG00000026484,RNF2,Rnf2,mus_musculus,10,5,2,3,10
1832,ENSXETG00000026022,RNF2,rnf2,xenopus_tropicalis,4,1,2,1,4
1832,FBgn0003330,RNF2,Sce,drosophila_melanogaster,3,1,1,1,3
1832,WBGene00020496,RNF2,spat-3,caenorhabditis_elegans,4,2,1,1,4
1833,ENSG00000121653,MAPK8IP1,MAPK8IP1,homo_sapiens,8,2,2,4,8
1833,ENSMUSG00000027223,MAPK8IP1,Mapk8ip1,mus_musculus,8,2,2,4,8
1833,ENSXETG00000001025,MAPK8IP1,mapk8ip1,xenopus_tropicalis,5,1,2,2,5
1833,FBgn0040281,MAPK8IP1,Aplip1,drosophila_melanogaster,7,2,1,4,7
1833,WBGene00002176,MAPK8IP1,jip-1,caenorhabditis_elegans,9,3,1,5,9
1837,ENSG00000123064,DDX54,DDX54,homo_sapiens,13,4,1,8,13
1837,ENSMUSG00000029599,DDX54,Ddx54,mus_musculus,5,1,1,3,5
1837,ENSXETG00000016410,DDX54,ddx54,xenopus_tropicalis,6,1,1,4,6
1837,FBgn0052344,DDX54,CG32344,drosophila_melanogaster,5,1,1,3,5
1837,WBGene00022378,DDX54,Y94H6A.5,caenorhabditis_elegans,6,2,1,3,6
1838,ENSG00000123124,WWP1,WWP1,homo_sapiens,30,4,11,15,30
1838,ENSMUSG00000041058,WWP1,Wwp1,mus_musculus,25,2,11,12,25
1838,ENSXETG00000029963,WWP1,WWP1,xenopus_tropicalis,17,1,11,5,17
1838,FBgn0003557,WWP1,Su(dx),drosophila_melanogaster,40,5,5,30,40
1838,WBGene00007009,WWP1,wwp-1,caenorhabditis_elegans,31,6,3,22,31
1839,ENSG00000123349,PFDN5,PFDN5,homo_sapiens,7,6,1,0,7
1839,ENSMUSG00000001289,PFDN5,Pfdn5,mus_musculus,7,6,1,0,7
1839,ENSXETG00000012667,PFDN5,pfdn5,xenopus_tropicalis,2,1,1,0,2
1839,FBgn0038976,PFDN5,CG7048,drosophila_melanogaster,3,2,1,0,3
1839,WBGene00020112,PFDN5,pfd-5,caenorhabditis_elegans,2,1,1,0,2
1841,ENSG00000123908,AGO2,AGO2,homo_sapiens,15,3,8,4,15
1841,ENSMUSG00000036698,AGO2,Ago2,mus_musculus,10,1,7,2,10
1841,ENSXETG00000023755,AGO2,ago2,xenopus_tropicalis,11,1,7,3,11
1841,FBgn0262739,AGO2,AGO1,drosophila_melanogaster,17,4,5,8,17
1841,WBGene00000106,AGO2,alg-2,caenorhabditis_elegans,31,0,25,4,31
1844,ENSG00000124641,MED20,MED20,homo_sapiens,7,6,1,0,7
1844,ENSMUSG00000092558,MED20,Med20,mus_musculus,3,1,2,0,3
1844,ENSXETG00000011847,MED20,med20,xenopus_tropicalis,2,1,1,0,2
1844,FBgn0013531,MED20,MED20,drosophila_melanogaster,3,2,1,0,3
1844,WBGene00007020,MED20,mdt-20,caenorhabditis_elegans,3,2,1,0,3
1846,ENSG00000125107,CNOT1,CNOT1,homo_sapiens,14,13,1,0,14
1846,ENSMUSG00000036550,CNOT1,Cnot1,mus_musculus,3,2,1,0,3
1846,ENSXETG00000015900,CNOT1,cnot1,xenopus_tropicalis,3,2,0,0,3
1846,FBgn0085436,CNOT1,Not1,drosophila_melanogaster,7,6,1,0,7
1846,WBGene00002845,CNOT1,let-711,caenorhabditis_elegans,1,1,1,0,1
1847,ENSG00000125651,GTF2F1,GTF2F1,homo_sapiens,5,4,1,0,5
1847,ENSMUSG00000002658,GTF2F1,Gtf2f1,mus_musculus,2,1,1,0,2
1847,ENSXETG00000005579,GTF2F1,gtf2f1,xenopus_tropicalis,5,2,1,2,5
1847,FBgn0010282,GTF2F1,TfIIFalpha,drosophila_melanogaster,2,1,1,0,2
1847,WBGene00015296,GTF2F1,C01F1.1,caenorhabditis_elegans,2,1,1,0,2
1852,ENSG00000127511,SIN3B,SIN3B,homo_sapiens,18,5,2,11,18
1852,ENSMUSG00000031622,SIN3B,Sin3b,mus_musculus,9,2,2,5,9
1852,ENSXETG00000013501,SIN3B,sin3b,xenopus_tropicalis,3,1,2,0,3
1852,FBgn0022764,SIN3B,Sin3A,drosophila_melanogaster,41,10,1,30,41
1852,WBGene00004117,SIN3B,sin-3,caenorhabditis_elegans,5,2,1,2,5
1854,ENSG00000129315,CCNT1,CCNT1,homo_sapiens,9,2,7,0,9
1854,ENSMUSG00000011960,CCNT1,Ccnt1,mus_musculus,9,2,7,0,9
1854,ENSXETG00000009784,CCNT1,ccnt1,xenopus_tropicalis,10,1,7,2,10
1854,FBgn0025455,CCNT1,CycT,drosophila_melanogaster,9,4,5,0,9
1854,WBGene00000507,CCNT1,cit-1.1,caenorhabditis_elegans,9,4,5,0,9
1857,ENSG00000129559,NEDD8,NEDD8,homo_sapiens,6,2,2,2,6
1857,ENSMUSG00000010376,NEDD8,Nedd8,mus_musculus,10,2,6,2,10
1857,ENSXETG00000027217,NEDD8,nedd8,xenopus_tropicalis,4,1,2,1,4
1857,FBgn0032725,NEDD8,Nedd8,drosophila_melanogaster,6,2,2,2,6
1857,WBGene00003587,NEDD8,ned-8,caenorhabditis_elegans,4,1,2,1,4
1860,ENSG00000130589,HELZ2,HELZ2,homo_sapiens,8,2,6,0,8
1860,ENSMUSG00000027580,HELZ2,Helz2,mus_musculus,9,3,6,0,9
1860,ENSXETG00000023714,HELZ2,HELZ2,xenopus_tropicalis,9,2,7,0,9
1860,WBGene00004880,HELZ2,smg-2,caenorhabditis_elegans,2,1,1,0,2
1861,ENSG00000130699,TAF4,TAF4,homo_sapiens,7,3,2,2,7
1861,ENSMUSG00000039117,TAF4,Taf4a,mus_musculus,4,1,2,1,4
1861,ENSXETG00000001996,TAF4,taf4,xenopus_tropicalis,9,2,2,5,9
1861,FBgn0010280,TAF4,Taf4,drosophila_melanogaster,19,9,1,9,19
1861,WBGene00006385,TAF4,taf-4,caenorhabditis_elegans,3,1,1,1,3
1865,ENSG00000131051,RBM39,RBM39,homo_sapiens,22,8,5,9,22
1865,ENSMUSG00000027620,RBM39,Rbm39,mus_musculus,20,7,4,9,20
1865,ENSXETG00000007434,RBM39,rbm39,xenopus_tropicalis,9,1,5,3,9
1865,FBgn0031883,RBM39,Caper,drosophila_melanogaster,16,7,5,4,16
1865,WBGene00021921,RBM39,Y55F3AM.3,caenorhabditis_elegans,15,4,5,6,15
1868,ENSG00000131475,VPS25,VPS25,homo_sapiens,4,3,1,0,4
1868,ENSMUSG00000078656,VPS25,Vps25,mus_musculus,6,5,1,0,6
1868,ENSXETG00000024599,VPS25,vps25,xenopus_tropicalis,2,1,1,0,2
1868,FBgn0022027,VPS25,Vps25,drosophila_melanogaster,2,1,1,0,2
1868,WBGene00012193,VPS25,vps-25,caenorhabditis_elegans,3,2,1,0,3
1870,ENSG00000132341,RAN,RAN,homo_sapiens,16,7,3,6,16
1870,ENSMUSG00000029430,RAN,Ran,mus_musculus,6,2,4,2,6
1870,ENSXETG00000027832,RAN,ran,xenopus_tropicalis,3,1,2,0,3
1870,FBgn0020255,RAN,Ran,drosophila_melanogaster,10,4,2,4,10
1870,WBGene00004302,RAN,ran-1,caenorhabditis_elegans,3,1,1,1,3
1873,ENSG00000132570,PCBD2,PCBD2,homo_sapiens,4,2,2,0,4
1873,ENSMUSG00000021496,PCBD2,Pcbd2,mus_musculus,4,2,2,0,4
1873,FBgn0024841,PCBD2,Pcd,drosophila_melanogaster,2,1,1,0,2
1873,WBGene00020397,PCBD2,pcbd-1,caenorhabditis_elegans,2,1,1,0,2
1874,ENSG00000132664,POLR3F,POLR3F,homo_sapiens,2,1,1,0,2
1874,ENSMUSG00000027427,POLR3F,Polr3f,mus_musculus,3,2,1,0,3
1874,ENSXETG00000024898,POLR3F,polr3f,xenopus_tropicalis,2,1,1,0,2
1874,FBgn0038951,POLR3F,CG5380,drosophila_melanogaster,3,2,1,0,3
1874,WBGene00021112,POLR3F,W09C3.4,caenorhabditis_elegans,2,1,1,0,2
1875,ENSG00000132964,CDK8,CDK8,homo_sapiens,7,3,2,2,7
1875,ENSMUSG00000029635,CDK8,Cdk8,mus_musculus,10,4,2,4,10
1875,ENSXETG00000009787,CDK8,cdk8,xenopus_tropicalis,6,2,2,2,6
1875,FBgn0015618,CDK8,Cdk8,drosophila_melanogaster,3,1,1,1,3
1875,WBGene00000409,CDK8,cdk-8,caenorhabditis_elegans,3,1,1,1,3
1877,ENSG00000133398,MED10,MED10,homo_sapiens,2,1,1,0,2
1877,ENSMUSG00000021598,MED10,Med10,mus_musculus,2,1,1,0,2
1877,ENSXETG00000026404,MED10,med10,xenopus_tropicalis,2,1,1,0,2
1877,FBgn0036581,MED10,MED10,drosophila_melanogaster,3,2,1,0,3
1877,WBGene00007014,MED10,mdt-10,caenorhabditis_elegans,3,2,1,0,3
1881,ENSG00000133997,MED6,MED6,homo_sapiens,6,5,1,0,6
1881,ENSMUSG00000002679,MED6,Med6,mus_musculus,5,4,1,0,5
1881,ENSXETG00000002222,MED6,med6,xenopus_tropicalis,2,1,1,0,2
1881,FBgn0024330,MED6,MED6,drosophila_melanogaster,6,5,1,0,6
1881,WBGene00003164,MED6,mdt-6,caenorhabditis_elegans,2,1,1,0,2
1883,ENSG00000134058,CDK7,CDK7,homo_sapiens,21,7,7,7,21
1883,ENSMUSG00000069089,CDK7,Cdk7,mus_musculus,9,1,7,1,9
1883,ENSXETG00000000481,CDK7,cdk7,xenopus_tropicalis,8,2,4,2,8
1883,FBgn0263237,CDK7,Cdk7,drosophila_melanogaster,5,1,3,1,5
1883,WBGene00000408,CDK7,cdk-7,caenorhabditis_elegans,7,2,3,2,7
1885,ENSG00000134480,CCNH,CCNH,homo_sapiens,4,3,1,0,4
1885,ENSMUSG00000021548,CCNH,Ccnh,mus_musculus,6,5,1,0,6
1885,ENSXETG00000011718,CCNH,ccnh,xenopus_tropicalis,3,2,1,0,3
1885,FBgn0022936,CCNH,CycH,drosophila_melanogaster,2,1,1,0,2
1885,WBGene00021714,CCNH,cyh-1,caenorhabditis_elegans,2,1,1,0,2
1887,ENSG00000134759,ELP2,ELP2,homo_sapiens,52,7,1,44,52
1887,ENSMUSG00000024271,ELP2,Elp2,mus_musculus,8,1,1,6,8
1887,ENSXETG00000018920,ELP2,elp2,xenopus_tropicalis,19,2,1,16,19
1887,FBgn0033540,ELP2,Elp2,drosophila_melanogaster,12,1,1,10,12
1887,WBGene00013738,ELP2,elpc-2,caenorhabditis_elegans,8,1,1,6,8
1890,ENSG00000135999,EPC2,EPC2,homo_sapiens,7,5,2,0,7
1890,ENSMUSG00000069495,EPC2,Epc2,mus_musculus,4,2,2,0,4
1890,ENSXETG00000024611,EPC2,epc2,xenopus_tropicalis,4,1,2,1,4
1890,FBgn0000581,EPC2,E(Pc),drosophila_melanogaster,6,5,1,0,6
1890,WBGene00007030,EPC2,epc-1,caenorhabditis_elegans,2,1,1,0,2
1891,ENSG00000136146,MED4,MED4,homo_sapiens,4,3,1,0,4
1891,ENSMUSG00000022109,MED4,Med4,mus_musculus,2,1,1,0,2
1891,ENSXETG00000000549,MED4,med4,xenopus_tropicalis,2,1,1,0,2
1891,FBgn0035754,MED4,MED4,drosophila_melanogaster,2,1,1,0,2
1891,WBGene00007012,MED4,mdt-4,caenorhabditis_elegans,2,1,1,0,2
1892,ENSG00000136492,BRIP1,BRIP1,homo_sapiens,11,4,4,3,11
1892,ENSMUSG00000034329,BRIP1,Brip1,mus_musculus,5,1,3,1,5
1892,ENSXETG00000010720,BRIP1,brip1,xenopus_tropicalis,4,1,2,1,4
1892,WBGene00001049,BRIP1,dog-1,caenorhabditis_elegans,7,2,3,2,7
1893,ENSG00000136518,ACTL6A,ACTL6A,homo_sapiens,9,4,5,0,9
1893,ENSMUSG00000027671,ACTL6A,Actl6a,mus_musculus,9,3,6,0,9
1893,ENSXETG00000007260,ACTL6A,actl6a,xenopus_tropicalis,4,1,3,0,4
1893,FBgn0025716,ACTL6A,Bap55,drosophila_melanogaster,3,1,2,0,3
1893,WBGene00022774,ACTL6A,swsn-6,caenorhabditis_elegans,4,2,2,0,4
1896,ENSG00000136807,CDK9,CDK9,homo_sapiens,7,2,3,2,7
1896,ENSMUSG00000009555,CDK9,Cdk9,mus_musculus,8,3,3,2,8
1896,ENSXETG00000024742,CDK9,cdk9,xenopus_tropicalis,5,1,3,1,5
1896,FBgn0019949,CDK9,Cdk9,drosophila_melanogaster,4,1,2,1,4
1896,WBGene00000410,CDK9,cdk-9,caenorhabditis_elegans,7,2,3,2,7
1897,ENSG00000137486,ARRB1,ARRB1,homo_sapiens,8,4,4,0,8
1897,ENSMUSG00000018909,ARRB1,Arrb1,mus_musculus,10,6,4,0,10
1897,ENSXETG00000009605,ARRB1,arrb1,xenopus_tropicalis,5,1,4,0,5
1897,FBgn0040206,ARRB1,krz,drosophila_melanogaster,6,2,4,0,6
1897,WBGene00000195,ARRB1,arr-1,caenorhabditis_elegans,2,1,1,0,2
1898,ENSG00000137574,TGS1,TGS1,homo_sapiens,2,1,1,0,2
1898,ENSMUSG00000028233,TGS1,Tgs1,mus_musculus,3,1,2,0,3
1898,ENSXETG00000005648,TGS1,tgs1,xenopus_tropicalis,2,1,1,0,2
1898,FBgn0266195,TGS1,Tgs1,drosophila_melanogaster,2,1,1,0,2
1898,WBGene00011631,TGS1,T08G11.4,caenorhabditis_elegans,6,5,1,0,6
1902,ENSG00000138386,NAB1,NAB1,homo_sapiens,11,9,2,0,11
1902,ENSMUSG00000002881,NAB1,Nab1,mus_musculus,5,3,2,0,5
1902,ENSXETG00000015250,NAB1,nab1,xenopus_tropicalis,4,2,2,0,4
1902,FBgn0259986,NAB1,nab,drosophila_melanogaster,4,3,1,0,4
1902,WBGene00003107,NAB1,mab-10,caenorhabditis_elegans,1,1,1,0,1
1903,ENSG00000138433,CIR1,CIR1,homo_sapiens,3,2,1,0,3
1903,ENSMUSG00000041777,CIR1,Cir1,mus_musculus,2,1,1,0,2
1903,ENSXETG00000008492,CIR1,cir1,xenopus_tropicalis,3,1,1,1,3
1903,FBgn0036827,CIR1,CG6843,drosophila_melanogaster,2,1,1,0,2
1903,WBGene00018892,CIR1,cir-1,caenorhabditis_elegans,3,2,1,0,3
1906,ENSG00000139687,RB1,RB1,homo_sapiens,4,1,3,0,4
1906,ENSMUSG00000022105,RB1,Rb1,mus_musculus,4,1,3,0,4
1906,FBgn0015799,RB1,Rbf,drosophila_melanogaster,3,1,2,0,3
1906,WBGene00003020,RB1,lin-35,caenorhabditis_elegans,2,1,1,0,2
1907,ENSG00000140307,GTF2A2,GTF2A2,homo_sapiens,7,6,1,0,7
1907,ENSMUSG00000033543,GTF2A2,Gtf2a2,mus_musculus,6,5,1,0,6
1907,ENSXETG00000022002,GTF2A2,gtf2a2,xenopus_tropicalis,3,1,2,0,3
1907,FBgn0013347,GTF2A2,TfIIA-S,drosophila_melanogaster,3,1,2,0,3
1907,WBGene00013736,GTF2A2,Y111B2A.13,caenorhabditis_elegans,3,1,2,0,3
1910,ENSG00000140682,TGFB1I1,TGFB1I1,homo_sapiens,38,7,15,16,38
1910,ENSMUSG00000030782,TGFB1I1,Tgfb1i1,mus_musculus,34,4,14,16,34
1910,ENSXETG00000018791,TGFB1I1,tgfb1i1,xenopus_tropicalis,17,2,10,5,17
1910,FBgn0041789,TGFB1I1,Pax,drosophila_melanogaster,51,9,7,35,51
1910,WBGene00016197,TGFB1I1,pxl-1,caenorhabditis_elegans,14,3,5,11,14
1913,ENSG00000141384,TAF4B,TAF4B,homo_sapiens,8,3,2,3,8
1913,ENSMUSG00000054321,TAF4B,Taf4b,mus_musculus,4,1,2,1,4
1913,ENSXETG00000032722,TAF4B,TAF4B,xenopus_tropicalis,5,1,2,2,5
1913,FBgn0010280,TAF4B,Taf4,drosophila_melanogaster,19,9,1,9,19
1913,WBGene00006385,TAF4B,taf-4,caenorhabditis_elegans,3,1,1,1,3
1914,ENSG00000141736,ERBB2,ERBB2,homo_sapiens,33,12,14,7,33
1914,ENSMUSG00000062312,ERBB2,Erbb2,mus_musculus,16,1,14,1,16
1914,ENSXETG00000015145,ERBB2,ERBB2,xenopus_tropicalis,18,1,15,2,18
1914,FBgn0003731,ERBB2,Egfr,drosophila_melanogaster,10,2,6,2,10
1914,WBGene00002299,ERBB2,let-23,caenorhabditis_elegans,10,3,4,3,10
1917,ENSG00000142684,ZNF593,ZNF593,homo_sapiens,5,2,1,2,5
1917,ENSMUSG00000028840,ZNF593,Zfp593,mus_musculus,3,1,1,1,3
1917,ENSXETG00000009189,ZNF593,znf593,xenopus_tropicalis,5,2,1,2,5
1917,FBgn0029885,ZNF593,CG3224,drosophila_melanogaster,3,1,1,1,3
1917,WBGene00013236,ZNF593,Y56A3A.18,caenorhabditis_elegans,3,1,1,1,3
1922,ENSG00000143321,HDGF,HDGF,homo_sapiens,11,4,5,2,11
1922,ENSXETG00000018516,HDGF,hdgf,xenopus_tropicalis,7,1,4,2,7
1922,FBgn0039743,HDGF,CG7946,drosophila_melanogaster,5,2,1,2,5
1922,WBGene00015501,HDGF,C06A5.3,caenorhabditis_elegans,5,2,1,2,5
1924,ENSG00000143621,ILF2,ILF2,homo_sapiens,17,4,5,8,17
1924,ENSMUSG00000001016,ILF2,Ilf2,mus_musculus,8,1,5,2,8
1924,ENSXETG00000014290,ILF2,ilf2,xenopus_tropicalis,7,2,4,2,7
1924,FBgn0038046,ILF2,CG5641,drosophila_melanogaster,4,1,2,1,4
1924,WBGene00011253,ILF2,R11H6.5,caenorhabditis_elegans,4,1,2,1,4
1927,ENSG00000144802,NFKBIZ,NFKBIZ,homo_sapiens,31,7,6,18,31
1927,ENSMUSG00000035356,NFKBIZ,Nfkbiz,mus_musculus,26,4,6,16,26
1927,ENSXETG00000032514,NFKBIZ,nfkbiz,xenopus_tropicalis,11,1,6,4,11
1927,WBGene00007877,NFKBIZ,C33A11.1,caenorhabditis_elegans,9,2,1,6,9
1930,ENSG00000145687,SSBP2,SSBP2,homo_sapiens,20,10,3,7,20
1930,ENSMUSG00000003992,SSBP2,Ssbp2,mus_musculus,7,2,3,2,7
1930,ENSXETG00000027809,SSBP2,ssbp2,xenopus_tropicalis,11,2,3,6,11
1930,FBgn0011481,SSBP2,Ssdp,drosophila_melanogaster,9,4,1,4,9
1930,WBGene00012990,SSBP2,sam-10,caenorhabditis_elegans,6,3,1,2,6
1931,ENSG00000145734,BDP1,BDP1,homo_sapiens,3,2,1,0,3
1931,ENSMUSG00000049658,BDP1,Bdp1,mus_musculus,3,2,1,0,3
1931,FBgn0032512,BDP1,CG9305,drosophila_melanogaster,3,2,1,0,3
1931,WBGene00015091,BDP1,B0261.1,caenorhabditis_elegans,2,1,1,0,2
1932,ENSG00000145741,BTF3,BTF3,homo_sapiens,10,4,2,4,10
1932,ENSMUSG00000021660,BTF3,Btf3,mus_musculus,8,3,2,3,8
1932,ENSXETG00000016819,BTF3,btf3,xenopus_tropicalis,4,1,2,1,4
1932,FBgn0000181,BTF3,bic,drosophila_melanogaster,4,2,2,2,4
1932,WBGene00002045,BTF3,icd-1,caenorhabditis_elegans,5,2,0,2,5
1933,ENSG00000146109,ABT1,ABT1,homo_sapiens,2,1,1,0,2
1933,ENSMUSG00000036376,ABT1,Abt1,mus_musculus,2,1,1,0,2
1933,ENSXETG00000005684,ABT1,abt1,xenopus_tropicalis,2,1,1,0,2
1933,FBgn0052708,ABT1,CG32708,drosophila_melanogaster,8,1,6,1,8
1933,WBGene00019005,ABT1,F57B10.8,caenorhabditis_elegans,2,1,1,0,2
1935,ENSG00000147140,NONO,NONO,homo_sapiens,25,9,3,13,25
1935,ENSMUSG00000031311,NONO,Nono,mus_musculus,8,2,3,3,8
1935,ENSXETG00000020868,NONO,nono,xenopus_tropicalis,5,1,2,2,5
1935,FBgn0015520,NONO,nonA-l,drosophila_melanogaster,8,2,2,4,8
1935,WBGene00017778,NONO,nono-1,caenorhabditis_elegans,10,4,1,5,10
1937,ENSG00000148300,REXO4,REXO4,homo_sapiens,8,4,4,0,8
1937,ENSMUSG00000052406,REXO4,Rexo4,mus_musculus,7,3,4,0,7
1937,ENSXETG00000023096,REXO4,rexo4,xenopus_tropicalis,4,1,2,1,4
1937,FBgn0036405,REXO4,CG6833,drosophila_melanogaster,3,2,1,0,3
1937,WBGene00012465,REXO4,Y17G7B.12,caenorhabditis_elegans,3,2,1,0,3
1944,ENSG00000152944,MED21,MED21,homo_sapiens,3,2,1,0,3
1944,ENSMUSG00000030291,MED21,Med21,mus_musculus,3,2,1,0,3
1944,ENSXETG00000003233,MED21,med21,xenopus_tropicalis,2,1,1,0,2
1944,FBgn0040020,MED21,MED21,drosophila_melanogaster,3,2,1,0,3
1944,WBGene00007704,MED21,mdt-21,caenorhabditis_elegans,2,1,1,0,2
1949,ENSG00000155229,MMS19,MMS19,homo_sapiens,9,8,1,0,9
1949,ENSMUSG00000025159,MMS19,Mms19,mus_musculus,6,5,1,0,6
1949,ENSXETG00000003439,MMS19,mms19,xenopus_tropicalis,2,1,1,0,2
1949,FBgn0037301,MMS19,Mms19,drosophila_melanogaster,2,1,1,0,2
1949,WBGene00016060,MMS19,mms-19,caenorhabditis_elegans,2,1,1,0,2
1951,ENSG00000155868,MED7,MED7,homo_sapiens,4,3,1,0,4
1951,ENSMUSG00000020397,MED7,Med7,mus_musculus,9,8,1,0,9
1951,ENSXETG00000001505,MED7,med7,xenopus_tropicalis,2,1,1,0,2
1951,FBgn0051390,MED7,MED7,drosophila_melanogaster,2,1,1,0,2
1951,WBGene00002324,MED7,let-49,caenorhabditis_elegans,3,2,1,0,3
1955,ENSG00000156983,BRPF1,BRPF1,homo_sapiens,33,6,9,18,33
1955,ENSMUSG00000001632,BRPF1,Brpf1,mus_musculus,44,7,9,28,44
1955,ENSXETG00000023658,BRPF1,brpf1,xenopus_tropicalis,13,1,9,3,13
1955,FBgn0033155,BRPF1,Br140,drosophila_melanogaster,14,2,4,8,14
1955,WBGene00003034,BRPF1,lin-49,caenorhabditis_elegans,10,2,4,4,10
1956,ENSG00000157110,RBPMS,RBPMS,homo_sapiens,16,9,2,5,16
1956,ENSMUSG00000031586,RBPMS,Rbpms,mus_musculus,13,6,2,5,13
1956,ENSXETG00000011290,RBPMS,rbpms,xenopus_tropicalis,5,2,1,2,5
1956,FBgn0263995,RBPMS,cpo,drosophila_melanogaster,26,12,1,13,26
1956,WBGene00003172,RBPMS,mec-8,caenorhabditis_elegans,7,2,1,4,7
1957,ENSG00000157216,SSBP3,SSBP3,homo_sapiens,14,7,3,4,14
1957,ENSMUSG00000061887,SSBP3,Ssbp3,mus_musculus,12,5,3,4,12
1957,ENSXETG00000019994,SSBP3,ssbp3,xenopus_tropicalis,15,4,0,8,15
1957,FBgn0011481,SSBP3,Ssdp,drosophila_melanogaster,9,4,1,4,9
1957,WBGene00012990,SSBP3,sam-10,caenorhabditis_elegans,6,3,1,2,6
1958,ENSG00000157450,RNF111,RNF111,homo_sapiens,13,7,2,4,13
1958,ENSMUSG00000032217,RNF111,Rnf111,mus_musculus,6,2,2,2,6
1958,ENSXETG00000010842,RNF111,rnf111,xenopus_tropicalis,12,2,2,8,12
1958,FBgn0037944,RNF111,CG6923,drosophila_melanogaster,9,4,1,4,9
1958,WBGene00012194,RNF111,toe-4,caenorhabditis_elegans,3,1,1,1,3
1960,ENSG00000159259,CHAF1B,CHAF1B,homo_sapiens,6,1,1,4,6
1960,ENSMUSG00000022945,CHAF1B,Chaf1b,mus_musculus,15,4,1,10,15
1960,ENSXETG00000013014,CHAF1B,chaf1b,xenopus_tropicalis,6,1,1,4,6
1960,FBgn0033526,CHAF1B,Caf1-105,drosophila_melanogaster,6,1,1,4,6
1960,WBGene00022141,CHAF1B,chaf-2,caenorhabditis_elegans,9,2,1,6,9
1961,ENSG00000159692,CTBP1,CTBP1,homo_sapiens,13,11,2,0,13
1961,ENSMUSG00000037373,CTBP1,Ctbp1,mus_musculus,10,8,2,0,10
1961,ENSXETG00000021047,CTBP1,ctbp1,xenopus_tropicalis,4,1,3,0,4
1961,FBgn0020496,CTBP1,CtBP,drosophila_melanogaster,11,10,1,0,11
1961,WBGene00006424,CTBP1,ctbp-1,caenorhabditis_elegans,4,2,1,0,4
1962,ENSG00000160007,ARHGAP35,ARHGAP35,homo_sapiens,29,3,12,14,29
1962,ENSMUSG00000058230,ARHGAP35,Arhgap35,mus_musculus,19,2,12,5,19
1962,ENSXETG00000018284,ARHGAP35,arhgap35,xenopus_tropicalis,14,1,11,2,14
1962,FBgn0026375,ARHGAP35,RhoGAPp190,drosophila_melanogaster,45,7,3,35,45
1962,WBGene00010374,ARHGAP35,rga-5,caenorhabditis_elegans,10,3,4,3,10
1967,ENSG00000160949,TONSL,TONSL,homo_sapiens,12,2,8,10,12
1967,ENSMUSG00000059323,TONSL,Tonsl,mus_musculus,19,4,8,7,19
1967,ENSXETG00000020475,TONSL,tonsl,xenopus_tropicalis,6,1,8,5,6
1967,FBgn0035812,TONSL,CG7457,drosophila_melanogaster,31,2,3,26,31
1967,WBGene00010498,TONSL,K02B12.5,caenorhabditis_elegans,6,1,1,4,6
1969,ENSG00000161547,SRSF2,SRSF2,homo_sapiens,14,5,4,5,14
1969,ENSMUSG00000034120,SRSF2,Srsf2,mus_musculus,8,2,4,2,8
1969,ENSXETG00000025271,SRSF2,srsf2,xenopus_tropicalis,7,1,3,3,7
1969,FBgn0265298,SRSF2,SC35,drosophila_melanogaster,8,4,1,3,8
1969,WBGene00004701,SRSF2,rsp-4,caenorhabditis_elegans,5,2,1,2,5
1970,ENSG00000162227,TAF6L,TAF6L,homo_sapiens,5,3,2,0,5
1970,ENSMUSG00000003680,TAF6L,Taf6l,mus_musculus,9,7,2,0,9
1970,ENSXETG00000010304,TAF6L,taf6l,xenopus_tropicalis,3,1,2,0,3
1970,FBgn0010417,TAF6L,Taf6,drosophila_melanogaster,2,2,2,0,2
1970,WBGene00006387,TAF6L,taf-6.1,caenorhabditis_elegans,3,1,2,0,3
1971,ENSG00000162552,WNT4,WNT4,homo_sapiens,17,3,14,0,17
1971,ENSMUSG00000036856,WNT4,Wnt4,mus_musculus,15,1,14,0,15
1971,ENSXETG00000004742,WNT4,wnt4,xenopus_tropicalis,17,1,15,1,17
1971,WBGene00000857,WNT4,cwn-1,caenorhabditis_elegans,4,2,2,0,4
1972,ENSG00000163161,ERCC3,ERCC3,homo_sapiens,5,2,1,2,5
1972,ENSMUSG00000024382,ERCC3,Ercc3,mus_musculus,4,1,1,2,4
1972,ENSXETG00000033646,ERCC3,ERCC3,xenopus_tropicalis,4,1,1,2,4
1972,FBgn0001179,ERCC3,hay,drosophila_melanogaster,7,2,1,4,7
1972,WBGene00013441,ERCC3,xpb-1,caenorhabditis_elegans,4,1,1,2,4
1974,ENSG00000163349,HIPK1,HIPK1,homo_sapiens,28,11,10,7,28
1974,ENSMUSG00000008730,HIPK1,Hipk1,mus_musculus,15,3,9,3,15
1974,ENSXETG00000001698,HIPK1,hipk1,xenopus_tropicalis,11,2,7,2,11
1974,FBgn0035142,HIPK1,hipk,drosophila_melanogaster,6,3,4,2,6
1974,WBGene00001994,HIPK1,hpk-1,caenorhabditis_elegans,12,4,5,4,12
1978,ENSG00000163877,SNIP1,SNIP1,homo_sapiens,5,1,3,1,5
1978,ENSMUSG00000050213,SNIP1,Snip1,mus_musculus,5,1,3,1,5
1978,ENSXETG00000017464,SNIP1,snip1,xenopus_tropicalis,6,1,3,2,6
1978,FBgn0039943,SNIP1,CG17168,drosophila_melanogaster,5,1,3,1,5
1978,WBGene00016323,SNIP1,C32E8.5,caenorhabditis_elegans,7,2,3,2,7
1979,ENSG00000163935,SFMBT1,SFMBT1,homo_sapiens,20,4,10,6,20
1979,ENSMUSG00000006527,SFMBT1,Sfmbt1,mus_musculus,34,5,10,19,34
1979,ENSXETG00000032066,SFMBT1,sfmbt1,xenopus_tropicalis,18,2,9,7,18
1979,WBGene00003041,SFMBT1,lin-61,caenorhabditis_elegans,17,3,2,12,17
1983,ENSG00000164751,PEX2,PEX2,homo_sapiens,9,5,1,3,9
1983,ENSMUSG00000040374,PEX2,Pex2,mus_musculus,13,6,1,6,13
1983,ENSXETG00000017165,PEX2,pex2,xenopus_tropicalis,3,1,1,1,3
1983,FBgn0035876,PEX2,Pex2,drosophila_melanogaster,3,1,1,1,3
1983,WBGene00004192,PEX2,prx-2,caenorhabditis_elegans,3,0,1,1,3
1984,ENSG00000164754,RAD21,RAD21,homo_sapiens,10,8,2,0,10
1984,ENSMUSG00000022314,RAD21,Rad21,mus_musculus,3,1,2,0,3
1984,ENSXETG00000020783,RAD21,rad21,xenopus_tropicalis,3,1,1,1,3
1984,FBgn0260987,RAD21,vtd,drosophila_melanogaster,3,2,1,0,3
1984,WBGene00004737,RAD21,scc-1,caenorhabditis_elegans,3,1,2,0,3
1986,ENSG00000164985,PSIP1,PSIP1,homo_sapiens,16,6,5,5,16
1986,ENSMUSG00000028484,PSIP1,Psip1,mus_musculus,14,5,5,4,14
1986,ENSXETG00000003303,PSIP1,psip1,xenopus_tropicalis,7,1,4,2,7
1986,FBgn0039743,PSIP1,CG7946,drosophila_melanogaster,5,2,1,2,5
1986,WBGene00015501,PSIP1,C06A5.3,caenorhabditis_elegans,5,2,1,2,5
1987,ENSG00000165417,GTF2A1,GTF2A1,homo_sapiens,7,2,5,0,7
1987,ENSMUSG00000020962,GTF2A1,Gtf2a1,mus_musculus,7,2,5,0,7
1987,FBgn0011289,GTF2A1,TfIIA-L,drosophila_melanogaster,5,3,2,0,5
1987,WBGene00004136,GTF2A1,pqn-51,caenorhabditis_elegans,6,4,2,0,6
1991,ENSG00000165916,PSMC3,PSMC3,homo_sapiens,9,8,1,0,9
1991,ENSMUSG00000002102,PSMC3,Psmc3,mus_musculus,5,4,1,0,5
1991,ENSXETG00000007916,PSMC3,psmc3,xenopus_tropicalis,2,1,1,0,2
1991,FBgn0028684,PSMC3,Rpt5,drosophila_melanogaster,2,1,1,0,2
1991,WBGene00004505,PSMC3,rpt-5,caenorhabditis_elegans,2,1,1,0,2
1993,ENSG00000166200,COPS2,COPS2,homo_sapiens,7,5,2,0,7
1993,ENSMUSG00000027206,COPS2,Cops2,mus_musculus,5,3,2,0,5
1993,ENSXETG00000008784,COPS2,cops2,xenopus_tropicalis,3,1,2,0,3
1993,FBgn0013746,COPS2,alien,drosophila_melanogaster,6,4,2,0,6
1993,WBGene00000814,COPS2,csn-2,caenorhabditis_elegans,5,2,3,0,5
1994,ENSG00000166228,PCBD1,PCBD1,homo_sapiens,2,1,2,0,2
1994,ENSMUSG00000020098,PCBD1,Pcbd1,mus_musculus,3,1,2,0,3
1994,ENSXETG00000008191,PCBD1,pcbd1,xenopus_tropicalis,2,1,1,0,2
1994,FBgn0024841,PCBD1,Pcd,drosophila_melanogaster,2,1,1,0,2
1994,WBGene00020397,PCBD1,pcbd-1,caenorhabditis_elegans,2,1,1,0,2
1995,ENSG00000166313,APBB1,APBB1,homo_sapiens,56,16,3,37,56
1995,ENSMUSG00000037032,APBB1,Apbb1,mus_musculus,44,15,3,26,44
1995,WBGene00001410,APBB1,feh-1,caenorhabditis_elegans,17,4,1,12,17
1997,ENSG00000166886,NAB2,NAB2,homo_sapiens,4,2,2,0,4
1997,ENSMUSG00000025402,NAB2,Nab2,mus_musculus,6,4,2,0,6
1997,ENSXETG00000004428,NAB2,nab2,xenopus_tropicalis,4,0,2,0,4
1997,FBgn0259986,NAB2,nab,drosophila_melanogaster,4,3,1,0,4
1997,WBGene00003107,NAB2,mab-10,caenorhabditis_elegans,1,1,1,0,1
1998,ENSG00000166913,YWHAB,YWHAB,homo_sapiens,11,4,7,0,11
1998,ENSMUSG00000018326,YWHAB,Ywhab,mus_musculus,9,2,7,0,9
1998,ENSXETG00000022830,YWHAB,ywhab,xenopus_tropicalis,7,1,6,0,7
1998,FBgn0004907,YWHAB,14-3-3zeta,drosophila_melanogaster,2,12,2,0,2
1998,WBGene00001502,YWHAB,ftt-2,caenorhabditis_elegans,6,3,3,0,6
1999,ENSG00000167193,CRK,CRK,homo_sapiens,9,3,2,5,9
1999,ENSMUSG00000017776,CRK,Crk,mus_musculus,16,5,2,9,16
1999,ENSXETG00000022904,CRK,crk,xenopus_tropicalis,5,1,2,2,5
1999,FBgn0024811,CRK,Crk,drosophila_melanogaster,20,7,1,12,20
1999,WBGene00000416,CRK,ced-2,caenorhabditis_elegans,6,3,1,2,6
2002,ENSG00000168066,SF1,SF1,homo_sapiens,28,11,5,12,28
2002,ENSMUSG00000024949,SF1,Sf1,mus_musculus,23,8,5,10,23
2002,ENSXETG00000008434,SF1,sf1,xenopus_tropicalis,15,2,5,8,15
2002,FBgn0025571,SF1,SF1,drosophila_melanogaster,15,3,10,2,15
2002,WBGene00013808,SF1,sfa-1,caenorhabditis_elegans,11,1,8,2,11
2007,ENSG00000169375,SIN3A,SIN3A,homo_sapiens,23,11,2,10,23
2007,ENSMUSG00000042557,SIN3A,Sin3a,mus_musculus,25,7,2,16,25
2007,ENSXETG00000015283,SIN3A,sin3a,xenopus_tropicalis,4,1,2,1,4
2007,FBgn0022764,SIN3A,Sin3A,drosophila_melanogaster,41,10,1,30,41
2007,WBGene00004117,SIN3A,sin-3,caenorhabditis_elegans,5,2,1,2,5
2010,ENSG00000170515,PA2G4,PA2G4,homo_sapiens,7,4,3,0,7
2010,ENSMUSG00000025364,PA2G4,Pa2g4,mus_musculus,4,2,2,0,4
2010,ENSXETG00000009471,PA2G4,pa2g4,xenopus_tropicalis,3,1,2,0,3
2010,FBgn0035630,PA2G4,CG10576,drosophila_melanogaster,5,3,2,0,5
2010,WBGene00021088,PA2G4,W08E12.7,caenorhabditis_elegans,6,2,4,0,6
2011,ENSG00000171105,INSR,INSR,homo_sapiens,25,3,14,4,25
2011,ENSMUSG00000005534,INSR,Insr,mus_musculus,20,2,14,6,20
2011,ENSXETG00000013518,INSR,insr,xenopus_tropicalis,19,1,15,3,19
2011,FBgn0013984,INSR,InR,drosophila_melanogaster,16,4,9,12,16
2011,WBGene00000898,INSR,daf-2,caenorhabditis_elegans,11,2,5,4,11
2015,ENSG00000171566,PLRG1,PLRG1,homo_sapiens,21,4,4,13,21
2015,ENSMUSG00000027998,PLRG1,Plrg1,mus_musculus,18,2,4,12,18
2015,ENSXETG00000022434,PLRG1,plrg1,xenopus_tropicalis,10,1,3,6,10
2015,FBgn0030365,PLRG1,Tango4,drosophila_melanogaster,10,1,3,6,10
2015,WBGene00006481,PLRG1,plrg-1,caenorhabditis_elegans,17,2,3,12,17
2016,ENSG00000171634,BPTF,BPTF,homo_sapiens,44,12,8,24,44
2016,ENSMUSG00000040481,BPTF,Bptf,mus_musculus,30,6,8,16,30
2016,ENSXETG00000001592,BPTF,bptf,xenopus_tropicalis,16,1,8,7,16
2016,FBgn0000541,BPTF,E(bx),drosophila_melanogaster,44,9,5,30,44
2016,WBGene00009180,BPTF,nurf-1,caenorhabditis_elegans,41,11,4,26,41
2018,ENSG00000171703,TCEA2,TCEA2,homo_sapiens,26,7,4,15,26
2018,ENSMUSG00000059540,TCEA2,Tcea2,mus_musculus,16,3,4,9,16
2018,FBgn0010422,TCEA2,TfIIS,drosophila_melanogaster,10,2,2,6,10
2018,WBGene00012000,TCEA2,T24H10.1,caenorhabditis_elegans,5,1,1,3,5
2023,ENSG00000172534,HCFC1,HCFC1,homo_sapiens,19,3,8,8,19
2023,ENSMUSG00000031386,HCFC1,Hcfc1,mus_musculus,19,3,8,8,19
2023,ENSXETG00000014251,HCFC1,hcfc1,xenopus_tropicalis,14,1,10,3,14
2023,FBgn0039904,HCFC1,Hcf,drosophila_melanogaster,9,5,4,0,9
2023,WBGene00001827,HCFC1,hcf-1,caenorhabditis_elegans,6,1,3,2,6
2025,ENSG00000173801,JUP,JUP,homo_sapiens,51,10,2,39,51
2025,ENSMUSG00000001552,JUP,Jup,mus_musculus,22,2,2,18,22
2025,ENSXETG00000006970,JUP,jup,xenopus_tropicalis,12,1,2,9,12
2025,WBGene00001979,JUP,hmp-2,caenorhabditis_elegans,8,3,2,3,8
2026,ENSG00000174429,ABRA,ABRA,homo_sapiens,2,1,1,0,2
2026,ENSMUSG00000042895,ABRA,Abra,mus_musculus,2,1,1,0,2
2026,ENSXETG00000006498,ABRA,abra,xenopus_tropicalis,2,1,1,0,2
2026,FBgn0035384,ABRA,CG2113,drosophila_melanogaster,4,2,2,0,4
2026,WBGene00009475,ABRA,F36F2.1,caenorhabditis_elegans,5,3,2,0,5
2027,ENSG00000175029,CTBP2,CTBP2,homo_sapiens,9,7,2,0,9
2027,ENSMUSG00000030970,CTBP2,Ctbp2,mus_musculus,14,12,2,0,14
2027,ENSXETG00000023631,CTBP2,ctbp2,xenopus_tropicalis,4,1,3,0,4
2027,FBgn0020496,CTBP2,CtBP,drosophila_melanogaster,11,10,1,0,11
2027,WBGene00006424,CTBP2,ctbp-1,caenorhabditis_elegans,4,2,1,0,4
2028,ENSG00000175104,TRAF6,TRAF6,homo_sapiens,16,2,6,8,16
2028,ENSMUSG00000027164,TRAF6,Traf6,mus_musculus,10,1,6,4,10
2028,ENSXETG00000007549,TRAF6,traf6,xenopus_tropicalis,11,1,6,4,11
2028,FBgn0265464,TRAF6,Traf6,drosophila_melanogaster,6,1,3,2,6
2028,WBGene00022454,TRAF6,Y110A7A.2,caenorhabditis_elegans,4,1,2,1,4
2030,ENSG00000175550,DRAP1,DRAP1,homo_sapiens,6,5,1,0,6
2030,ENSMUSG00000024914,DRAP1,Drap1,mus_musculus,6,5,1,0,6
2030,ENSXETG00000018519,DRAP1,drap1,xenopus_tropicalis,2,1,1,0,2
2030,FBgn0034650,DRAP1,NC2alpha,drosophila_melanogaster,2,1,1,0,2
2030,WBGene00009584,DRAP1,drap-1,caenorhabditis_elegans,5,4,1,0,5
2033,ENSG00000177200,CHD9,CHD9,homo_sapiens,40,11,9,20,40
2033,ENSMUSG00000056608,CHD9,Chd9,mus_musculus,17,2,9,6,17
2033,ENSXETG00000000349,CHD9,chd9,xenopus_tropicalis,23,2,10,11,23
2033,FBgn0266557,CHD9,kis,drosophila_melanogaster,25,6,4,15,25
2033,WBGene00007053,CHD9,chd-7,caenorhabditis_elegans,10,1,4,5,10
2037,ENSG00000178028,DMAP1,DMAP1,homo_sapiens,9,8,1,0,9
2037,ENSMUSG00000009640,DMAP1,Dmap1,mus_musculus,2,1,1,0,2
2037,ENSXETG00000001057,DMAP1,dmap1,xenopus_tropicalis,2,1,1,0,2
2037,FBgn0034537,DMAP1,DMAP1,drosophila_melanogaster,2,1,1,0,2
2037,WBGene00013676,DMAP1,ekl-4,caenorhabditis_elegans,1,2,1,0,1
2038,ENSG00000178568,ERBB4,ERBB4,homo_sapiens,22,5,14,3,22
2038,ENSMUSG00000062209,ERBB4,Erbb4,mus_musculus,19,3,14,2,19
2038,ENSXETG00000000413,ERBB4,erbb4,xenopus_tropicalis,18,1,15,2,18
2038,FBgn0003731,ERBB4,Egfr,drosophila_melanogaster,10,2,6,2,10
2038,WBGene00002299,ERBB4,let-23,caenorhabditis_elegans,10,3,4,3,10
2039,ENSG00000179218,CALR,CALR,homo_sapiens,7,3,4,0,7
2039,ENSMUSG00000003814,CALR,Calr,mus_musculus,6,1,5,0,6
2039,ENSXETG00000007937,CALR,calr,xenopus_tropicalis,6,1,4,1,6
2039,FBgn0005585,CALR,Crc,drosophila_melanogaster,6,2,4,0,6
2039,WBGene00000802,CALR,crt-1,caenorhabditis_elegans,4,2,2,0,4
2044,ENSG00000179950,PUF60,PUF60,homo_sapiens,55,12,16,27,55
2044,ENSMUSG00000002524,PUF60,Puf60,mus_musculus,24,2,16,6,24
2044,ENSXETG00000012469,PUF60,puf60,xenopus_tropicalis,23,2,13,8,23
2044,FBgn0028577,PUF60,pUf68,drosophila_melanogaster,50,10,10,30,50
2044,WBGene00004389,PUF60,rnp-6,caenorhabditis_elegans,14,3,5,6,14
2045,ENSG00000180182,MED14,MED14,homo_sapiens,4,3,1,0,4
2045,ENSMUSG00000064127,MED14,Med14,mus_musculus,4,3,1,0,4
2045,ENSXETG00000015502,MED14,med14,xenopus_tropicalis,3,1,1,1,3
2045,FBgn0035145,MED14,MED14,drosophila_melanogaster,3,2,1,0,3
2045,WBGene00004343,MED14,rgr-1,caenorhabditis_elegans,3,2,1,0,3
2049,ENSG00000181222,POLR2A,POLR2A,homo_sapiens,5,3,2,0,5
2049,ENSMUSG00000005198,POLR2A,Polr2a,mus_musculus,4,2,2,0,4
2049,ENSXETG00000012465,POLR2A,polr2a,xenopus_tropicalis,5,1,2,2,5
2049,FBgn0003277,POLR2A,RpII215,drosophila_melanogaster,3,1,0,0,3
2049,WBGene00000123,POLR2A,ama-1,caenorhabditis_elegans,3,1,2,0,3
2050,ENSG00000181788,SIAH2,SIAH2,homo_sapiens,8,2,3,3,8
2050,ENSMUSG00000036432,SIAH2,Siah2,mus_musculus,7,1,4,2,7
2050,ENSXETG00000020096,SIAH2,siah2,xenopus_tropicalis,6,1,2,3,6
2050,FBgn0003410,SIAH2,sina,drosophila_melanogaster,12,3,3,6,12
2050,WBGene00021369,SIAH2,siah-1,caenorhabditis_elegans,4,1,1,2,4
2051,ENSG00000182606,TRAK1,TRAK1,homo_sapiens,11,8,3,0,11
2051,ENSMUSG00000032536,TRAK1,Trak1,mus_musculus,4,1,3,0,4
2051,ENSXETG00000013857,TRAK1,trak1,xenopus_tropicalis,4,1,3,0,4
2051,FBgn0262872,TRAK1,milt,drosophila_melanogaster,7,6,1,0,7
2051,WBGene00020838,TRAK1,T27A3.1,caenorhabditis_elegans,6,5,1,0,6
2054,ENSG00000183576,SETD3,SETD3,homo_sapiens,12,4,2,6,12
2054,ENSMUSG00000056770,SETD3,Setd3,mus_musculus,10,3,2,5,10
2054,ENSXETG00000011436,SETD3,setd3,xenopus_tropicalis,4,2,2,0,4
2054,FBgn0052732,SETD3,CG32732,drosophila_melanogaster,4,1,2,1,4
2054,WBGene00022173,SETD3,set-27,caenorhabditis_elegans,4,1,2,1,4
2056,ENSG00000184634,MED12,MED12,homo_sapiens,7,5,2,0,7
2056,ENSMUSG00000079487,MED12,Med12,mus_musculus,6,4,2,0,6
2056,ENSXETG00000031593,MED12,MED12,xenopus_tropicalis,3,1,1,1,3
2056,FBgn0001324,MED12,kto,drosophila_melanogaster,3,2,1,0,3
2056,WBGene00001081,MED12,dpy-22,caenorhabditis_elegans,2,1,1,0,2
2057,ENSG00000185619,PCGF3,PCGF3,homo_sapiens,20,8,7,5,20
2057,ENSMUSG00000033623,PCGF3,Pcgf3,mus_musculus,10,2,6,2,10
2057,ENSXETG00000004916,PCGF3,pcgf3,xenopus_tropicalis,7,1,5,1,7
2057,FBgn0002283,PCGF3,l(3)73Ah,drosophila_melanogaster,7,2,3,2,7
2057,WBGene00008684,PCGF3,mig-32,caenorhabditis_elegans,4,2,1,1,4
2058,ENSG00000185651,UBE2L3,UBE2L3,homo_sapiens,17,3,11,3,17
2058,ENSMUSG00000038965,UBE2L3,Ube2l3,mus_musculus,19,3,13,3,19
2058,ENSXETG00000022422,UBE2L3,ube2l3,xenopus_tropicalis,12,2,8,2,12
2058,FBgn0026316,UBE2L3,Ubc10,drosophila_melanogaster,12,1,10,1,12
2058,WBGene00006713,UBE2L3,ubc-18,caenorhabditis_elegans,5,1,3,1,5
2059,ENSG00000186141,POLR3C,POLR3C,homo_sapiens,3,2,1,0,3
2059,ENSMUSG00000028099,POLR3C,Polr3c,mus_musculus,5,4,1,0,5
2059,FBgn0038057,POLR3C,CG12267,drosophila_melanogaster,3,2,1,0,3
2059,WBGene00016750,POLR3C,C48E7.2,caenorhabditis_elegans,3,2,1,0,3
2062,ENSG00000187323,DCC,DCC,homo_sapiens,50,7,11,32,50
2062,ENSMUSG00000060534,DCC,Dcc,mus_musculus,33,2,11,20,33
2062,ENSXETG00000030451,DCC,DCC,xenopus_tropicalis,17,1,9,7,17
2062,FBgn0011592,DCC,fra,drosophila_melanogaster,39,3,6,30,39
2062,WBGene00006776,DCC,unc-40,caenorhabditis_elegans,13,1,2,10,13
2063,ENSG00000187325,TAF9B,TAF9B,homo_sapiens,3,1,2,0,3
2063,ENSMUSG00000047242,TAF9B,Taf9b,mus_musculus,6,3,3,0,6
2063,ENSXETG00000010138,TAF9B,taf9b,xenopus_tropicalis,2,1,1,0,2
2063,FBgn0000617,TAF9B,e(y)1,drosophila_melanogaster,1,1,1,0,1
2063,WBGene00006391,TAF9B,taf-9,caenorhabditis_elegans,2,1,1,0,2
2064,ENSG00000187735,TCEA1,TCEA1,homo_sapiens,18,5,4,9,18
2064,ENSMUSG00000033813,TCEA1,Tcea1,mus_musculus,12,2,4,6,12
2064,ENSXETG00000008099,TCEA1,tcea1,xenopus_tropicalis,7,2,3,2,7
2064,FBgn0010422,TCEA1,TfIIS,drosophila_melanogaster,10,2,2,6,10
2064,WBGene00012000,TCEA1,T24H10.1,caenorhabditis_elegans,5,1,1,3,5
2067,ENSG00000188976,NOC2L,NOC2L,homo_sapiens,2,1,1,0,2
2067,ENSMUSG00000095567,NOC2L,Noc2l,mus_musculus,1,2,1,0,1
2067,ENSXETG00000031054,NOC2L,NOC2L,xenopus_tropicalis,3,1,1,1,3
2067,FBgn0032925,NOC2L,CG9246,drosophila_melanogaster,2,1,1,0,2
2067,WBGene00007413,NOC2L,pro-2,caenorhabditis_elegans,2,1,1,0,2
2070,ENSG00000189308,LIN54,LIN54,homo_sapiens,14,6,2,6,14
2070,ENSMUSG00000035310,LIN54,Lin54,mus_musculus,14,6,2,6,14
2070,ENSXETG00000000369,LIN54,lin54,xenopus_tropicalis,3,1,1,1,3
2070,FBgn0033846,LIN54,mip120,drosophila_melanogaster,5,2,1,2,5
2070,WBGene00003037,LIN54,lin-54,caenorhabditis_elegans,5,2,1,2,5
2072,ENSG00000196419,XRCC6,XRCC6,homo_sapiens,13,6,1,6,13
2072,ENSMUSG00000022471,XRCC6,Xrcc6,mus_musculus,9,6,1,2,9
2072,ENSXETG00000004548,XRCC6,xrcc6,xenopus_tropicalis,3,2,1,0,3
2072,FBgn0011774,XRCC6,Irbp,drosophila_melanogaster,3,2,1,0,3
2072,WBGene00000519,XRCC6,cku-70,caenorhabditis_elegans,2,1,1,0,2
2073,ENSG00000196531,NACA,NACA,homo_sapiens,28,13,3,12,28
2073,ENSMUSG00000061315,NACA,Naca,mus_musculus,6,2,2,2,6
2073,ENSXETG00000004407,NACA,naca.2,xenopus_tropicalis,4,1,2,1,4
2073,FBgn0086904,NACA,Nacalpha,drosophila_melanogaster,10,4,2,4,10
2073,WBGene00022042,NACA,icd-2,caenorhabditis_elegans,8,4,1,3,8
2075,ENSG00000196781,TLE1,TLE1,homo_sapiens,19,5,6,8,19
2075,ENSMUSG00000008305,TLE1,Tle1,mus_musculus,30,7,7,16,30
2075,ENSXETG00000013999,TLE1,tle1,xenopus_tropicalis,13,2,4,7,13
2075,WBGene00006773,TLE1,unc-37,caenorhabditis_elegans,11,2,1,8,11
2077,ENSG00000196924,FLNA,FLNA,homo_sapiens,169,8,3,158,169
2077,ENSMUSG00000031328,FLNA,Flna,mus_musculus,118,6,3,109,118
2077,ENSXETG00000014268,FLNA,flna,xenopus_tropicalis,30,1,3,26,30
2077,FBgn0014141,FLNA,cher,drosophila_melanogaster,189,10,3,176,189
2077,WBGene00022048,FLNA,fln-1,caenorhabditis_elegans,330,21,2,307,330
2078,ENSG00000197157,SND1,SND1,homo_sapiens,8,2,1,5,8
2078,ENSMUSG00000001424,SND1,Snd1,mus_musculus,12,3,1,8,12
2078,ENSXETG00000023043,SND1,snd1,xenopus_tropicalis,13,2,1,10,13
2078,FBgn0035121,SND1,Tudor-SN,drosophila_melanogaster,13,2,1,10,13
2078,WBGene00006626,SND1,tsn-1,caenorhabditis_elegans,7,1,1,5,7
2080,ENSG00000197299,BLM,BLM,homo_sapiens,12,2,5,5,12
2080,ENSMUSG00000030528,BLM,Blm,mus_musculus,14,3,5,6,14
2080,ENSXETG00000007847,BLM,blm,xenopus_tropicalis,12,3,5,4,12
2080,FBgn0002906,BLM,Blm,drosophila_melanogaster,3,1,3,3,3
2080,WBGene00001865,BLM,him-6,caenorhabditis_elegans,8,1,4,3,8
2082,ENSG00000197724,PHF2,PHF2,homo_sapiens,12,3,6,3,12
2082,ENSMUSG00000038025,PHF2,Phf2,mus_musculus,10,1,7,2,10
2082,ENSXETG00000022559,PHF2,phf2,xenopus_tropicalis,12,1,8,3,12
2082,WBGene00005013,PHF2,jmjd-1.1,caenorhabditis_elegans,5,1,3,1,5
2084,ENSG00000198728,LDB1,LDB1,homo_sapiens,4,2,2,0,4
2084,ENSMUSG00000025223,LDB1,Ldb1,mus_musculus,8,6,2,0,8
2084,ENSXETG00000001714,LDB1,ldb1,xenopus_tropicalis,4,2,2,0,4
2084,FBgn0013764,LDB1,Chi,drosophila_melanogaster,3,2,1,0,3
2084,WBGene00002261,LDB1,ldb-1,caenorhabditis_elegans,5,4,1,0,5
2087,ENSG00000204227,RING1,RING1,homo_sapiens,4,1,2,1,4
2087,ENSMUSG00000024325,RING1,Ring1,mus_musculus,4,1,2,1,4
2087,ENSXETG00000020370,RING1,ring1,xenopus_tropicalis,4,1,2,1,4
2087,FBgn0003330,RING1,Sce,drosophila_melanogaster,3,1,1,1,3
2087,WBGene00020496,RING1,spat-3,caenorhabditis_elegans,4,2,1,1,4
2103,ENSG00000230989,HSBP1,HSBP1,homo_sapiens,2,2,0,0,2
2103,ENSMUSG00000031839,HSBP1,Hsbp1,mus_musculus,2,1,1,0,2
2103,ENSXETG00000025864,HSBP1,hsbp1,xenopus_tropicalis,2,1,1,0,2
2103,FBgn0032429,HSBP1,CG5446,drosophila_melanogaster,4,3,1,0,4
2103,WBGene00002002,HSBP1,hsb-1,caenorhabditis_elegans,5,4,1,0,5
2111,ENSG00000239306,RBM14,RBM14,homo_sapiens,21,5,4,12,21
2111,ENSMUSG00000006456,RBM14,Rbm14,mus_musculus,15,3,4,8,15
2111,ENSXETG00000026650,RBM14,rbm14,xenopus_tropicalis,9,2,3,4,9
2111,FBgn0011640,RBM14,lark,drosophila_melanogaster,21,5,1,15,21
2111,WBGene00004384,RBM14,rnp-1,caenorhabditis_elegans,5,3,1,1,5
2113,ENSG00000253506,NACA2,NACA2,homo_sapiens,5,1,3,1,5
2113,ENSMUSG00000061315,NACA2,Naca,mus_musculus,6,2,2,2,6
2113,ENSXETG00000004407,NACA2,naca.2,xenopus_tropicalis,4,1,2,1,4
2113,FBgn0086904,NACA2,Nacalpha,drosophila_melanogaster,10,4,2,4,10
2113,WBGene00022042,NACA2,icd-2,caenorhabditis_elegans,8,4,1,3,8
2114,ENSG00000253729,PRKDC,PRKDC,homo_sapiens,13,4,2,7,13
2114,ENSMUSG00000022672,PRKDC,Prkdc,mus_musculus,6,1,2,3,6
2114,ENSXETG00000004851,PRKDC,prkdc,xenopus_tropicalis,6,1,2,3,6
2114,FBgn0004367,PRKDC,mei-41,drosophila_melanogaster,5,1,1,3,5
2114,WBGene00000226,PRKDC,atl-1,caenorhabditis_elegans,13,3,1,9,13
2127,ENSG00000265972,TXNIP,TXNIP,homo_sapiens,7,2,5,0,7
2127,ENSMUSG00000038393,TXNIP,Txnip,mus_musculus,7,2,5,0,7
2127,ENSXETG00000011050,TXNIP,txnip,xenopus_tropicalis,6,1,5,0,6
2127,FBgn0037465,TXNIP,CG1105,drosophila_melanogaster,14,1,13,0,14
2127,WBGene00015440,TXNIP,arrd-20,caenorhabditis_elegans,17,1,16,0,17
2152,ENSG00000015171,ZMYND11,ZMYND11,homo_sapiens,62,15,2,45,62
2152,ENSMUSG00000021156,ZMYND11,Zmynd11,mus_musculus,47,14,2,30,47
2152,ENSXETG00000016884,ZMYND11,zmynd11,xenopus_tropicalis,12,2,2,8,12
2152,FBgn0033752,ZMYND11,CG8569,drosophila_melanogaster,5,1,2,2,5
2152,WBGene00000262,ZMYND11,bra-1,caenorhabditis_elegans,4,1,2,1,4
2154,ENSG00000048052,HDAC9,HDAC9,homo_sapiens,22,16,6,0,22
2154,ENSMUSG00000004698,HDAC9,Hdac9,mus_musculus,7,1,6,0,7
2154,ENSXETG00000013445,HDAC9,hdac9,xenopus_tropicalis,9,1,6,2,9
2154,FBgn0041210,HDAC9,HDAC4,drosophila_melanogaster,10,8,2,0,10
2154,WBGene00001837,HDAC9,hda-4,caenorhabditis_elegans,7,2,5,0,7
2156,ENSG00000055609,KMT2C,KMT2C,homo_sapiens,49,8,8,30,49
2156,ENSMUSG00000038056,KMT2C,Kmt2c,mus_musculus,47,5,9,33,47
2156,ENSXETG00000009730,KMT2C,kmt2c,xenopus_tropicalis,11,1,8,2,11
2156,FBgn0023518,KMT2C,trr,drosophila_melanogaster,15,2,5,8,15
2156,WBGene00019584,KMT2C,set-12,caenorhabditis_elegans,8,1,4,3,8
2158,ENSG00000061273,HDAC7,HDAC7,homo_sapiens,23,17,6,0,23
2158,ENSMUSG00000022475,HDAC7,Hdac7,mus_musculus,16,10,6,0,16
2158,ENSXETG00000010661,HDAC7,hdac7,xenopus_tropicalis,8,1,6,1,8
2158,FBgn0041210,HDAC7,HDAC4,drosophila_melanogaster,10,8,2,0,10
2158,WBGene00001837,HDAC7,hda-4,caenorhabditis_elegans,7,2,5,0,7
2159,ENSG00000066117,SMARCD1,SMARCD1,homo_sapiens,9,6,3,0,9
2159,ENSMUSG00000023018,SMARCD1,Smarcd1,mus_musculus,4,1,3,0,4
2159,ENSXETG00000013357,SMARCD1,smarcd1,xenopus_tropicalis,4,1,3,0,4
2159,FBgn0025463,SMARCD1,Bap60,drosophila_melanogaster,2,1,1,0,2
2159,WBGene00044072,SMARCD1,ham-3,caenorhabditis_elegans,3,1,2,0,3
2160,ENSG00000066135,KDM4A,KDM4A,homo_sapiens,10,1,7,2,10
2160,ENSMUSG00000033326,KDM4A,Kdm4a,mus_musculus,16,4,4,8,16
2160,ENSXETG00000003483,KDM4A,kdm4a,xenopus_tropicalis,8,1,3,4,8
2160,FBgn0033233,KDM4A,Kdm4A,drosophila_melanogaster,8,2,2,4,8
2160,WBGene00012982,KDM4A,jmjd-2,caenorhabditis_elegans,4,1,1,2,4
2161,ENSG00000068024,HDAC4,HDAC4,homo_sapiens,13,7,6,0,13
2161,ENSMUSG00000026313,HDAC4,Hdac4,mus_musculus,10,4,6,0,10
2161,ENSXETG00000004880,HDAC4,hdac4,xenopus_tropicalis,9,1,6,2,9
2161,FBgn0041210,HDAC4,HDAC4,drosophila_melanogaster,10,8,2,0,10
2161,WBGene00001837,HDAC4,hda-4,caenorhabditis_elegans,7,2,5,0,7
2163,ENSG00000071243,ING3,ING3,homo_sapiens,11,4,5,2,11
2163,ENSMUSG00000029670,ING3,Ing3,mus_musculus,11,4,5,2,11
2163,ENSXETG00000022722,ING3,ing3,xenopus_tropicalis,6,2,4,0,6
2163,FBgn0030945,ING3,Ing3,drosophila_melanogaster,5,1,3,1,5
2163,WBGene00013095,ING3,ing-3,caenorhabditis_elegans,4,1,2,1,4
2164,ENSG00000074266,EED,EED,homo_sapiens,18,6,1,11,18
2164,ENSMUSG00000030619,EED,Eed,mus_musculus,12,3,1,8,12
2164,ENSXETG00000010440,EED,eed,xenopus_tropicalis,5,1,1,3,5
2164,FBgn0032391,EED,escl,drosophila_melanogaster,10,2,2,6,10
2164,WBGene00003224,EED,mes-6,caenorhabditis_elegans,4,1,1,2,4
2165,ENSG00000080503,SMARCA2,SMARCA2,homo_sapiens,79,31,2,48,79
2165,ENSMUSG00000024921,SMARCA2,Smarca2,mus_musculus,66,27,2,37,66
2165,ENSXETG00000015299,SMARCA2,smarca2,xenopus_tropicalis,18,3,2,13,18
2165,FBgn0000212,SMARCA2,brm,drosophila_melanogaster,37,6,1,30,37
2165,WBGene00004204,SMARCA2,swsn-4,caenorhabditis_elegans,6,1,1,5,6
2166,ENSG00000082014,SMARCD3,SMARCD3,homo_sapiens,7,4,3,0,7
2166,ENSMUSG00000028949,SMARCD3,Smarcd3,mus_musculus,5,2,3,0,5
2166,ENSXETG00000014415,SMARCD3,smarcd3,xenopus_tropicalis,4,1,3,0,4
2166,FBgn0025463,SMARCD3,Bap60,drosophila_melanogaster,2,1,1,0,2
2166,WBGene00044072,SMARCD3,ham-3,caenorhabditis_elegans,3,1,2,0,3
2167,ENSG00000083168,KAT6A,KAT6A,homo_sapiens,23,6,5,12,23
2167,ENSMUSG00000031540,KAT6A,Kat6a,mus_musculus,13,2,5,6,13
2167,FBgn0034975,KAT6A,enok,drosophila_melanogaster,9,2,5,2,9
2167,WBGene00045419,KAT6A,lsy-12,caenorhabditis_elegans,18,14,4,0,18
2168,ENSG00000085231,AK6,AK6,homo_sapiens,6,5,1,0,6
2168,ENSXETG00000018174,AK6,ak6,xenopus_tropicalis,2,1,1,0,2
2168,FBgn0033754,AK6,Ak6,drosophila_melanogaster,2,1,1,0,2
2168,WBGene00008458,AK6,E02H1.6,caenorhabditis_elegans,2,1,1,0,2
2170,ENSG00000094631,HDAC6,HDAC6,homo_sapiens,19,11,6,2,19
2170,ENSMUSG00000031161,HDAC6,Hdac6,mus_musculus,13,5,6,2,13
2170,ENSXETG00000023355,HDAC6,hdac6,xenopus_tropicalis,8,1,6,1,8
2170,FBgn0026428,HDAC6,HDAC6,drosophila_melanogaster,14,7,2,5,14
2170,WBGene00018319,HDAC6,hda-6,caenorhabditis_elegans,12,4,5,3,12
2171,ENSG00000094916,CBX5,CBX5,homo_sapiens,14,4,3,7,14
2171,ENSMUSG00000009575,CBX5,Cbx5,mus_musculus,14,4,3,7,14
2171,ENSXETG00000021279,CBX5,cbx5,xenopus_tropicalis,6,1,3,2,6
2171,FBgn0003607,CBX5,Su(var)205,drosophila_melanogaster,11,2,5,4,11
2171,WBGene00001995,CBX5,hpl-1,caenorhabditis_elegans,3,1,1,1,3
2174,ENSG00000099956,SMARCB1,SMARCB1,homo_sapiens,1,7,1,0,1
2174,ENSMUSG00000000902,SMARCB1,Smarcb1,mus_musculus,3,2,1,0,3
2174,ENSXETG00000022368,SMARCB1,smarcb1,xenopus_tropicalis,3,2,1,0,3
2174,FBgn0011715,SMARCB1,Snr1,drosophila_melanogaster,2,1,1,0,2
2174,WBGene00011111,SMARCB1,snfc-5,caenorhabditis_elegans,3,2,1,0,3
2176,ENSG00000100429,HDAC10,HDAC10,homo_sapiens,10,4,6,0,10
2176,ENSMUSG00000062906,HDAC10,Hdac10,mus_musculus,8,2,6,0,8
2176,ENSXETG00000031474,HDAC10,HDAC10,xenopus_tropicalis,7,1,6,0,7
2176,FBgn0026428,HDAC10,HDAC6,drosophila_melanogaster,14,7,2,5,14
2176,WBGene00018319,HDAC10,hda-6,caenorhabditis_elegans,12,4,5,3,12
2177,ENSG00000100888,CHD8,CHD8,homo_sapiens,27,7,9,11,27
2177,ENSMUSG00000053754,CHD8,Chd8,mus_musculus,22,4,9,9,22
2177,ENSXETG00000017194,CHD8,CHD8,xenopus_tropicalis,36,4,10,22,36
2177,FBgn0266557,CHD8,kis,drosophila_melanogaster,25,6,4,15,25
2177,WBGene00007053,CHD8,chd-7,caenorhabditis_elegans,10,1,4,5,10
2181,ENSG00000102038,SMARCA1,SMARCA1,homo_sapiens,14,3,2,9,14
2181,ENSMUSG00000031099,SMARCA1,Smarca1,mus_musculus,20,6,2,12,20
2181,ENSXETG00000001526,SMARCA1,smarca1,xenopus_tropicalis,5,1,2,2,5
2181,FBgn0011604,SMARCA1,Iswi,drosophila_melanogaster,13,3,1,9,13
2181,WBGene00002169,SMARCA1,isw-1,caenorhabditis_elegans,5,1,1,3,5
2182,ENSG00000103510,KAT8,KAT8,homo_sapiens,9,4,5,0,9
2182,ENSMUSG00000030801,KAT8,Kat8,mus_musculus,7,2,5,0,7
2182,ENSXETG00000001943,KAT8,kat8,xenopus_tropicalis,5,2,3,0,5
2182,FBgn0014340,KAT8,mof,drosophila_melanogaster,6,1,5,0,6
2182,WBGene00010537,KAT8,mys-2,caenorhabditis_elegans,5,1,4,0,5
2183,ENSG00000104885,DOT1L,DOT1L,homo_sapiens,8,5,1,2,8
2183,ENSMUSG00000061589,DOT1L,Dot1l,mus_musculus,6,3,1,2,6
2183,ENSXETG00000013658,DOT1L,dot1l,xenopus_tropicalis,3,1,1,1,3
2183,FBgn0264495,DOT1L,gpp,drosophila_melanogaster,11,5,1,5,11
2183,WBGene00010120,DOT1L,dot-1.4,caenorhabditis_elegans,7,1,5,1,7
2184,ENSG00000106462,EZH2,EZH2,homo_sapiens,26,6,8,12,26
2184,ENSMUSG00000029687,EZH2,Ezh2,mus_musculus,24,6,9,9,24
2184,ENSXETG00000020146,EZH2,ezh2,xenopus_tropicalis,11,1,8,2,11
2184,FBgn0000629,EZH2,E(z),drosophila_melanogaster,14,3,5,6,14
2184,WBGene00003220,EZH2,mes-2,caenorhabditis_elegans,7,1,4,2,7
2185,ENSG00000107077,KDM4C,KDM4C,homo_sapiens,13,6,7,7,13
2185,ENSMUSG00000028397,KDM4C,Kdm4c,mus_musculus,11,3,4,4,11
2185,ENSXETG00000000532,KDM4C,kdm4c,xenopus_tropicalis,6,1,3,2,6
2185,FBgn0033233,KDM4C,Kdm4A,drosophila_melanogaster,8,2,2,4,8
2185,WBGene00012982,KDM4C,jmjd-2,caenorhabditis_elegans,4,1,1,2,4
2186,ENSG00000108604,SMARCD2,SMARCD2,homo_sapiens,9,6,3,0,9
2186,ENSMUSG00000078619,SMARCD2,Smarcd2,mus_musculus,6,3,3,0,6
2186,ENSXETG00000014231,SMARCD2,smarcd2,xenopus_tropicalis,6,1,3,2,6
2186,FBgn0025463,SMARCD2,Bap60,drosophila_melanogaster,2,1,1,0,2
2186,WBGene00044072,SMARCD2,ham-3,caenorhabditis_elegans,3,1,2,0,3
2187,ENSG00000108773,KAT2A,KAT2A,homo_sapiens,11,1,8,2,11
2187,ENSMUSG00000020918,KAT2A,Kat2a,mus_musculus,14,2,8,4,14
2187,ENSXETG00000002303,KAT2A,kat2a,xenopus_tropicalis,11,1,8,2,11
2187,FBgn0020388,KAT2A,Gcn5,drosophila_melanogaster,8,1,5,2,8
2187,WBGene00021636,KAT2A,pcaf-1,caenorhabditis_elegans,7,1,4,2,7
2188,ENSG00000108799,EZH1,EZH1,homo_sapiens,27,9,8,10,27
2188,ENSMUSG00000006920,EZH1,Ezh1,mus_musculus,17,3,9,5,17
2188,ENSXETG00000020191,EZH1,ezh1,xenopus_tropicalis,11,1,8,2,11
2188,FBgn0000629,EZH1,E(z),drosophila_melanogaster,14,3,5,6,14
2188,WBGene00003220,EZH1,mes-2,caenorhabditis_elegans,7,1,4,2,7
2189,ENSG00000108840,HDAC5,HDAC5,homo_sapiens,13,7,6,0,13
2189,ENSMUSG00000008855,HDAC5,Hdac5,mus_musculus,13,7,6,0,13
2189,ENSXETG00000003365,HDAC5,HDAC5,xenopus_tropicalis,8,1,6,1,8
2189,FBgn0041210,HDAC5,HDAC4,drosophila_melanogaster,10,8,2,0,10
2189,WBGene00001837,HDAC5,hda-4,caenorhabditis_elegans,7,2,5,0,7
2190,ENSG00000109111,SUPT6H,SUPT6H,homo_sapiens,8,3,1,4,8
2190,ENSMUSG00000002052,SUPT6H,Supt6,mus_musculus,3,0,1,2,3
2190,ENSXETG00000019265,SUPT6H,supt6h,xenopus_tropicalis,6,2,1,3,6
2190,FBgn0028982,SUPT6H,Spt6,drosophila_melanogaster,5,2,1,2,5
2190,WBGene00001259,SUPT6H,emb-5,caenorhabditis_elegans,3,1,1,1,3
2191,ENSG00000111642,CHD4,CHD4,homo_sapiens,32,5,9,18,32
2191,ENSMUSG00000063870,CHD4,Chd4,mus_musculus,32,5,9,18,32
2191,ENSXETG00000026410,CHD4,chd4,xenopus_tropicalis,17,2,10,5,17
2191,FBgn0023395,CHD4,Chd3,drosophila_melanogaster,10,1,4,5,10
2191,WBGene00000482,CHD4,chd-3,caenorhabditis_elegans,10,1,4,5,10
2195,ENSG00000114166,KAT2B,KAT2B,homo_sapiens,11,1,8,2,11
2195,ENSMUSG00000000708,KAT2B,Kat2b,mus_musculus,13,3,8,2,13
2195,ENSXETG00000014008,KAT2B,kat2b,xenopus_tropicalis,11,1,8,2,11
2195,FBgn0020388,KAT2B,Gcn5,drosophila_melanogaster,8,1,5,2,8
2195,WBGene00021636,KAT2B,pcaf-1,caenorhabditis_elegans,7,1,4,2,7
2196,ENSG00000116478,HDAC1,HDAC1,homo_sapiens,6,2,4,0,6
2196,ENSMUSG00000061062,HDAC1,Gm10093,mus_musculus,6,1,5,0,6
2196,ENSXETG00000005253,HDAC1,hdac1,xenopus_tropicalis,5,1,4,0,5
2196,FBgn0015805,HDAC1,Rpd3,drosophila_melanogaster,3,1,2,0,3
2196,WBGene00001834,HDAC1,hda-1,caenorhabditis_elegans,4,1,3,0,4
2197,ENSG00000117222,RBBP5,RBBP5,homo_sapiens,7,2,1,4,7
2197,ENSMUSG00000026439,RBBP5,Rbbp5,mus_musculus,14,6,1,7,14
2197,ENSXETG00000000933,RBBP5,rbbp5,xenopus_tropicalis,4,1,1,2,4
2197,FBgn0036973,RBBP5,Rbbp5,drosophila_melanogaster,4,1,1,2,4
2197,WBGene00017683,RBBP5,rbbp-5,caenorhabditis_elegans,4,1,1,2,4
2199,ENSG00000119048,UBE2B,UBE2B,homo_sapiens,9,3,3,3,9
2199,ENSMUSG00000020390,UBE2B,Ube2b,mus_musculus,7,2,3,2,7
2199,ENSXETG00000026236,UBE2B,ube2b,xenopus_tropicalis,6,1,4,1,6
2199,FBgn0004436,UBE2B,Ubc6,drosophila_melanogaster,6,2,2,2,6
2199,WBGene00006701,UBE2B,ubc-1,caenorhabditis_elegans,3,1,1,1,3
2201,ENSG00000120656,TAF12,TAF12,homo_sapiens,3,2,1,0,3
2201,ENSMUSG00000028899,TAF12,Taf12,mus_musculus,3,2,1,0,3
2201,ENSXETG00000020616,TAF12,taf12,xenopus_tropicalis,2,1,1,0,2
2201,FBgn0011290,TAF12,Taf12,drosophila_melanogaster,5,4,1,0,5
2201,WBGene00006396,TAF12,taf-12,caenorhabditis_elegans,4,3,1,0,4
2202,ENSG00000122565,CBX3,CBX3,homo_sapiens,15,5,3,7,15
2202,ENSMUSG00000029836,CBX3,Cbx3,mus_musculus,16,5,3,8,16
2202,ENSXETG00000012175,CBX3,cbx3,xenopus_tropicalis,6,1,3,2,6
2202,FBgn0031613,CBX3,HP6,drosophila_melanogaster,7,1,5,1,7
2202,WBGene00001995,CBX3,hpl-1,caenorhabditis_elegans,3,1,1,1,3
2203,ENSG00000122728,TAF1L,TAF1L,homo_sapiens,5,1,2,2,5
2203,ENSMUSG00000031314,TAF1L,Taf1,mus_musculus,7,3,1,4,7
2203,ENSXETG00000023137,TAF1L,taf1,xenopus_tropicalis,5,1,1,3,5
2203,FBgn0010355,TAF1L,Taf1,drosophila_melanogaster,19,6,0,12,19
2203,WBGene00006382,TAF1L,taf-1,caenorhabditis_elegans,4,1,1,2,4
2205,ENSG00000126856,PRDM7,PRDM7,homo_sapiens,6,1,3,2,6
2205,WBGene00011887,PRDM7,set-17,caenorhabditis_elegans,3,1,1,1,3
2206,ENSG00000127616,SMARCA4,SMARCA4,homo_sapiens,53,10,2,36,53
2206,ENSMUSG00000032187,SMARCA4,Smarca4,mus_musculus,24,4,2,18,24
2206,ENSXETG00000009355,SMARCA4,smarca4,xenopus_tropicalis,12,2,2,8,12
2206,FBgn0000212,SMARCA4,brm,drosophila_melanogaster,37,6,1,30,37
2206,WBGene00004204,SMARCA4,swsn-4,caenorhabditis_elegans,6,1,1,5,6
2207,ENSG00000129691,ASH2L,ASH2L,homo_sapiens,12,6,1,5,12
2207,ENSMUSG00000031575,ASH2L,Ash2l,mus_musculus,11,5,1,5,11
2207,ENSXETG00000009007,ASH2L,ash2l,xenopus_tropicalis,3,1,1,1,3
2207,FBgn0000139,ASH2L,ash2,drosophila_melanogaster,7,3,1,3,7
2207,WBGene00012458,ASH2L,ash-2,caenorhabditis_elegans,6,3,1,2,6
2218,ENSG00000147099,HDAC8,HDAC8,homo_sapiens,16,12,4,0,16
2218,ENSMUSG00000067567,HDAC8,Hdac8,mus_musculus,6,1,5,0,6
2218,ENSXETG00000020527,HDAC8,hdac8,xenopus_tropicalis,7,3,4,0,7
2218,WBGene00001835,HDAC8,hda-2,caenorhabditis_elegans,3,1,3,0,3
2219,ENSG00000147133,TAF1,TAF1,homo_sapiens,12,5,2,7,12
2219,ENSMUSG00000031314,TAF1,Taf1,mus_musculus,7,3,1,4,7
2219,ENSXETG00000023137,TAF1,taf1,xenopus_tropicalis,5,1,1,3,5
2219,FBgn0010355,TAF1,Taf1,drosophila_melanogaster,19,6,0,12,19
2219,WBGene00006382,TAF1,taf-1,caenorhabditis_elegans,4,1,1,2,4
2221,ENSG00000148835,TAF5,TAF5,homo_sapiens,14,1,4,9,14
2221,ENSMUSG00000025049,TAF5,Taf5,mus_musculus,14,1,4,9,14
2221,ENSXETG00000011394,TAF5,taf5,xenopus_tropicalis,23,2,4,17,23
2221,FBgn0010356,TAF5,Taf5,drosophila_melanogaster,14,1,5,8,14
2221,WBGene00006386,TAF5,taf-5,caenorhabditis_elegans,21,3,3,15,21
2222,ENSG00000150459,SAP18,SAP18,homo_sapiens,7,6,1,0,7
2222,ENSMUSG00000021963,SAP18,Sap18,mus_musculus,7,5,2,0,7
2222,ENSXETG00000009598,SAP18,sap18,xenopus_tropicalis,2,1,1,0,2
2222,FBgn0024491,SAP18,Bin1,drosophila_melanogaster,3,3,1,0,3
2222,WBGene00007625,SAP18,C16C10.4,caenorhabditis_elegans,4,3,1,0,4
2225,ENSG00000153147,SMARCA5,SMARCA5,homo_sapiens,6,1,2,3,6
2225,ENSMUSG00000031715,SMARCA5,Smarca5,mus_musculus,6,1,2,3,6
2225,ENSXETG00000017566,SMARCA5,smarca5,xenopus_tropicalis,5,1,2,2,5
2225,FBgn0011604,SMARCA5,Iswi,drosophila_melanogaster,13,3,1,9,13
2225,WBGene00002169,SMARCA5,isw-1,caenorhabditis_elegans,5,1,1,3,5
2227,ENSG00000154832,CXXC1,CXXC1,homo_sapiens,18,6,1,11,18
2227,ENSMUSG00000024560,CXXC1,Cxxc1,mus_musculus,4,1,1,2,4
2227,ENSXETG00000021938,CXXC1,cxxc1,xenopus_tropicalis,23,4,1,18,23
2227,FBgn0030121,CXXC1,Cfp1,drosophila_melanogaster,9,2,3,4,9
2227,WBGene00009924,CXXC1,cfp-1,caenorhabditis_elegans,14,13,1,0,14
2228,ENSG00000155827,RNF20,RNF20,homo_sapiens,7,4,2,1,7
2228,ENSMUSG00000028309,RNF20,Rnf20,mus_musculus,4,5,2,2,4
2228,ENSXETG00000011951,RNF20,rnf20,xenopus_tropicalis,4,1,2,1,4
2228,FBgn0086694,RNF20,Bre1,drosophila_melanogaster,5,2,1,2,5
2228,WBGene00007008,RNF20,rfp-1,caenorhabditis_elegans,5,2,1,2,5
2229,ENSG00000156650,KAT6B,KAT6B,homo_sapiens,25,5,5,15,25
2229,ENSMUSG00000021767,KAT6B,Kat6b,mus_musculus,24,6,5,13,24
2229,FBgn0034975,KAT6B,enok,drosophila_melanogaster,9,2,5,2,9
2229,WBGene00045419,KAT6B,lsy-12,caenorhabditis_elegans,18,14,4,0,18
2230,ENSG00000158161,EYA3,EYA3,homo_sapiens,9,5,4,0,9
2230,ENSMUSG00000028886,EYA3,Eya3,mus_musculus,9,5,4,0,9
2230,WBGene00001377,EYA3,eya-1,caenorhabditis_elegans,3,2,1,0,3
2232,ENSG00000162521,RBBP4,RBBP4,homo_sapiens,46,9,3,37,46
2232,ENSMUSG00000057236,RBBP4,Rbbp4,mus_musculus,11,2,3,6,11
2232,ENSXETG00000000984,RBBP4,rbbp4,xenopus_tropicalis,16,2,3,11,16
2232,FBgn0263979,RBBP4,Caf1,drosophila_melanogaster,15,2,1,12,15
2232,WBGene00003036,RBBP4,lin-53,caenorhabditis_elegans,9,1,2,6,9
2233,ENSG00000163104,SMARCAD1,SMARCAD1,homo_sapiens,19,4,1,14,19
2233,ENSMUSG00000029920,SMARCAD1,Smarcad1,mus_musculus,9,4,1,4,9
2233,ENSXETG00000019214,SMARCAD1,smarcad1,xenopus_tropicalis,7,2,1,4,7
2233,FBgn0032157,SMARCAD1,Etl1,drosophila_melanogaster,4,1,1,2,4
2233,WBGene00010845,SMARCAD1,M03C11.8,caenorhabditis_elegans,4,1,1,2,4
2234,ENSG00000163159,VPS72,VPS72,homo_sapiens,3,2,1,0,3
2234,ENSMUSG00000008958,VPS72,Vps72,mus_musculus,2,1,1,0,2
2234,FBgn0032321,VPS72,YL-1,drosophila_melanogaster,3,2,1,0,3
2234,WBGene00007645,VPS72,C17E4.6,caenorhabditis_elegans,2,1,1,0,2
2236,ENSG00000163517,HDAC11,HDAC11,homo_sapiens,16,15,1,0,16
2236,ENSMUSG00000034245,HDAC11,Hdac11,mus_musculus,4,3,1,0,4
2236,FBgn0051119,HDAC11,HdacX,drosophila_melanogaster,3,2,1,0,3
2236,WBGene00007953,HDAC11,hda-11,caenorhabditis_elegans,2,1,1,0,2
2239,ENSG00000165097,KDM1B,KDM1B,homo_sapiens,9,3,4,2,9
2239,ENSMUSG00000038080,KDM1B,Kdm1b,mus_musculus,11,3,4,4,11
2239,ENSXETG00000015429,KDM1B,kdm1b,xenopus_tropicalis,8,1,5,2,8
2239,WBGene00000137,KDM1B,amx-1,caenorhabditis_elegans,7,1,5,1,7
2240,ENSG00000166164,BRD7,BRD7,homo_sapiens,8,4,2,2,8
2240,ENSMUSG00000031660,BRD7,Brd7,mus_musculus,4,1,2,1,4
2240,ENSXETG00000018460,BRD7,brd7,xenopus_tropicalis,8,2,2,4,8
2240,FBgn0031947,BRD7,CG7154,drosophila_melanogaster,3,1,1,1,3
2240,WBGene00007256,BRD7,swsn-9,caenorhabditis_elegans,9,4,1,4,9
2241,ENSG00000166337,TAF10,TAF10,homo_sapiens,3,2,1,0,3
2241,ENSMUSG00000043866,TAF10,Taf10,mus_musculus,3,1,2,0,3
2241,ENSXETG00000004906,TAF10,taf10,xenopus_tropicalis,2,1,1,0,2
2241,FBgn0026324,TAF10,Taf10b,drosophila_melanogaster,3,1,2,0,3
2241,WBGene00006392,TAF10,taf-10,caenorhabditis_elegans,4,3,1,0,4
2245,ENSG00000170004,CHD3,CHD3,homo_sapiens,39,8,9,22,39
2245,ENSMUSG00000018474,CHD3,Chd3,mus_musculus,35,6,9,20,35
2245,ENSXETG00000012991,CHD3,chd3,xenopus_tropicalis,21,2,10,9,21
2245,FBgn0023395,CHD3,Chd3,drosophila_melanogaster,10,1,4,5,10
2245,WBGene00000482,CHD3,chd-3,caenorhabditis_elegans,10,1,4,5,10
2249,ENSG00000172943,PHF8,PHF8,homo_sapiens,36,14,6,16,36
2249,ENSMUSG00000041229,PHF8,Phf8,mus_musculus,31,9,7,15,31
2249,ENSXETG00000022032,PHF8,phf8,xenopus_tropicalis,11,1,8,2,11
2249,WBGene00005013,PHF8,jmjd-1.1,caenorhabditis_elegans,5,1,3,1,5
2254,ENSG00000175792,RUVBL1,RUVBL1,homo_sapiens,5,4,1,0,5
2254,ENSMUSG00000030079,RUVBL1,Ruvbl1,mus_musculus,4,2,2,0,4
2254,ENSXETG00000002064,RUVBL1,ruvbl1,xenopus_tropicalis,2,2,1,0,2
2254,FBgn0040078,RUVBL1,pont,drosophila_melanogaster,2,1,1,0,2
2254,WBGene00007784,RUVBL1,ruvb-1,caenorhabditis_elegans,2,1,1,0,2
2256,ENSG00000178913,TAF7,TAF7,homo_sapiens,4,2,2,0,4
2256,ENSMUSG00000051316,TAF7,Taf7,mus_musculus,4,1,3,0,4
2256,ENSXETG00000018171,TAF7,taf7,xenopus_tropicalis,3,2,1,0,3
2256,FBgn0024909,TAF7,Taf7,drosophila_melanogaster,3,2,1,0,3
2256,WBGene00006389,TAF7,taf-7.2,caenorhabditis_elegans,3,1,2,0,3
2257,ENSG00000181090,EHMT1,EHMT1,homo_sapiens,43,12,13,18,43
2257,ENSMUSG00000036893,EHMT1,Ehmt1,mus_musculus,72,11,13,40,72
2257,ENSXETG00000016933,EHMT1,ehmt1,xenopus_tropicalis,29,2,11,16,29
2257,FBgn0040372,EHMT1,G9a,drosophila_melanogaster,22,2,7,13,22
2257,WBGene00018023,EHMT1,set-11,caenorhabditis_elegans,9,1,6,2,9
2258,ENSG00000181555,SETD2,SETD2,homo_sapiens,19,2,13,4,19
2258,ENSMUSG00000044791,SETD2,Setd2,mus_musculus,23,3,13,7,23
2258,ENSXETG00000023876,SETD2,setd2,xenopus_tropicalis,21,1,11,9,21
2258,FBgn0030486,SETD2,Set2,drosophila_melanogaster,17,2,7,8,17
2258,WBGene00016603,SETD2,met-1,caenorhabditis_elegans,16,2,6,8,16
2259,ENSG00000183207,RUVBL2,RUVBL2,homo_sapiens,5,4,1,0,5
2259,ENSMUSG00000003868,RUVBL2,Ruvbl2,mus_musculus,2,1,1,0,2
2259,ENSXETG00000025105,RUVBL2,ruvbl2,xenopus_tropicalis,3,2,1,0,3
2259,FBgn0040075,RUVBL2,rept,drosophila_melanogaster,4,3,1,0,4
2259,WBGene00020687,RUVBL2,ruvb-2,caenorhabditis_elegans,2,1,1,0,2
2260,ENSG00000183495,EP400,EP400,homo_sapiens,19,5,4,10,19
2260,ENSMUSG00000029505,EP400,Ep400,mus_musculus,20,6,3,11,20
2260,ENSXETG00000002041,EP400,ep400,xenopus_tropicalis,17,3,4,10,17
2260,FBgn0020306,EP400,dom,drosophila_melanogaster,20,4,1,15,20
2260,WBGene00007027,EP400,ssl-1,caenorhabditis_elegans,14,4,1,9,14
2262,ENSG00000183955,KMT5A,KMT5A,homo_sapiens,10,3,1,6,10
2262,ENSMUSG00000049327,KMT5A,Setd8,mus_musculus,10,3,1,6,10
2262,ENSXETG00000005820,KMT5A,setd8,xenopus_tropicalis,3,1,1,1,3
2262,FBgn0011474,KMT5A,pr-set7,drosophila_melanogaster,10,3,1,6,10
2262,WBGene00004781,KMT5A,set-1,caenorhabditis_elegans,6,2,1,3,6
2265,ENSG00000196235,SUPT5H,SUPT5H,homo_sapiens,10,9,1,0,10
2265,ENSMUSG00000003435,SUPT5H,Supt5,mus_musculus,3,2,1,0,3
2265,ENSXETG00000002888,SUPT5H,supt5h,xenopus_tropicalis,8,2,1,5,8
2265,FBgn0040273,SUPT5H,Spt5,drosophila_melanogaster,2,1,1,0,2
2265,WBGene00005015,SUPT5H,spt-5,caenorhabditis_elegans,2,1,1,0,2
2266,ENSG00000196363,WDR5,WDR5,homo_sapiens,24,3,12,9,24
2266,ENSMUSG00000026917,WDR5,Wdr5,mus_musculus,19,2,11,6,19
2266,ENSXETG00000019588,WDR5,wdr5,xenopus_tropicalis,19,1,11,7,19
2266,FBgn0040066,WDR5,wds,drosophila_melanogaster,24,2,8,14,24
2266,WBGene00006474,WDR5,wdr-5.1,caenorhabditis_elegans,14,1,6,7,14
2267,ENSG00000196367,TRRAP,TRRAP,homo_sapiens,22,6,1,15,22
2267,ENSMUSG00000045482,TRRAP,Trrap,mus_musculus,18,5,1,12,18
2267,ENSXETG00000020075,TRRAP,trrap,xenopus_tropicalis,5,1,1,3,5
2267,FBgn0053554,TRRAP,Nipped-A,drosophila_melanogaster,5,1,1,3,5
2267,WBGene00007028,TRRAP,trr-1,caenorhabditis_elegans,10,3,1,6,10
2268,ENSG00000196591,HDAC2,HDAC2,homo_sapiens,16,12,4,0,16
2268,ENSMUSG00000019777,HDAC2,Hdac2,mus_musculus,5,2,5,0,5
2268,ENSXETG00000007339,HDAC2,hdac2,xenopus_tropicalis,5,1,4,0,5
2268,FBgn0015805,HDAC2,Rpd3,drosophila_melanogaster,3,1,2,0,3
2268,WBGene00001834,HDAC2,hda-1,caenorhabditis_elegans,4,1,3,0,4
2270,ENSG00000198604,BAZ1A,BAZ1A,homo_sapiens,24,4,8,12,24
2270,ENSMUSG00000035021,BAZ1A,Baz1a,mus_musculus,24,5,8,11,24
2270,ENSXETG00000012293,BAZ1A,baz1a,xenopus_tropicalis,14,1,8,5,14
2270,FBgn0027620,BAZ1A,Acf1,drosophila_melanogaster,10,1,5,4,10
2270,WBGene00019217,BAZ1A,athp-2,caenorhabditis_elegans,9,1,4,4,9
2272,ENSG00000198730,CTR9,CTR9,homo_sapiens,18,2,1,15,18
2272,ENSMUSG00000005609,CTR9,Ctr9,mus_musculus,13,1,1,11,13
2272,ENSXETG00000013673,CTR9,ctr9,xenopus_tropicalis,10,2,1,7,10
2272,FBgn0035205,CTR9,CG2469,drosophila_melanogaster,24,2,2,20,24
2272,WBGene00007184,CTR9,ctr-9,caenorhabditis_elegans,25,4,1,20,25
2274,ENSG00000204371,EHMT2,EHMT2,homo_sapiens,56,5,13,38,56
2274,ENSMUSG00000013787,EHMT2,Ehmt2,mus_musculus,62,6,13,43,62
2274,ENSXETG00000010928,EHMT2,ehmt2,xenopus_tropicalis,22,2,11,9,22
2274,FBgn0040372,EHMT2,G9a,drosophila_melanogaster,22,2,7,13,22
2274,WBGene00018023,EHMT2,set-11,caenorhabditis_elegans,9,1,6,2,9
2276,ENSG00000213246,SUPT4H1,SUPT4H1,homo_sapiens,5,4,1,0,5
2276,ENSMUSG00000020485,SUPT4H1,Supt4a,mus_musculus,2,1,1,0,2
2276,ENSXETG00000025331,SUPT4H1,supt4h1,xenopus_tropicalis,2,1,1,0,2
2276,FBgn0028683,SUPT4H1,spt4,drosophila_melanogaster,2,1,1,0,2
2276,WBGene00005014,SUPT4H1,spt-4,caenorhabditis_elegans,2,1,1,0,2
