id,gene,isoforms,paralogues,motifs,complexity,name,species
0,ENSG00000001167,2,1,2,5,NFYA,homo_sapiens
,ENSMUSG00000023994,9,1,7,17,Nfya,mus_musculus
,ENSXETG00000011865,2,1,4,7,nfya,xenopus_tropicalis
,FBgn0035993,1,1,1,3,Nf-YA,drosophila_melanogaster
,WBGene00011614,1,2,1,4,nfya-1,caenorhabditis_elegans
,WBGene00043056,3,2,3,8,nfya-2,caenorhabditis_elegans
1,ENSG00000004848,1,15,2,18,ARX,homo_sapiens
,ENSMUSG00000035277,2,13,2,19,Arx,mus_musculus
,ENSXETG00000021832,1,13,2,16,arx,xenopus_tropicalis
,FBgn0023489,1,10,0,12,Pph13,drosophila_melanogaster
2,ENSG00000005073,2,17,2,21,HOXA11,homo_sapiens
,ENSMUSG00000038210,1,16,1,18,Hoxa11,mus_musculus
,ENSXETG00000000732,1,14,1,16,hoxa11,xenopus_tropicalis
,FBgn0000015,7,1,7,15,Abd-B,drosophila_melanogaster
3,ENSG00000005102,4,20,3,27,MEOX1,homo_sapiens
,ENSMUSG00000001493,1,20,1,22,Meox1,mus_musculus
,FBgn0014949,1,11,1,13,btn,drosophila_melanogaster
,WBGene00000436,1,6,1,8,ceh-12,caenorhabditis_elegans
4,ENSG00000005436,7,2,0,9,GCFC2,homo_sapiens
,ENSMUSG00000035125,2,2,0,4,Gcfc2,mus_musculus
,ENSXETG00000007803,2,2,0,4,gcfc2,xenopus_tropicalis
,FBgn0037466,3,1,0,4,CG1965,drosophila_melanogaster
,WBGene00009672,2,1,0,3,F43G9.12,caenorhabditis_elegans
5,ENSG00000005513,1,17,1,19,SOX8,homo_sapiens
,ENSMUSG00000024176,3,16,3,22,Sox8,mus_musculus
,ENSXETG00000005746,1,14,1,16,sox8,xenopus_tropicalis
,FBgn0024288,1,7,1,9,Sox100B,drosophila_melanogaster
6,ENSG00000005801,17,49,89,155,ZNF195,homo_sapiens
,ENSMUSG00000030446,2,23,32,57,Zfp273,mus_musculus
,ENSMUSG00000048280,5,23,31,59,Zfp738,mus_musculus
,ENSMUSG00000051037,2,23,25,50,Zfp455,mus_musculus
,ENSMUSG00000052909,1,23,10,34,Gm9894,mus_musculus
,ENSMUSG00000055341,1,23,19,43,Zfp457,mus_musculus
,ENSMUSG00000055480,1,23,24,25,Zfp458,mus_musculus
,ENSMUSG00000055560,1,23,5,24,Zfp459,mus_musculus
,ENSMUSG00000057842,3,23,60,86,Zfp595,mus_musculus
,ENSMUSG00000058331,2,23,30,55,Zfp85,mus_musculus
,ENSMUSG00000058883,2,23,34,59,Zfp708,mus_musculus
,ENSMUSG00000058900,1,23,13,37,Rsl1,mus_musculus
,ENSMUSG00000059839,1,23,13,37,Zfp874b,mus_musculus
,ENSMUSG00000069184,1,23,15,39,Zfp72,mus_musculus
,ENSMUSG00000069206,2,23,13,38,Zfp874a,mus_musculus
,ENSMUSG00000071281,3,23,32,58,Zfp65,mus_musculus
,ENSMUSG00000071291,4,23,43,70,Zfp58,mus_musculus
,ENSMUSG00000074824,1,23,11,35,Rslcan18,mus_musculus
,ENSMUSG00000078994,2,23,14,39,Zfp429,mus_musculus
,ENSMUSG00000078995,2,23,13,38,Zfp456,mus_musculus
,ENSMUSG00000090659,2,23,13,38,Zfp493,mus_musculus
,ENSMUSG00000097333,3,23,19,45,Zfp87,mus_musculus
,ENSMUSG00000098905,1,23,9,33,Zfp953,mus_musculus
,ENSMUSG00000100235,1,23,17,41,Gm28557,mus_musculus
7,ENSG00000005889,7,4,65,76,ZFX,homo_sapiens
,ENSMUSG00000000103,2,5,18,25,Zfy2,mus_musculus
,ENSMUSG00000053211,2,5,18,25,Zfy1,mus_musculus
,ENSMUSG00000079509,5,5,39,49,Zfx,mus_musculus
,ENSXETG00000007785,1,3,13,17,zfx,xenopus_tropicalis
,FBgn0259785,2,1,10,13,pzg,drosophila_melanogaster
8,ENSG00000006047,2,3,0,5,YBX2,homo_sapiens
,ENSMUSG00000018554,3,3,0,6,Ybx2,mus_musculus
,ENSXETG00000025267,1,3,1,5,ybx2,xenopus_tropicalis
,FBgn0022959,2,1,0,3,yps,drosophila_melanogaster
,WBGene00000472,1,0,0,1,cey-1,caenorhabditis_elegans
,WBGene00000473,1,4,0,5,cey-2,caenorhabditis_elegans
,WBGene00000474,2,4,0,6,cey-3,caenorhabditis_elegans
,WBGene00000475,2,4,0,6,cey-4,caenorhabditis_elegans
9,ENSG00000006194,8,8,30,46,ZNF263,homo_sapiens
,ENSMUSG00000022529,2,7,19,28,Zfp263,mus_musculus
,ENSXETG00000021690,1,1,1,3,0,xenopus_tropicalis
10,ENSG00000006377,2,21,2,25,DLX6,homo_sapiens
,ENSMUSG00000029754,3,22,2,28,Dlx6,mus_musculus
,ENSXETG00000016573,2,23,4,29,dlx6,xenopus_tropicalis
,FBgn0000157,3,9,3,15,Dll,drosophila_melanogaster
11,ENSG00000006468,14,13,9,36,ETV1,homo_sapiens
,ENSMUSG00000004151,11,13,7,31,Etv1,mus_musculus
,ENSXETG00000005062,2,12,4,18,etv1,xenopus_tropicalis
,FBgn0039225,2,5,2,9,Ets96B,drosophila_melanogaster
,WBGene00016600,2,2,2,6,ets-5,caenorhabditis_elegans
,WBGene00020368,1,2,1,4,ast-1,caenorhabditis_elegans
12,ENSG00000006704,5,2,22,29,GTF2IRD1,homo_sapiens
,ENSMUSG00000023079,19,2,79,100,Gtf2ird1,mus_musculus
13,ENSG00000007372,15,9,24,39,PAX6,homo_sapiens
,ENSMUSG00000027168,11,9,18,36,Pax6,mus_musculus
,ENSXETG00000008175,2,9,4,15,pax6,xenopus_tropicalis
,ENSXETG00000032534,1,9,2,12,0,xenopus_tropicalis
,FBgn0005558,4,10,7,21,ey,drosophila_melanogaster
,FBgn0019650,2,10,4,14,toy,drosophila_melanogaster
,WBGene00006870,3,7,4,14,vab-3,caenorhabditis_elegans
14,ENSG00000007866,3,4,1,8,TEAD3,homo_sapiens
,ENSMUSG00000002249,4,5,4,13,Tead3,mus_musculus
,FBgn0003345,21,1,21,43,sd,drosophila_melanogaster
,WBGene00001208,5,1,5,11,egl-44,caenorhabditis_elegans
15,ENSG00000007968,1,6,0,7,E2F2,homo_sapiens
,ENSMUSG00000018983,1,6,0,7,E2f2,mus_musculus
,FBgn0011766,6,2,0,8,E2f1,drosophila_melanogaster
,WBGene00001162,4,2,0,2,efl-2,caenorhabditis_elegans
16,ENSG00000008083,2,5,6,13,JARID2,homo_sapiens
,ENSMUSG00000038518,8,5,13,26,Jarid2,mus_musculus
,ENSXETG00000015433,1,5,3,9,jarid2,xenopus_tropicalis
,FBgn0036004,1,2,3,6,Jarid2,drosophila_melanogaster
,WBGene00004319,2,1,8,11,rbr-2,caenorhabditis_elegans
17,ENSG00000008196,2,5,0,7,TFAP2B,homo_sapiens
,ENSMUSG00000025927,3,5,0,8,Tfap2b,mus_musculus
,ENSXETG00000021674,2,5,0,7,tfap2b,xenopus_tropicalis
,FBgn0261953,6,1,0,7,TfAP-2,drosophila_melanogaster
,WBGene00019424,1,4,0,5,aptf-1,caenorhabditis_elegans
18,ENSG00000008197,1,5,0,6,TFAP2D,homo_sapiens
,ENSMUSG00000042596,1,5,0,6,Tfap2d,mus_musculus
,ENSXETG00000032997,1,5,0,6,TFAP2D,xenopus_tropicalis
,FBgn0261953,6,1,0,7,TfAP-2,drosophila_melanogaster
,WBGene00019424,1,4,0,5,aptf-1,caenorhabditis_elegans
19,ENSG00000008441,11,4,11,26,NFIX,homo_sapiens
,ENSMUSG00000001911,5,4,5,14,Nfix,mus_musculus
,ENSXETG00000016718,2,4,2,8,nfix,xenopus_tropicalis
,FBgn0042696,2,1,2,5,NfI,drosophila_melanogaster
,WBGene00003592,3,1,3,7,nfi-1,caenorhabditis_elegans
20,ENSG00000009307,13,1,0,14,CSDE1,homo_sapiens
,ENSMUSG00000068823,7,1,0,8,Csde1,mus_musculus
,ENSXETG00000021448,2,1,1,4,csde1,xenopus_tropicalis
,FBgn0263352,5,1,0,6,Unr,drosophila_melanogaster
21,ENSG00000009709,3,9,6,18,PAX7,homo_sapiens
,ENSMUSG00000028736,2,9,4,15,Pax7,mus_musculus
,ENSXETG00000018527,1,9,3,13,pax7,xenopus_tropicalis
,FBgn0001147,1,10,2,13,gsb-n,drosophila_melanogaster
,FBgn0001148,1,10,2,13,gsb,drosophila_melanogaster
,FBgn0003145,2,10,4,16,prd,drosophila_melanogaster
,WBGene00003939,1,7,2,10,pax-3,caenorhabditis_elegans
22,ENSG00000009950,7,3,5,15,MLXIPL,homo_sapiens
,ENSMUSG00000005373,4,3,3,10,Mlxipl,mus_musculus
,ENSXETG00000030310,1,3,0,7,MLXIPL,xenopus_tropicalis
,FBgn0032940,11,2,11,24,Mio,drosophila_melanogaster
,WBGene00003378,2,2,2,6,mml-1,caenorhabditis_elegans
23,ENSG00000010030,8,12,12,32,ETV7,homo_sapiens
,FBgn0000097,5,3,10,18,aop,drosophila_melanogaster
24,ENSG00000010539,7,2,30,39,ZNF200,homo_sapiens
25,ENSG00000010818,3,4,12,19,HIVEP2,homo_sapiens
,ENSMUSG00000015501,4,4,14,22,Hivep2,mus_musculus
,ENSXETG00000023284,1,3,7,8,hivep2,xenopus_tropicalis
,FBgn0003396,6,1,42,49,shn,drosophila_melanogaster
,WBGene00004862,14,1,51,71,sma-9,caenorhabditis_elegans
26,ENSG00000011052,3,10,0,13,NME1-NME2,homo_sapiens
27,ENSG00000011451,6,2,23,31,WIZ,homo_sapiens
,ENSMUSG00000024050,5,2,16,23,Wiz,mus_musculus
,ENSXETG00000013026,1,2,8,11,wiz,xenopus_tropicalis
28,ENSG00000011590,3,3,7,13,ZBTB32,homo_sapiens
,ENSMUSG00000006310,2,3,2,7,Zbtb32,mus_musculus
29,ENSG00000012504,7,14,4,25,NR1H4,homo_sapiens
,ENSMUSG00000047638,3,15,3,21,Nr1h4,mus_musculus
,ENSXETG00000030372,1,14,1,16,NR1H4,xenopus_tropicalis
,FBgn0000546,6,2,6,14,EcR,drosophila_melanogaster
30,ENSG00000012817,6,5,18,29,KDM5D,homo_sapiens
,ENSMUSG00000056673,2,5,7,14,Kdm5d,mus_musculus
,ENSXETG00000007178,1,5,4,10,kdm5c,xenopus_tropicalis
,WBGene00004319,2,1,8,11,rbr-2,caenorhabditis_elegans
31,ENSG00000016082,2,12,6,20,ISL1,homo_sapiens
,ENSMUSG00000042258,2,12,6,20,Isl1,mus_musculus
,ENSXETG00000004188,1,13,2,16,isl1,xenopus_tropicalis
,FBgn0003896,3,7,9,19,tup,drosophila_melanogaster
,WBGene00002989,1,7,3,11,lim-7,caenorhabditis_elegans
32,ENSG00000018869,5,22,35,62,ZNF582,homo_sapiens
33,ENSG00000019549,2,5,10,17,SNAI2,homo_sapiens
,ENSMUSG00000022676,1,5,5,11,Snai2,mus_musculus
,ENSXETG00000024006,1,2,5,8,snai2,xenopus_tropicalis
,FBgn0001981,1,7,5,13,esg,drosophila_melanogaster
,FBgn0001983,1,7,6,14,wor,drosophila_melanogaster
,FBgn0003448,1,7,5,13,sna,drosophila_melanogaster
34,ENSG00000020256,9,5,65,79,ZFP64,homo_sapiens
,ENSMUSG00000027551,4,5,24,33,Zfp64,mus_musculus
,ENSXETG00000012327,1,4,8,13,zfp64,xenopus_tropicalis
,WBGene00009553,1,1,5,7,F39B2.1,caenorhabditis_elegans
35,ENSG00000020633,3,3,3,9,RUNX3,homo_sapiens
,ENSMUSG00000070691,2,3,2,7,Runx3,mus_musculus
,ENSXETG00000001029,1,3,1,5,runx3,xenopus_tropicalis
,FBgn0002576,2,4,2,8,lz,drosophila_melanogaster
,FBgn0003300,3,4,3,10,run,drosophila_melanogaster
,FBgn0083981,3,4,3,10,RunxA,drosophila_melanogaster
,FBgn0259162,1,4,1,6,RunxB,drosophila_melanogaster
,WBGene00004393,1,1,1,3,rnt-1,caenorhabditis_elegans
36,ENSG00000025156,3,3,0,6,HSF2,homo_sapiens
,ENSMUSG00000019878,1,4,0,5,Hsf2,mus_musculus
,ENSXETG00000023290,1,5,0,6,hsf2,xenopus_tropicalis
,FBgn0001222,4,1,0,5,Hsf,drosophila_melanogaster
,WBGene00002004,1,1,0,2,hsf-1,caenorhabditis_elegans
37,ENSG00000025434,17,14,14,45,NR1H3,homo_sapiens
,ENSMUSG00000002108,4,15,4,22,Nr1h3,mus_musculus
,FBgn0000546,6,2,6,14,EcR,drosophila_melanogaster
38,ENSG00000028277,14,16,19,49,POU2F2,homo_sapiens
,ENSMUSG00000008496,9,15,16,25,Pou2f2,mus_musculus
,ENSXETG00000033156,1,16,4,21,POU2F2,xenopus_tropicalis
,FBgn0004394,4,5,8,15,pdm2,drosophila_melanogaster
,FBgn0085424,3,5,6,14,nub,drosophila_melanogaster
,WBGene00000441,3,3,5,11,ceh-18,caenorhabditis_elegans
39,ENSG00000029153,8,13,24,45,ARNTL2,homo_sapiens
,ENSMUSG00000040187,4,13,12,29,Arntl2,mus_musculus
,FBgn0023094,1,6,3,10,cyc,drosophila_melanogaster
40,ENSG00000029363,9,3,0,9,BCLAF1,homo_sapiens
,ENSMUSG00000037608,3,3,0,6,Bclaf1,mus_musculus
,ENSXETG00000033794,2,3,6,11,BCLAF1,xenopus_tropicalis
41,ENSG00000029993,5,4,10,19,HMGB3,homo_sapiens
,ENSXETG00000007740,1,3,4,8,hmgb3,xenopus_tropicalis
,FBgn0011764,7,1,14,22,Dsp1,drosophila_melanogaster
,WBGene00001972,5,1,10,16,hmg-1.2,caenorhabditis_elegans
42,ENSG00000030419,8,6,16,30,IKZF2,homo_sapiens
,ENSMUSG00000025997,7,6,17,30,Ikzf2,mus_musculus
,ENSXETG00000003127,1,6,4,11,ikzf2,xenopus_tropicalis
43,ENSG00000032219,7,7,5,19,ARID4A,homo_sapiens
,ENSMUSG00000048118,3,7,2,5,Arid4a,mus_musculus
,ENSXETG00000011968,2,7,5,14,arid4a,xenopus_tropicalis
,FBgn0085451,2,3,1,6,CG34422,drosophila_melanogaster
,WBGene00044689,1,3,1,5,arid-1,caenorhabditis_elegans
44,ENSG00000033800,2,6,6,14,PIAS1,homo_sapiens
,ENSMUSG00000032405,1,6,3,10,Pias1,mus_musculus
,ENSXETG00000007813,1,6,3,10,pias1,xenopus_tropicalis
,FBgn0003612,14,2,42,58,Su(var)2-10,drosophila_melanogaster
,WBGene00001574,15,1,30,46,gei-17,caenorhabditis_elegans
45,ENSG00000036549,4,1,4,9,ZZZ3,homo_sapiens
,ENSMUSG00000039068,5,1,10,16,Zzz3,mus_musculus
,ENSXETG00000031959,1,1,2,4,ZZZ3,xenopus_tropicalis
,FBgn0031876,1,1,0,2,Atac1,drosophila_melanogaster
46,ENSG00000037965,1,16,1,18,HOXC8,homo_sapiens
,ENSMUSG00000001657,1,15,1,16,Hoxc8,mus_musculus
,ENSXETG00000023476,1,14,2,17,hoxc8,xenopus_tropicalis
,FBgn0000014,4,6,4,14,abd-A,drosophila_melanogaster
,FBgn0003944,6,6,6,18,Ubx,drosophila_melanogaster
47,ENSG00000039600,3,4,3,10,SOX30,homo_sapiens
,ENSMUSG00000040489,1,4,1,6,Sox30,mus_musculus
,FBgn0039938,4,1,4,9,Sox102F,drosophila_melanogaster
,WBGene00001182,6,2,6,14,egl-13,caenorhabditis_elegans
,WBGene00015716,1,2,1,4,sox-4,caenorhabditis_elegans
48,ENSG00000041988,4,6,4,14,THAP3,homo_sapiens
,ENSMUSG00000039759,2,3,2,7,Thap3,mus_musculus
49,ENSG00000043039,1,16,1,2,BARX2,homo_sapiens
,ENSMUSG00000032033,1,16,1,18,Barx2,mus_musculus
,ENSXETG00000029918,1,16,1,18,BARX2,xenopus_tropicalis
50,ENSG00000043355,2,18,8,28,ZIC2,homo_sapiens
,ENSMUSG00000061524,1,18,4,23,Zic2,mus_musculus
,FBgn0003002,1,0,4,12,opa,drosophila_melanogaster
,WBGene00004335,3,3,12,18,ref-2,caenorhabditis_elegans
,WBGene00006604,2,3,5,10,tra-1,caenorhabditis_elegans
,WBGene00010936,1,3,4,8,ztf-14,caenorhabditis_elegans
51,ENSG00000048405,7,1,14,22,ZNF800,homo_sapiens
,ENSMUSG00000039841,5,1,14,20,Zfp800,mus_musculus
,ENSXETG00000022250,1,1,6,8,znf800,xenopus_tropicalis
,FBgn0037379,2,1,2,5,CG10979,drosophila_melanogaster
52,ENSG00000049618,6,7,6,19,ARID1B,homo_sapiens
,ENSMUSG00000069729,3,7,3,13,Arid1b,mus_musculus
,ENSXETG00000011226,1,6,3,10,arid1b,xenopus_tropicalis
,ENSXETG00000033586,1,6,2,3,0,xenopus_tropicalis
,FBgn0261885,6,3,6,15,osa,drosophila_melanogaster
53,ENSG00000049768,6,14,6,26,FOXP3,homo_sapiens
,ENSMUSG00000039521,4,16,4,24,Foxp3,mus_musculus
,ENSXETG00000031498,1,14,1,16,FOXP3,xenopus_tropicalis
54,ENSG00000050344,2,7,1,10,NFE2L3,homo_sapiens
,ENSMUSG00000029832,2,7,1,10,Nfe2l3,mus_musculus
,ENSXETG00000012174,1,7,2,10,nfe2l3,xenopus_tropicalis
,FBgn0262975,16,1,16,33,cnc,drosophila_melanogaster
55,ENSG00000052850,1,15,2,18,ALX4,homo_sapiens
,ENSMUSG00000040310,2,13,3,18,Alx4,mus_musculus
,ENSXETG00000007545,2,13,2,17,alx4,xenopus_tropicalis
,FBgn0020617,1,10,2,13,Rx,drosophila_melanogaster
56,ENSG00000053254,12,6,8,26,FOXN3,homo_sapiens
,ENSMUSG00000033713,7,6,5,18,Foxn3,mus_musculus
,ENSXETG00000016645,2,5,4,11,foxn3,xenopus_tropicalis
,FBgn0029504,4,2,4,10,CHES-1-like,drosophila_melanogaster
,WBGene00001440,2,1,2,5,fkh-8,caenorhabditis_elegans
57,ENSG00000054267,5,7,4,16,ARID4B,homo_sapiens
,ENSMUSG00000039219,6,7,5,18,Arid4b,mus_musculus
,ENSXETG00000024651,2,7,3,12,arid4b,xenopus_tropicalis
,FBgn0085451,2,3,1,6,CG34422,drosophila_melanogaster
,WBGene00044689,1,3,1,5,arid-1,caenorhabditis_elegans
58,ENSG00000054598,1,24,1,26,FOXC1,homo_sapiens
,ENSMUSG00000050295,1,19,1,21,Foxc1,mus_musculus
,ENSXETG00000000594,1,19,3,23,foxc1,xenopus_tropicalis
,FBgn0014143,1,6,1,8,croc,drosophila_melanogaster
59,ENSG00000057657,6,2,21,29,PRDM1,homo_sapiens
,ENSMUSG00000038151,2,2,10,14,Prdm1,mus_musculus
,ENSXETG00000008674,1,1,5,7,prdm1,xenopus_tropicalis
,FBgn0035625,6,1,30,37,Blimp-1,drosophila_melanogaster
,WBGene00003847,2,1,12,15,blmp-1,caenorhabditis_elegans
60,ENSG00000057935,6,5,15,26,MTA3,homo_sapiens
,ENSMUSG00000055817,6,6,14,26,Mta3,mus_musculus
,FBgn0027951,4,2,16,22,MTA1-like,drosophila_melanogaster
,WBGene00003025,4,2,12,18,lin-40,caenorhabditis_elegans
61,ENSG00000059728,3,4,2,9,MXD1,homo_sapiens
,ENSMUSG00000001156,2,4,2,8,Mxd1,mus_musculus
,ENSXETG00000033966,1,4,2,7,mxd1,xenopus_tropicalis
,WBGene00003163,1,1,1,3,mdl-1,caenorhabditis_elegans
62,ENSG00000060138,3,3,0,6,YBX3,homo_sapiens
,ENSMUSG00000030189,2,3,0,5,Ybx3,mus_musculus
,ENSXETG00000016239,2,3,0,5,ybx3,xenopus_tropicalis
,FBgn0022959,2,1,0,3,yps,drosophila_melanogaster
,WBGene00000472,1,0,0,1,cey-1,caenorhabditis_elegans
,WBGene00000473,1,4,0,5,cey-2,caenorhabditis_elegans
,WBGene00000474,2,4,0,6,cey-3,caenorhabditis_elegans
,WBGene00000475,2,4,0,6,cey-4,caenorhabditis_elegans
63,ENSG00000060566,4,5,3,12,CREB3L3,homo_sapiens
,ENSMUSG00000035041,1,5,1,7,Creb3l3,mus_musculus
,WBGene00002783,2,2,2,6,let-607,caenorhabditis_elegans
64,ENSG00000061455,1,3,5,9,PRDM6,homo_sapiens
,ENSMUSG00000069378,4,3,19,26,Prdm6,mus_musculus
,ENSXETG00000010261,1,3,4,8,prdm6,xenopus_tropicalis
,WBGene00018567,1,1,5,7,F47E1.3,caenorhabditis_elegans
65,ENSG00000062370,5,22,38,65,ZNF112,homo_sapiens
,ENSMUSG00000052675,2,11,26,39,Zfp112,mus_musculus
,FBgn0030005,1,1,6,8,CG2120,drosophila_melanogaster
66,ENSG00000063515,1,13,1,15,GSC2,homo_sapiens
,ENSMUSG00000022738,1,13,1,15,Gsc2,mus_musculus
,FBgn0010323,2,4,2,8,Gsc,drosophila_melanogaster
,WBGene00022837,2,8,2,12,ceh-45,caenorhabditis_elegans
67,ENSG00000063587,2,1,18,21,ZNF275,homo_sapiens
,ENSMUSG00000031365,2,1,22,25,Zfp275,mus_musculus
,FBgn0040366,2,1,14,17,CG11398,drosophila_melanogaster
68,ENSG00000064195,2,21,2,25,DLX3,homo_sapiens
,ENSMUSG00000001510,1,22,1,24,Dlx3,mus_musculus
,ENSXETG00000021919,1,23,1,25,dlx3,xenopus_tropicalis
,WBGene00000463,1,9,1,11,ceh-43,caenorhabditis_elegans
69,ENSG00000064218,2,6,1,9,DMRT3,homo_sapiens
,ENSMUSG00000042372,1,6,1,8,Dmrt3,mus_musculus
,ENSXETG00000015285,1,5,1,6,dmrt3,xenopus_tropicalis
,WBGene00017326,1,6,1,8,dmd-5,caenorhabditis_elegans
70,ENSG00000064489,2,5,2,9,BORCS8-MEF2B,homo_sapiens
,FBgn0011656,7,1,7,15,Mef2,drosophila_melanogaster
,WBGene00003182,1,1,1,3,mef-2,caenorhabditis_elegans
71,ENSG00000064490,10,3,25,38,RFXANK,homo_sapiens
,ENSMUSG00000036120,1,3,4,8,Rfxank,mus_musculus
,ENSXETG00000013042,1,3,4,8,rfxank,xenopus_tropicalis
,FBgn0032171,2,1,6,7,CG5846,drosophila_melanogaster
72,ENSG00000064835,4,16,7,27,POU1F1,homo_sapiens
,ENSMUSG00000004842,4,15,8,12,Pou1f1,mus_musculus
,ENSXETG00000007637,1,16,2,19,pou1f1,xenopus_tropicalis
73,ENSG00000064933,15,2,7,25,PMS1,homo_sapiens
,ENSMUSG00000026098,6,3,2,11,Pms1,mus_musculus
,ENSXETG00000009885,1,2,1,4,pms1,xenopus_tropicalis
,WBGene00004064,2,1,0,3,pms-2,caenorhabditis_elegans
74,ENSG00000064961,6,2,4,12,HMG20B,homo_sapiens
,ENSMUSG00000020232,7,2,7,16,Hmg20b,mus_musculus
,ENSXETG00000022092,2,2,2,6,hmg20b,xenopus_tropicalis
,FBgn0026582,1,1,1,3,Hmg-2,drosophila_melanogaster
,WBGene00012209,1,1,1,3,hmg-20,caenorhabditis_elegans
75,ENSG00000065029,4,18,20,42,ZNF76,homo_sapiens
,ENSMUSG00000024220,4,18,20,42,Zfp523,mus_musculus
76,ENSG00000065970,2,14,2,18,FOXJ2,homo_sapiens
,ENSMUSG00000003154,3,16,3,22,Foxj2,mus_musculus
,ENSXETG00000027639,1,14,1,16,foxj2,xenopus_tropicalis
77,ENSG00000065978,4,3,0,7,YBX1,homo_sapiens
,ENSXETG00000013436,1,3,1,5,ybx1,xenopus_tropicalis
,FBgn0022959,2,1,0,3,yps,drosophila_melanogaster
,WBGene00000472,1,0,0,1,cey-1,caenorhabditis_elegans
,WBGene00000473,1,4,0,5,cey-2,caenorhabditis_elegans
,WBGene00000474,2,4,0,6,cey-3,caenorhabditis_elegans
,WBGene00000475,2,4,0,6,cey-4,caenorhabditis_elegans
78,ENSG00000066136,19,2,0,21,NFYC,homo_sapiens
,ENSMUSG00000032897,7,2,0,9,Nfyc,mus_musculus
,ENSXETG00000025363,1,2,1,4,nfyc,xenopus_tropicalis
,FBgn0029905,1,2,0,3,Nf-YC,drosophila_melanogaster
79,ENSG00000066336,4,4,2,10,SPI1,homo_sapiens
,ENSMUSG00000002111,3,3,1,7,Spi1,mus_musculus
,ENSXETG00000007913,1,2,1,4,spi1,xenopus_tropicalis
80,ENSG00000066422,2,3,13,18,ZBTB11,homo_sapiens
,ENSMUSG00000022601,1,3,13,17,Zbtb11,mus_musculus
,ENSXETG00000021364,2,3,14,19,zbtb11,xenopus_tropicalis
81,ENSG00000066827,9,2,80,91,ZFAT,homo_sapiens
,ENSMUSG00000022335,4,2,45,51,Zfat,mus_musculus
,ENSXETG00000020631,2,2,20,24,zfat,xenopus_tropicalis
82,ENSG00000067066,11,5,16,32,SP100,homo_sapiens
,ENSMUSG00000026222,8,18,14,38,Sp100,mus_musculus
,ENSMUSG00000094514,1,18,1,20,AC133103.3,mus_musculus
,ENSMUSG00000094915,1,18,1,20,AC168977.2,mus_musculus
,ENSXETG00000032669,1,1,4,6,0,xenopus_tropicalis
83,ENSG00000067082,3,12,5,20,KLF6,homo_sapiens
,ENSMUSG00000000078,1,13,3,17,Klf6,mus_musculus
,FBgn0040765,3,6,9,18,luna,drosophila_melanogaster
84,ENSG00000067646,5,4,48,57,ZFY,homo_sapiens
,ENSMUSG00000000103,2,5,18,25,Zfy2,mus_musculus
,ENSMUSG00000053211,2,5,18,25,Zfy1,mus_musculus
,ENSMUSG00000079509,5,5,39,49,Zfx,mus_musculus
,ENSXETG00000007785,1,3,13,17,zfx,xenopus_tropicalis
,FBgn0259785,2,1,10,13,pzg,drosophila_melanogaster
85,ENSG00000067955,6,1,0,7,CBFB,homo_sapiens
,ENSMUSG00000031885,4,1,0,5,Cbfb,mus_musculus
,ENSXETG00000020027,1,1,0,2,cbfb,xenopus_tropicalis
,FBgn0013753,2,2,0,4,Bgb,drosophila_melanogaster
,FBgn0013755,1,2,0,3,Bro,drosophila_melanogaster
86,ENSG00000068305,9,5,7,21,MEF2A,homo_sapiens
,ENSMUSG00000030557,6,5,5,16,Mef2a,mus_musculus
,ENSXETG00000018788,2,3,2,7,mef2a,xenopus_tropicalis
,FBgn0011656,7,1,7,15,Mef2,drosophila_melanogaster
,WBGene00003182,1,1,1,3,mef-2,caenorhabditis_elegans
87,ENSG00000068323,1,4,1,6,TFE3,homo_sapiens
,ENSMUSG00000000134,8,4,7,19,Tfe3,mus_musculus
,ENSXETG00000019114,1,4,1,6,tfe3,xenopus_tropicalis
,FBgn0263112,4,1,4,9,Mitf,drosophila_melanogaster
,WBGene00020930,12,1,12,24,hlh-30,caenorhabditis_elegans
88,ENSG00000069011,5,13,7,25,PITX1,homo_sapiens
,ENSMUSG00000021506,2,13,3,18,Pitx1,mus_musculus
,ENSXETG00000010401,1,14,3,18,pitx1,xenopus_tropicalis
,FBgn0020912,3,4,6,13,Ptx1,drosophila_melanogaster
,WBGene00006766,4,8,4,16,unc-30,caenorhabditis_elegans
89,ENSG00000069667,6,8,4,18,RORA,homo_sapiens
,ENSMUSG00000032238,2,8,2,12,Rora,mus_musculus
,ENSXETG00000021123,1,10,1,12,rora,xenopus_tropicalis
,FBgn0000448,7,8,6,21,Hr46,drosophila_melanogaster
,WBGene00003622,6,10,5,21,nhr-23,caenorhabditis_elegans
90,ENSG00000069812,5,5,3,13,HES2,homo_sapiens
,ENSMUSG00000028940,1,4,2,7,Hes2,mus_musculus
,ENSXETG00000001163,1,13,2,16,hes2,xenopus_tropicalis
91,ENSG00000070444,2,1,1,4,MNT,homo_sapiens
,ENSMUSG00000000282,2,1,2,5,Mnt,mus_musculus
,ENSXETG00000019434,2,1,5,8,mnt,xenopus_tropicalis
,FBgn0023215,10,1,9,21,Mnt,drosophila_melanogaster
92,ENSG00000070476,2,4,20,26,ZXDC,homo_sapiens
,ENSMUSG00000034430,4,3,30,37,Zxdc,mus_musculus
,ENSXETG00000011547,1,3,9,13,zxdc,xenopus_tropicalis
,FBgn0030787,1,1,7,9,CG9609,drosophila_melanogaster
93,ENSG00000071564,15,3,11,28,TCF3,homo_sapiens
,ENSMUSG00000020167,12,3,11,26,Tcf3,mus_musculus
,ENSXETG00000013589,1,0,2,6,tcf3,xenopus_tropicalis
,FBgn0000413,3,1,3,7,da,drosophila_melanogaster
,WBGene00001949,1,1,1,3,hlh-2,caenorhabditis_elegans
94,ENSG00000071655,6,7,2,15,MBD3,homo_sapiens
,ENSMUSG00000035478,5,4,4,13,Mbd3,mus_musculus
,FBgn0027950,3,1,1,5,MBD-like,drosophila_melanogaster
95,ENSG00000072310,7,2,4,13,SREBF1,homo_sapiens
,ENSMUSG00000020538,3,2,3,8,Srebf1,mus_musculus
,ENSXETG00000012160,1,2,2,5,srebf1,xenopus_tropicalis
,FBgn0261283,4,1,4,9,HLH106,drosophila_melanogaster
,WBGene00004735,1,1,1,3,sbp-1,caenorhabditis_elegans
96,ENSG00000072364,4,4,0,8,AFF4,homo_sapiens
,ENSMUSG00000049470,3,4,0,7,Aff4,mus_musculus
,ENSXETG00000004169,1,4,3,8,aff4,xenopus_tropicalis
,FBgn0041111,8,1,0,9,lilli,drosophila_melanogaster
97,ENSG00000072736,7,5,7,19,NFATC3,homo_sapiens
,ENSMUSG00000031902,1,5,1,7,Nfatc3,mus_musculus
,ENSXETG00000005812,1,5,2,7,nfatc3,xenopus_tropicalis
,FBgn0030505,7,1,7,15,NFAT,drosophila_melanogaster
98,ENSG00000073282,12,3,0,15,TP63,homo_sapiens
,ENSMUSG00000022510,8,3,0,11,Trp63,mus_musculus
,ENSXETG00000026303,1,3,0,4,tp63,xenopus_tropicalis
99,ENSG00000073584,13,1,10,24,SMARCE1,homo_sapiens
,ENSMUSG00000037935,1,1,1,3,Smarce1,mus_musculus
,ENSXETG00000021355,2,1,5,8,smarce1,xenopus_tropicalis
,FBgn0030093,1,1,1,3,dalao,drosophila_melanogaster
,WBGene00022182,1,1,1,3,swsn-3,caenorhabditis_elegans
100,ENSG00000073614,6,5,19,30,KDM5A,homo_sapiens
,ENSMUSG00000030180,2,5,7,14,Kdm5a,mus_musculus
,ENSXETG00000003642,1,5,6,12,kdm5a,xenopus_tropicalis
,WBGene00004319,2,1,8,11,rbr-2,caenorhabditis_elegans
101,ENSG00000073861,1,4,1,6,TBX21,homo_sapiens
,ENSMUSG00000001444,1,4,1,2,Tbx21,mus_musculus
,WBGene00006554,1,12,1,14,tbx-35,caenorhabditis_elegans
102,ENSG00000074047,5,18,12,35,GLI2,homo_sapiens
,ENSMUSG00000048402,4,18,4,26,Gli2,mus_musculus
,ENSXETG00000011189,1,14,6,21,gli2,xenopus_tropicalis
103,ENSG00000074219,7,4,5,16,TEAD2,homo_sapiens
,ENSMUSG00000030796,2,5,2,9,Tead2,mus_musculus
,ENSMUSG00000109470,1,5,1,7,Tead2,mus_musculus
,ENSXETG00000003395,2,1,4,7,tead4,xenopus_tropicalis
,FBgn0003345,21,1,21,43,sd,drosophila_melanogaster
,WBGene00001208,5,1,5,11,egl-44,caenorhabditis_elegans
104,ENSG00000074657,16,3,41,60,ZNF532,homo_sapiens
,ENSMUSG00000042439,12,3,20,35,Zfp532,mus_musculus
,ENSXETG00000021148,1,3,7,11,znf532,xenopus_tropicalis
105,ENSG00000075407,2,25,13,53,ZNF37A,homo_sapiens
,FBgn0266450,2,1,16,18,Kr-h1,drosophila_melanogaster
106,ENSG00000075426,3,4,3,10,FOSL2,homo_sapiens
,ENSMUSG00000029135,1,4,1,6,Fosl2,mus_musculus
,ENSXETG00000010208,1,4,2,7,fosl2,xenopus_tropicalis
,FBgn0001297,5,1,5,11,kay,drosophila_melanogaster
107,ENSG00000075891,6,9,6,21,PAX2,homo_sapiens
,ENSMUSG00000004231,3,9,3,15,Pax2,mus_musculus
,ENSXETG00000014206,2,9,2,13,pax2,xenopus_tropicalis
,FBgn0005561,7,10,7,24,sv,drosophila_melanogaster
,WBGene00001204,1,7,1,9,egl-38,caenorhabditis_elegans
,WBGene00003938,2,7,2,11,pax-2,caenorhabditis_elegans
108,ENSG00000076108,9,8,15,32,BAZ2A,homo_sapiens
,ENSMUSG00000040054,2,8,8,18,Baz2a,mus_musculus
,ENSXETG00000021782,1,8,4,13,baz2a,xenopus_tropicalis
,FBgn0033636,5,5,21,31,tou,drosophila_melanogaster
,WBGene00001470,1,4,4,9,flt-1,caenorhabditis_elegans
109,ENSG00000077092,4,14,4,22,RARB,homo_sapiens
,ENSMUSG00000017491,1,15,1,17,Rarb,mus_musculus
,ENSXETG00000007272,1,14,1,16,rarb,xenopus_tropicalis
110,ENSG00000077150,6,5,23,34,NFKB2,homo_sapiens
,ENSMUSG00000025225,2,5,14,21,Nfkb2,mus_musculus
,ENSXETG00000000013,2,5,16,23,nfkb2,xenopus_tropicalis
,FBgn0014018,4,3,16,23,Rel,drosophila_melanogaster
112,ENSG00000078043,8,6,14,28,PIAS2,homo_sapiens
,ENSMUSG00000025423,3,6,9,18,Pias2,mus_musculus
,ENSXETG00000021519,2,6,4,12,pias2,xenopus_tropicalis
,FBgn0003612,14,2,42,58,Su(var)2-10,drosophila_melanogaster
,WBGene00001574,15,1,30,46,gei-17,caenorhabditis_elegans
113,ENSG00000078246,6,6,0,12,TULP3,homo_sapiens
,ENSMUSG00000001521,3,9,0,12,Tulp3,mus_musculus
,ENSXETG00000001314,2,6,1,9,tulp3,xenopus_tropicalis
,FBgn0015721,2,3,0,5,ktub,drosophila_melanogaster
,WBGene00006655,1,3,0,4,tub-1,caenorhabditis_elegans
114,ENSG00000078399,2,17,1,20,HOXA9,homo_sapiens
,ENSMUSG00000038227,2,16,1,19,Hoxa9,mus_musculus
,ENSXETG00000000724,1,14,1,16,hoxa9,xenopus_tropicalis
,FBgn0000015,7,1,7,15,Abd-B,drosophila_melanogaster
115,ENSG00000078403,10,9,11,30,MLLT10,homo_sapiens
,ENSMUSG00000026743,4,9,5,18,Mllt10,mus_musculus
,ENSXETG00000007391,2,9,6,17,mllt10,xenopus_tropicalis
,FBgn0261238,0,4,5,22,Alh,drosophila_melanogaster
,WBGene00006975,4,4,5,13,zfp-1,caenorhabditis_elegans
116,ENSG00000078900,11,3,0,14,TP73,homo_sapiens
,ENSMUSG00000029026,6,3,0,9,Trp73,mus_musculus
,ENSXETG00000005019,1,3,0,4,tp73,xenopus_tropicalis
117,ENSG00000079263,6,5,17,28,SP140,homo_sapiens
,ENSMUSG00000052477,6,18,5,29,C130026I21Rik,mus_musculus
,ENSMUSG00000070031,3,18,6,27,Sp140,mus_musculus
,ENSMUSG00000079190,1,18,1,20,AC133103.1,mus_musculus
,ENSMUSG00000079192,1,18,1,20,AC125149.1,mus_musculus
,ENSMUSG00000079794,1,18,1,20,AC125149.2,mus_musculus
,ENSMUSG00000089844,3,18,3,24,A530032D15Rik,mus_musculus
,ENSMUSG00000095500,1,18,1,20,AC132444.5,mus_musculus
,ENSXETG00000032669,1,1,4,6,0,xenopus_tropicalis
118,ENSG00000079432,6,2,3,11,CIC,homo_sapiens
,ENSMUSG00000005442,7,2,4,13,Cic,mus_musculus
,ENSXETG00000030813,2,2,4,8,CIC,xenopus_tropicalis
,FBgn0262582,6,2,6,14,cic,drosophila_melanogaster
119,ENSG00000080298,12,8,5,25,RFX3,homo_sapiens
,ENSMUSG00000040929,5,8,4,17,Rfx3,mus_musculus
,ENSXETG00000011698,2,7,2,11,rfx3,xenopus_tropicalis
,FBgn0020379,6,2,6,14,Rfx,drosophila_melanogaster
120,ENSG00000081059,14,4,9,27,TCF7,homo_sapiens
,ENSMUSG00000000782,2,4,2,8,Tcf7,mus_musculus
,ENSXETG00000016100,1,4,1,6,tcf7,xenopus_tropicalis
,FBgn0085432,9,1,9,19,pan,drosophila_melanogaster
,WBGene00004077,1,1,1,3,pop-1,caenorhabditis_elegans
121,ENSG00000081189,27,5,24,56,MEF2C,homo_sapiens
,ENSMUSG00000005583,27,5,25,57,Mef2c,mus_musculus
,ENSXETG00000007038,2,3,2,7,mef2c,xenopus_tropicalis
,FBgn0011656,7,1,7,15,Mef2,drosophila_melanogaster
,WBGene00003182,1,1,1,3,mef-2,caenorhabditis_elegans
122,ENSG00000081386,3,25,23,51,ZNF510,homo_sapiens
,FBgn0266450,2,1,16,18,Kr-h1,drosophila_melanogaster
123,ENSG00000081665,8,49,32,89,ZNF506,homo_sapiens
,ENSMUSG00000030446,2,23,32,57,Zfp273,mus_musculus
,ENSMUSG00000048280,5,23,31,59,Zfp738,mus_musculus
,ENSMUSG00000051037,2,23,25,50,Zfp455,mus_musculus
,ENSMUSG00000052909,1,23,10,34,Gm9894,mus_musculus
,ENSMUSG00000055341,1,23,19,43,Zfp457,mus_musculus
,ENSMUSG00000055480,1,23,24,25,Zfp458,mus_musculus
,ENSMUSG00000055560,1,23,5,24,Zfp459,mus_musculus
,ENSMUSG00000057842,3,23,60,86,Zfp595,mus_musculus
,ENSMUSG00000058331,2,23,30,55,Zfp85,mus_musculus
,ENSMUSG00000058883,2,23,34,59,Zfp708,mus_musculus
,ENSMUSG00000058900,1,23,13,37,Rsl1,mus_musculus
,ENSMUSG00000059839,1,23,13,37,Zfp874b,mus_musculus
,ENSMUSG00000069184,1,23,15,39,Zfp72,mus_musculus
,ENSMUSG00000069206,2,23,13,38,Zfp874a,mus_musculus
,ENSMUSG00000071281,3,23,32,58,Zfp65,mus_musculus
,ENSMUSG00000071291,4,23,43,70,Zfp58,mus_musculus
,ENSMUSG00000074824,1,23,11,35,Rslcan18,mus_musculus
,ENSMUSG00000078994,2,23,14,39,Zfp429,mus_musculus
,ENSMUSG00000078995,2,23,13,38,Zfp456,mus_musculus
,ENSMUSG00000090659,2,23,13,38,Zfp493,mus_musculus
,ENSMUSG00000097333,3,23,19,45,Zfp87,mus_musculus
,ENSMUSG00000098905,1,23,9,33,Zfp953,mus_musculus
,ENSMUSG00000100235,1,23,17,41,Gm28557,mus_musculus
124,ENSG00000082175,6,12,6,17,PGR,homo_sapiens
,ENSMUSG00000031870,3,12,3,18,Pgr,mus_musculus
,ENSXETG00000005482,1,13,1,15,pgr,xenopus_tropicalis
125,ENSG00000082641,19,7,7,33,NFE2L1,homo_sapiens
,ENSMUSG00000038615,9,7,7,23,Nfe2l1,mus_musculus
,ENSXETG00000021958,1,7,1,9,nfe2l1,xenopus_tropicalis
,FBgn0262975,16,1,16,33,cnc,drosophila_melanogaster
126,ENSG00000083307,3,6,0,9,GRHL2,homo_sapiens
,ENSMUSG00000022286,4,6,0,10,Grhl2,mus_musculus
,ENSXETG00000006632,1,6,0,7,grhl2,xenopus_tropicalis
,FBgn0259211,8,2,0,10,grh,drosophila_melanogaster
,WBGene00001707,3,1,0,4,grh-1,caenorhabditis_elegans
127,ENSG00000083812,4,3,21,38,ZNF324,homo_sapiens
,ENSMUSG00000004500,1,2,10,13,Zfp324,mus_musculus
128,ENSG00000083814,3,34,22,59,ZNF671,homo_sapiens
129,ENSG00000083817,1,34,13,48,ZNF416,homo_sapiens
,ENSMUSG00000034538,1,3,15,19,Zfp418,mus_musculus
130,ENSG00000083828,6,34,23,63,ZNF586,homo_sapiens
131,ENSG00000083838,6,8,18,32,ZNF446,homo_sapiens
,ENSMUSG00000033961,4,7,13,24,Zfp446,mus_musculus
,ENSXETG00000021690,1,1,1,3,0,xenopus_tropicalis
133,ENSG00000083844,6,7,32,45,ZNF264,homo_sapiens
134,ENSG00000084093,6,2,21,29,REST,homo_sapiens
,ENSMUSG00000029249,2,2,12,16,Rest,mus_musculus
,ENSXETG00000005323,1,1,8,10,rest,xenopus_tropicalis
,FBgn0051612,2,1,14,17,CG31612,drosophila_melanogaster
135,ENSG00000085274,3,16,26,45,MYNN,homo_sapiens
,ENSMUSG00000037730,2,15,17,34,Mynn,mus_musculus
,ENSXETG00000009218,2,17,10,29,mynn,xenopus_tropicalis
,ENSXETG00000033131,1,17,1,19,mynn,xenopus_tropicalis
,WBGene00016154,1,1,5,7,C27A12.2,caenorhabditis_elegans
136,ENSG00000085276,17,2,95,114,MECOM,homo_sapiens
,ENSMUSG00000027684,11,2,83,96,Mecom,mus_musculus
,ENSXETG00000022839,1,2,8,11,mecom,xenopus_tropicalis
,FBgn0011236,1,3,3,6,ken,drosophila_melanogaster
,WBGene00001207,2,1,6,8,egl-43,caenorhabditis_elegans
137,ENSG00000085644,7,3,34,44,ZNF213,homo_sapiens
,ENSMUSG00000071256,1,1,7,9,Zfp213,mus_musculus
138,ENSG00000086102,3,2,7,12,NFX1,homo_sapiens
,ENSMUSG00000028423,3,2,7,12,Nfx1,mus_musculus
,ENSXETG00000014997,1,2,4,7,nfx1,xenopus_tropicalis
,FBgn0001978,4,2,8,14,stc,drosophila_melanogaster
,WBGene00007048,1,1,2,4,nfx-1,caenorhabditis_elegans
139,ENSG00000087510,2,5,0,7,TFAP2C,homo_sapiens
,ENSMUSG00000028640,3,5,0,8,Tfap2c,mus_musculus
,ENSXETG00000012025,1,5,0,6,tfap2c,xenopus_tropicalis
,FBgn0261953,6,1,0,7,TfAP-2,drosophila_melanogaster
,WBGene00019424,1,4,0,5,aptf-1,caenorhabditis_elegans
140,ENSG00000087903,13,8,5,26,RFX2,homo_sapiens
,ENSMUSG00000024206,2,8,2,12,Rfx2,mus_musculus
,ENSXETG00000021877,2,7,0,9,rfx2,xenopus_tropicalis
,FBgn0020379,6,2,6,14,Rfx,drosophila_melanogaster
141,ENSG00000088876,7,7,30,57,ZNF343,homo_sapiens
142,ENSG00000088881,4,4,0,8,EBF4,homo_sapiens
,ENSMUSG00000053552,3,4,0,7,Ebf4,mus_musculus
,ENSXETG00000030294,1,4,0,5,EBF4,xenopus_tropicalis
,FBgn0001319,5,1,0,6,kn,drosophila_melanogaster
,WBGene00006743,1,1,0,2,unc-3,caenorhabditis_elegans
143,ENSG00000089116,1,12,3,16,LHX5,homo_sapiens
,ENSMUSG00000029595,1,12,3,16,Lhx5,mus_musculus
,ENSXETG00000017665,1,13,3,17,lhx5,xenopus_tropicalis
,FBgn0026411,2,7,4,13,Lim1,drosophila_melanogaster
,WBGene00003000,1,7,3,11,lin-11,caenorhabditis_elegans
144,ENSG00000089225,4,13,4,21,TBX5,homo_sapiens
,ENSMUSG00000018263,3,13,3,19,Tbx5,mus_musculus
,ENSXETG00000017688,2,12,2,16,tbx5,xenopus_tropicalis
145,ENSG00000089335,12,22,53,87,ZNF302,homo_sapiens
146,ENSG00000089486,12,2,0,14,CDIP1,homo_sapiens
,ENSMUSG00000004071,4,3,0,7,Cdip1,mus_musculus
,ENSXETG00000013161,1,2,2,5,cdip1,xenopus_tropicalis
,FBgn0034870,1,2,0,3,CG13559,drosophila_melanogaster
,FBgn0052280,4,2,0,6,CG32280,drosophila_melanogaster
,WBGene00009484,1,1,0,2,F36G3.3,caenorhabditis_elegans
147,ENSG00000089775,4,16,9,29,ZBTB25,homo_sapiens
,ENSMUSG00000056459,6,15,12,33,Zbtb25,mus_musculus
,ENSXETG00000022529,1,17,3,21,zbtb25,xenopus_tropicalis
,WBGene00016154,1,1,5,7,C27A12.2,caenorhabditis_elegans
148,ENSG00000089902,1,5,3,9,RCOR1,homo_sapiens
,ENSMUSG00000037896,2,5,6,13,Rcor1,mus_musculus
,ENSXETG00000012743,1,5,1,7,rcor1,xenopus_tropicalis
,FBgn0261573,10,2,24,36,CoRest,drosophila_melanogaster
,WBGene00005006,1,3,4,8,spr-1,caenorhabditis_elegans
,WBGene00022278,4,3,13,20,rcor-1,caenorhabditis_elegans
149,ENSG00000090447,2,1,2,5,TFAP4,homo_sapiens
,ENSMUSG00000005718,1,1,1,3,Tfap4,mus_musculus
,ENSXETG00000033922,1,1,1,3,tfap4,xenopus_tropicalis
,FBgn0001994,2,1,2,5,crp,drosophila_melanogaster
,WBGene00001955,5,1,4,10,hlh-11,caenorhabditis_elegans
150,ENSG00000090612,14,16,58,88,ZNF268,homo_sapiens
151,ENSG00000090661,9,5,9,23,CERS4,homo_sapiens
,ENSMUSG00000008206,2,5,2,9,Cers4,mus_musculus
,FBgn0040918,2,1,4,7,schlank,drosophila_melanogaster
,WBGene00002043,4,3,4,11,hyl-1,caenorhabditis_elegans
,WBGene00002044,1,3,1,5,hyl-2,caenorhabditis_elegans
152,ENSG00000091010,1,16,2,19,POU4F3,homo_sapiens
,ENSMUSG00000024497,1,15,2,18,Pou4f3,mus_musculus
,ENSXETG00000032363,1,16,3,20,POU4F3,xenopus_tropicalis
,FBgn0000028,13,5,26,44,acj6,drosophila_melanogaster
,WBGene00006818,2,3,4,9,unc-86,caenorhabditis_elegans
153,ENSG00000091656,6,3,22,28,ZFHX4,homo_sapiens
,ENSMUSG00000025255,4,3,30,37,Zfhx4,mus_musculus
,ENSXETG00000017151,1,3,13,17,zfhx4,xenopus_tropicalis
,FBgn0004607,3,1,29,33,zfh2,drosophila_melanogaster
,WBGene00022518,6,1,41,40,zfh-2,caenorhabditis_elegans
154,ENSG00000091831,10,12,6,28,ESR1,homo_sapiens
,ENSMUSG00000019768,4,12,4,20,Esr1,mus_musculus
,ENSXETG00000012364,1,13,1,15,esr1,xenopus_tropicalis
155,ENSG00000092067,1,5,1,7,CEBPE,homo_sapiens
,ENSMUSG00000052435,1,4,1,6,Cebpe,mus_musculus
,ENSXETG00000032559,1,5,1,7,CEBPE,xenopus_tropicalis
,WBGene00016754,1,1,1,3,cebp-2,caenorhabditis_elegans
156,ENSG00000092203,4,5,2,11,TOX4,homo_sapiens
,ENSMUSG00000016831,1,5,1,7,Tox4,mus_musculus
,ENSXETG00000017183,2,5,3,10,tox4,xenopus_tropicalis
,FBgn0035238,3,6,3,12,CG12104,drosophila_melanogaster
,WBGene00009827,1,4,1,6,hmg-6,caenorhabditis_elegans
157,ENSG00000092607,3,13,2,18,TBX15,homo_sapiens
,ENSMUSG00000027868,3,13,3,19,Tbx15,mus_musculus
,ENSXETG00000032807,1,12,1,14,TBX15,xenopus_tropicalis
158,ENSG00000095574,2,6,8,16,IKZF5,homo_sapiens
,ENSMUSG00000040167,6,6,7,19,Ikzf5,mus_musculus
,ENSXETG00000009559,2,6,6,14,ikzf5,xenopus_tropicalis
159,ENSG00000095794,34,3,46,82,CREM,homo_sapiens
,ENSMUSG00000063889,32,3,55,90,Crem,mus_musculus
,FBgn0265784,8,1,15,24,CrebB,drosophila_melanogaster
,WBGene00000793,7,1,12,20,crh-1,caenorhabditis_elegans
160,ENSG00000095951,8,4,8,20,HIVEP1,homo_sapiens
,ENSMUSG00000021366,1,4,4,9,Hivep1,mus_musculus
,ENSXETG00000015441,1,3,5,9,hivep1,xenopus_tropicalis
,FBgn0003396,6,1,42,49,shn,drosophila_melanogaster
,WBGene00004862,14,1,51,71,sma-9,caenorhabditis_elegans
161,ENSG00000096401,1,1,2,4,CDC5L,homo_sapiens
,ENSMUSG00000023932,1,1,2,4,Cdc5l,mus_musculus
,ENSXETG00000007885,1,1,2,4,cdc5l,xenopus_tropicalis
,FBgn0265574,2,1,4,7,Cdc5,drosophila_melanogaster
,WBGene00008386,1,1,2,4,D1081.8,caenorhabditis_elegans
162,ENSG00000096654,2,20,40,62,ZNF184,homo_sapiens
,ENSMUSG00000006720,4,7,61,72,Zfp184,mus_musculus
,ENSXETG00000023927,1,16,19,36,0,xenopus_tropicalis
,ENSXETG00000025844,1,16,26,27,0,xenopus_tropicalis
,FBgn0020309,9,1,138,148,crol,drosophila_melanogaster
163,ENSG00000099326,5,2,31,33,MZF1,homo_sapiens
,ENSMUSG00000030380,0,2,30,36,Mzf1,mus_musculus
164,ENSG00000099949,2,8,2,12,LZTR1,homo_sapiens
,ENSMUSG00000022761,3,8,6,17,Lztr1,mus_musculus
,ENSXETG00000008276,2,10,4,16,lztr1,xenopus_tropicalis
,FBgn0040344,2,4,4,10,CG3711,drosophila_melanogaster
165,ENSG00000100105,4,3,26,33,PATZ1,homo_sapiens
,ENSMUSG00000020453,6,3,27,36,Patz1,mus_musculus
,ENSXETG00000004190,1,3,7,11,patz1,xenopus_tropicalis
166,ENSG00000100146,4,17,4,25,SOX10,homo_sapiens
,ENSMUSG00000033006,1,16,1,18,Sox10,mus_musculus
,ENSXETG00000006348,1,14,1,16,sox10,xenopus_tropicalis
,FBgn0024288,1,7,1,9,Sox100B,drosophila_melanogaster
167,ENSG00000100219,5,1,5,11,XBP1,homo_sapiens
,ENSMUSG00000020484,3,1,3,7,Xbp1,mus_musculus
,ENSXETG00000027416,1,1,1,3,xbp1,xenopus_tropicalis
,FBgn0021872,2,1,2,5,Xbp1,drosophila_melanogaster
,WBGene00006959,3,1,2,7,xbp-1,caenorhabditis_elegans
168,ENSG00000100281,3,1,1,5,HMGXB4,homo_sapiens
,ENSMUSG00000034518,2,1,2,5,Hmgxb4,mus_musculus
,ENSXETG00000006340,2,1,7,10,hmgxb4,xenopus_tropicalis
,FBgn0029936,2,1,2,5,CG4617,drosophila_melanogaster
169,ENSG00000100426,1,3,4,8,ZBED4,homo_sapiens
,ENSMUSG00000034333,1,3,4,8,Zbed4,mus_musculus
,ENSXETG00000014526,1,10,4,15,zbed4,xenopus_tropicalis
,FBgn0031874,3,1,2,6,CG13775,drosophila_melanogaster
,WBGene00008283,2,4,0,6,C53D6.6,caenorhabditis_elegans
,WBGene00010704,1,4,1,6,K09A11.1,caenorhabditis_elegans
,WBGene00015247,2,4,0,6,B0545.4,caenorhabditis_elegans
,WBGene00015662,1,4,0,5,C10A4.1,caenorhabditis_elegans
170,ENSG00000100625,2,6,2,10,SIX4,homo_sapiens
,ENSMUSG00000034460,2,6,2,10,Six4,mus_musculus
,ENSXETG00000016941,1,5,1,7,six4,xenopus_tropicalis
,FBgn0027364,2,3,2,7,Six4,drosophila_melanogaster
171,ENSG00000100644,5,13,14,32,HIF1A,homo_sapiens
,ENSMUSG00000021109,3,13,8,24,Hif1a,mus_musculus
,ENSXETG00000014449,2,11,6,19,hif1a,xenopus_tropicalis
,FBgn0266411,4,6,9,19,sima,drosophila_melanogaster
172,ENSG00000100811,4,18,6,28,YY1,homo_sapiens
,ENSXETG00000002527,1,14,4,19,yy1,xenopus_tropicalis
,FBgn0002521,2,7,8,17,pho,drosophila_melanogaster
173,ENSG00000100968,27,5,25,57,NFATC4,homo_sapiens
,ENSMUSG00000023411,2,5,2,9,Nfatc4,mus_musculus
,ENSXETG00000016887,1,5,1,7,nfatc4,xenopus_tropicalis
,FBgn0030505,7,1,7,15,NFAT,drosophila_melanogaster
174,ENSG00000100987,4,3,4,13,VSX1,homo_sapiens
,ENSMUSG00000033080,1,3,2,6,Vsx1,mus_musculus
,ENSXETG00000012786,1,3,1,5,vsx1,xenopus_tropicalis
,FBgn0263511,2,5,4,11,Vsx1,drosophila_melanogaster
,FBgn0263512,2,5,6,13,Vsx2,drosophila_melanogaster
,WBGene00000435,1,3,2,6,ceh-10,caenorhabditis_elegans
175,ENSG00000101057,2,4,6,12,MYBL2,homo_sapiens
,ENSMUSG00000017861,2,4,3,9,Mybl2,mus_musculus
,ENSXETG00000012125,1,4,3,5,mybl2,xenopus_tropicalis
,FBgn0002914,4,2,9,15,Myb,drosophila_melanogaster
,WBGene00001568,2,1,10,13,snpc-4,caenorhabditis_elegans
176,ENSG00000101076,8,12,8,28,HNF4A,homo_sapiens
,ENSMUSG00000017950,4,12,4,20,Hnf4a,mus_musculus
,ENSXETG00000001775,1,14,1,16,hnf4a,xenopus_tropicalis
,FBgn0004914,5,6,5,16,Hnf4,drosophila_melanogaster
,WBGene00003628,2,4,2,8,nhr-35,caenorhabditis_elegans
,WBGene00003654,2,4,2,8,nhr-64,caenorhabditis_elegans
,WBGene00003659,1,4,1,6,nhr-69,caenorhabditis_elegans
177,ENSG00000101096,6,5,6,17,NFATC2,homo_sapiens
,ENSMUSG00000027544,5,5,5,15,Nfatc2,mus_musculus
,ENSXETG00000012311,1,5,3,9,nfatc2,xenopus_tropicalis
,FBgn0030505,7,1,7,15,NFAT,drosophila_melanogaster
178,ENSG00000101115,3,4,11,18,SALL4,homo_sapiens
,ENSMUSG00000027547,5,4,13,22,Sall4,mus_musculus
,ENSXETG00000012326,1,4,7,12,sall4,xenopus_tropicalis
,FBgn0000287,3,2,21,26,salr,drosophila_melanogaster
,FBgn0261648,2,2,14,18,salm,drosophila_melanogaster
,WBGene00004773,1,1,5,7,sem-4,caenorhabditis_elegans
179,ENSG00000101126,6,2,10,18,ADNP,homo_sapiens
,ENSMUSG00000051149,2,2,4,8,Adnp,mus_musculus
,ENSXETG00000012300,1,2,2,5,adnp,xenopus_tropicalis
180,ENSG00000101190,2,1,2,5,TCFL5,homo_sapiens
,ENSMUSG00000038932,1,1,1,3,Tcfl5,mus_musculus
181,ENSG00000101216,3,2,3,8,GMEB2,homo_sapiens
,ENSMUSG00000038705,2,2,2,6,Gmeb2,mus_musculus
,ENSXETG00000016232,1,2,1,4,gmeb2,xenopus_tropicalis
,WBGene00007732,1,4,1,6,spe-44,caenorhabditis_elegans
,WBGene00008092,1,4,1,6,gmeb-3,caenorhabditis_elegans
,WBGene00010010,1,4,1,6,gmeb-2,caenorhabditis_elegans
,WBGene00015285,1,4,1,6,gmeb-1,caenorhabditis_elegans
182,ENSG00000101412,1,6,0,7,E2F1,homo_sapiens
,ENSMUSG00000027490,2,6,0,8,E2f1,mus_musculus
,ENSXETG00000021428,1,4,0,5,e2f1,xenopus_tropicalis
,FBgn0011766,6,2,0,8,E2f1,drosophila_melanogaster
,WBGene00001162,4,2,0,2,efl-2,caenorhabditis_elegans
183,ENSG00000101493,4,4,9,17,ZNF516,homo_sapiens
,ENSMUSG00000058881,2,4,14,20,Zfp516,mus_musculus
184,ENSG00000101544,5,2,1,8,ADNP2,homo_sapiens
,ENSMUSG00000053950,1,2,1,4,Adnp2,mus_musculus
,ENSXETG00000014810,1,2,1,4,adnp2,xenopus_tropicalis
185,ENSG00000101665,4,8,6,18,SMAD7,homo_sapiens
,ENSMUSG00000025880,4,8,7,19,Smad7,mus_musculus
,ENSXETG00000020317,1,10,2,13,smad7,xenopus_tropicalis
,FBgn0020493,3,4,6,13,Dad,drosophila_melanogaster
186,ENSG00000101883,1,4,1,6,RHOXF1,homo_sapiens
,ENSMUSG00000050197,1,5,1,7,Rhox13,mus_musculus
,ENSMUSG00000051038,1,5,1,7,Rhox11,mus_musculus
,ENSMUSG00000053909,1,5,1,7,Rhox10,mus_musculus
,ENSMUSG00000071766,3,5,3,11,Rhox12,mus_musculus
187,ENSG00000102034,4,12,3,19,ELF4,homo_sapiens
,ENSMUSG00000031103,3,11,3,14,Elf4,mus_musculus
,FBgn0000567,5,3,5,13,Eip74EF,drosophila_melanogaster
,WBGene00016029,4,8,4,16,elf-1,caenorhabditis_elegans
188,ENSG00000102145,2,6,4,12,GATA1,homo_sapiens
,ENSMUSG00000031162,3,6,2,11,Gata1,mus_musculus
,ENSXETG00000018547,1,6,2,9,gata1,xenopus_tropicalis
,FBgn0001138,3,5,6,11,grn,drosophila_melanogaster
,WBGene00001249,6,5,10,21,elt-1,caenorhabditis_elegans
189,ENSG00000102349,3,12,3,18,KLF8,homo_sapiens
,ENSMUSG00000041649,3,13,6,22,Klf8,mus_musculus
,ENSXETG00000009616,2,11,6,19,klf8,xenopus_tropicalis
,FBgn0261705,1,6,3,10,CG42741,drosophila_melanogaster
190,ENSG00000102554,2,12,6,20,KLF5,homo_sapiens
,ENSMUSG00000005148,1,13,3,17,Klf5,mus_musculus
,ENSXETG00000004715,1,11,3,15,klf5,xenopus_tropicalis
,FBgn0263239,1,6,3,10,dar1,drosophila_melanogaster
191,ENSG00000102804,7,4,0,11,TSC22D1,homo_sapiens
,ENSMUSG00000022010,10,4,0,14,Tsc22d1,mus_musculus
,ENSXETG00000014776,1,5,0,6,tsc22d1,xenopus_tropicalis
,FBgn0259176,10,1,0,11,bun,drosophila_melanogaster
,WBGene00016269,24,3,0,27,C30G4.4,caenorhabditis_elegans
192,ENSG00000102870,1,17,19,37,ZNF629,homo_sapiens
,ENSMUSG00000045639,9,10,62,71,Zfp629,mus_musculus
,ENSXETG00000015106,1,2,14,17,0,xenopus_tropicalis
,ENSXETG00000031460,1,2,15,18,0,xenopus_tropicalis
193,ENSG00000102878,8,3,0,11,HSF4,homo_sapiens
,ENSMUSG00000033249,5,4,0,9,Hsf4,mus_musculus
,ENSXETG00000030007,1,5,0,6,HSF4,xenopus_tropicalis
,FBgn0001222,4,1,0,5,Hsf,drosophila_melanogaster
,WBGene00002004,1,1,0,2,hsf-1,caenorhabditis_elegans
194,ENSG00000102908,7,5,6,18,NFAT5,homo_sapiens
,ENSMUSG00000003847,7,5,5,17,Nfat5,mus_musculus
,ENSXETG00000017861,1,5,3,9,nfat5,xenopus_tropicalis
,FBgn0030505,7,1,7,15,NFAT,drosophila_melanogaster
195,ENSG00000102935,8,2,161,171,ZNF423,homo_sapiens
,ENSMUSG00000045333,5,2,73,80,Zfp423,mus_musculus
,ENSXETG00000002339,1,1,18,20,znf423,xenopus_tropicalis
,FBgn0014931,2,2,11,15,CG2678,drosophila_melanogaster
,FBgn0261613,2,2,18,22,Oaz,drosophila_melanogaster
196,ENSG00000102974,2,5,19,26,CTCF,homo_sapiens
,ENSMUSG00000005698,1,5,11,17,Ctcf,mus_musculus
,ENSXETG00000015615,2,4,22,28,ctcf,xenopus_tropicalis
,FBgn0035769,1,3,11,15,CTCF,drosophila_melanogaster
,WBGene00009553,1,1,5,7,F39B2.1,caenorhabditis_elegans
197,ENSG00000103199,6,8,13,27,ZNF500,homo_sapiens
,ENSXETG00000021690,1,1,1,3,0,xenopus_tropicalis
198,ENSG00000103241,1,14,1,2,FOXF1,homo_sapiens
,ENSMUSG00000042812,1,16,1,18,Foxf1,mus_musculus
,ENSXETG00000003565,1,14,2,17,foxf1,xenopus_tropicalis
,FBgn0045759,1,6,1,8,bin,drosophila_melanogaster
,WBGene00002601,1,5,1,7,let-381,caenorhabditis_elegans
199,ENSG00000103326,4,2,7,13,CAPN15,homo_sapiens
,ENSMUSG00000037326,1,2,5,8,Capn15,mus_musculus
,ENSXETG00000010331,1,2,6,9,capn15,xenopus_tropicalis
,FBgn0003464,4,1,15,20,sol,drosophila_melanogaster
,WBGene00011705,3,8,2,13,T11A5.6,caenorhabditis_elegans
,WBGene00021041,1,8,1,10,W05G11.4,caenorhabditis_elegans
200,ENSG00000103343,5,21,11,37,ZNF174,homo_sapiens
,ENSMUSG00000054939,1,14,4,19,Zfp174,mus_musculus
201,ENSG00000103449,4,4,27,35,SALL1,homo_sapiens
,ENSMUSG00000031665,1,4,9,14,Sall1,mus_musculus
,ENSXETG00000018417,1,4,10,15,sall1,xenopus_tropicalis
,FBgn0000287,3,2,21,26,salr,drosophila_melanogaster
,FBgn0261648,2,2,14,18,salm,drosophila_melanogaster
,WBGene00004773,1,1,5,7,sem-4,caenorhabditis_elegans
202,ENSG00000103460,3,5,2,10,TOX3,homo_sapiens
,ENSMUSG00000043668,3,5,2,10,Tox3,mus_musculus
,ENSXETG00000006442,2,5,4,11,tox3,xenopus_tropicalis
,FBgn0035238,3,6,3,12,CG12104,drosophila_melanogaster
,WBGene00009827,1,4,1,6,hmg-6,caenorhabditis_elegans
203,ENSG00000103495,14,3,29,46,MAZ,homo_sapiens
,ENSMUSG00000030678,5,3,16,18,Maz,mus_musculus
,ENSXETG00000004675,1,3,5,9,maz,xenopus_tropicalis
204,ENSG00000104064,10,3,33,46,GABPB1,homo_sapiens
,ENSMUSG00000027361,8,3,26,37,Gabpb1,mus_musculus
,ENSXETG00000016116,2,3,8,13,gabpb1,xenopus_tropicalis
,FBgn0052343,4,2,16,22,Atac3,drosophila_melanogaster
205,ENSG00000104177,7,2,12,21,MYEF2,homo_sapiens
,ENSMUSG00000027201,6,3,17,26,Myef2,mus_musculus
,ENSMUSG00000049230,1,3,2,6,Gm9833,mus_musculus
,ENSXETG00000018412,2,2,12,16,myef2,xenopus_tropicalis
,FBgn0267790,2,1,4,7,rump,drosophila_melanogaster
,WBGene00007706,2,1,6,9,C25A1.4,caenorhabditis_elegans
206,ENSG00000104447,11,6,11,28,TRPS1,homo_sapiens
,ENSMUSG00000038679,8,6,13,27,Trps1,mus_musculus
,ENSXETG00000016286,1,6,2,9,trps1,xenopus_tropicalis
207,ENSG00000104804,5,6,0,5,TULP2,homo_sapiens
,ENSMUSG00000023467,2,9,0,11,Tulp2,mus_musculus
,ENSMUSG00000108951,1,9,0,10,AC151602.1,mus_musculus
,ENSMUSG00000109120,1,9,0,10,Tulp2,mus_musculus
,ENSMUSG00000109474,1,9,0,10,Tulp2,mus_musculus
,ENSXETG00000021227,1,6,0,7,tulp2,xenopus_tropicalis
,FBgn0015721,2,3,0,5,ktub,drosophila_melanogaster
,WBGene00006655,1,3,0,4,tub-1,caenorhabditis_elegans
208,ENSG00000104856,4,5,3,12,RELB,homo_sapiens
,ENSMUSG00000002983,5,5,5,15,Relb,mus_musculus
,ENSXETG00000031521,1,5,1,7,RELB,xenopus_tropicalis
,FBgn0011274,4,3,4,11,Dif,drosophila_melanogaster
,FBgn0260632,6,3,6,15,dl,drosophila_melanogaster
209,ENSG00000104903,2,11,1,14,LYL1,homo_sapiens
,ENSMUSG00000034041,1,11,1,13,Lyl1,mus_musculus
,FBgn0011276,1,5,1,7,HLH3B,drosophila_melanogaster
210,ENSG00000105136,16,34,98,148,ZNF419,homo_sapiens
211,ENSG00000105229,1,6,3,10,PIAS4,homo_sapiens
,ENSMUSG00000004934,2,6,3,11,Pias4,mus_musculus
,ENSXETG00000006386,2,6,4,12,pias4,xenopus_tropicalis
,FBgn0003612,14,2,42,58,Su(var)2-10,drosophila_melanogaster
,WBGene00001574,15,1,30,46,gei-17,caenorhabditis_elegans
212,ENSG00000105261,2,3,6,11,OVOL3,homo_sapiens
,ENSMUSG00000100512,1,3,3,7,Ovol3,mus_musculus
,ENSXETG00000030032,2,3,6,11,OVOL3,xenopus_tropicalis
,FBgn0003028,5,1,15,18,ovo,drosophila_melanogaster
,WBGene00003033,1,1,3,5,lin-48,caenorhabditis_elegans
213,ENSG00000105392,4,13,2,19,CRX,homo_sapiens
,ENSMUSG00000041578,4,13,3,20,Crx,mus_musculus
,ENSXETG00000018775,1,14,1,16,crx,xenopus_tropicalis
,FBgn0004102,5,4,5,14,oc,drosophila_melanogaster
214,ENSG00000105419,10,9,8,27,MEIS3,homo_sapiens
,ENSMUSG00000041420,4,9,2,15,Meis3,mus_musculus
,ENSXETG00000002807,1,7,1,9,meis3,xenopus_tropicalis
,FBgn0001235,5,3,2,10,hth,drosophila_melanogaster
,WBGene00006796,10,1,8,19,unc-62,caenorhabditis_elegans
215,ENSG00000105497,4,2,18,24,ZNF175,homo_sapiens
,ENSMUSG00000012640,5,4,42,51,Zfp715,mus_musculus
,ENSMUSG00000030469,2,4,16,22,Zfp719,mus_musculus
,ENSMUSG00000055102,4,4,36,44,Zfp819,mus_musculus
,ENSMUSG00000056592,2,4,46,52,Zfp658,mus_musculus
216,ENSG00000105516,4,3,3,10,DBP,homo_sapiens
,ENSMUSG00000059824,1,3,1,5,Dbp,mus_musculus
,ENSXETG00000003160,1,3,1,5,dbp,xenopus_tropicalis
,FBgn0001150,1,3,1,5,gt,drosophila_melanogaster
,FBgn0016694,13,3,13,29,Pdp1,drosophila_melanogaster
,FBgn0034096,1,3,1,5,CG7786,drosophila_melanogaster
,WBGene00000469,1,2,1,4,ces-2,caenorhabditis_elegans
,WBGene00017535,1,2,1,4,atf-8,caenorhabditis_elegans
217,ENSG00000105610,1,12,3,16,KLF1,homo_sapiens
,ENSMUSG00000054191,1,13,3,17,Klf1,mus_musculus
,ENSXETG00000001058,1,11,3,15,klf17,xenopus_tropicalis
,WBGene00018990,2,3,6,11,klf-1,caenorhabditis_elegans
218,ENSG00000105672,8,0,6,14,ETV2,homo_sapiens
,ENSMUSG00000006311,1,13,1,2,Etv2,mus_musculus
,ENSXETG00000027926,1,12,1,14,etv2,xenopus_tropicalis
,FBgn0003118,4,5,6,15,pnt,drosophila_melanogaster
,WBGene00016600,2,2,2,6,ets-5,caenorhabditis_elegans
,WBGene00020368,1,2,1,4,ast-1,caenorhabditis_elegans
219,ENSG00000105698,9,2,8,19,USF2,homo_sapiens
,ENSMUSG00000058239,5,2,5,12,Usf2,mus_musculus
,ENSXETG00000013975,1,3,1,5,0,xenopus_tropicalis
,ENSXETG00000022225,2,3,2,7,usf2,xenopus_tropicalis
,FBgn0029711,2,1,2,5,Usf,drosophila_melanogaster
220,ENSG00000105708,1,38,20,59,ZNF14,homo_sapiens
,WBGene00021931,1,1,11,13,Y55F3AM.14,caenorhabditis_elegans
221,ENSG00000105717,1,4,1,6,PBX4,homo_sapiens
,ENSMUSG00000031860,2,4,1,7,Pbx4,mus_musculus
,FBgn0000611,4,1,4,9,exd,drosophila_melanogaster
,WBGene00000443,1,3,1,5,ceh-20,caenorhabditis_elegans
,WBGene00000461,1,3,1,5,ceh-40,caenorhabditis_elegans
,WBGene00017690,1,3,1,5,ceh-60,caenorhabditis_elegans
222,ENSG00000105722,4,13,4,17,ERF,homo_sapiens
,ENSMUSG00000040857,2,13,2,17,Erf,mus_musculus
,ENSXETG00000012067,2,12,4,18,erf,xenopus_tropicalis
,FBgn0005660,4,5,7,16,Ets21C,drosophila_melanogaster
,WBGene00016600,2,2,2,6,ets-5,caenorhabditis_elegans
,WBGene00020368,1,2,1,4,ast-1,caenorhabditis_elegans
223,ENSG00000105732,5,2,69,76,ZNF574,homo_sapiens
,ENSMUSG00000045252,2,2,38,42,Zfp574,mus_musculus
,ENSXETG00000027536,1,2,19,22,znf574,xenopus_tropicalis
224,ENSG00000105750,13,49,64,126,ZNF85,homo_sapiens
,ENSMUSG00000030446,2,23,32,57,Zfp273,mus_musculus
,ENSMUSG00000048280,5,23,31,59,Zfp738,mus_musculus
,ENSMUSG00000051037,2,23,25,50,Zfp455,mus_musculus
,ENSMUSG00000052909,1,23,10,34,Gm9894,mus_musculus
,ENSMUSG00000055341,1,23,19,43,Zfp457,mus_musculus
,ENSMUSG00000055480,1,23,24,25,Zfp458,mus_musculus
,ENSMUSG00000055560,1,23,5,24,Zfp459,mus_musculus
,ENSMUSG00000057842,3,23,60,86,Zfp595,mus_musculus
,ENSMUSG00000058331,2,23,30,55,Zfp85,mus_musculus
,ENSMUSG00000058883,2,23,34,59,Zfp708,mus_musculus
,ENSMUSG00000058900,1,23,13,37,Rsl1,mus_musculus
,ENSMUSG00000059839,1,23,13,37,Zfp874b,mus_musculus
,ENSMUSG00000069184,1,23,15,39,Zfp72,mus_musculus
,ENSMUSG00000069206,2,23,13,38,Zfp874a,mus_musculus
,ENSMUSG00000071281,3,23,32,58,Zfp65,mus_musculus
,ENSMUSG00000071291,4,23,43,70,Zfp58,mus_musculus
,ENSMUSG00000074824,1,23,11,35,Rslcan18,mus_musculus
,ENSMUSG00000078994,2,23,14,39,Zfp429,mus_musculus
,ENSMUSG00000078995,2,23,13,38,Zfp456,mus_musculus
,ENSMUSG00000090659,2,23,13,38,Zfp493,mus_musculus
,ENSMUSG00000097333,3,23,19,45,Zfp87,mus_musculus
,ENSMUSG00000098905,1,23,9,33,Zfp953,mus_musculus
,ENSMUSG00000100235,1,23,17,41,Gm28557,mus_musculus
225,ENSG00000105821,5,2,8,15,DNAJC2,homo_sapiens
,ENSMUSG00000029014,4,2,10,16,Dnajc2,mus_musculus
,ENSXETG00000023108,2,2,4,8,dnajc2,xenopus_tropicalis
,FBgn0037051,2,2,6,10,CG10565,drosophila_melanogaster
,WBGene00001029,1,2,3,6,dnj-11,caenorhabditis_elegans
226,ENSG00000105856,10,1,8,19,HBP1,homo_sapiens
,ENSMUSG00000002996,7,1,8,16,Hbp1,mus_musculus
,ENSXETG00000005922,2,1,4,7,hbp1,xenopus_tropicalis
227,ENSG00000105866,2,15,3,20,SP4,homo_sapiens
,ENSMUSG00000025323,1,15,3,19,Sp4,mus_musculus
,ENSXETG00000007429,1,14,6,21,sp4,xenopus_tropicalis
,FBgn0039169,2,4,6,12,Spps,drosophila_melanogaster
,WBGene00011926,1,2,3,6,sptf-2,caenorhabditis_elegans
228,ENSG00000105880,2,21,2,25,DLX5,homo_sapiens
,ENSMUSG00000029755,2,22,1,25,Dlx5,mus_musculus
,ENSXETG00000016572,1,23,1,2,dlx5,xenopus_tropicalis
,WBGene00000463,1,9,1,11,ceh-43,caenorhabditis_elegans
229,ENSG00000105967,5,4,5,14,TFEC,homo_sapiens
,ENSMUSG00000029553,2,4,1,7,Tfec,mus_musculus
,ENSXETG00000011566,1,4,1,6,tfec,xenopus_tropicalis
,FBgn0263112,4,1,4,9,Mitf,drosophila_melanogaster
,WBGene00020930,12,1,12,24,hlh-30,caenorhabditis_elegans
230,ENSG00000105991,2,20,1,23,HOXA1,homo_sapiens
,ENSMUSG00000029844,2,20,1,23,Hoxa1,mus_musculus
,ENSXETG00000000715,1,22,2,25,hoxa1,xenopus_tropicalis
,ENSXETG00000001801,1,22,1,24,hoxd1,xenopus_tropicalis
,ENSXETG00000021964,1,22,1,24,hoxb1,xenopus_tropicalis
,FBgn0002522,2,11,2,15,lab,drosophila_melanogaster
,WBGene00000437,1,6,1,8,ceh-13,caenorhabditis_elegans
231,ENSG00000105996,1,20,1,22,HOXA2,homo_sapiens
,ENSMUSG00000014704,1,20,1,22,Hoxa2,mus_musculus
,ENSXETG00000000716,1,22,1,24,hoxa2,xenopus_tropicalis
,FBgn0004054,2,11,2,15,zen2,drosophila_melanogaster
,FBgn0051481,4,11,4,19,pb,drosophila_melanogaster
,WBGene00003102,1,6,1,8,mab-5,caenorhabditis_elegans
232,ENSG00000105997,5,20,3,28,HOXA3,homo_sapiens
,ENSMUSG00000079560,2,20,1,23,Hoxa3,mus_musculus
,FBgn0004053,1,11,1,12,zen,drosophila_melanogaster
233,ENSG00000106004,1,16,1,18,HOXA5,homo_sapiens
,ENSMUSG00000038253,1,15,1,17,Hoxa5,mus_musculus
,ENSXETG00000000720,1,14,1,16,hoxa5,xenopus_tropicalis
,WBGene00003024,2,1,2,5,lin-39,caenorhabditis_elegans
234,ENSG00000106006,1,16,1,18,HOXA6,homo_sapiens
,ENSMUSG00000043219,1,15,1,17,Hoxa6,mus_musculus
,ENSXETG00000027351,1,14,1,16,hoxb7,xenopus_tropicalis
,FBgn0001077,1,6,1,8,ftz,drosophila_melanogaster
235,ENSG00000106031,1,17,1,19,HOXA13,homo_sapiens
,ENSMUSG00000038203,3,16,3,22,Hoxa13,mus_musculus
,ENSXETG00000000734,1,14,1,16,hoxa13,xenopus_tropicalis
,FBgn0000015,7,1,7,15,Abd-B,drosophila_melanogaster
236,ENSG00000106038,3,20,1,24,EVX1,homo_sapiens
,ENSMUSG00000005503,2,20,1,23,Evx1,mus_musculus
,ENSXETG00000000736,2,22,2,26,evx1,xenopus_tropicalis
,FBgn0000606,1,11,1,13,eve,drosophila_melanogaster
,WBGene00006873,1,6,1,8,vab-7,caenorhabditis_elegans
237,ENSG00000106261,5,21,32,58,ZKSCAN1,homo_sapiens
,ENSMUSG00000029729,4,14,28,46,Zkscan1,mus_musculus
238,ENSG00000106331,5,9,10,24,PAX4,homo_sapiens
,ENSMUSG00000029706,4,9,8,21,Pax4,mus_musculus
239,ENSG00000106410,2,1,2,5,NOBOX,homo_sapiens
,ENSMUSG00000029736,2,1,2,5,Nobox,mus_musculus
,ENSXETG00000017356,0,1,2,5,hbox10,xenopus_tropicalis
240,ENSG00000106459,6,1,0,7,NRF1,homo_sapiens
,ENSMUSG00000058440,17,1,0,18,Nrf1,mus_musculus
,ENSXETG00000016306,1,1,1,3,nrf1,xenopus_tropicalis
,FBgn0005427,13,1,0,14,ewg,drosophila_melanogaster
241,ENSG00000106511,1,20,1,22,MEOX2,homo_sapiens
,ENSMUSG00000036144,1,20,1,22,Meox2,mus_musculus
,ENSXETG00000005051,2,22,3,27,meox2,xenopus_tropicalis
,FBgn0014949,1,11,1,13,btn,drosophila_melanogaster
,WBGene00000436,1,6,1,8,ceh-12,caenorhabditis_elegans
242,ENSG00000106536,6,16,6,26,POU6F2,homo_sapiens
,ENSMUSG00000009734,3,15,4,22,Pou6f2,mus_musculus
,ENSXETG00000005600,1,16,2,19,pou6f2,xenopus_tropicalis
,FBgn0261588,4,5,8,17,pdm3,drosophila_melanogaster
243,ENSG00000106546,1,2,2,5,AHR,homo_sapiens
,ENSMUSG00000019256,1,2,2,5,Ahr,mus_musculus
,ENSXETG00000022784,1,2,1,4,ahr,xenopus_tropicalis
,FBgn0003513,3,1,9,13,ss,drosophila_melanogaster
,WBGene00000096,2,1,3,6,ahr-1,caenorhabditis_elegans
244,ENSG00000106571,3,18,5,26,GLI3,homo_sapiens
,ENSMUSG00000021318,2,18,9,29,Gli3,mus_musculus
,ENSXETG00000001856,1,14,7,22,gli3,xenopus_tropicalis
245,ENSG00000106689,4,12,9,25,LHX2,homo_sapiens
,ENSMUSG00000000247,4,12,10,26,Lhx2,mus_musculus
,ENSXETG00000020776,1,13,3,17,lhx2,xenopus_tropicalis
,FBgn0000099,4,7,10,21,ap,drosophila_melanogaster
,WBGene00006654,2,7,6,15,ttx-3,caenorhabditis_elegans
246,ENSG00000106852,9,12,16,37,LHX6,homo_sapiens
,ENSMUSG00000026890,7,12,19,38,Lhx6,mus_musculus
,ENSXETG00000016325,1,13,3,17,lhx6,xenopus_tropicalis
,FBgn0013751,4,7,12,23,Awh,drosophila_melanogaster
,WBGene00002987,1,7,3,11,lim-4,caenorhabditis_elegans
247,ENSG00000107175,2,5,2,9,CREB3,homo_sapiens
,ENSMUSG00000028466,3,5,2,10,Creb3,mus_musculus
,ENSXETG00000024221,2,4,2,8,creb3,xenopus_tropicalis
,WBGene00002783,2,2,2,6,let-607,caenorhabditis_elegans
248,ENSG00000107187,3,12,9,24,LHX3,homo_sapiens
,ENSMUSG00000026934,2,12,6,20,Lhx3,mus_musculus
,ENSXETG00000000726,1,13,2,16,lhx3,xenopus_tropicalis
,FBgn0002023,7,7,21,35,Lim3,drosophila_melanogaster
,WBGene00000438,1,7,3,11,ceh-14,caenorhabditis_elegans
249,ENSG00000107249,7,18,14,39,GLIS3,homo_sapiens
,ENSMUSG00000052942,4,18,10,32,Glis3,mus_musculus
,ENSXETG00000011692,1,14,8,23,glis3,xenopus_tropicalis
,FBgn0039039,2,7,7,16,lmd,drosophila_melanogaster
250,ENSG00000107485,2,6,4,12,GATA3,homo_sapiens
,ENSMUSG00000015619,2,6,2,10,Gata3,mus_musculus
,ENSXETG00000025398,1,6,2,9,gata3,xenopus_tropicalis
,FBgn0001138,3,5,6,11,grn,drosophila_melanogaster
,WBGene00001249,6,5,10,21,elt-1,caenorhabditis_elegans
251,ENSG00000107807,3,16,2,21,TLX1,homo_sapiens
,ENSMUSG00000025215,2,16,2,20,Tlx1,mus_musculus
,ENSXETG00000008043,1,16,1,18,tlx1,xenopus_tropicalis
,ENSXETG00000017822,1,16,1,18,tlx2,xenopus_tropicalis
,ENSXETG00000018304,1,16,1,18,tlx3,xenopus_tropicalis
,FBgn0004863,1,11,1,13,C15,drosophila_melanogaster
252,ENSG00000107859,2,13,4,19,PITX3,homo_sapiens
,ENSMUSG00000025229,2,13,3,18,Pitx3,mus_musculus
,ENSXETG00000010022,1,14,2,17,pitx3,xenopus_tropicalis
,FBgn0020912,3,4,6,13,Ptx1,drosophila_melanogaster
,WBGene00006766,4,8,4,16,unc-30,caenorhabditis_elegans
253,ENSG00000108001,3,4,0,7,EBF3,homo_sapiens
,ENSMUSG00000010476,4,4,0,8,Ebf3,mus_musculus
,ENSXETG00000011309,2,4,0,6,ebf3,xenopus_tropicalis
,FBgn0001319,5,1,0,6,kn,drosophila_melanogaster
,WBGene00006743,1,1,0,2,unc-3,caenorhabditis_elegans
254,ENSG00000108064,3,1,6,10,TFAM,homo_sapiens
,ENSMUSG00000003923,4,1,7,12,Tfam,mus_musculus
,ENSXETG00000005116,1,1,2,4,tfam,xenopus_tropicalis
,FBgn0038805,2,1,4,7,TFAM,drosophila_melanogaster
255,ENSG00000108175,3,6,2,11,ZMIZ1,homo_sapiens
,ENSMUSG00000007817,3,6,2,11,Zmiz1,mus_musculus
,ENSXETG00000018359,2,6,7,15,zmiz1,xenopus_tropicalis
,FBgn0026160,3,2,3,8,tna,drosophila_melanogaster
257,ENSG00000108312,10,2,46,58,UBTF,homo_sapiens
,ENSMUSG00000020923,11,2,51,64,Ubtf,mus_musculus
,ENSXETG00000003356,2,1,11,14,ubtf,xenopus_tropicalis
258,ENSG00000108509,6,2,16,24,CAMTA2,homo_sapiens
,ENSMUSG00000040712,6,2,18,26,Camta2,mus_musculus
,ENSXETG00000017389,1,2,4,7,camta2,xenopus_tropicalis
,FBgn0259234,7,1,21,29,Camta,drosophila_melanogaster
,WBGene00020251,3,1,7,11,camt-1,caenorhabditis_elegans
259,ENSG00000108511,2,16,2,20,HOXB6,homo_sapiens
,ENSMUSG00000000690,2,15,2,19,Hoxb6,mus_musculus
,ENSXETG00000021987,1,14,1,16,hoxb6,xenopus_tropicalis
,FBgn0001077,1,6,1,8,ftz,drosophila_melanogaster
261,ENSG00000108788,4,3,4,11,MLX,homo_sapiens
,ENSMUSG00000017801,4,3,4,11,Mlx,mus_musculus
,ENSXETG00000012035,1,3,1,5,mlx,xenopus_tropicalis
,FBgn0039509,1,2,1,4,bigmax,drosophila_melanogaster
,WBGene00003510,1,2,1,4,mxl-2,caenorhabditis_elegans
262,ENSG00000108813,3,21,3,27,DLX4,homo_sapiens
,ENSMUSG00000020871,1,22,1,23,Dlx4,mus_musculus
,ENSXETG00000021913,1,23,1,25,dlx4,xenopus_tropicalis
,FBgn0000157,3,9,3,15,Dll,drosophila_melanogaster
263,ENSG00000108924,5,3,5,13,HLF,homo_sapiens
,ENSMUSG00000003949,2,3,1,6,Hlf,mus_musculus
,ENSXETG00000004316,1,3,1,5,hlf,xenopus_tropicalis
,FBgn0001150,1,3,1,5,gt,drosophila_melanogaster
,FBgn0016694,13,3,13,29,Pdp1,drosophila_melanogaster
,FBgn0034096,1,3,1,5,CG7786,drosophila_melanogaster
,WBGene00000469,1,2,1,4,ces-2,caenorhabditis_elegans
,WBGene00017535,1,2,1,4,atf-8,caenorhabditis_elegans
264,ENSG00000109101,3,6,2,11,FOXN1,homo_sapiens
,ENSMUSG00000002057,1,6,1,8,Foxn1,mus_musculus
,ENSXETG00000019351,1,5,1,7,foxn1,xenopus_tropicalis
,FBgn0015396,1,2,0,4,jumu,drosophila_melanogaster
265,ENSG00000109132,1,15,1,17,PHOX2B,homo_sapiens
,ENSMUSG00000012520,2,13,2,17,Phox2b,mus_musculus
,ENSXETG00000021083,2,13,4,19,phox2b,xenopus_tropicalis
,FBgn0025334,1,10,1,12,PHDP,drosophila_melanogaster
,WBGene00000440,1,3,1,5,ceh-17,caenorhabditis_elegans
266,ENSG00000109320,8,5,32,45,NFKB1,homo_sapiens
,ENSMUSG00000028163,3,5,20,28,Nfkb1,mus_musculus
,ENSXETG00000021325,1,5,6,12,nfkb1,xenopus_tropicalis
,FBgn0014018,4,3,16,23,Rel,drosophila_melanogaster
267,ENSG00000109381,7,12,7,25,ELF2,homo_sapiens
,ENSMUSG00000037174,8,11,6,25,Elf2,mus_musculus
,FBgn0000567,5,3,5,13,Eip74EF,drosophila_melanogaster
,WBGene00016029,4,8,4,16,elf-1,caenorhabditis_elegans
268,ENSG00000109685,14,13,55,82,WHSC1,homo_sapiens
,ENSMUSG00000057406,7,13,31,51,Whsc1,mus_musculus
,ENSXETG00000026376,2,11,16,29,whsc1,xenopus_tropicalis
,FBgn0039559,2,7,12,21,Mes-4,drosophila_melanogaster
269,ENSG00000109705,1,21,1,23,NKX3-2,homo_sapiens
,ENSMUSG00000049691,1,22,1,24,Nkx3-2,mus_musculus
,ENSXETG00000004060,1,23,1,25,nkx3-2,xenopus_tropicalis
,FBgn0004862,1,9,1,11,bap,drosophila_melanogaster
270,ENSG00000109787,2,12,3,17,KLF3,homo_sapiens
,ENSMUSG00000029178,4,13,9,26,Klf3,mus_musculus
,ENSXETG00000018476,1,11,4,16,klf3,xenopus_tropicalis
,FBgn0261705,1,6,3,10,CG42741,drosophila_melanogaster
271,ENSG00000109851,1,16,1,18,DBX1,homo_sapiens
,ENSMUSG00000030507,1,0,1,2,Dbx1,mus_musculus
,ENSXETG00000014193,1,16,1,18,dbx1,xenopus_tropicalis
,FBgn0261723,1,11,1,13,Dbx,drosophila_melanogaster
272,ENSG00000109906,4,3,22,29,ZBTB16,homo_sapiens
,ENSMUSG00000066687,1,3,10,14,Zbtb16,mus_musculus
,ENSXETG00000033139,1,2,9,12,ZBTB16,xenopus_tropicalis
273,ENSG00000110693,8,4,5,17,SOX6,homo_sapiens
,ENSMUSG00000051910,10,4,8,22,Sox6,mus_musculus
,ENSXETG00000016058,2,3,4,9,sox6,xenopus_tropicalis
,FBgn0039938,4,1,4,9,Sox102F,drosophila_melanogaster
,WBGene00001182,6,2,6,14,egl-13,caenorhabditis_elegans
,WBGene00015716,1,2,1,4,sox-4,caenorhabditis_elegans
274,ENSG00000110851,3,2,8,13,PRDM4,homo_sapiens
,ENSMUSG00000035529,1,2,7,10,Prdm4,mus_musculus
,ENSXETG00000011529,3,2,10,15,prdm4,xenopus_tropicalis
275,ENSG00000111046,1,4,1,6,MYF6,homo_sapiens
,ENSMUSG00000035923,1,4,1,6,Myf6,mus_musculus
,ENSXETG00000027340,1,4,1,6,myf6,xenopus_tropicalis
,FBgn0002922,2,1,2,5,nau,drosophila_melanogaster
,WBGene00001948,3,1,3,7,hlh-1,caenorhabditis_elegans
276,ENSG00000111049,1,4,1,6,MYF5,homo_sapiens
,ENSMUSG00000000435,1,4,1,6,Myf5,mus_musculus
,ENSXETG00000014520,1,4,2,7,myf5,xenopus_tropicalis
,FBgn0002922,2,1,2,5,nau,drosophila_melanogaster
,WBGene00001948,3,1,3,7,hlh-1,caenorhabditis_elegans
277,ENSG00000111087,6,18,22,46,GLI1,homo_sapiens
,ENSMUSG00000025407,1,18,5,24,Gli1,mus_musculus
278,ENSG00000111145,4,12,4,20,ELK3,homo_sapiens
,ENSMUSG00000008398,2,11,2,15,Elk3,mus_musculus
,ENSXETG00000001891,3,10,7,20,elk3,xenopus_tropicalis
,WBGene00016798,2,8,2,12,ets-8,caenorhabditis_elegans
279,ENSG00000111206,5,5,5,15,FOXM1,homo_sapiens
,ENSMUSG00000001517,4,5,4,13,Foxm1,mus_musculus
,ENSXETG00000001315,1,4,1,6,foxm1,xenopus_tropicalis
,WBGene00003976,2,3,2,7,pes-1,caenorhabditis_elegans
280,ENSG00000111249,2,5,4,11,CUX2,homo_sapiens
,ENSMUSG00000042589,5,5,12,22,Cux2,mus_musculus
,ENSXETG00000011684,1,6,5,12,cux2,xenopus_tropicalis
,FBgn0004198,4,2,16,22,ct,drosophila_melanogaster
,WBGene00000464,3,6,4,13,ceh-44,caenorhabditis_elegans
281,ENSG00000111269,1,1,0,2,CREBL2,homo_sapiens
,ENSMUSG00000032652,2,1,0,3,Crebl2,mus_musculus
,ENSXETG00000027934,1,1,0,2,crebl2,xenopus_tropicalis
,FBgn0032202,4,1,0,5,CG18619,drosophila_melanogaster
282,ENSG00000111424,7,14,7,28,VDR,homo_sapiens
,ENSMUSG00000022479,5,15,2,23,Vdr,mus_musculus
,ENSXETG00000010658,1,14,1,16,vdr,xenopus_tropicalis
283,ENSG00000111704,3,2,3,8,NANOG,homo_sapiens
,ENSMUSG00000012396,3,1,3,7,Nanog,mus_musculus
284,ENSG00000111783,6,8,4,18,RFX4,homo_sapiens
,ENSMUSG00000020037,3,8,1,12,Rfx4,mus_musculus
,ENSXETG00000014145,1,7,0,8,rfx4,xenopus_tropicalis
,WBGene00000914,5,1,4,11,daf-19,caenorhabditis_elegans
285,ENSG00000112033,5,8,4,9,PPARD,homo_sapiens
,ENSMUSG00000002250,2,8,2,12,Ppard,mus_musculus
,ENSXETG00000015121,1,10,1,12,ppard,xenopus_tropicalis
,FBgn0004865,4,8,3,15,Eip78C,drosophila_melanogaster
,WBGene00004786,2,10,2,14,sex-1,caenorhabditis_elegans
286,ENSG00000112041,4,6,0,10,TULP1,homo_sapiens
,ENSMUSG00000037446,4,9,0,13,Tulp1,mus_musculus
,ENSXETG00000000422,1,6,1,8,tulp1,xenopus_tropicalis
,FBgn0015721,2,3,0,5,ktub,drosophila_melanogaster
,WBGene00006655,1,3,0,4,tub-1,caenorhabditis_elegans
287,ENSG00000112182,5,7,8,20,BACH2,homo_sapiens
,ENSMUSG00000040270,3,7,6,16,Bach2,mus_musculus
,ENSXETG00000019126,1,7,2,10,bach2,xenopus_tropicalis
,FBgn0262975,16,1,16,33,cnc,drosophila_melanogaster
288,ENSG00000112238,1,1,5,7,PRDM13,homo_sapiens
,ENSMUSG00000040478,2,1,10,13,Prdm13,mus_musculus
,ENSXETG00000032719,1,1,4,6,PRDM13,xenopus_tropicalis
,FBgn0035687,1,1,3,5,CG13296,drosophila_melanogaster
289,ENSG00000112242,3,6,0,6,E2F3,homo_sapiens
,ENSMUSG00000016477,2,6,0,8,E2f3,mus_musculus
,ENSXETG00000000021,1,4,1,6,e2f3,xenopus_tropicalis
,FBgn0011766,6,2,0,8,E2f1,drosophila_melanogaster
,WBGene00001162,4,2,0,2,efl-2,caenorhabditis_elegans
290,ENSG00000112246,2,13,8,23,SIM1,homo_sapiens
,ENSMUSG00000019913,1,13,4,18,Sim1,mus_musculus
,ENSXETG00000002406,1,11,3,15,sim1,xenopus_tropicalis
,FBgn0004666,4,6,12,22,sim,drosophila_melanogaster
291,ENSG00000112333,3,12,2,17,NR2E1,homo_sapiens
,ENSMUSG00000019803,4,12,2,18,Nr2e1,mus_musculus
,ENSXETG00000014853,1,14,1,16,nr2e1,xenopus_tropicalis
,FBgn0003720,1,6,1,8,tll,drosophila_melanogaster
292,ENSG00000112365,1,2,9,12,ZBTB24,homo_sapiens
,ENSMUSG00000019826,1,2,9,12,Zbtb24,mus_musculus
,ENSXETG00000021294,1,2,6,9,zbtb24,xenopus_tropicalis
293,ENSG00000112561,16,4,9,29,TFEB,homo_sapiens
,ENSMUSG00000023990,12,4,5,21,Tfeb,mus_musculus
,ENSXETG00000011854,2,4,2,8,tfeb,xenopus_tropicalis
,FBgn0263112,4,1,4,9,Mitf,drosophila_melanogaster
,WBGene00020930,12,1,12,24,hlh-30,caenorhabditis_elegans
294,ENSG00000112592,7,3,0,10,TBP,homo_sapiens
,ENSMUSG00000014767,10,3,0,13,Tbp,mus_musculus
,ENSXETG00000008556,1,3,1,5,tbp,xenopus_tropicalis
,FBgn0003687,1,3,0,4,Tbp,drosophila_melanogaster
,WBGene00006542,2,2,0,4,tbp-1,caenorhabditis_elegans
295,ENSG00000112658,1,1,1,3,SRF,homo_sapiens
,ENSMUSG00000015605,1,1,1,3,Srf,mus_musculus
,ENSXETG00000018511,1,1,2,4,srf,xenopus_tropicalis
,FBgn0004101,3,1,3,7,bs,drosophila_melanogaster
,WBGene00006844,1,1,1,3,unc-120,caenorhabditis_elegans
296,ENSG00000112837,4,13,4,21,TBX18,homo_sapiens
,ENSMUSG00000032419,1,13,1,15,Tbx18,mus_musculus
,ENSXETG00000018148,1,12,1,14,tbx18,xenopus_tropicalis
297,ENSG00000113196,1,11,1,12,HAND1,homo_sapiens
,ENSMUSG00000037335,3,11,2,15,Hand1,mus_musculus
,ENSXETG00000008479,1,11,1,13,hand1,xenopus_tropicalis
,FBgn0032209,1,5,1,7,Hand,drosophila_melanogaster
298,ENSG00000113387,6,1,0,7,SUB1,homo_sapiens
,ENSMUSG00000022205,2,1,0,3,Sub1,mus_musculus
,ENSXETG00000027218,1,1,0,2,sub1,xenopus_tropicalis
,WBGene00011743,1,1,0,2,T13F2.2,caenorhabditis_elegans
299,ENSG00000113430,6,7,5,18,IRX4,homo_sapiens
,ENSMUSG00000021604,2,7,2,11,Irx4,mus_musculus
,ENSXETG00000008892,2,6,2,10,irx4,xenopus_tropicalis
,FBgn0015904,2,4,2,8,ara,drosophila_melanogaster
,FBgn0015919,1,4,1,6,caup,drosophila_melanogaster
300,ENSG00000113580,13,12,8,33,NR3C1,homo_sapiens
,ENSMUSG00000024431,8,12,5,25,Nr3c1,mus_musculus
,ENSXETG00000001879,1,13,1,15,nr3c1,xenopus_tropicalis
301,ENSG00000113658,8,8,7,23,SMAD5,homo_sapiens
,ENSMUSG00000021540,3,8,6,17,Smad5,mus_musculus
,FBgn0011648,2,4,4,10,Mad,drosophila_melanogaster
,WBGene00004856,1,0,2,3,sma-2,caenorhabditis_elegans
302,ENSG00000113716,3,0,3,7,HMGXB3,homo_sapiens
,ENSMUSG00000024622,1,1,1,3,Hmgxb3,mus_musculus
,ENSXETG00000015798,2,1,2,5,hmgxb3,xenopus_tropicalis
303,ENSG00000113722,2,3,2,5,CDX1,homo_sapiens
,ENSMUSG00000024619,1,3,1,5,Cdx1,mus_musculus
,ENSXETG00000010282,1,3,2,6,cdx1,xenopus_tropicalis
,FBgn0000251,3,1,3,7,cad,drosophila_melanogaster
,WBGene00003912,6,1,6,13,pal-1,caenorhabditis_elegans
304,ENSG00000113916,6,2,26,34,BCL6,homo_sapiens
,ENSMUSG00000022508,1,2,7,10,Bcl6,mus_musculus
,ENSXETG00000019779,1,1,7,9,bcl6,xenopus_tropicalis
305,ENSG00000114126,16,3,0,19,TFDP2,homo_sapiens
,ENSMUSG00000032411,13,2,0,15,Tfdp2,mus_musculus
,ENSXETG00000014750,1,2,0,3,tfdp2,xenopus_tropicalis
,FBgn0011763,3,1,0,1,Dp,drosophila_melanogaster
,WBGene00001061,1,1,0,2,dpl-1,caenorhabditis_elegans
306,ENSG00000114315,1,5,2,8,HES1,homo_sapiens
,ENSMUSG00000022528,1,4,2,7,Hes1,mus_musculus
,ENSXETG00000016852,2,13,4,19,hes1,xenopus_tropicalis
,FBgn0001168,2,11,4,17,h,drosophila_melanogaster
,FBgn0010109,1,11,2,14,dpn,drosophila_melanogaster
,FBgn0032741,1,11,2,14,Side,drosophila_melanogaster
307,ENSG00000114439,21,2,13,36,BBX,homo_sapiens
,ENSMUSG00000022641,6,2,5,13,Bbx,mus_musculus
,ENSXETG00000016131,1,2,3,6,BBX,xenopus_tropicalis
,FBgn0024251,4,2,4,10,bbx,drosophila_melanogaster
,WBGene00001560,3,1,2,6,gei-3,caenorhabditis_elegans
308,ENSG00000114853,2,2,16,20,ZBTB47,homo_sapiens
,ENSMUSG00000013419,1,2,9,12,Zfp651,mus_musculus
,ENSXETG00000006162,1,2,10,13,zbtb47,xenopus_tropicalis
309,ENSG00000114861,16,14,10,40,FOXP1,homo_sapiens
,ENSMUSG00000030067,20,16,12,48,Foxp1,mus_musculus
,ENSXETG00000008510,2,14,3,19,foxp1,xenopus_tropicalis
,FBgn0262477,2,6,2,10,FoxP,drosophila_melanogaster
310,ENSG00000115112,1,6,0,7,TFCP2L1,homo_sapiens
,ENSMUSG00000026380,1,6,0,7,Tfcp2l1,mus_musculus
,ENSXETG00000030313,1,6,0,7,TFCP2L1,xenopus_tropicalis
,FBgn0050011,4,2,0,6,gem,drosophila_melanogaster
311,ENSG00000115297,2,16,1,19,TLX2,homo_sapiens
,ENSMUSG00000068327,2,16,2,20,Tlx2,mus_musculus
,ENSXETG00000008043,1,16,1,18,tlx1,xenopus_tropicalis
,ENSXETG00000017822,1,16,1,18,tlx2,xenopus_tropicalis
,ENSXETG00000018304,1,16,1,18,tlx3,xenopus_tropicalis
,FBgn0004863,1,11,1,13,C15,drosophila_melanogaster
312,ENSG00000115415,8,7,4,19,STAT1,homo_sapiens
,ENSMUSG00000026104,8,7,7,14,Stat1,mus_musculus
,ENSXETG00000004649,2,6,2,10,stat1,xenopus_tropicalis
,FBgn0016917,11,1,11,23,Stat92E,drosophila_melanogaster
,WBGene00013111,3,1,0,4,sta-1,caenorhabditis_elegans
313,ENSG00000115507,2,13,2,17,OTX1,homo_sapiens
,ENSMUSG00000005917,2,13,2,17,Otx1,mus_musculus
314,ENSG00000115568,5,3,38,46,ZNF142,homo_sapiens
,ENSMUSG00000026135,3,3,59,65,Zfp142,mus_musculus
,ENSXETG00000013837,2,3,42,47,znf142,xenopus_tropicalis
,FBgn0001180,2,1,4,7,hb,drosophila_melanogaster
,WBGene00001824,2,1,8,11,hbl-1,caenorhabditis_elegans
315,ENSG00000115738,3,4,3,10,ID2,homo_sapiens
,ENSMUSG00000020644,1,4,1,6,Id2,mus_musculus
,ENSXETG00000008272,1,3,1,5,id2,xenopus_tropicalis
,FBgn0000575,1,1,1,3,emc,drosophila_melanogaster
316,ENSG00000115816,3,1,0,4,CEBPZ,homo_sapiens
,ENSMUSG00000024081,1,1,0,2,Cebpz,mus_musculus
,ENSXETG00000000654,1,1,1,3,cebpz,xenopus_tropicalis
,FBgn0036124,1,1,0,2,CG7839,drosophila_melanogaster
,WBGene00009084,2,1,0,3,F23B12.7,caenorhabditis_elegans
317,ENSG00000115844,2,21,2,25,DLX2,homo_sapiens
,ENSMUSG00000023391,1,22,1,24,Dlx2,mus_musculus
,ENSXETG00000007532,1,23,1,25,dlx2,xenopus_tropicalis
,WBGene00000463,1,9,1,11,ceh-43,caenorhabditis_elegans
318,ENSG00000115966,11,4,14,29,ATF2,homo_sapiens
,ENSMUSG00000027104,11,4,14,29,Atf2,mus_musculus
,ENSXETG00000007566,1,4,3,8,atf2,xenopus_tropicalis
319,ENSG00000116016,2,13,5,20,EPAS1,homo_sapiens
,ENSMUSG00000024140,1,13,3,17,Epas1,mus_musculus
,ENSXETG00000026167,1,11,3,15,epas1,xenopus_tropicalis
,FBgn0266411,4,6,9,19,sima,drosophila_melanogaster
,WBGene00011327,1,3,2,6,hlh-34,caenorhabditis_elegans
320,ENSG00000116017,2,7,4,13,ARID3A,homo_sapiens
,ENSMUSG00000019564,4,7,6,17,Arid3a,mus_musculus
,ENSXETG00000021613,2,7,4,13,arid3a,xenopus_tropicalis
,WBGene00000476,1,3,2,6,cfi-1,caenorhabditis_elegans
321,ENSG00000116035,1,7,1,9,VAX2,homo_sapiens
,ENSMUSG00000034777,1,7,1,9,Vax2,mus_musculus
,WBGene00000430,1,7,1,9,ceh-5,caenorhabditis_elegans
322,ENSG00000116044,12,7,5,24,NFE2L2,homo_sapiens
,ENSMUSG00000015839,1,7,1,9,Nfe2l2,mus_musculus
,ENSXETG00000001808,1,7,1,9,nfe2l2,xenopus_tropicalis
,FBgn0262975,16,1,16,33,cnc,drosophila_melanogaster
323,ENSG00000116132,3,15,4,22,PRRX1,homo_sapiens
,ENSMUSG00000026586,3,13,4,20,Prrx1,mus_musculus
,ENSXETG00000004727,1,13,2,16,prrx1,xenopus_tropicalis
,FBgn0034821,1,10,1,12,CG9876,drosophila_melanogaster
,WBGene00044330,1,3,1,5,alr-1,caenorhabditis_elegans
324,ENSG00000116539,3,13,10,26,ASH1L,homo_sapiens
,ENSMUSG00000028053,2,13,10,25,Ash1l,mus_musculus
,FBgn0005386,2,7,8,17,ash1,drosophila_melanogaster
325,ENSG00000116580,7,2,12,21,GON4L,homo_sapiens
,ENSMUSG00000054199,3,1,9,13,Gon4l,mus_musculus
,ENSXETG00000021434,3,1,5,9,gon4l,xenopus_tropicalis
,FBgn0085444,2,1,4,7,mute,drosophila_melanogaster
326,ENSG00000116604,5,5,4,14,MEF2D,homo_sapiens
,ENSMUSG00000001419,4,5,4,13,Mef2d,mus_musculus
,ENSXETG00000020378,2,3,2,7,mef2d,xenopus_tropicalis
,FBgn0011656,7,1,7,15,Mef2,drosophila_melanogaster
,WBGene00003182,1,1,1,3,mef-2,caenorhabditis_elegans
327,ENSG00000116731,10,1,32,43,PRDM2,homo_sapiens
,ENSMUSG00000057637,3,1,10,14,Prdm2,mus_musculus
,ENSXETG00000026865,2,1,21,22,prdm2,xenopus_tropicalis
328,ENSG00000116809,5,3,48,56,ZBTB17,homo_sapiens
,ENSMUSG00000006215,1,3,14,18,Zbtb17,mus_musculus
,ENSXETG00000023118,2,3,15,20,zbtb17,xenopus_tropicalis
329,ENSG00000116819,1,5,0,6,TFAP2E,homo_sapiens
,ENSMUSG00000042477,1,5,0,6,Tfap2e,mus_musculus
,ENSXETG00000027719,1,5,0,6,tfap2e,xenopus_tropicalis
,FBgn0261953,6,1,0,7,TfAP-2,drosophila_melanogaster
,WBGene00019424,1,4,0,5,aptf-1,caenorhabditis_elegans
330,ENSG00000116833,5,12,4,20,NR5A2,homo_sapiens
,ENSMUSG00000026398,5,12,5,22,Nr5a2,mus_musculus
,ENSXETG00000000314,1,13,1,15,nr5a2,xenopus_tropicalis
,FBgn0001078,4,4,4,8,ftz-f1,drosophila_melanogaster
,WBGene00003623,4,2,1,7,nhr-25,caenorhabditis_elegans
331,ENSG00000116990,4,3,2,9,MYCL,homo_sapiens
,ENSMUSG00000028654,3,5,2,10,Mycl,mus_musculus
,ENSXETG00000010956,2,3,2,7,mycl,xenopus_tropicalis
,FBgn0262656,2,1,2,5,dm,drosophila_melanogaster
332,ENSG00000117000,1,3,11,15,RLF,homo_sapiens
,ENSMUSG00000049878,3,3,22,28,Rlf,mus_musculus
,ENSXETG00000026794,1,3,6,10,rlf,xenopus_tropicalis
333,ENSG00000117010,3,2,11,16,ZNF684,homo_sapiens
334,ENSG00000117036,2,13,2,17,ETV3,homo_sapiens
,ENSMUSG00000003382,3,13,3,19,Etv3,mus_musculus
,ENSXETG00000018076,1,12,1,14,etv3,xenopus_tropicalis
,ENSXETG00000033809,1,12,1,14,0,xenopus_tropicalis
,FBgn0005660,4,5,7,16,Ets21C,drosophila_melanogaster
,WBGene00016600,2,2,2,6,ets-5,caenorhabditis_elegans
,WBGene00020368,1,2,1,4,ast-1,caenorhabditis_elegans
335,ENSG00000117139,3,5,15,23,KDM5B,homo_sapiens
,ENSMUSG00000042207,2,5,11,18,Kdm5b,mus_musculus
,ENSXETG00000007973,1,5,5,11,kdm5b,xenopus_tropicalis
,WBGene00004319,2,1,8,11,rbr-2,caenorhabditis_elegans
336,ENSG00000117318,1,4,1,6,ID3,homo_sapiens
,ENSMUSG00000007872,1,4,1,6,Id3,mus_musculus
,ENSXETG00000020653,1,3,1,5,id3,xenopus_tropicalis
,FBgn0000575,1,1,1,3,emc,drosophila_melanogaster
337,ENSG00000117475,5,1,0,6,BLZF1,homo_sapiens
,ENSMUSG00000026577,3,1,0,4,Blzf1,mus_musculus
,ENSXETG00000002419,2,1,0,3,blzf1,xenopus_tropicalis
,FBgn0037688,2,1,0,3,CG9356,drosophila_melanogaster
338,ENSG00000117595,3,9,2,14,IRF6,homo_sapiens
,ENSMUSG00000026638,1,9,1,11,Irf6,mus_musculus
,ENSXETG00000018661,1,12,0,13,irf6.2,xenopus_tropicalis
,ENSXETG00000018674,1,12,0,13,irf6,xenopus_tropicalis
339,ENSG00000117625,8,5,15,28,RCOR3,homo_sapiens
,ENSMUSG00000037395,7,5,14,26,Rcor3,mus_musculus
,ENSXETG00000005989,2,5,3,10,rcor3,xenopus_tropicalis
,FBgn0261573,10,2,24,36,CoRest,drosophila_melanogaster
,WBGene00005006,1,3,4,8,spr-1,caenorhabditis_elegans
,WBGene00022278,4,3,13,20,rcor-1,caenorhabditis_elegans
340,ENSG00000117707,6,2,0,8,PROX1,homo_sapiens
,ENSMUSG00000010175,3,2,0,5,Prox1,mus_musculus
,ENSXETG00000023176,1,1,1,3,prox1,xenopus_tropicalis
,FBgn0004595,6,1,0,7,pros,drosophila_melanogaster
,WBGene00000448,1,1,0,2,pros-1,caenorhabditis_elegans
341,ENSG00000117713,6,7,4,17,ARID1A,homo_sapiens
,ENSMUSG00000007880,4,7,3,14,Arid1a,mus_musculus
,ENSXETG00000020695,1,7,8,16,arid1a,xenopus_tropicalis
,FBgn0261885,6,3,6,15,osa,drosophila_melanogaster
342,ENSG00000118156,4,3,20,27,ZNF541,homo_sapiens
,ENSMUSG00000078796,1,2,6,9,Zfp541,mus_musculus
,FBgn0037698,5,1,37,43,CG16779,drosophila_melanogaster
,WBGene00010012,4,1,12,17,saeg-1,caenorhabditis_elegans
343,ENSG00000118217,1,2,1,4,ATF6,homo_sapiens
,ENSMUSG00000026663,1,2,1,4,Atf6,mus_musculus
,ENSXETG00000004747,2,2,4,8,atf6,xenopus_tropicalis
,FBgn0033010,3,1,3,7,Atf6,drosophila_melanogaster
344,ENSG00000118260,10,3,11,24,CREB1,homo_sapiens
,ENSMUSG00000025958,6,3,11,18,Creb1,mus_musculus
,ENSXETG00000016392,1,2,2,5,creb1,xenopus_tropicalis
,FBgn0265784,8,1,15,24,CrebB,drosophila_melanogaster
,WBGene00000793,7,1,12,20,crh-1,caenorhabditis_elegans
345,ENSG00000118263,8,12,11,31,KLF7,homo_sapiens
,ENSMUSG00000025959,3,13,5,21,Klf7,mus_musculus
,ENSXETG00000016394,1,11,3,15,klf7,xenopus_tropicalis
,FBgn0040765,3,6,9,18,luna,drosophila_melanogaster
346,ENSG00000118418,3,1,0,4,HMGN3,homo_sapiens
,ENSMUSG00000066456,4,1,0,5,Hmgn3,mus_musculus
,ENSXETG00000025850,1,2,0,3,hmgn3,xenopus_tropicalis
,ENSXETG00000027691,1,2,0,3,0,xenopus_tropicalis
347,ENSG00000118495,16,3,68,87,PLAGL1,homo_sapiens
,ENSMUSG00000019817,7,3,26,36,Plagl1,mus_musculus
,FBgn0261679,1,1,7,9,CG42726,drosophila_melanogaster
348,ENSG00000118513,14,4,42,60,MYB,homo_sapiens
,ENSMUSG00000019982,2,4,6,12,Myb,mus_musculus
,ENSXETG00000003725,1,4,3,8,myb,xenopus_tropicalis
,FBgn0002914,4,2,9,15,Myb,drosophila_melanogaster
,WBGene00001568,2,1,10,13,snpc-4,caenorhabditis_elegans
349,ENSG00000118526,2,4,2,8,TCF21,homo_sapiens
,ENSMUSG00000045680,1,4,1,6,Tcf21,mus_musculus
,ENSXETG00000000114,1,2,1,4,tcf21,xenopus_tropicalis
,FBgn0022740,1,1,1,3,HLH54F,drosophila_melanogaster
350,ENSG00000118620,5,49,18,72,ZNF430,homo_sapiens
,ENSMUSG00000030446,2,23,32,57,Zfp273,mus_musculus
,ENSMUSG00000048280,5,23,31,59,Zfp738,mus_musculus
,ENSMUSG00000051037,2,23,25,50,Zfp455,mus_musculus
,ENSMUSG00000052909,1,23,10,34,Gm9894,mus_musculus
,ENSMUSG00000055341,1,23,19,43,Zfp457,mus_musculus
,ENSMUSG00000055480,1,23,24,25,Zfp458,mus_musculus
,ENSMUSG00000055560,1,23,5,24,Zfp459,mus_musculus
,ENSMUSG00000057842,3,23,60,86,Zfp595,mus_musculus
,ENSMUSG00000058331,2,23,30,55,Zfp85,mus_musculus
,ENSMUSG00000058883,2,23,34,59,Zfp708,mus_musculus
,ENSMUSG00000058900,1,23,13,37,Rsl1,mus_musculus
,ENSMUSG00000059839,1,23,13,37,Zfp874b,mus_musculus
,ENSMUSG00000069184,1,23,15,39,Zfp72,mus_musculus
,ENSMUSG00000069206,2,23,13,38,Zfp874a,mus_musculus
,ENSMUSG00000071281,3,23,32,58,Zfp65,mus_musculus
,ENSMUSG00000071291,4,23,43,70,Zfp58,mus_musculus
,ENSMUSG00000074824,1,23,11,35,Rslcan18,mus_musculus
,ENSMUSG00000078994,2,23,14,39,Zfp429,mus_musculus
,ENSMUSG00000078995,2,23,13,38,Zfp456,mus_musculus
,ENSMUSG00000090659,2,23,13,38,Zfp493,mus_musculus
,ENSMUSG00000097333,3,23,19,45,Zfp87,mus_musculus
,ENSMUSG00000098905,1,23,9,33,Zfp953,mus_musculus
,ENSMUSG00000100235,1,23,17,41,Gm28557,mus_musculus
351,ENSG00000118689,3,5,2,10,FOXO3,homo_sapiens
,ENSMUSG00000048756,5,5,4,14,Foxo3,mus_musculus
,ENSXETG00000014847,1,4,1,6,foxo3,xenopus_tropicalis
,FBgn0038197,5,2,5,12,foxo,drosophila_melanogaster
,WBGene00000912,10,3,9,22,daf-16,caenorhabditis_elegans
352,ENSG00000118707,8,9,6,22,TGIF2,homo_sapiens
,ENSMUSG00000062175,2,9,2,13,Tgif2,mus_musculus
,FBgn0033748,2,3,2,7,vis,drosophila_melanogaster
,FBgn0033749,3,3,3,9,achi,drosophila_melanogaster
353,ENSG00000118922,2,12,6,20,KLF12,homo_sapiens
,ENSMUSG00000072294,1,13,3,17,Klf12,mus_musculus
,ENSXETG00000004714,1,11,4,16,klf12,xenopus_tropicalis
,FBgn0261705,1,6,3,10,CG42741,drosophila_melanogaster
354,ENSG00000119042,6,2,18,26,SATB2,homo_sapiens
,ENSMUSG00000038331,5,2,9,13,Satb2,mus_musculus
355,ENSG00000119138,1,15,3,19,KLF9,homo_sapiens
,ENSMUSG00000033863,1,15,3,18,Klf9,mus_musculus
,ENSXETG00000019051,1,14,3,4,klf9,xenopus_tropicalis
,FBgn0043364,3,4,9,16,cbt,drosophila_melanogaster
,WBGene00012735,1,2,3,6,sptf-3,caenorhabditis_elegans
356,ENSG00000119508,4,14,4,22,NR4A3,homo_sapiens
,ENSMUSG00000028341,2,15,2,19,Nr4a3,mus_musculus
,ENSXETG00000024016,1,14,1,16,nr4a2,xenopus_tropicalis
,FBgn0014859,2,2,2,6,Hr38,drosophila_melanogaster
,WBGene00003605,3,1,3,7,nhr-6,caenorhabditis_elegans
357,ENSG00000119547,1,5,2,8,ONECUT2,homo_sapiens
,ENSMUSG00000045991,2,5,4,11,Onecut2,mus_musculus
,ENSXETG00000031047,1,6,1,8,ONECUT2,xenopus_tropicalis
,FBgn0028996,2,2,4,8,onecut,drosophila_melanogaster
,WBGene00000444,1,6,2,9,ceh-21,caenorhabditis_elegans
,WBGene00000459,2,6,4,12,ceh-38,caenorhabditis_elegans
,WBGene00000460,1,6,2,9,ceh-39,caenorhabditis_elegans
,WBGene00015934,1,6,2,9,ceh-48,caenorhabditis_elegans
358,ENSG00000119574,5,12,16,33,ZBTB45,homo_sapiens
,ENSMUSG00000049600,2,12,10,24,Zbtb45,mus_musculus
,ENSXETG00000021232,1,12,2,15,zbtb45,xenopus_tropicalis
359,ENSG00000119608,3,2,0,5,PROX2,homo_sapiens
,ENSMUSG00000042320,2,2,0,4,Prox2,mus_musculus
,FBgn0004595,6,1,0,7,pros,drosophila_melanogaster
,WBGene00000448,1,1,0,2,pros-1,caenorhabditis_elegans
360,ENSG00000119614,1,3,3,7,VSX2,homo_sapiens
,ENSMUSG00000021239,2,3,6,11,Vsx2,mus_musculus
,ENSXETG00000013302,1,3,2,6,vsx2,xenopus_tropicalis
361,ENSG00000119715,4,12,4,20,ESRRB,homo_sapiens
,ENSMUSG00000021255,5,12,5,22,Esrrb,mus_musculus
,FBgn0035849,2,4,2,8,ERR,drosophila_melanogaster
362,ENSG00000119725,16,18,34,68,ZNF410,homo_sapiens
,ENSMUSG00000042472,1,18,5,24,Zfp410,mus_musculus
,ENSXETG00000002861,1,14,5,20,znf410,xenopus_tropicalis
363,ENSG00000119866,7,3,17,27,BCL11A,homo_sapiens
,ENSMUSG00000000861,4,3,11,18,Bcl11a,mus_musculus
,ENSXETG00000002206,2,2,15,19,bcl11a,xenopus_tropicalis
,FBgn0029939,4,1,20,25,CG9650,drosophila_melanogaster
,WBGene00017430,3,1,9,13,F13H6.1,caenorhabditis_elegans
364,ENSG00000119919,2,21,2,25,NKX2-3,homo_sapiens
,ENSMUSG00000044220,1,22,1,24,Nkx2-3,mus_musculus
,ENSXETG00000018430,1,23,1,25,nkx2-3,xenopus_tropicalis
365,ENSG00000119950,7,4,7,18,MXI1,homo_sapiens
,ENSMUSG00000025025,3,4,3,10,Mxi1,mus_musculus
,ENSXETG00000018714,1,4,1,6,mxi1,xenopus_tropicalis
,WBGene00003163,1,1,1,3,mdl-1,caenorhabditis_elegans
366,ENSG00000120068,3,16,3,22,HOXB8,homo_sapiens
,ENSMUSG00000056648,3,15,3,21,Hoxb8,mus_musculus
,ENSXETG00000021993,1,14,1,16,hoxb8,xenopus_tropicalis
,FBgn0000014,4,6,4,14,abd-A,drosophila_melanogaster
,FBgn0003944,6,6,6,18,Ubx,drosophila_melanogaster
367,ENSG00000120075,1,16,1,18,HOXB5,homo_sapiens
,ENSMUSG00000038700,1,15,1,17,Hoxb5,mus_musculus
,ENSXETG00000021978,1,14,1,16,hoxb5,xenopus_tropicalis
,WBGene00003024,2,1,2,5,lin-39,caenorhabditis_elegans
368,ENSG00000120093,10,20,8,38,HOXB3,homo_sapiens
,ENSMUSG00000048763,3,20,2,22,Hoxb3,mus_musculus
,FBgn0004053,1,11,1,12,zen,drosophila_melanogaster
369,ENSG00000120094,2,20,1,23,HOXB1,homo_sapiens
,ENSMUSG00000018973,1,20,1,22,Hoxb1,mus_musculus
,ENSXETG00000000715,1,22,2,25,hoxa1,xenopus_tropicalis
,ENSXETG00000001801,1,22,1,24,hoxd1,xenopus_tropicalis
,ENSXETG00000021964,1,22,1,24,hoxb1,xenopus_tropicalis
,FBgn0002522,2,11,2,15,lab,drosophila_melanogaster
,WBGene00000437,1,6,1,8,ceh-13,caenorhabditis_elegans
370,ENSG00000120149,2,21,1,24,MSX2,homo_sapiens
,ENSMUSG00000021469,1,22,1,24,Msx2,mus_musculus
,ENSXETG00000009168,1,23,1,25,msx2,xenopus_tropicalis
,ENSXETG00000016052,1,23,1,25,msx1,xenopus_tropicalis
371,ENSG00000120669,2,0,1,5,SOHLH2,homo_sapiens
,ENSMUSG00000027794,1,1,1,3,Sohlh2,mus_musculus
372,ENSG00000120690,5,12,4,21,ELF1,homo_sapiens
,ENSMUSG00000036461,2,11,2,15,Elf1,mus_musculus
,ENSXETG00000018893,1,10,1,12,elf1,xenopus_tropicalis
,FBgn0000567,5,3,5,13,Eip74EF,drosophila_melanogaster
,WBGene00016029,4,8,4,16,elf-1,caenorhabditis_elegans
373,ENSG00000120693,3,8,6,17,SMAD9,homo_sapiens
,ENSMUSG00000027796,1,8,2,11,Smad9,mus_musculus
,ENSXETG00000001820,1,10,2,13,smad9,xenopus_tropicalis
,ENSXETG00000023689,2,10,4,16,0,xenopus_tropicalis
,FBgn0011648,2,4,4,10,Mad,drosophila_melanogaster
,WBGene00004856,1,0,2,3,sma-2,caenorhabditis_elegans
374,ENSG00000120738,1,5,3,9,EGR1,homo_sapiens
,ENSMUSG00000038418,2,5,6,13,Egr1,mus_musculus
,ENSXETG00000006697,2,5,9,16,egr1,xenopus_tropicalis
,FBgn0003499,5,2,12,19,sr,drosophila_melanogaster
,WBGene00007772,1,5,3,9,egrh-1,caenorhabditis_elegans
,WBGene00043705,4,5,12,21,egrh-2,caenorhabditis_elegans
,WBGene00044651,2,5,3,10,egrh-3,caenorhabditis_elegans
375,ENSG00000120784,8,22,45,75,ZFP30,homo_sapiens
,ENSMUSG00000047473,2,11,27,40,Zfp30,mus_musculus
376,ENSG00000120798,6,12,4,22,NR2C1,homo_sapiens
,ENSMUSG00000005897,3,12,3,18,Nr2c1,mus_musculus
,ENSXETG00000023840,1,14,1,16,nr2c1,xenopus_tropicalis
,FBgn0015239,6,6,6,18,Hr78,drosophila_melanogaster
,WBGene00022423,7,4,6,18,nhr-41,caenorhabditis_elegans
377,ENSG00000120837,3,2,0,5,NFYB,homo_sapiens
,ENSMUSG00000020248,2,2,0,4,Nfyb,mus_musculus
,ENSXETG00000019656,1,1,0,2,nfyb,xenopus_tropicalis
,FBgn0032816,2,2,0,4,Nf-YB,drosophila_melanogaster
,WBGene00021132,1,1,0,2,nfyb-1,caenorhabditis_elegans
378,ENSG00000121068,1,13,1,15,TBX2,homo_sapiens
,ENSMUSG00000000093,1,13,1,15,Tbx2,mus_musculus
,ENSXETG00000020557,1,12,1,14,tbx2,xenopus_tropicalis
,FBgn0000179,7,8,7,22,bi,drosophila_melanogaster
,WBGene00006543,1,4,1,6,tbx-2,caenorhabditis_elegans
379,ENSG00000121075,3,13,3,19,TBX4,homo_sapiens
,ENSMUSG00000000094,3,13,3,19,Tbx4,mus_musculus
,ENSXETG00000010718,1,12,1,14,tbx4,xenopus_tropicalis
380,ENSG00000121297,2,3,3,8,TSHZ3,homo_sapiens
,ENSMUSG00000021217,1,3,3,7,Tshz3,mus_musculus
,ENSXETG00000016288,1,2,3,6,tshz3,xenopus_tropicalis
381,ENSG00000121406,4,34,33,71,ZNF549,homo_sapiens
382,ENSG00000121413,11,7,12,33,ZSCAN18,homo_sapiens
,ENSMUSG00000070822,1,5,2,8,Zscan18,mus_musculus
383,ENSG00000121417,7,34,89,130,ZNF211,homo_sapiens
384,ENSG00000121454,1,12,3,16,LHX4,homo_sapiens
,ENSMUSG00000026468,2,12,5,19,Lhx4,mus_musculus
,ENSXETG00000034077,1,13,3,17,LHX4,xenopus_tropicalis
,FBgn0002023,7,7,21,35,Lim3,drosophila_melanogaster
,WBGene00000438,1,7,3,11,ceh-14,caenorhabditis_elegans
385,ENSG00000121864,8,4,21,33,ZNF639,homo_sapiens
,ENSMUSG00000027667,6,5,15,26,Zfp639,mus_musculus
,ENSXETG00000007256,2,3,10,15,znf639,xenopus_tropicalis
,FBgn0259785,2,1,10,13,pzg,drosophila_melanogaster
386,ENSG00000121903,2,4,12,18,ZSCAN20,homo_sapiens
,ENSMUSG00000061894,3,3,11,17,Zscan20,mus_musculus
387,ENSG00000122034,2,4,16,22,GTF3A,homo_sapiens
,ENSMUSG00000016503,2,3,16,21,Gtf3a,mus_musculus
,ENSXETG00000032930,1,3,7,11,GTF3A,xenopus_tropicalis
,FBgn0030787,1,1,7,9,CG9609,drosophila_melanogaster
388,ENSG00000122145,2,13,2,17,TBX22,homo_sapiens
,ENSMUSG00000031241,4,13,4,21,Tbx22,mus_musculus
,ENSXETG00000006730,1,12,1,14,tbx22,xenopus_tropicalis
389,ENSG00000122180,1,4,1,6,MYOG,homo_sapiens
,ENSMUSG00000026459,1,4,1,6,Myog,mus_musculus
,ENSXETG00000001704,1,4,2,7,myog,xenopus_tropicalis
,FBgn0002922,2,1,2,5,nau,drosophila_melanogaster
,WBGene00001948,3,1,3,7,hlh-1,caenorhabditis_elegans
390,ENSG00000122386,6,2,31,39,ZNF205,homo_sapiens
,ENSMUSG00000062012,2,2,18,22,Zfp13,mus_musculus
391,ENSG00000122515,7,6,6,19,ZMIZ2,homo_sapiens
,ENSMUSG00000041164,5,6,5,16,Zmiz2,mus_musculus
,ENSXETG00000018991,1,6,2,9,zmiz2,xenopus_tropicalis
,FBgn0026160,3,2,3,8,tna,drosophila_melanogaster
392,ENSG00000122592,2,16,1,19,HOXA7,homo_sapiens
,ENSMUSG00000038236,4,15,1,20,Hoxa7,mus_musculus
,ENSXETG00000000722,1,14,1,16,hoxa7,xenopus_tropicalis
,FBgn0260642,11,6,10,26,Antp,drosophila_melanogaster
393,ENSG00000122691,1,11,1,13,TWIST1,homo_sapiens
,ENSMUSG00000035799,1,11,1,13,Twist1,mus_musculus
,ENSXETG00000010663,1,11,1,13,twist2,xenopus_tropicalis
,FBgn0003900,3,5,3,11,twi,drosophila_melanogaster
,WBGene00001953,1,2,1,4,hlh-8,caenorhabditis_elegans
394,ENSG00000122859,1,10,1,12,NEUROG3,homo_sapiens
,ENSMUSG00000044312,1,10,1,12,Neurog3,mus_musculus
,ENSXETG00000026423,1,9,1,11,neurog3,xenopus_tropicalis
,FBgn0015550,1,5,1,7,tap,drosophila_melanogaster
,WBGene00003595,1,3,1,5,ngn-1,caenorhabditis_elegans
395,ENSG00000122877,3,5,9,17,EGR2,homo_sapiens
,ENSMUSG00000037868,7,5,9,21,Egr2,mus_musculus
,ENSXETG00000014066,1,5,4,10,egr2,xenopus_tropicalis
,FBgn0003499,5,2,12,19,sr,drosophila_melanogaster
,WBGene00007772,1,5,3,9,egrh-1,caenorhabditis_elegans
,WBGene00043705,4,5,12,21,egrh-2,caenorhabditis_elegans
,WBGene00044651,2,5,3,10,egrh-3,caenorhabditis_elegans
396,ENSG00000123095,1,2,2,5,BHLHE41,homo_sapiens
,ENSMUSG00000030256,2,2,3,7,Bhlhe41,mus_musculus
,ENSXETG00000023482,2,2,4,8,bhlhe41,xenopus_tropicalis
397,ENSG00000123268,3,3,4,10,ATF1,homo_sapiens
,ENSMUSG00000023027,6,3,4,13,Atf1,mus_musculus
,ENSXETG00000007299,2,2,4,8,atf1,xenopus_tropicalis
,FBgn0265784,8,1,15,24,CrebB,drosophila_melanogaster
,WBGene00000793,7,1,12,20,crh-1,caenorhabditis_elegans
398,ENSG00000123307,1,10,1,12,NEUROD4,homo_sapiens
,ENSMUSG00000048015,1,10,1,12,Neurod4,mus_musculus
,ENSXETG00000004295,2,9,2,13,neurod4,xenopus_tropicalis
,WBGene00000561,1,3,1,5,cnd-1,caenorhabditis_elegans
399,ENSG00000123358,13,14,8,35,NR4A1,homo_sapiens
,ENSMUSG00000023034,1,15,1,17,Nr4a1,mus_musculus
,ENSXETG00000000579,2,14,2,18,nr4a1,xenopus_tropicalis
,FBgn0014859,2,2,2,6,Hr38,drosophila_melanogaster
,WBGene00003605,3,1,3,7,nhr-6,caenorhabditis_elegans
400,ENSG00000123364,1,17,1,19,HOXC13,homo_sapiens
,ENSMUSG00000001655,1,16,1,18,Hoxc13,mus_musculus
,ENSXETG00000025184,1,14,1,16,hoxc13,xenopus_tropicalis
,FBgn0000015,7,1,7,15,Abd-B,drosophila_melanogaster
401,ENSG00000123388,2,17,1,20,HOXC11,homo_sapiens
,ENSMUSG00000001656,1,16,1,18,Hoxc11,mus_musculus
,ENSXETG00000023471,1,14,1,16,hoxc11,xenopus_tropicalis
,FBgn0000015,7,1,7,15,Abd-B,drosophila_melanogaster
402,ENSG00000123405,5,7,5,17,NFE2,homo_sapiens
,ENSMUSG00000058794,10,7,4,21,Nfe2,mus_musculus
,ENSXETG00000027400,1,7,1,9,nfe2,xenopus_tropicalis
,FBgn0262975,16,1,16,33,cnc,drosophila_melanogaster
403,ENSG00000123407,1,17,1,19,HOXC12,homo_sapiens
,ENSMUSG00000050328,1,16,1,18,Hoxc12,mus_musculus
,ENSXETG00000023470,1,14,1,16,hoxc12,xenopus_tropicalis
,FBgn0000015,7,1,7,15,Abd-B,drosophila_melanogaster
404,ENSG00000123411,5,6,12,19,IKZF4,homo_sapiens
,ENSMUSG00000002578,3,6,12,21,Ikzf4,mus_musculus
,ENSXETG00000009449,1,6,4,11,ikzf4,xenopus_tropicalis
405,ENSG00000123576,1,4,1,6,ESX1,homo_sapiens
,ENSMUSG00000023443,3,5,2,10,Esx1,mus_musculus
406,ENSG00000123636,8,8,11,27,BAZ2B,homo_sapiens
,ENSMUSG00000026987,4,8,9,21,Baz2b,mus_musculus
,ENSXETG00000007584,2,8,10,20,baz2b,xenopus_tropicalis
,FBgn0033636,5,5,21,31,tou,drosophila_melanogaster
,WBGene00001470,1,4,4,9,flt-1,caenorhabditis_elegans
407,ENSG00000123685,1,3,1,5,BATF3,homo_sapiens
,ENSMUSG00000026630,1,3,1,5,Batf3,mus_musculus
408,ENSG00000123933,1,4,1,6,MXD4,homo_sapiens
,ENSMUSG00000037235,2,4,2,8,Mxd4,mus_musculus
,ENSXETG00000020483,1,4,1,6,mxd4,xenopus_tropicalis
,WBGene00003163,1,1,1,3,mdl-1,caenorhabditis_elegans
409,ENSG00000124092,16,5,146,167,CTCFL,homo_sapiens
,ENSMUSG00000070495,2,5,22,29,Ctcfl,mus_musculus
,FBgn0035769,1,3,11,15,CTCF,drosophila_melanogaster
,WBGene00009553,1,1,5,7,F39B2.1,caenorhabditis_elegans
410,ENSG00000124191,5,5,4,14,TOX2,homo_sapiens
,ENSMUSG00000074607,5,5,3,13,Tox2,mus_musculus
,ENSXETG00000021435,2,5,1,8,tox2,xenopus_tropicalis
,FBgn0035238,3,6,3,12,CG12104,drosophila_melanogaster
,WBGene00009827,1,4,1,6,hmg-6,caenorhabditis_elegans
411,ENSG00000124203,1,4,2,7,ZNF831,homo_sapiens
,ENSMUSG00000050600,1,4,2,7,Zfp831,mus_musculus
,FBgn0003396,6,1,42,49,shn,drosophila_melanogaster
,WBGene00004862,14,1,51,71,sma-9,caenorhabditis_elegans
412,ENSG00000124216,1,5,4,10,SNAI1,homo_sapiens
,ENSMUSG00000042821,1,5,4,10,Snai1,mus_musculus
,FBgn0001981,1,7,5,13,esg,drosophila_melanogaster
,FBgn0001983,1,7,6,14,wor,drosophila_melanogaster
,FBgn0003448,1,7,5,13,sna,drosophila_melanogaster
413,ENSG00000124232,4,2,0,6,RBPJL,homo_sapiens
,ENSMUSG00000017007,1,2,0,3,Rbpjl,mus_musculus
,WBGene00002245,4,1,0,5,lag-1,caenorhabditis_elegans
414,ENSG00000124440,6,13,10,29,HIF3A,homo_sapiens
,ENSMUSG00000004328,4,13,8,25,Hif3a,mus_musculus
,FBgn0266411,4,6,9,19,sima,drosophila_melanogaster
415,ENSG00000124444,6,1,18,19,ZNF576,homo_sapiens
416,ENSG00000124459,4,22,57,79,ZNF45,homo_sapiens
,ENSMUSG00000074282,2,11,24,37,Zfp94,mus_musculus
,FBgn0030005,1,1,6,8,CG2120,drosophila_melanogaster
417,ENSG00000124496,5,3,24,32,TRERF1,homo_sapiens
,ENSXETG00000000198,1,2,5,8,trerf1,xenopus_tropicalis
,FBgn0037698,5,1,37,43,CG16779,drosophila_melanogaster
,WBGene00010012,4,1,12,17,saeg-1,caenorhabditis_elegans
418,ENSG00000124613,2,9,10,21,ZNF391,homo_sapiens
,ENSXETG00000011203,1,4,9,14,0,xenopus_tropicalis
,ENSXETG00000032038,1,4,9,14,0,xenopus_tropicalis
,FBgn0000286,5,3,26,34,Cf2,drosophila_melanogaster
,FBgn0004618,3,3,14,20,gl,drosophila_melanogaster
,FBgn0005694,4,3,16,23,Aef1,drosophila_melanogaster
,WBGene00000483,2,1,8,11,che-1,caenorhabditis_elegans
419,ENSG00000124664,2,12,4,18,SPDEF,homo_sapiens
,ENSMUSG00000024215,4,11,6,21,Spdef,mus_musculus
,ENSXETG00000034149,1,10,1,12,spdef,xenopus_tropicalis
,FBgn0005659,2,3,4,9,Ets98B,drosophila_melanogaster
,WBGene00017687,2,8,4,14,ets-4,caenorhabditis_elegans
420,ENSG00000124766,1,17,1,19,SOX4,homo_sapiens
,ENSMUSG00000076431,1,16,1,2,Sox4,mus_musculus
,ENSXETG00000024011,1,14,1,16,sox12,xenopus_tropicalis
,FBgn0005612,3,7,3,13,Sox14,drosophila_melanogaster
,WBGene00004771,2,3,2,7,sem-2,caenorhabditis_elegans
421,ENSG00000124782,9,5,74,88,RREB1,homo_sapiens
,ENSMUSG00000039087,9,5,65,79,Rreb1,mus_musculus
,ENSXETG00000015435,1,4,14,19,rreb1,xenopus_tropicalis
,FBgn0003053,2,3,20,22,peb,drosophila_melanogaster
,WBGene00009553,1,1,5,7,F39B2.1,caenorhabditis_elegans
422,ENSG00000124813,7,3,7,17,RUNX2,homo_sapiens
,ENSMUSG00000039153,9,3,9,21,Runx2,mus_musculus
,ENSXETG00000001397,2,3,2,7,runx2,xenopus_tropicalis
,FBgn0002576,2,4,2,8,lz,drosophila_melanogaster
,FBgn0003300,3,4,3,10,run,drosophila_melanogaster
,FBgn0083981,3,4,3,10,RunxA,drosophila_melanogaster
,FBgn0259162,1,4,1,6,RunxB,drosophila_melanogaster
,WBGene00004393,1,1,1,3,rnt-1,caenorhabditis_elegans
423,ENSG00000124827,1,2,1,4,GCM2,homo_sapiens
,ENSMUSG00000021362,1,2,1,4,Gcm2,mus_musculus
,ENSXETG00000001068,1,2,1,4,gcm2,xenopus_tropicalis
,FBgn0014179,2,2,2,6,gcm,drosophila_melanogaster
,FBgn0019809,1,2,1,4,gcm2,drosophila_melanogaster
424,ENSG00000124920,3,2,5,10,MYRF,homo_sapiens
,ENSMUSG00000036098,4,2,7,13,Myrf,mus_musculus
,ENSXETG00000006702,1,2,0,3,myrf,xenopus_tropicalis
,FBgn0034985,3,1,3,7,CG3328,drosophila_melanogaster
,WBGene00004134,1,2,1,4,pqn-47,caenorhabditis_elegans
,WBGene00008999,7,2,7,16,F21A10.2,caenorhabditis_elegans
425,ENSG00000125285,1,17,1,19,SOX21,homo_sapiens
,ENSMUSG00000061517,1,16,1,18,Sox21,mus_musculus
,ENSXETG00000010955,1,14,2,17,sox21,xenopus_tropicalis
,FBgn0000411,4,7,4,15,D,drosophila_melanogaster
,WBGene00004950,1,3,1,5,sox-3,caenorhabditis_elegans
426,ENSG00000125347,6,9,6,21,IRF1,homo_sapiens
,ENSMUSG00000018899,7,9,4,22,Irf1,mus_musculus
,ENSXETG00000016586,1,12,0,13,irf1,xenopus_tropicalis
427,ENSG00000125398,1,17,1,19,SOX9,homo_sapiens
,ENSMUSG00000000567,1,16,1,18,Sox9,mus_musculus
,ENSXETG00000022348,1,14,2,15,sox9,xenopus_tropicalis
,FBgn0024288,1,7,1,9,Sox100B,drosophila_melanogaster
428,ENSG00000125482,2,2,4,8,TTF1,homo_sapiens
,ENSMUSG00000026803,1,3,2,6,Ttf1,mus_musculus
429,ENSG00000125492,2,16,2,20,BARHL1,homo_sapiens
,ENSMUSG00000026805,3,16,3,22,Barhl1,mus_musculus
,ENSXETG00000006257,1,16,1,18,barhl1,xenopus_tropicalis
,FBgn0004854,2,11,2,15,B-H2,drosophila_melanogaster
,FBgn0011758,2,11,1,14,B-H1,drosophila_melanogaster
,WBGene00000451,1,4,1,6,ceh-30,caenorhabditis_elegans
,WBGene00000452,1,4,1,6,ceh-31,caenorhabditis_elegans
430,ENSG00000125520,1,3,1,5,SLC2A4RG,homo_sapiens
,FBgn0267336,8,1,0,9,Glut4EF,drosophila_melanogaster
431,ENSG00000125533,2,5,2,9,BHLHE23,homo_sapiens
,ENSMUSG00000045493,1,5,1,7,Bhlhe23,mus_musculus
,ENSXETG00000006104,1,5,1,2,bhlhe23,xenopus_tropicalis
,FBgn0032651,4,1,4,9,Oli,drosophila_melanogaster
,WBGene00001961,1,4,1,6,hlh-17,caenorhabditis_elegans
,WBGene00009540,1,4,1,6,hlh-31,caenorhabditis_elegans
,WBGene00013665,1,4,1,6,hlh-32,caenorhabditis_elegans
432,ENSG00000125618,9,9,5,23,PAX8,homo_sapiens
,ENSMUSG00000026976,5,9,5,19,Pax8,mus_musculus
,ENSXETG00000001272,1,9,1,11,pax8,xenopus_tropicalis
,FBgn0005561,7,10,7,24,sv,drosophila_melanogaster
,WBGene00001204,1,7,1,9,egl-38,caenorhabditis_elegans
,WBGene00003938,2,7,2,11,pax-2,caenorhabditis_elegans
433,ENSG00000125740,11,4,7,21,FOSB,homo_sapiens
,ENSMUSG00000003545,6,4,3,13,Fosb,mus_musculus
,ENSXETG00000018237,1,4,1,6,fosb,xenopus_tropicalis
,FBgn0001297,5,1,5,11,kay,drosophila_melanogaster
434,ENSG00000125798,2,24,2,26,FOXA2,homo_sapiens
,ENSMUSG00000037025,3,19,2,25,Foxa2,mus_musculus
,ENSXETG00000026998,2,19,7,28,foxa2,xenopus_tropicalis
,FBgn0000659,5,6,5,16,fkh,drosophila_melanogaster
,WBGene00004013,3,3,3,9,pha-4,caenorhabditis_elegans
435,ENSG00000125812,3,1,22,26,GZF1,homo_sapiens
,ENSMUSG00000027439,2,1,12,15,Gzf1,mus_musculus
,ENSXETG00000004510,1,1,11,13,gzf1,xenopus_tropicalis
436,ENSG00000125813,3,9,3,15,PAX1,homo_sapiens
,ENSMUSG00000037034,2,9,3,14,Pax1,mus_musculus
,ENSXETG00000023497,1,9,1,11,pax1,xenopus_tropicalis
,FBgn0003129,1,10,1,12,Poxm,drosophila_melanogaster
,WBGene00003937,1,7,1,9,pax-1,caenorhabditis_elegans
437,ENSG00000125816,1,21,1,23,NKX2-4,homo_sapiens
,ENSMUSG00000054160,1,22,1,24,Nkx2-4,mus_musculus
438,ENSG00000125820,1,21,1,23,NKX2-2,homo_sapiens
,ENSMUSG00000027434,2,22,2,26,Nkx2-2,mus_musculus
,ENSXETG00000023499,1,23,1,25,nkx2-2,xenopus_tropicalis
,FBgn0261930,2,9,2,13,vnd,drosophila_melanogaster
439,ENSG00000125846,13,7,144,179,ZNF133,homo_sapiens
440,ENSG00000125850,1,3,4,8,OVOL2,homo_sapiens
,ENSMUSG00000037279,2,3,6,11,Ovol2,mus_musculus
,ENSXETG00000024897,1,3,3,7,ovol2,xenopus_tropicalis
,FBgn0003028,5,1,15,18,ovo,drosophila_melanogaster
,WBGene00003033,1,1,3,5,lin-48,caenorhabditis_elegans
441,ENSG00000125878,2,11,2,15,TCF15,homo_sapiens
,ENSMUSG00000068079,1,11,1,13,Tcf15,mus_musculus
,ENSXETG00000002557,1,11,1,13,tcf15,xenopus_tropicalis
,FBgn0053557,1,5,1,7,CG33557,drosophila_melanogaster
442,ENSG00000125945,2,17,26,45,ZNF436,homo_sapiens
,ENSMUSG00000051351,4,10,16,18,Zfp46,mus_musculus
,ENSXETG00000015106,1,2,14,17,0,xenopus_tropicalis
,ENSXETG00000031460,1,2,15,18,0,xenopus_tropicalis
443,ENSG00000125952,14,1,10,25,MAX,homo_sapiens
,ENSMUSG00000059436,2,1,2,5,Max,mus_musculus
,ENSXETG00000007650,3,1,3,7,max,xenopus_tropicalis
,FBgn0017578,3,1,3,7,Max,drosophila_melanogaster
,WBGene00003509,1,2,1,4,mxl-1,caenorhabditis_elegans
,WBGene00003511,1,2,1,4,mxl-3,caenorhabditis_elegans
444,ENSG00000125968,2,4,2,8,ID1,homo_sapiens
,ENSMUSG00000042745,2,4,2,8,Id1,mus_musculus
,FBgn0000575,1,1,1,3,emc,drosophila_melanogaster
445,ENSG00000126003,1,3,6,10,PLAGL2,homo_sapiens
,ENSMUSG00000051413,2,3,12,17,Plagl2,mus_musculus
,FBgn0261679,1,1,7,9,CG42726,drosophila_melanogaster
446,ENSG00000126012,5,5,20,26,KDM5C,homo_sapiens
,ENSMUSG00000025332,5,5,12,22,Kdm5c,mus_musculus
,ENSXETG00000007178,1,5,4,10,kdm5c,xenopus_tropicalis
,WBGene00004319,2,1,8,11,rbr-2,caenorhabditis_elegans
447,ENSG00000126351,9,14,6,28,THRA,homo_sapiens
,ENSMUSG00000058756,4,15,3,22,Thra,mus_musculus
,ENSXETG00000024399,1,14,1,16,thra,xenopus_tropicalis
448,ENSG00000126368,1,8,1,10,NR1D1,homo_sapiens
,ENSMUSG00000020889,1,8,1,10,Nr1d1,mus_musculus
,ENSXETG00000024397,2,10,5,17,nr1d1,xenopus_tropicalis
,FBgn0000568,7,8,6,21,Eip75B,drosophila_melanogaster
,WBGene00003629,2,10,1,3,nhr-38,caenorhabditis_elegans
,WBGene00003675,2,10,1,11,nhr-85,caenorhabditis_elegans
449,ENSG00000126456,22,9,12,42,IRF3,homo_sapiens
,ENSMUSG00000003184,7,9,4,20,Irf3,mus_musculus
,ENSXETG00000002863,1,12,0,13,irf3,xenopus_tropicalis
,ENSXETG00000033198,1,12,0,13,0,xenopus_tropicalis
450,ENSG00000126561,7,7,5,19,STAT5A,homo_sapiens
,ENSMUSG00000004043,5,7,3,15,Stat5a,mus_musculus
,ENSXETG00000000836,1,6,2,9,stat5b,xenopus_tropicalis
,FBgn0016917,11,1,11,23,Stat92E,drosophila_melanogaster
,WBGene00013111,3,1,0,4,sta-1,caenorhabditis_elegans
451,ENSG00000126603,2,18,8,10,GLIS2,homo_sapiens
,ENSMUSG00000014303,2,18,4,24,Glis2,mus_musculus
,ENSXETG00000024432,1,14,2,17,glis2,xenopus_tropicalis
,FBgn0033782,2,7,10,19,sug,drosophila_melanogaster
452,ENSG00000126733,6,2,0,8,DACH2,homo_sapiens
,ENSMUSG00000025592,5,2,0,7,Dach2,mus_musculus
,ENSXETG00000015905,2,2,0,4,dach2,xenopus_tropicalis
,FBgn0005677,6,1,0,7,dac,drosophila_melanogaster
,WBGene00000895,2,1,0,3,dac-1,caenorhabditis_elegans
453,ENSG00000126746,12,4,35,51,ZNF384,homo_sapiens
,ENSMUSG00000038346,9,4,56,63,Zfp384,mus_musculus
,ENSXETG00000011532,1,2,7,10,znf384,xenopus_tropicalis
,FBgn0010768,1,4,5,10,sqz,drosophila_melanogaster
,FBgn0267337,4,4,17,31,rn,drosophila_melanogaster
,WBGene00003015,3,1,15,19,lin-29,caenorhabditis_elegans
454,ENSG00000126767,3,12,3,18,ELK1,homo_sapiens
,ENSMUSG00000009406,1,11,1,13,Elk1,mus_musculus
,ENSXETG00000024193,1,10,1,12,elk1,xenopus_tropicalis
455,ENSG00000126778,2,6,1,9,SIX1,homo_sapiens
,ENSMUSG00000051367,1,6,1,8,Six1,mus_musculus
,ENSXETG00000016943,1,5,1,7,six1,xenopus_tropicalis
,FBgn0003460,1,3,1,5,so,drosophila_melanogaster
,WBGene00000454,1,4,1,6,ceh-33,caenorhabditis_elegans
,WBGene00000455,1,4,1,6,ceh-34,caenorhabditis_elegans
456,ENSG00000126804,5,16,9,30,ZBTB1,homo_sapiens
,ENSMUSG00000033454,1,15,5,21,Zbtb1,mus_musculus
,ENSXETG00000022532,1,17,5,23,zbtb1,xenopus_tropicalis
,WBGene00016154,1,1,5,7,C27A12.2,caenorhabditis_elegans
457,ENSG00000127081,4,20,76,100,ZNF484,homo_sapiens
,ENSXETG00000023927,1,16,19,36,0,xenopus_tropicalis
,ENSXETG00000025844,1,16,26,27,0,xenopus_tropicalis
,FBgn0020309,9,1,138,148,crol,drosophila_melanogaster
458,ENSG00000127124,3,4,15,22,HIVEP3,homo_sapiens
,ENSMUSG00000028634,3,4,10,17,Hivep3,mus_musculus
,ENSXETG00000012923,1,3,7,11,hivep3,xenopus_tropicalis
,FBgn0003396,6,1,42,49,shn,drosophila_melanogaster
,WBGene00004862,14,1,51,71,sma-9,caenorhabditis_elegans
459,ENSG00000127152,3,3,18,24,BCL11B,homo_sapiens
,ENSMUSG00000048251,3,3,18,24,Bcl11b,mus_musculus
,ENSXETG00000011434,2,2,14,18,bcl11b,xenopus_tropicalis
,FBgn0029939,4,1,20,25,CG9650,drosophila_melanogaster
,WBGene00017430,3,1,9,13,F13H6.1,caenorhabditis_elegans
460,ENSG00000127337,4,2,3,9,YEATS4,homo_sapiens
,ENSMUSG00000020171,1,2,1,4,Yeats4,mus_musculus
,ENSXETG00000026783,1,2,1,4,yeats4,xenopus_tropicalis
,FBgn0031873,1,2,1,4,Gas41,drosophila_melanogaster
,WBGene00001585,1,2,1,4,gfl-1,caenorhabditis_elegans
,WBGene00013692,1,2,1,4,Y105E8B.7,caenorhabditis_elegans
461,ENSG00000127528,2,12,3,17,KLF2,homo_sapiens
,ENSMUSG00000055148,1,13,3,17,Klf2,mus_musculus
,WBGene00018990,2,3,6,11,klf-1,caenorhabditis_elegans
462,ENSG00000127903,2,1,14,17,ZNF835,homo_sapiens
,ENSXETG00000030059,1,1,15,16,ZNF835,xenopus_tropicalis
463,ENSG00000128000,5,20,73,98,ZNF780B,homo_sapiens
,ENSXETG00000023927,1,16,19,36,0,xenopus_tropicalis
,ENSXETG00000025844,1,16,26,27,0,xenopus_tropicalis
,FBgn0020309,9,1,138,148,crol,drosophila_melanogaster
464,ENSG00000128272,3,2,3,8,ATF4,homo_sapiens
,ENSMUSG00000042406,1,2,1,4,Atf4,mus_musculus
,ENSXETG00000024806,1,3,1,5,atf4,xenopus_tropicalis
465,ENSG00000128573,18,14,11,43,FOXP2,homo_sapiens
,ENSMUSG00000029563,11,16,4,31,Foxp2,mus_musculus
,ENSXETG00000011560,2,14,4,20,foxp2,xenopus_tropicalis
,WBGene00001439,14,5,12,31,fkh-7,caenorhabditis_elegans
466,ENSG00000128604,11,9,11,31,IRF5,homo_sapiens
,ENSMUSG00000029771,5,9,5,19,Irf5,mus_musculus
,ENSXETG00000015005,1,12,0,13,irf5,xenopus_tropicalis
467,ENSG00000128610,3,4,12,19,FEZF1,homo_sapiens
,ENSMUSG00000029697,1,4,6,11,Fezf1,mus_musculus
,ENSXETG00000022748,1,4,6,11,fezf1,xenopus_tropicalis
,FBgn0031375,4,4,24,32,erm,drosophila_melanogaster
,WBGene00012639,1,2,6,9,fezf-1,caenorhabditis_elegans
468,ENSG00000128645,1,20,1,22,HOXD1,homo_sapiens
,ENSMUSG00000042448,1,20,1,22,Hoxd1,mus_musculus
,ENSXETG00000000715,1,22,2,25,hoxa1,xenopus_tropicalis
,ENSXETG00000001801,1,22,1,24,hoxd1,xenopus_tropicalis
,ENSXETG00000021964,1,22,1,24,hoxb1,xenopus_tropicalis
,FBgn0002522,2,11,2,15,lab,drosophila_melanogaster
,WBGene00000437,1,6,1,8,ceh-13,caenorhabditis_elegans
469,ENSG00000128652,3,20,2,25,HOXD3,homo_sapiens
,ENSMUSG00000079277,5,20,4,29,Hoxd3,mus_musculus
,FBgn0004053,1,11,1,12,zen,drosophila_melanogaster
470,ENSG00000128709,2,17,2,21,HOXD9,homo_sapiens
,ENSMUSG00000043342,1,16,1,18,Hoxd9,mus_musculus
,ENSXETG00000007581,1,14,1,16,hoxd9,xenopus_tropicalis
,FBgn0000015,7,1,7,15,Abd-B,drosophila_melanogaster
471,ENSG00000128710,1,17,1,19,HOXD10,homo_sapiens
,ENSMUSG00000050368,1,16,1,18,Hoxd10,mus_musculus
,ENSXETG00000007580,1,14,1,16,hoxd10,xenopus_tropicalis
,FBgn0000015,7,1,7,15,Abd-B,drosophila_melanogaster
472,ENSG00000128713,2,17,2,21,HOXD11,homo_sapiens
,ENSMUSG00000042499,1,16,1,18,Hoxd11,mus_musculus
,ENSXETG00000032416,1,14,1,16,HOXD11,xenopus_tropicalis
,FBgn0000015,7,1,7,15,Abd-B,drosophila_melanogaster
473,ENSG00000128714,1,17,1,19,HOXD13,homo_sapiens
,ENSMUSG00000001819,1,16,1,18,Hoxd13,mus_musculus
,ENSXETG00000007575,1,14,1,16,hoxd13,xenopus_tropicalis
,FBgn0000015,7,1,7,15,Abd-B,drosophila_melanogaster
474,ENSG00000129028,2,1,1,4,THAP10,homo_sapiens
475,ENSG00000129071,5,2,4,11,MBD4,homo_sapiens
,ENSMUSG00000030322,3,2,2,7,Mbd4,mus_musculus
,ENSXETG00000026622,1,2,1,4,mbd4,xenopus_tropicalis
476,ENSG00000129152,1,4,1,6,MYOD1,homo_sapiens
,ENSMUSG00000009471,1,4,1,6,Myod1,mus_musculus
,ENSXETG00000001320,1,4,1,6,myod1,xenopus_tropicalis
,FBgn0002922,2,1,2,5,nau,drosophila_melanogaster
,WBGene00001948,3,1,3,7,hlh-1,caenorhabditis_elegans
477,ENSG00000129173,4,2,0,6,E2F8,homo_sapiens
,ENSMUSG00000046179,2,2,0,4,E2f8,mus_musculus
,ENSXETG00000004436,1,2,0,3,e2f8,xenopus_tropicalis
,WBGene00009899,1,1,0,2,efl-3,caenorhabditis_elegans
478,ENSG00000129194,3,17,3,23,SOX15,homo_sapiens
,ENSMUSG00000041287,1,0,1,18,Sox15,mus_musculus
479,ENSG00000129514,1,24,1,26,FOXA1,homo_sapiens
,ENSMUSG00000035451,1,19,1,21,Foxa1,mus_musculus
,FBgn0000659,5,6,5,16,fkh,drosophila_melanogaster
,WBGene00004013,3,3,3,9,pha-4,caenorhabditis_elegans
480,ENSG00000129535,6,7,5,18,NRL,homo_sapiens
,ENSMUSG00000040632,3,7,3,13,Nrl,mus_musculus
,ENSXETG00000022130,2,7,2,11,nrl,xenopus_tropicalis
,FBgn0000964,2,2,0,4,tj,drosophila_melanogaster
,WBGene00077521,1,1,0,2,maf-1,caenorhabditis_elegans
481,ENSG00000129654,1,14,1,16,FOXJ1,homo_sapiens
,ENSMUSG00000034227,1,16,1,18,Foxj1,mus_musculus
,ENSXETG00000019549,1,14,1,16,foxj1,xenopus_tropicalis
482,ENSG00000129911,3,15,8,26,KLF16,homo_sapiens
,ENSMUSG00000035397,1,15,3,19,Klf16,mus_musculus
,FBgn0043364,3,4,9,16,cbt,drosophila_melanogaster
,WBGene00012735,1,2,3,6,sptf-3,caenorhabditis_elegans
483,ENSG00000130182,7,2,58,53,ZSCAN10,homo_sapiens
,ENSMUSG00000023902,9,2,78,89,Zscan10,mus_musculus
484,ENSG00000130338,2,6,6,14,TULP4,homo_sapiens
,ENSMUSG00000034377,4,9,4,17,Tulp4,mus_musculus
,ENSXETG00000032878,2,6,10,18,TULP4,xenopus_tropicalis
,FBgn0039530,4,3,12,19,Tusp,drosophila_melanogaster
,WBGene00022139,2,3,2,7,tub-2,caenorhabditis_elegans
485,ENSG00000130382,1,2,1,4,MLLT1,homo_sapiens
,ENSMUSG00000024212,1,2,1,4,Mllt1,mus_musculus
,ENSXETG00000021875,2,2,6,10,mllt1,xenopus_tropicalis
,FBgn0026441,3,1,3,7,ear,drosophila_melanogaster
486,ENSG00000130522,2,3,2,6,JUND,homo_sapiens
,ENSMUSG00000071076,1,3,1,5,Jund,mus_musculus
,ENSXETG00000006441,1,4,2,7,jund,xenopus_tropicalis
,FBgn0001291,3,1,3,7,Jra,drosophila_melanogaster
487,ENSG00000130544,2,8,22,32,ZNF557,homo_sapiens
488,ENSG00000130675,6,20,3,29,MNX1,homo_sapiens
,ENSMUSG00000001566,2,20,2,24,Mnx1,mus_musculus
,ENSXETG00000021615,1,22,1,24,mnx1,xenopus_tropicalis
,FBgn0041156,1,11,1,13,exex,drosophila_melanogaster
489,ENSG00000130684,2,7,42,51,ZNF337,homo_sapiens
490,ENSG00000130700,1,6,2,3,GATA5,homo_sapiens
,ENSMUSG00000015627,1,6,2,9,Gata5,mus_musculus
,ENSXETG00000005127,1,6,2,9,gata5,xenopus_tropicalis
,FBgn0003117,4,5,8,17,pnr,drosophila_melanogaster
491,ENSG00000130711,1,3,4,8,PRDM12,homo_sapiens
,ENSMUSG00000079466,1,3,4,8,Prdm12,mus_musculus
,ENSXETG00000001343,1,3,1,5,prdm12,xenopus_tropicalis
,WBGene00018567,1,1,5,7,F47E1.3,caenorhabditis_elegans
492,ENSG00000130751,5,13,4,22,NPAS1,homo_sapiens
,ENSMUSG00000001988,1,13,2,16,Npas1,mus_musculus
,FBgn0262139,7,6,21,34,trh,drosophila_melanogaster
493,ENSG00000130803,3,8,28,39,ZNF317,homo_sapiens
,ENSMUSG00000057551,2,2,28,32,Zfp317,mus_musculus
494,ENSG00000130818,4,10,40,54,ZNF426,homo_sapiens
,ENSMUSG00000059475,10,4,75,89,Zfp426,mus_musculus
495,ENSG00000130844,18,22,105,145,ZNF331,homo_sapiens
496,ENSG00000130856,3,2,69,74,ZNF236,homo_sapiens
,ENSMUSG00000041258,3,2,60,65,Zfp236,mus_musculus
,ENSXETG00000010789,1,2,30,33,znf236,xenopus_tropicalis
497,ENSG00000130940,3,1,5,9,CASZ1,homo_sapiens
,ENSMUSG00000028977,4,1,7,8,Casz1,mus_musculus
,ENSXETG00000006312,2,1,7,10,casz1,xenopus_tropicalis
,FBgn0004878,2,2,4,8,cas,drosophila_melanogaster
498,ENSG00000131061,2,1,24,27,ZNF341,homo_sapiens
,ENSMUSG00000059842,2,1,24,27,Zfp341,mus_musculus
,ENSXETG00000021426,1,1,11,13,znf341,xenopus_tropicalis
499,ENSG00000131115,9,22,82,113,ZNF227,homo_sapiens
,FBgn0030005,1,1,6,8,CG2120,drosophila_melanogaster
500,ENSG00000131127,3,49,13,66,ZNF141,homo_sapiens
,ENSMUSG00000030446,2,23,32,57,Zfp273,mus_musculus
,ENSMUSG00000048280,5,23,31,59,Zfp738,mus_musculus
,ENSMUSG00000051037,2,23,25,50,Zfp455,mus_musculus
,ENSMUSG00000052909,1,23,10,34,Gm9894,mus_musculus
,ENSMUSG00000055341,1,23,19,43,Zfp457,mus_musculus
,ENSMUSG00000055480,1,23,24,25,Zfp458,mus_musculus
,ENSMUSG00000055560,1,23,5,24,Zfp459,mus_musculus
,ENSMUSG00000057842,3,23,60,86,Zfp595,mus_musculus
,ENSMUSG00000058331,2,23,30,55,Zfp85,mus_musculus
,ENSMUSG00000058883,2,23,34,59,Zfp708,mus_musculus
,ENSMUSG00000058900,1,23,13,37,Rsl1,mus_musculus
,ENSMUSG00000059839,1,23,13,37,Zfp874b,mus_musculus
,ENSMUSG00000069184,1,23,15,39,Zfp72,mus_musculus
,ENSMUSG00000069206,2,23,13,38,Zfp874a,mus_musculus
,ENSMUSG00000071281,3,23,32,58,Zfp65,mus_musculus
,ENSMUSG00000071291,4,23,43,70,Zfp58,mus_musculus
,ENSMUSG00000074824,1,23,11,35,Rslcan18,mus_musculus
,ENSMUSG00000078994,2,23,14,39,Zfp429,mus_musculus
,ENSMUSG00000078995,2,23,13,38,Zfp456,mus_musculus
,ENSMUSG00000090659,2,23,13,38,Zfp493,mus_musculus
,ENSMUSG00000097333,3,23,19,45,Zfp87,mus_musculus
,ENSMUSG00000098905,1,23,9,33,Zfp953,mus_musculus
,ENSMUSG00000100235,1,23,17,41,Gm28557,mus_musculus
501,ENSG00000131196,11,5,11,27,NFATC1,homo_sapiens
,ENSMUSG00000033016,4,5,4,13,Nfatc1,mus_musculus
,ENSXETG00000000853,2,5,4,9,nfatc1,xenopus_tropicalis
,FBgn0030505,7,1,7,15,NFAT,drosophila_melanogaster
502,ENSG00000131264,1,3,1,5,CDX4,homo_sapiens
,ENSMUSG00000031326,1,3,1,5,Cdx4,mus_musculus
,ENSXETG00000004589,1,3,1,5,cdx4,xenopus_tropicalis
,FBgn0000251,3,1,3,7,cad,drosophila_melanogaster
,WBGene00003912,6,1,6,13,pal-1,caenorhabditis_elegans
503,ENSG00000131408,9,14,7,30,NR1H2,homo_sapiens
,ENSMUSG00000060601,11,15,8,23,Nr1h2,mus_musculus
,ENSXETG00000000307,1,14,1,15,nr1h2,xenopus_tropicalis
,FBgn0000546,6,2,6,14,EcR,drosophila_melanogaster
504,ENSG00000131668,2,16,2,20,BARX1,homo_sapiens
,ENSMUSG00000021381,1,16,1,18,Barx1,mus_musculus
,ENSXETG00000017172,1,16,1,18,barx1,xenopus_tropicalis
505,ENSG00000131721,1,4,1,6,RHOXF2,homo_sapiens
506,ENSG00000131759,7,14,5,26,RARA,homo_sapiens
,ENSMUSG00000037992,5,15,5,25,Rara,mus_musculus
,ENSXETG00000024390,2,14,2,18,rara,xenopus_tropicalis
507,ENSG00000131788,4,6,9,19,PIAS3,homo_sapiens
,ENSMUSG00000028101,5,6,10,21,Pias3,mus_musculus
,ENSXETG00000018642,2,6,4,12,pias3,xenopus_tropicalis
,FBgn0003612,14,2,42,58,Su(var)2-10,drosophila_melanogaster
,WBGene00001574,15,1,30,46,gei-17,caenorhabditis_elegans
508,ENSG00000131845,4,34,63,101,ZNF304,homo_sapiens
509,ENSG00000131848,9,3,25,37,ZSCAN5A,homo_sapiens
,ENSMUSG00000058028,3,1,13,17,Zscan5b,mus_musculus
510,ENSG00000131849,1,34,19,54,ZNF132,homo_sapiens
511,ENSG00000131910,1,2,0,3,NR0B2,homo_sapiens
,ENSMUSG00000037583,1,2,0,3,Nr0b2,mus_musculus
,ENSXETG00000011771,1,2,0,3,nr0b2,xenopus_tropicalis
512,ENSG00000131914,2,2,2,6,LIN28A,homo_sapiens
,ENSMUSG00000050966,4,2,3,9,Lin28a,mus_musculus
,FBgn0035626,1,1,0,2,lin-28,drosophila_melanogaster
,WBGene00003014,2,1,2,5,lin-28,caenorhabditis_elegans
513,ENSG00000131931,3,6,2,11,THAP1,homo_sapiens
,ENSMUSG00000037214,2,3,2,7,Thap1,mus_musculus
,ENSXETG00000010197,1,3,1,5,thap1,xenopus_tropicalis
514,ENSG00000132005,2,8,1,11,RFX1,homo_sapiens
,ENSMUSG00000031706,1,8,1,10,Rfx1,mus_musculus
,ENSXETG00000005567,1,7,1,9,rfx1,xenopus_tropicalis
,FBgn0020379,6,2,6,14,Rfx,drosophila_melanogaster
515,ENSG00000132010,3,38,20,61,ZNF20,homo_sapiens
,WBGene00021931,1,1,11,13,Y55F3AM.14,caenorhabditis_elegans
517,ENSG00000132170,10,8,8,26,PPARG,homo_sapiens
,ENSMUSG00000000440,5,8,4,17,Pparg,mus_musculus
,ENSXETG00000017422,1,9,0,10,pparg,xenopus_tropicalis
,FBgn0004865,4,8,3,15,Eip78C,drosophila_melanogaster
,WBGene00004786,2,10,2,14,sex-1,caenorhabditis_elegans
518,ENSG00000132604,8,2,1,11,TERF2,homo_sapiens
,ENSMUSG00000031921,4,2,3,9,Terf2,mus_musculus
,ENSXETG00000031339,1,2,1,4,terf2,xenopus_tropicalis
519,ENSG00000132846,2,2,2,6,ZBED3,homo_sapiens
,ENSMUSG00000041995,1,1,0,2,Zbed3,mus_musculus
520,ENSG00000133740,6,6,0,12,E2F5,homo_sapiens
,ENSMUSG00000027552,2,6,0,8,E2f5,mus_musculus
,ENSXETG00000013780,1,4,0,5,e2f5,xenopus_tropicalis
,FBgn0024371,2,2,0,4,E2f2,drosophila_melanogaster
,WBGene00001161,1,2,0,3,efl-1,caenorhabditis_elegans
521,ENSG00000133794,14,13,20,47,ARNTL,homo_sapiens
,ENSMUSG00000055116,1,13,3,17,Arntl,mus_musculus
,ENSXETG00000024204,1,11,2,14,arntl,xenopus_tropicalis
,FBgn0023094,1,6,3,10,cyc,drosophila_melanogaster
522,ENSG00000133884,4,4,6,14,DPF2,homo_sapiens
,ENSMUSG00000024826,2,4,5,11,Dpf2,mus_musculus
,ENSXETG00000001672,2,4,3,9,dpf2,xenopus_tropicalis
,FBgn0033015,4,0,8,15,d4,drosophila_melanogaster
,WBGene00016200,3,2,3,8,dpff-1,caenorhabditis_elegans
523,ENSG00000133937,1,13,1,15,GSC,homo_sapiens
,ENSMUSG00000021095,1,13,1,15,Gsc,mus_musculus
,ENSXETG00000023328,2,14,2,18,gsc,xenopus_tropicalis
,FBgn0010323,2,4,2,8,Gsc,drosophila_melanogaster
,WBGene00022837,2,8,2,12,ceh-45,caenorhabditis_elegans
524,ENSG00000134046,3,7,3,13,MBD2,homo_sapiens
,ENSMUSG00000024513,2,4,2,8,Mbd2,mus_musculus
,ENSXETG00000013688,1,2,1,4,mbd2,xenopus_tropicalis
,FBgn0027950,3,1,1,5,MBD-like,drosophila_melanogaster
525,ENSG00000134107,1,2,2,5,BHLHE40,homo_sapiens
,ENSMUSG00000030103,2,2,3,7,Bhlhe40,mus_musculus
,ENSXETG00000005207,2,2,4,8,bhlhe40,xenopus_tropicalis
526,ENSG00000134138,14,9,10,33,MEIS2,homo_sapiens
,ENSMUSG00000027210,6,9,6,21,Meis2,mus_musculus
,FBgn0001235,5,3,2,10,hth,drosophila_melanogaster
,WBGene00006796,10,1,8,19,unc-62,caenorhabditis_elegans
527,ENSG00000134317,3,6,0,9,GRHL1,homo_sapiens
,ENSMUSG00000020656,2,6,0,8,Grhl1,mus_musculus
,ENSXETG00000007012,1,6,0,7,grhl1,xenopus_tropicalis
,FBgn0259211,8,2,0,10,grh,drosophila_melanogaster
,WBGene00001707,3,1,0,4,grh-1,caenorhabditis_elegans
528,ENSG00000134323,1,3,1,5,MYCN,homo_sapiens
,ENSMUSG00000037169,2,5,2,9,Mycn,mus_musculus
,ENSXETG00000015485,2,3,3,8,mycn,xenopus_tropicalis
,FBgn0262656,2,1,2,5,dm,drosophila_melanogaster
529,ENSG00000134438,3,15,2,20,RAX,homo_sapiens
,ENSMUSG00000024518,1,13,2,16,Rax,mus_musculus
,ENSXETG00000021154,1,13,2,16,rax,xenopus_tropicalis
,WBGene00000433,1,3,1,5,ceh-8,caenorhabditis_elegans
530,ENSG00000134532,10,4,7,21,SOX5,homo_sapiens
,ENSMUSG00000041540,7,4,5,16,Sox5,mus_musculus
,ENSXETG00000026458,1,3,1,5,sox5,xenopus_tropicalis
,FBgn0039938,4,1,4,9,Sox102F,drosophila_melanogaster
,WBGene00001182,6,2,6,14,egl-13,caenorhabditis_elegans
,WBGene00015716,1,2,1,4,sox-4,caenorhabditis_elegans
531,ENSG00000134595,1,17,1,19,SOX3,homo_sapiens
,ENSMUSG00000045179,1,16,1,18,Sox3,mus_musculus
532,ENSG00000134758,6,4,4,14,RNF138,homo_sapiens
,ENSMUSG00000024317,2,5,2,9,Rnf138,mus_musculus
,ENSXETG00000004739,1,4,1,6,rnf138,xenopus_tropicalis
533,ENSG00000134852,4,13,11,28,CLOCK,homo_sapiens
,ENSMUSG00000029238,3,13,9,25,Clock,mus_musculus
,ENSXETG00000021064,2,11,10,23,clock,xenopus_tropicalis
,FBgn0023076,5,6,5,16,Clk,drosophila_melanogaster
534,ENSG00000134954,6,13,9,28,ETS1,homo_sapiens
,ENSMUSG00000032035,4,13,6,23,Ets1,mus_musculus
,ENSXETG00000022781,1,12,1,14,ets1,xenopus_tropicalis
,WBGene00016600,2,2,2,6,ets-5,caenorhabditis_elegans
,WBGene00020368,1,2,1,4,ast-1,caenorhabditis_elegans
535,ENSG00000135100,7,2,4,13,HNF1A,homo_sapiens
,ENSMUSG00000029556,1,2,1,4,Hnf1a,mus_musculus
,ENSXETG00000012278,1,2,1,4,hnf1a,xenopus_tropicalis
536,ENSG00000135111,3,13,3,19,TBX3,homo_sapiens
,ENSMUSG00000018604,3,13,3,19,Tbx3,mus_musculus
,ENSXETG00000006579,2,12,2,16,tbx3,xenopus_tropicalis
,FBgn0000179,7,8,7,22,bi,drosophila_melanogaster
,WBGene00006543,1,4,1,6,tbx-2,caenorhabditis_elegans
537,ENSG00000135164,20,2,12,34,DMTF1,homo_sapiens
,ENSMUSG00000042508,6,3,9,18,Dmtf1,mus_musculus
,ENSXETG00000005412,1,1,2,4,dmtf1,xenopus_tropicalis
538,ENSG00000135373,10,12,15,37,EHF,homo_sapiens
,ENSMUSG00000012350,6,11,9,26,Ehf,mus_musculus
,ENSXETG00000007559,1,10,1,12,ehf,xenopus_tropicalis
,WBGene00006462,2,8,4,14,tag-97,caenorhabditis_elegans
539,ENSG00000135374,5,12,7,24,ELF5,homo_sapiens
,ENSMUSG00000027186,4,11,7,22,Elf5,mus_musculus
,ENSXETG00000007560,1,10,1,12,elf5,xenopus_tropicalis
,WBGene00006462,2,8,4,14,tag-97,caenorhabditis_elegans
540,ENSG00000135457,4,6,0,10,TFCP2,homo_sapiens
,ENSMUSG00000009733,1,6,0,7,Tfcp2,mus_musculus
,ENSXETG00000009632,2,6,0,8,tfcp2,xenopus_tropicalis
,FBgn0050011,4,2,0,6,gem,drosophila_melanogaster
541,ENSG00000135547,2,4,4,10,HEY2,homo_sapiens
,ENSMUSG00000019789,1,4,2,7,Hey2,mus_musculus
,ENSXETG00000021844,1,3,2,6,hey2,xenopus_tropicalis
,FBgn0027788,1,2,2,5,Hey,drosophila_melanogaster
542,ENSG00000135625,2,5,6,13,EGR4,homo_sapiens
,ENSMUSG00000071341,1,5,3,9,Egr4,mus_musculus
,ENSXETG00000011775,1,5,3,9,egr4,xenopus_tropicalis
,WBGene00007772,1,5,3,9,egrh-1,caenorhabditis_elegans
,WBGene00043705,4,5,12,21,egrh-2,caenorhabditis_elegans
,WBGene00044651,2,5,3,10,egrh-3,caenorhabditis_elegans
543,ENSG00000135638,3,7,2,12,EMX1,homo_sapiens
,ENSMUSG00000033726,1,7,1,9,Emx1,mus_musculus
,ENSXETG00000017958,1,6,1,8,emx1.2,xenopus_tropicalis
,ENSXETG00000033848,1,6,1,8,0,xenopus_tropicalis
,FBgn0000576,1,6,1,8,ems,drosophila_melanogaster
,FBgn0008646,1,6,1,7,E5,drosophila_melanogaster
,WBGene00000429,1,7,1,9,ceh-2,caenorhabditis_elegans
544,ENSG00000135747,0,4,0,4,ZNF670-ZNF695,homo_sapiens
,ENSMUSG00000033883,3,1,33,37,D3Ertd254e,mus_musculus
545,ENSG00000135899,7,5,13,25,SP110,homo_sapiens
,ENSMUSG00000070034,1,18,2,21,Sp110,mus_musculus
,ENSMUSG00000079808,1,18,2,21,AC168977.1,mus_musculus
,ENSMUSG00000094799,1,18,1,20,AC125149.4,mus_musculus
,ENSMUSG00000094874,1,18,1,20,AC132444.3,mus_musculus
,ENSMUSG00000095092,1,18,1,20,AC125149.5,mus_musculus
,ENSMUSG00000095250,1,18,1,20,AC133103.4,mus_musculus
,ENSMUSG00000095672,1,18,1,20,AC133103.5,mus_musculus
,ENSXETG00000032669,1,1,4,6,0,xenopus_tropicalis
546,ENSG00000135903,8,9,14,31,PAX3,homo_sapiens
,ENSMUSG00000004872,2,9,4,15,Pax3,mus_musculus
,ENSXETG00000007640,2,9,3,14,pax3,xenopus_tropicalis
,FBgn0001147,1,10,2,13,gsb-n,drosophila_melanogaster
,FBgn0001148,1,10,2,13,gsb,drosophila_melanogaster
,FBgn0003145,2,10,4,16,prd,drosophila_melanogaster
,WBGene00003939,1,7,2,10,pax-3,caenorhabditis_elegans
547,ENSG00000136169,4,13,12,29,SETDB2,homo_sapiens
,ENSMUSG00000071350,3,13,6,22,Setdb2,mus_musculus
,ENSXETG00000015666,2,11,6,19,setdb2,xenopus_tropicalis
,WBGene00019883,1,6,4,11,met-2,caenorhabditis_elegans
548,ENSG00000136327,1,21,1,23,NKX2-8,homo_sapiens
,ENSMUSG00000058669,1,22,1,24,Nkx2-9,mus_musculus
,ENSXETG00000002908,1,23,1,25,nkx2-8,xenopus_tropicalis
,WBGene00000445,3,9,3,15,ceh-22,caenorhabditis_elegans
549,ENSG00000136352,5,21,4,30,NKX2-1,homo_sapiens
,ENSMUSG00000001496,2,22,2,26,Nkx2-1,mus_musculus
,ENSXETG00000002909,1,23,1,25,nkx2-1,xenopus_tropicalis
550,ENSG00000136367,4,3,8,15,ZFHX2,homo_sapiens
,ENSMUSG00000040721,1,3,8,12,Zfhx2,mus_musculus
,ENSXETG00000022562,1,3,7,11,zfhx2,xenopus_tropicalis
,FBgn0004607,3,1,29,33,zfh2,drosophila_melanogaster
,WBGene00022518,6,1,41,40,zfh-2,caenorhabditis_elegans
551,ENSG00000136451,4,3,13,20,VEZF1,homo_sapiens
,ENSMUSG00000018377,2,3,8,13,Vezf1,mus_musculus
,ENSXETG00000008951,2,3,11,16,vezf1,xenopus_tropicalis
552,ENSG00000136504,7,5,0,12,KAT7,homo_sapiens
,ENSMUSG00000038909,6,5,0,11,Kat7,mus_musculus
,ENSXETG00000021908,2,3,0,5,kat7,xenopus_tropicalis
,FBgn0028387,3,5,0,8,chm,drosophila_melanogaster
553,ENSG00000136535,3,4,3,10,TBR1,homo_sapiens
,ENSMUSG00000035033,2,4,2,8,Tbr1,mus_musculus
,ENSXETG00000016201,1,3,1,5,tbr1,xenopus_tropicalis
,WBGene00006554,1,12,1,14,tbx-35,caenorhabditis_elegans
554,ENSG00000136574,8,6,10,24,GATA4,homo_sapiens
,ENSMUSG00000021944,6,0,6,18,Gata4,mus_musculus
,ENSXETG00000000673,1,6,3,10,gata4,xenopus_tropicalis
,FBgn0003117,4,5,8,17,pnr,drosophila_melanogaster
555,ENSG00000136630,2,16,2,20,HLX,homo_sapiens
,ENSMUSG00000039377,2,16,1,19,Hlx,mus_musculus
,ENSXETG00000002734,1,16,1,18,hlx,xenopus_tropicalis
,FBgn0001170,1,11,1,13,H2.0,drosophila_melanogaster
556,ENSG00000136770,1,2,3,6,DNAJC1,homo_sapiens
,ENSMUSG00000026740,4,2,9,15,Dnajc1,mus_musculus
,ENSXETG00000007390,1,2,2,5,dnajc1,xenopus_tropicalis
,FBgn0030990,2,2,6,10,CG7556,drosophila_melanogaster
,WBGene00018836,1,2,4,7,F54F2.9,caenorhabditis_elegans
557,ENSG00000136826,4,12,6,22,KLF4,homo_sapiens
,ENSMUSG00000003032,3,13,3,19,Klf4,mus_musculus
,ENSXETG00000005739,1,11,3,15,klf4,xenopus_tropicalis
,WBGene00018990,2,3,6,11,klf-1,caenorhabditis_elegans
558,ENSG00000136866,3,25,39,67,ZFP37,homo_sapiens
,ENSMUSG00000028389,1,21,13,35,Zfp37,mus_musculus
,FBgn0266450,2,1,16,18,Kr-h1,drosophila_melanogaster
559,ENSG00000136870,4,20,51,75,ZNF189,homo_sapiens
,ENSMUSG00000039634,2,7,34,43,Zfp189,mus_musculus
,ENSXETG00000023927,1,16,19,36,0,xenopus_tropicalis
,ENSXETG00000025844,1,16,26,27,0,xenopus_tropicalis
,FBgn0020309,9,1,138,148,crol,drosophila_melanogaster
560,ENSG00000136931,4,12,3,19,NR5A1,homo_sapiens
,ENSMUSG00000026751,2,12,2,16,Nr5a1,mus_musculus
,ENSXETG00000011456,1,13,1,15,nr5a1,xenopus_tropicalis
,FBgn0001078,4,4,4,8,ftz-f1,drosophila_melanogaster
,WBGene00003623,4,2,1,7,nhr-25,caenorhabditis_elegans
561,ENSG00000136944,4,12,12,28,LMX1B,homo_sapiens
,ENSMUSG00000038765,2,12,6,20,Lmx1b,mus_musculus
,ENSXETG00000000742,1,13,2,15,lmx1b.1,xenopus_tropicalis
,FBgn0052105,2,7,6,15,CG32105,drosophila_melanogaster
,WBGene00002988,2,7,6,15,lim-6,caenorhabditis_elegans
562,ENSG00000136997,7,3,4,14,MYC,homo_sapiens
,ENSMUSG00000049086,1,5,0,6,Bmyc,mus_musculus
,ENSXETG00000025372,1,3,2,6,myc,xenopus_tropicalis
,FBgn0262656,2,1,2,5,dm,drosophila_melanogaster
563,ENSG00000137090,2,6,1,9,DMRT1,homo_sapiens
,ENSMUSG00000024837,2,6,2,10,Dmrt1,mus_musculus
,ENSXETG00000002277,1,5,1,7,kank1,xenopus_tropicalis
,WBGene00017326,1,6,1,8,dmd-5,caenorhabditis_elegans
564,ENSG00000137166,6,14,5,25,FOXP4,homo_sapiens
,ENSMUSG00000023991,4,16,4,24,Foxp4,mus_musculus
,ENSXETG00000011856,2,14,4,20,foxp4,xenopus_tropicalis
565,ENSG00000137185,8,21,25,54,ZSCAN9,homo_sapiens
566,ENSG00000137203,9,5,0,14,TFAP2A,homo_sapiens
,ENSMUSG00000021359,2,5,0,7,Tfap2a,mus_musculus
,ENSXETG00000001074,3,5,0,5,tfap2a,xenopus_tropicalis
,FBgn0261953,6,1,0,7,TfAP-2,drosophila_melanogaster
,WBGene00019424,1,4,0,5,aptf-1,caenorhabditis_elegans
567,ENSG00000137265,1,9,1,11,IRF4,homo_sapiens
,ENSMUSG00000021356,2,9,2,13,Irf4,mus_musculus
,ENSXETG00000011413,1,12,0,13,irf4,xenopus_tropicalis
568,ENSG00000137270,1,2,1,4,GCM1,homo_sapiens
,ENSMUSG00000023333,1,2,1,4,Gcm1,mus_musculus
,ENSXETG00000027375,1,2,1,4,gcm1,xenopus_tropicalis
,FBgn0014179,2,2,2,6,gcm,drosophila_melanogaster
,FBgn0019809,1,2,1,4,gcm2,drosophila_melanogaster
569,ENSG00000137273,1,14,1,16,FOXF2,homo_sapiens
,ENSMUSG00000038402,1,16,1,18,Foxf2,mus_musculus
,ENSXETG00000000589,1,14,1,16,foxf2,xenopus_tropicalis
,FBgn0045759,1,6,1,8,bin,drosophila_melanogaster
,WBGene00002601,1,5,1,7,let-381,caenorhabditis_elegans
570,ENSG00000137309,5,1,0,6,HMGA1,homo_sapiens
,ENSMUSG00000046711,6,2,0,8,Hmga1,mus_musculus
,ENSMUSG00000078249,2,2,0,4,Hmga1-rs1,mus_musculus
571,ENSG00000137310,3,1,2,6,TCF19,homo_sapiens
,ENSMUSG00000050410,4,1,4,9,Tcf19,mus_musculus
,ENSXETG00000024079,1,1,1,3,tcf19,xenopus_tropicalis
572,ENSG00000137492,1,1,1,3,PRKRIR,homo_sapiens
,ENSMUSG00000030753,1,1,1,3,Prkrir,mus_musculus
,ENSXETG00000019230,2,1,2,5,prkrir,xenopus_tropicalis
573,ENSG00000137504,2,1,0,3,CREBZF,homo_sapiens
,ENSMUSG00000051451,1,1,0,2,Crebzf,mus_musculus
574,ENSG00000137709,3,16,5,24,POU2F3,homo_sapiens
,ENSMUSG00000032015,2,15,4,21,Pou2f3,mus_musculus
,ENSXETG00000015251,1,16,3,20,pou2f3,xenopus_tropicalis
,FBgn0004394,4,5,8,15,pdm2,drosophila_melanogaster
,FBgn0085424,3,5,6,14,nub,drosophila_melanogaster
,WBGene00000441,3,3,5,11,ceh-18,caenorhabditis_elegans
575,ENSG00000137834,2,8,2,12,SMAD6,homo_sapiens
,ENSMUSG00000036867,2,8,2,12,Smad6,mus_musculus
,ENSXETG00000015939,1,10,2,13,smad6,xenopus_tropicalis
,FBgn0020493,3,4,6,13,Dad,drosophila_melanogaster
576,ENSG00000138073,4,1,4,9,PREB,homo_sapiens
,ENSMUSG00000045302,4,1,6,11,Preb,mus_musculus
,FBgn0031779,2,1,6,9,CG9175,drosophila_melanogaster
,WBGene00010496,2,1,4,7,sec-12,caenorhabditis_elegans
577,ENSG00000138083,1,6,1,8,SIX3,homo_sapiens
,ENSMUSG00000038805,3,6,3,12,Six3,mus_musculus
,ENSXETG00000002758,1,5,1,7,six3,xenopus_tropicalis
,FBgn0025360,3,3,2,8,Optix,drosophila_melanogaster
,WBGene00000453,1,4,1,6,ceh-32,caenorhabditis_elegans
578,ENSG00000138136,1,16,1,2,LBX1,homo_sapiens
,ENSMUSG00000025216,1,16,1,18,Lbx1,mus_musculus
,FBgn0008651,3,11,2,16,lbl,drosophila_melanogaster
,FBgn0011278,1,11,1,13,lbe,drosophila_melanogaster
579,ENSG00000138378,6,7,3,16,STAT4,homo_sapiens
,ENSMUSG00000062939,2,7,2,11,Stat4,mus_musculus
,ENSXETG00000004662,1,6,1,8,stat4,xenopus_tropicalis
,FBgn0016917,11,1,11,23,Stat92E,drosophila_melanogaster
,WBGene00013111,3,1,0,4,sta-1,caenorhabditis_elegans
580,ENSG00000138380,16,1,0,17,CARF,homo_sapiens
,ENSMUSG00000026017,4,1,0,5,Carf,mus_musculus
,ENSXETG00000031604,1,1,0,2,CARF,xenopus_tropicalis
581,ENSG00000138738,4,1,46,51,PRDM5,homo_sapiens
,ENSMUSG00000029913,4,1,44,49,Prdm5,mus_musculus
,ENSXETG00000002101,1,1,16,18,prdm5,xenopus_tropicalis
,FBgn0263072,3,1,17,21,CG43347,drosophila_melanogaster
582,ENSG00000138795,6,4,4,14,LEF1,homo_sapiens
,ENSMUSG00000027985,4,4,4,12,Lef1,mus_musculus
,ENSXETG00000021102,1,4,1,6,lef1,xenopus_tropicalis
,FBgn0085432,9,1,9,19,pan,drosophila_melanogaster
,WBGene00004077,1,1,1,3,pop-1,caenorhabditis_elegans
583,ENSG00000139083,3,12,4,19,ETV6,homo_sapiens
,ENSMUSG00000030199,3,11,5,19,Etv6,mus_musculus
,ENSXETG00000008919,1,10,1,12,etv6,xenopus_tropicalis
,FBgn0000097,5,3,10,18,aop,drosophila_melanogaster
584,ENSG00000139154,7,1,9,17,AEBP2,homo_sapiens
,ENSMUSG00000030232,7,1,13,21,Aebp2,mus_musculus
,ENSXETG00000008185,2,1,4,7,aebp2,xenopus_tropicalis
,FBgn0086655,4,1,4,9,jing,drosophila_melanogaster
585,ENSG00000139352,1,5,1,7,ASCL1,homo_sapiens
,ENSMUSG00000020052,1,5,1,7,Ascl1,mus_musculus
,FBgn0000022,1,4,1,6,ac,drosophila_melanogaster
,FBgn0000137,1,4,1,6,ase,drosophila_melanogaster
,FBgn0002561,1,4,1,6,l(1)sc,drosophila_melanogaster
,FBgn0004170,1,4,1,6,sc,drosophila_melanogaster
586,ENSG00000139445,3,6,3,12,FOXN4,homo_sapiens
,ENSMUSG00000042002,2,6,1,9,Foxn4,mus_musculus
,ENSXETG00000018573,1,5,1,7,foxn4,xenopus_tropicalis
,FBgn0015396,1,2,0,4,jumu,drosophila_melanogaster
587,ENSG00000139515,1,20,1,22,PDX1,homo_sapiens
,ENSMUSG00000029644,1,20,1,22,Pdx1,mus_musculus
,ENSXETG00000011787,1,22,1,24,pdx1,xenopus_tropicalis
588,ENSG00000139613,4,2,8,14,SMARCC2,homo_sapiens
,ENSMUSG00000025369,0,2,6,8,Smarcc2,mus_musculus
,ENSXETG00000009486,2,2,5,9,smarcc2,xenopus_tropicalis
,FBgn0002783,2,1,4,7,mor,drosophila_melanogaster
,WBGene00004203,4,1,8,9,swsn-1,caenorhabditis_elegans
589,ENSG00000139624,6,5,6,17,CERS5,homo_sapiens
,ENSMUSG00000023021,5,5,6,16,Cers5,mus_musculus
,ENSXETG00000013344,1,5,2,8,cers5,xenopus_tropicalis
,FBgn0040918,2,1,4,7,schlank,drosophila_melanogaster
,WBGene00002043,4,3,4,11,hyl-1,caenorhabditis_elegans
,WBGene00002044,1,3,1,5,hyl-2,caenorhabditis_elegans
590,ENSG00000139651,1,3,3,7,ZNF740,homo_sapiens
,ENSMUSG00000046897,0,3,6,16,Zfp740,mus_musculus
,ENSXETG00000025177,1,3,3,7,znf740,xenopus_tropicalis
591,ENSG00000139800,1,18,4,23,ZIC5,homo_sapiens
,ENSMUSG00000041703,1,18,4,23,Zic5,mus_musculus
,ENSXETG00000018872,1,14,5,20,zic5,xenopus_tropicalis
,FBgn0003002,1,0,4,12,opa,drosophila_melanogaster
,WBGene00004335,3,3,12,18,ref-2,caenorhabditis_elegans
,WBGene00006604,2,3,5,10,tra-1,caenorhabditis_elegans
,WBGene00010936,1,3,4,8,ztf-14,caenorhabditis_elegans
592,ENSG00000140009,9,12,9,30,ESR2,homo_sapiens
,ENSMUSG00000021055,3,12,3,18,Esr2,mus_musculus
,ENSXETG00000007257,1,13,1,15,esr2,xenopus_tropicalis
593,ENSG00000140044,5,2,5,12,JDP2,homo_sapiens
,ENSMUSG00000034271,3,2,3,8,Jdp2,mus_musculus
594,ENSG00000140262,13,3,10,26,TCF12,homo_sapiens
,ENSMUSG00000032228,11,3,7,21,Tcf12,mus_musculus
,ENSXETG00000016563,1,3,2,6,tcf12,xenopus_tropicalis
,FBgn0000413,3,1,3,7,da,drosophila_melanogaster
,WBGene00001949,1,1,1,3,hlh-2,caenorhabditis_elegans
595,ENSG00000140265,6,4,15,25,ZSCAN29,homo_sapiens
,ENSMUSG00000050619,4,3,16,23,Zscan29,mus_musculus
596,ENSG00000140382,8,2,4,14,HMG20A,homo_sapiens
,ENSMUSG00000032329,1,2,1,4,Hmg20a,mus_musculus
,ENSXETG00000015269,1,2,1,4,hmg20a,xenopus_tropicalis
,FBgn0026582,1,1,1,3,Hmg-2,drosophila_melanogaster
,WBGene00012209,1,1,1,3,hmg-20,caenorhabditis_elegans
597,ENSG00000140548,4,2,25,31,ZNF710,homo_sapiens
,ENSMUSG00000048897,5,2,44,51,Zfp710,mus_musculus
,ENSXETG00000012971,1,2,11,14,znf710,xenopus_tropicalis
598,ENSG00000140836,2,3,25,30,ZFHX3,homo_sapiens
,ENSMUSG00000038872,2,3,13,18,Zfhx3,mus_musculus
,ENSXETG00000023509,1,3,17,21,zfhx3,xenopus_tropicalis
,FBgn0004607,3,1,29,33,zfh2,drosophila_melanogaster
,WBGene00022518,6,1,41,40,zfh-2,caenorhabditis_elegans
599,ENSG00000140968,9,9,6,24,IRF8,homo_sapiens
,ENSMUSG00000041515,4,9,4,17,Irf8,mus_musculus
,ENSXETG00000003561,1,12,0,13,irf8,xenopus_tropicalis
600,ENSG00000140987,12,4,36,52,ZSCAN32,homo_sapiens
601,ENSG00000141002,11,1,0,12,TCF25,homo_sapiens
,ENSMUSG00000001472,2,1,0,3,Tcf25,mus_musculus
,ENSXETG00000023414,1,1,1,3,tcf25,xenopus_tropicalis
,FBgn0027549,3,1,0,4,CG7927,drosophila_melanogaster
,WBGene00010620,1,1,0,2,K07A12.1,caenorhabditis_elegans
602,ENSG00000141027,14,5,11,30,NCOR1,homo_sapiens
,ENSMUSG00000018501,15,5,14,34,Ncor1,mus_musculus
,ENSXETG00000006720,2,5,3,10,ncor1,xenopus_tropicalis
,FBgn0265523,4,2,4,10,Smr,drosophila_melanogaster
,WBGene00001565,2,3,4,9,gei-8,caenorhabditis_elegans
603,ENSG00000141040,3,7,32,42,ZNF287,homo_sapiens
,ENSMUSG00000005267,4,5,36,45,Zfp287,mus_musculus
604,ENSG00000141448,2,6,4,12,GATA6,homo_sapiens
,ENSMUSG00000005836,1,6,2,9,Gata6,mus_musculus
,ENSXETG00000003144,1,6,3,10,gata6,xenopus_tropicalis
,FBgn0003117,4,5,8,17,pnr,drosophila_melanogaster
605,ENSG00000141510,25,3,0,28,TP53,homo_sapiens
,ENSMUSG00000059552,4,3,0,7,Trp53,mus_musculus
,ENSXETG00000025055,2,3,0,5,tp53,xenopus_tropicalis
606,ENSG00000141568,5,14,5,24,FOXK2,homo_sapiens
,ENSMUSG00000039275,1,16,2,19,Foxk2,mus_musculus
,ENSXETG00000022803,1,14,2,17,foxk2,xenopus_tropicalis
,FBgn0036134,8,6,16,30,fd68A,drosophila_melanogaster
607,ENSG00000141644,20,1,64,80,MBD1,homo_sapiens
,ENSMUSG00000024561,1,1,3,5,Mbd1,mus_musculus
608,ENSG00000141646,9,8,12,29,SMAD4,homo_sapiens
,ENSMUSG00000024515,2,8,4,14,Smad4,mus_musculus
,ENSXETG00000022355,2,10,6,18,smad4.1,xenopus_tropicalis
,FBgn0011655,3,4,6,13,Med,drosophila_melanogaster
,WBGene00000899,3,6,6,15,daf-3,caenorhabditis_elegans
,WBGene00004858,5,6,8,19,sma-4,caenorhabditis_elegans
609,ENSG00000141905,6,4,6,12,NFIC,homo_sapiens
,ENSMUSG00000055053,5,4,4,13,Nfic,mus_musculus
,ENSXETG00000008149,1,4,1,6,nfic,xenopus_tropicalis
,FBgn0042696,2,1,2,5,NfI,drosophila_melanogaster
,WBGene00003592,3,1,3,7,nfi-1,caenorhabditis_elegans
610,ENSG00000141946,1,5,12,18,ZIM3,homo_sapiens
611,ENSG00000141956,4,1,57,62,PRDM15,homo_sapiens
,ENSMUSG00000014039,4,1,32,37,Prdm15,mus_musculus
,ENSXETG00000000068,1,1,15,2,prdm15,xenopus_tropicalis
612,ENSG00000142025,5,3,5,13,DMRTC2,homo_sapiens
,ENSMUSG00000011349,1,3,1,5,Dmrtc2,mus_musculus
613,ENSG00000142065,2,22,15,39,ZFP14,homo_sapiens
,ENSMUSG00000053985,3,11,42,56,Zfp14,mus_musculus
614,ENSG00000142409,3,2,7,12,ZNF787,homo_sapiens
,ENSMUSG00000046792,6,2,8,16,Zfp787,mus_musculus
,FBgn0028895,2,1,12,15,CG17328,drosophila_melanogaster
615,ENSG00000142528,7,1,86,94,ZNF473,homo_sapiens
,ENSMUSG00000048012,7,1,74,82,Zfp473,mus_musculus
616,ENSG00000142539,1,4,1,6,CTD-2545M3.6,homo_sapiens
,ENSMUSG00000008193,3,3,3,9,Spib,mus_musculus
,ENSXETG00000009034,1,2,1,4,spib,xenopus_tropicalis
617,ENSG00000142556,3,8,14,25,ZNF614,homo_sapiens
618,ENSG00000142599,10,5,13,28,RERE,homo_sapiens
,ENSMUSG00000039852,4,6,6,16,Rere,mus_musculus
,ENSXETG00000011890,2,4,4,10,rere,xenopus_tropicalis
,FBgn0010825,9,2,18,29,Gug,drosophila_melanogaster
619,ENSG00000142611,6,2,54,51,PRDM16,homo_sapiens
,ENSMUSG00000039410,7,2,67,76,Prdm16,mus_musculus
,ENSXETG00000012050,1,2,12,15,PRDM16,xenopus_tropicalis
,FBgn0011236,1,3,3,6,ken,drosophila_melanogaster
,WBGene00001207,2,1,6,8,egl-43,caenorhabditis_elegans
620,ENSG00000142700,2,6,2,10,DMRTA2,homo_sapiens
,ENSMUSG00000047143,1,6,1,8,Dmrta2,mus_musculus
,ENSXETG00000002846,1,5,2,8,dmrta2,xenopus_tropicalis
,FBgn0039683,1,4,1,6,dmrt99B,drosophila_melanogaster
,WBGene00007776,1,6,1,8,dmd-4,caenorhabditis_elegans
,WBGene00007930,1,6,1,8,dmd-11,caenorhabditis_elegans
621,ENSG00000143006,1,6,1,8,DMRTB1,homo_sapiens
,ENSMUSG00000028610,2,6,1,9,Dmrtb1,mus_musculus
,FBgn0000504,6,4,6,16,dsx,drosophila_melanogaster
,WBGene00003100,2,6,2,10,mab-3,caenorhabditis_elegans
,WBGene00007929,1,6,1,8,dmd-10,caenorhabditis_elegans
,WBGene00012832,2,6,3,11,dmd-3,caenorhabditis_elegans
622,ENSG00000143032,1,16,1,18,BARHL2,homo_sapiens
,ENSMUSG00000034384,1,16,1,18,Barhl2,mus_musculus
,ENSXETG00000023986,1,16,1,18,barhl2,xenopus_tropicalis
,FBgn0004854,2,11,2,15,B-H2,drosophila_melanogaster
,FBgn0011758,2,11,1,14,B-H1,drosophila_melanogaster
,WBGene00000451,1,4,1,6,ceh-30,caenorhabditis_elegans
,WBGene00000452,1,4,1,6,ceh-31,caenorhabditis_elegans
623,ENSG00000143067,1,1,11,13,ZNF697,homo_sapiens
,ENSMUSG00000050064,2,1,22,25,Zfp697,mus_musculus
624,ENSG00000143171,2,12,2,16,RXRG,homo_sapiens
,ENSMUSG00000015843,4,12,4,20,Rxrg,mus_musculus
,ENSXETG00000004750,1,14,1,16,rxrg,xenopus_tropicalis
,FBgn0003964,2,6,2,10,usp,drosophila_melanogaster
625,ENSG00000143178,3,13,2,18,TBX19,homo_sapiens
,ENSMUSG00000026572,2,13,2,17,Tbx19,mus_musculus
,FBgn0011723,2,8,2,12,byn,drosophila_melanogaster
626,ENSG00000143190,6,16,12,34,POU2F1,homo_sapiens
,ENSMUSG00000026565,13,15,18,46,Pou2f1,mus_musculus
,ENSXETG00000006231,1,16,3,20,POU2F1,xenopus_tropicalis
,FBgn0004394,4,5,8,15,pdm2,drosophila_melanogaster
,FBgn0085424,3,5,6,14,nub,drosophila_melanogaster
,WBGene00000441,3,3,5,11,ceh-18,caenorhabditis_elegans
627,ENSG00000143194,4,1,0,5,MAEL,homo_sapiens
,ENSMUSG00000040629,2,1,0,3,Mael,mus_musculus
,ENSXETG00000027834,1,1,0,2,MAEL,xenopus_tropicalis
628,ENSG00000143257,24,14,33,71,NR1I3,homo_sapiens
,ENSMUSG00000005677,4,15,3,21,Nr1i3,mus_musculus
,ENSXETG00000031759,1,14,2,17,NR1I3,xenopus_tropicalis
629,ENSG00000143355,7,12,12,28,LHX9,homo_sapiens
,ENSMUSG00000019230,5,12,15,32,Lhx9,mus_musculus
,ENSXETG00000009957,1,13,3,17,lhx9,xenopus_tropicalis
,FBgn0000099,4,7,10,21,ap,drosophila_melanogaster
,WBGene00006654,2,7,6,15,ttx-3,caenorhabditis_elegans
630,ENSG00000143365,2,8,2,12,RORC,homo_sapiens
,ENSMUSG00000028150,3,8,3,14,Rorc,mus_musculus
,ENSXETG00000002131,1,10,0,11,rorc,xenopus_tropicalis
,FBgn0000448,7,8,6,21,Hr46,drosophila_melanogaster
,WBGene00003622,6,10,5,21,nhr-23,caenorhabditis_elegans
631,ENSG00000143373,5,3,22,30,ZNF687,homo_sapiens
,ENSMUSG00000019338,4,3,7,14,Zfp687,mus_musculus
,ENSXETG00000010001,2,3,16,21,znf687,xenopus_tropicalis
632,ENSG00000143379,9,13,14,36,SETDB1,homo_sapiens
,ENSMUSG00000015697,3,13,10,26,Setdb1,mus_musculus
,ENSXETG00000008936,1,11,4,16,setdb1,xenopus_tropicalis
,FBgn0086908,1,7,4,12,egg,drosophila_melanogaster
,WBGene00019883,1,6,4,11,met-2,caenorhabditis_elegans
633,ENSG00000143390,12,8,10,30,RFX5,homo_sapiens
,ENSMUSG00000005774,11,8,8,27,Rfx5,mus_musculus
,ENSXETG00000027541,2,7,0,9,rfx5,xenopus_tropicalis
,FBgn0037445,3,2,3,8,CG9727,drosophila_melanogaster
634,ENSG00000143437,4,13,12,29,ARNT,homo_sapiens
,ENSMUSG00000015522,6,13,13,32,Arnt,mus_musculus
,ENSXETG00000008942,2,11,8,21,arnt,xenopus_tropicalis
,FBgn0264075,2,6,6,14,tgo,drosophila_melanogaster
,WBGene00000095,2,3,3,11,aha-1,caenorhabditis_elegans
635,ENSG00000143578,7,5,4,16,CREB3L4,homo_sapiens
,ENSMUSG00000027938,2,5,2,9,Creb3l4,mus_musculus
,ENSXETG00000002133,2,4,2,8,creb3l4,xenopus_tropicalis
,WBGene00002783,2,2,2,6,let-607,caenorhabditis_elegans
636,ENSG00000143614,6,2,4,12,GATAD2B,homo_sapiens
,ENSMUSG00000042390,5,2,5,12,Gatad2b,mus_musculus
,ENSXETG00000019921,1,2,1,4,gatad2b,xenopus_tropicalis
,FBgn0010762,5,1,0,6,simj,drosophila_melanogaster
,WBGene00000938,2,1,0,3,dcp-66,caenorhabditis_elegans
637,ENSG00000143799,4,3,8,15,PARP1,homo_sapiens
,ENSMUSG00000026496,3,3,7,13,Parp1,mus_musculus
,ENSXETG00000022610,1,3,5,9,parp1,xenopus_tropicalis
,FBgn0010247,1,1,5,7,Parp,drosophila_melanogaster
,WBGene00022289,1,4,1,6,Y75B7B.2,caenorhabditis_elegans
638,ENSG00000143842,4,4,2,10,SOX13,homo_sapiens
,ENSMUSG00000070643,3,4,3,10,Sox13,mus_musculus
,ENSXETG00000017139,2,3,4,9,sox13,xenopus_tropicalis
,FBgn0039938,4,1,4,9,Sox102F,drosophila_melanogaster
,WBGene00001182,6,2,6,14,egl-13,caenorhabditis_elegans
,WBGene00015716,1,2,1,4,sox-4,caenorhabditis_elegans
639,ENSG00000143867,1,2,3,6,OSR1,homo_sapiens
,ENSMUSG00000048387,1,2,3,6,Osr1,mus_musculus
,ENSXETG00000007992,1,2,3,6,osr1,xenopus_tropicalis
,FBgn0002985,1,4,4,9,odd,drosophila_melanogaster
,FBgn0004892,1,4,5,9,sob,drosophila_melanogaster
,FBgn0004893,7,4,35,46,bowl,drosophila_melanogaster
,FBgn0024244,3,4,6,10,drm,drosophila_melanogaster
,WBGene00003845,1,2,3,6,odd-1,caenorhabditis_elegans
,WBGene00003846,1,2,3,6,odd-2,caenorhabditis_elegans
640,ENSG00000143995,6,9,5,19,MEIS1,homo_sapiens
,ENSMUSG00000020160,4,9,4,17,Meis1,mus_musculus
,ENSXETG00000011473,1,7,2,10,meis1,xenopus_tropicalis
,FBgn0001235,5,3,2,10,hth,drosophila_melanogaster
,WBGene00006796,10,1,8,19,unc-62,caenorhabditis_elegans
641,ENSG00000144026,3,5,17,25,ZNF514,homo_sapiens
642,ENSG00000144218,12,4,0,16,AFF3,homo_sapiens
,ENSMUSG00000037138,2,4,0,6,Aff3,mus_musculus
,ENSXETG00000030016,3,4,5,12,AFF3,xenopus_tropicalis
,FBgn0041111,8,1,0,9,lilli,drosophila_melanogaster
643,ENSG00000144355,4,21,3,28,DLX1,homo_sapiens
,ENSMUSG00000041911,3,22,1,26,Dlx1,mus_musculus
,ENSXETG00000007533,1,23,2,26,dlx1,xenopus_tropicalis
,FBgn0000157,3,9,3,15,Dll,drosophila_melanogaster
644,ENSG00000144485,9,5,7,21,HES6,homo_sapiens
,ENSMUSG00000067071,1,4,2,7,Hes6,mus_musculus
,ENSXETG00000005911,1,13,2,16,hes6.1,xenopus_tropicalis
,FBgn0000591,1,11,2,14,E(spl)m8-HLH,drosophila_melanogaster
,FBgn0002609,1,11,2,14,E(spl)m3-HLH,drosophila_melanogaster
,FBgn0002631,1,11,2,14,E(spl)m5-HLH,drosophila_melanogaster
,FBgn0002633,1,11,2,14,E(spl)m7-HLH,drosophila_melanogaster
,FBgn0002733,1,11,2,14,E(spl)mbeta-HLH,drosophila_melanogaster
,FBgn0002734,1,11,2,14,E(spl)mdelta-HLH,drosophila_melanogaster
,FBgn0002735,1,11,2,14,E(spl)mgamma-HLH,drosophila_melanogaster
,FBgn0030899,1,11,2,14,Her,drosophila_melanogaster
645,ENSG00000144747,2,1,0,3,TMF1,homo_sapiens
,ENSMUSG00000030059,1,1,0,2,Tmf1,mus_musculus
,ENSXETG00000016166,1,1,1,3,tmf1,xenopus_tropicalis
,FBgn0029912,1,1,0,2,CG4557,drosophila_melanogaster
646,ENSG00000144792,3,17,10,30,ZNF660,homo_sapiens
,ENSXETG00000015106,1,2,14,17,0,xenopus_tropicalis
,ENSXETG00000031460,1,2,15,18,0,xenopus_tropicalis
647,ENSG00000144852,3,14,3,20,NR1I2,homo_sapiens
,ENSMUSG00000022809,1,15,1,17,Nr1i2,mus_musculus
,ENSXETG00000018029,2,14,2,18,nr1i2,xenopus_tropicalis
648,ENSG00000145908,5,13,53,71,ZNF300,homo_sapiens
,ENSXETG00000016786,1,2,12,15,znf180,xenopus_tropicalis
649,ENSG00000146587,2,25,32,59,RBAK,homo_sapiens
,ENSMUSG00000061898,2,21,32,55,Rbak,mus_musculus
,FBgn0266450,2,1,16,18,Kr-h1,drosophila_melanogaster
650,ENSG00000146592,8,4,8,20,CREB5,homo_sapiens
,ENSMUSG00000053007,5,4,7,16,Creb5,mus_musculus
,ENSXETG00000012041,1,3,1,5,creb5,xenopus_tropicalis
,ENSXETG00000031365,1,3,1,5,0,xenopus_tropicalis
651,ENSG00000146618,1,2,1,4,FERD3L,homo_sapiens
,ENSMUSG00000046518,1,2,1,4,Ferd3l,mus_musculus
,ENSXETG00000031751,1,2,1,4,ferd3l,xenopus_tropicalis
,FBgn0037937,1,3,1,5,Fer3,drosophila_melanogaster
652,ENSG00000146676,1,3,0,4,PURB,homo_sapiens
,ENSMUSG00000094483,1,3,0,4,Purb,mus_musculus
,ENSXETG00000001257,1,3,1,5,purb,xenopus_tropicalis
,FBgn0022361,7,1,0,8,Pur-alpha,drosophila_melanogaster
,WBGene00004046,1,2,0,3,plp-1,caenorhabditis_elegans
,WBGene00008976,1,2,0,3,plp-2,caenorhabditis_elegans
653,ENSG00000146757,4,49,58,111,ZNF92,homo_sapiens
,ENSMUSG00000030446,2,23,32,57,Zfp273,mus_musculus
,ENSMUSG00000048280,5,23,31,59,Zfp738,mus_musculus
,ENSMUSG00000051037,2,23,25,50,Zfp455,mus_musculus
,ENSMUSG00000052909,1,23,10,34,Gm9894,mus_musculus
,ENSMUSG00000055341,1,23,19,43,Zfp457,mus_musculus
,ENSMUSG00000055480,1,23,24,25,Zfp458,mus_musculus
,ENSMUSG00000055560,1,23,5,24,Zfp459,mus_musculus
,ENSMUSG00000057842,3,23,60,86,Zfp595,mus_musculus
,ENSMUSG00000058331,2,23,30,55,Zfp85,mus_musculus
,ENSMUSG00000058883,2,23,34,59,Zfp708,mus_musculus
,ENSMUSG00000058900,1,23,13,37,Rsl1,mus_musculus
,ENSMUSG00000059839,1,23,13,37,Zfp874b,mus_musculus
,ENSMUSG00000069184,1,23,15,39,Zfp72,mus_musculus
,ENSMUSG00000069206,2,23,13,38,Zfp874a,mus_musculus
,ENSMUSG00000071281,3,23,32,58,Zfp65,mus_musculus
,ENSMUSG00000071291,4,23,43,70,Zfp58,mus_musculus
,ENSMUSG00000074824,1,23,11,35,Rslcan18,mus_musculus
,ENSMUSG00000078994,2,23,14,39,Zfp429,mus_musculus
,ENSMUSG00000078995,2,23,13,38,Zfp456,mus_musculus
,ENSMUSG00000090659,2,23,13,38,Zfp493,mus_musculus
,ENSMUSG00000097333,3,23,19,45,Zfp87,mus_musculus
,ENSMUSG00000098905,1,23,9,33,Zfp953,mus_musculus
,ENSMUSG00000100235,1,23,17,41,Gm28557,mus_musculus
654,ENSG00000147117,1,25,13,39,ZNF157,homo_sapiens
,FBgn0266450,2,1,16,18,Kr-h1,drosophila_melanogaster
655,ENSG00000147118,3,25,48,76,ZNF182,homo_sapiens
,ENSMUSG00000054737,3,21,45,69,Zfp182,mus_musculus
,FBgn0266450,2,1,16,18,Kr-h1,drosophila_melanogaster
656,ENSG00000147124,3,25,39,67,ZNF41,homo_sapiens
,FBgn0266450,2,1,16,18,Kr-h1,drosophila_melanogaster
657,ENSG00000147180,3,4,33,40,ZNF711,homo_sapiens
,ENSMUSG00000025529,3,5,20,28,Zfp711,mus_musculus
,ENSXETG00000017817,2,3,10,15,znf711,xenopus_tropicalis
,FBgn0259785,2,1,10,13,pzg,drosophila_melanogaster
658,ENSG00000147421,9,1,7,17,HMBOX1,homo_sapiens
,ENSMUSG00000021972,8,1,7,16,Hmbox1,mus_musculus
,WBGene00018786,1,1,1,3,hmbx-1,caenorhabditis_elegans
659,ENSG00000147488,3,3,0,6,ST18,homo_sapiens
,ENSMUSG00000033740,10,3,0,13,St18,mus_musculus
,ENSXETG00000005673,1,3,0,4,st18,xenopus_tropicalis
,FBgn0263772,6,1,0,7,CG43689,drosophila_melanogaster
,WBGene00009939,2,1,0,3,ztf-11,caenorhabditis_elegans
660,ENSG00000147596,2,3,7,12,PRDM14,homo_sapiens
,ENSMUSG00000042414,1,3,7,11,Prdm14,mus_musculus
,ENSXETG00000015915,2,3,13,18,prdm14,xenopus_tropicalis
,WBGene00018567,1,1,5,7,F47E1.3,caenorhabditis_elegans
661,ENSG00000147601,4,2,2,8,TERF1,homo_sapiens
,ENSMUSG00000025925,2,2,2,6,Terf1,mus_musculus
,ENSXETG00000033317,1,2,1,4,terf1,xenopus_tropicalis
662,ENSG00000147789,10,13,51,74,ZNF7,homo_sapiens
,ENSMUSG00000033669,1,10,0,28,Zfp7,mus_musculus
,ENSXETG00000016786,1,2,12,15,znf180,xenopus_tropicalis
663,ENSG00000147862,12,4,10,26,NFIB,homo_sapiens
,ENSMUSG00000008575,7,4,7,18,Nfib,mus_musculus
,ENSXETG00000000835,1,4,1,6,nfib,xenopus_tropicalis
,FBgn0042696,2,1,2,5,NfI,drosophila_melanogaster
,WBGene00003592,3,1,3,7,nfi-1,caenorhabditis_elegans
664,ENSG00000148200,5,12,5,22,NR6A1,homo_sapiens
,ENSMUSG00000063972,5,12,5,22,Nr6a1,mus_musculus
,ENSXETG00000008578,1,13,1,15,nr6a1,xenopus_tropicalis
,FBgn0264562,9,4,9,22,Hr4,drosophila_melanogaster
,WBGene00003681,6,2,3,11,nhr-91,caenorhabditis_elegans
665,ENSG00000148337,13,1,11,25,CIZ1,homo_sapiens
,ENSMUSG00000039205,11,1,6,18,Ciz1,mus_musculus
666,ENSG00000148513,4,29,20,53,ANKRD30A,homo_sapiens
,ENSMUSG00000007827,1,14,5,20,Ankrd26,mus_musculus
,ENSXETG00000021831,1,1,4,5,ankrd26,xenopus_tropicalis
667,ENSG00000148516,9,2,29,52,ZEB1,homo_sapiens
,ENSMUSG00000024238,3,2,3,14,Zeb1,mus_musculus
,ENSXETG00000011655,2,2,14,18,zeb1,xenopus_tropicalis
,FBgn0004606,3,1,28,32,zfh1,drosophila_melanogaster
,WBGene00006970,1,1,5,7,zag-1,caenorhabditis_elegans
668,ENSG00000148704,2,7,2,11,VAX1,homo_sapiens
,ENSMUSG00000006270,1,7,1,9,Vax1,mus_musculus
,ENSXETG00000008186,1,6,1,8,vax1,xenopus_tropicalis
,WBGene00000430,1,7,1,9,ceh-5,caenorhabditis_elegans
669,ENSG00000148737,18,4,15,37,TCF7L2,homo_sapiens
,ENSMUSG00000024985,17,4,13,33,Tcf7l2,mus_musculus
,ENSXETG00000018735,2,4,3,9,tcf7l2,xenopus_tropicalis
,FBgn0085432,9,1,9,19,pan,drosophila_melanogaster
,WBGene00004077,1,1,1,3,pop-1,caenorhabditis_elegans
670,ENSG00000148826,1,16,1,18,NKX6-2,homo_sapiens
,ENSMUSG00000041309,1,16,1,18,Nkx6-2,mus_musculus
,FBgn0040318,1,11,1,13,HGTX,drosophila_melanogaster
,WBGene00000584,2,4,2,6,cog-1,caenorhabditis_elegans
671,ENSG00000149050,2,22,26,50,ZNF214,homo_sapiens
,FBgn0030005,1,1,6,8,CG2120,drosophila_melanogaster
672,ENSG00000149054,4,7,16,27,ZNF215,homo_sapiens
673,ENSG00000149136,4,5,2,10,SSRP1,homo_sapiens
,ENSMUSG00000027067,3,5,3,11,Ssrp1,mus_musculus
,ENSXETG00000000781,1,5,2,8,ssrp1,xenopus_tropicalis
,FBgn0004362,4,6,4,14,HmgD,drosophila_melanogaster
,FBgn0010228,4,6,4,14,HmgZ,drosophila_melanogaster
,FBgn0010278,1,6,1,8,Ssrp,drosophila_melanogaster
,WBGene00001971,1,4,1,6,hmg-1.1,caenorhabditis_elegans
,WBGene00001973,1,4,1,6,hmg-3,caenorhabditis_elegans
,WBGene00001974,1,4,1,6,hmg-4,caenorhabditis_elegans
674,ENSG00000149480,3,5,7,15,MTA2,homo_sapiens
,ENSMUSG00000071646,1,6,3,10,Mta2,mus_musculus
,ENSXETG00000005633,1,4,2,7,mta2,xenopus_tropicalis
,FBgn0027951,4,2,16,22,MTA1-like,drosophila_melanogaster
,WBGene00003025,4,2,12,18,lin-40,caenorhabditis_elegans
675,ENSG00000149922,4,13,4,21,TBX6,homo_sapiens
,ENSMUSG00000030699,2,13,2,17,Tbx6,mus_musculus
676,ENSG00000149948,7,1,0,8,HMGA2,homo_sapiens
,ENSMUSG00000056758,2,1,0,3,Hmga2,mus_musculus
,ENSXETG00000027772,1,1,0,2,hmga2,xenopus_tropicalis
677,ENSG00000150051,4,7,3,14,MKX,homo_sapiens
,ENSMUSG00000061013,1,7,1,9,Mkx,mus_musculus
,ENSXETG00000004554,1,6,1,8,mkx,xenopus_tropicalis
,FBgn0031232,2,4,2,8,CG11617,drosophila_melanogaster
,WBGene00007984,1,1,1,3,irx-1,caenorhabditis_elegans
678,ENSG00000150347,2,2,2,6,ARID5B,homo_sapiens
,ENSMUSG00000019947,1,2,1,4,Arid5b,mus_musculus
,ENSXETG00000014055,1,1,1,3,arid5b,xenopus_tropicalis
679,ENSG00000150907,1,5,1,7,FOXO1,homo_sapiens
,ENSMUSG00000044167,1,5,1,2,Foxo1,mus_musculus
,FBgn0038197,5,2,5,12,foxo,drosophila_melanogaster
,WBGene00000912,10,3,9,22,daf-16,caenorhabditis_elegans
680,ENSG00000151014,1,6,0,7,NOCT,homo_sapiens
,ENSMUSG00000023087,4,6,0,10,Noct,mus_musculus
,ENSXETG00000016899,1,6,0,7,noct,xenopus_tropicalis
,FBgn0261808,6,4,0,10,cu,drosophila_melanogaster
681,ENSG00000151090,12,14,5,31,THRB,homo_sapiens
,ENSMUSG00000021779,3,15,3,21,Thrb,mus_musculus
,ENSXETG00000003871,2,14,2,18,thrb,xenopus_tropicalis
682,ENSG00000151379,1,3,1,5,MSGN1,homo_sapiens
,ENSMUSG00000047002,1,3,0,5,Msgn1,mus_musculus
,ENSXETG00000015571,1,4,1,6,msgn1,xenopus_tropicalis
683,ENSG00000151612,5,1,18,24,ZNF827,homo_sapiens
,ENSMUSG00000071064,7,1,23,31,Zfp827,mus_musculus
,ENSXETG00000023684,1,1,5,7,znf827,xenopus_tropicalis
684,ENSG00000151615,1,16,2,19,POU4F2,homo_sapiens
,ENSMUSG00000031688,1,15,2,18,Pou4f2,mus_musculus
,ENSXETG00000026053,1,16,2,18,pou4f2,xenopus_tropicalis
,FBgn0000028,13,5,26,44,acj6,drosophila_melanogaster
,WBGene00006818,2,3,4,9,unc-86,caenorhabditis_elegans
685,ENSG00000151623,5,12,5,22,NR3C2,homo_sapiens
,ENSMUSG00000031618,6,12,4,22,Nr3c2,mus_musculus
,ENSXETG00000026061,1,13,2,16,nr3c2,xenopus_tropicalis
686,ENSG00000151650,1,1,1,3,VENTX,homo_sapiens
,ENSXETG00000026796,1,6,2,9,ventx2.2,xenopus_tropicalis
,ENSXETG00000026798,1,6,2,9,ventx2.1,xenopus_tropicalis
687,ENSG00000151702,5,13,8,26,FLI1,homo_sapiens
,ENSMUSG00000016087,2,13,3,18,Fli1,mus_musculus
,ENSXETG00000022780,0,12,1,14,fli1,xenopus_tropicalis
,ENSXETG00000023717,1,12,1,14,erg,xenopus_tropicalis
688,ENSG00000152192,1,16,2,19,POU4F1,homo_sapiens
,ENSMUSG00000048349,1,15,2,18,Pou4f1,mus_musculus
,ENSXETG00000017814,1,16,4,21,pou4f1,xenopus_tropicalis
,FBgn0000028,13,5,26,44,acj6,drosophila_melanogaster
,WBGene00006818,2,3,4,9,unc-86,caenorhabditis_elegans
689,ENSG00000152284,2,4,1,7,TCF7L1,homo_sapiens
,ENSMUSG00000055799,3,4,2,9,Tcf7l1,mus_musculus
,ENSXETG00000019015,1,4,3,8,tcf7l1,xenopus_tropicalis
,FBgn0085432,9,1,9,19,pan,drosophila_melanogaster
,WBGene00004077,1,1,1,3,pop-1,caenorhabditis_elegans
690,ENSG00000152433,3,34,12,49,ZNF547,homo_sapiens
691,ENSG00000152439,4,34,22,60,ZNF773,homo_sapiens
692,ENSG00000152443,3,34,13,50,ZNF776,homo_sapiens
693,ENSG00000152454,2,34,16,52,ZNF256,homo_sapiens
694,ENSG00000152467,3,7,6,16,ZSCAN1,homo_sapiens
695,ENSG00000152475,2,3,16,21,ZNF837,homo_sapiens
,FBgn0037722,1,1,7,9,CG8319,drosophila_melanogaster
696,ENSG00000152518,2,3,4,9,ZFP36L2,homo_sapiens
,ENSMUSG00000045817,1,4,2,7,Zfp36l2,mus_musculus
,ENSXETG00000009274,1,6,1,8,zfp36l2,xenopus_tropicalis
,FBgn0011837,3,1,6,10,Tis11,drosophila_melanogaster
,WBGene00009532,2,14,4,20,ccch-1,caenorhabditis_elegans
697,ENSG00000152784,4,2,10,16,PRDM8,homo_sapiens
,ENSMUSG00000035456,1,2,3,6,Prdm8,mus_musculus
,FBgn0035643,2,1,4,7,CG13287,drosophila_melanogaster
698,ENSG00000152804,3,16,3,22,HHEX,homo_sapiens
,ENSMUSG00000024986,2,16,2,20,Hhex,mus_musculus
,ENSXETG00000012215,2,16,2,20,hhex,xenopus_tropicalis
,FBgn0038852,1,11,1,13,HHEX,drosophila_melanogaster
,WBGene00004011,1,4,1,6,pha-2,caenorhabditis_elegans
699,ENSG00000152926,3,49,35,87,ZNF117,homo_sapiens
,ENSMUSG00000030446,2,23,32,57,Zfp273,mus_musculus
,ENSMUSG00000048280,5,23,31,59,Zfp738,mus_musculus
,ENSMUSG00000051037,2,23,25,50,Zfp455,mus_musculus
,ENSMUSG00000052909,1,23,10,34,Gm9894,mus_musculus
,ENSMUSG00000055341,1,23,19,43,Zfp457,mus_musculus
,ENSMUSG00000055480,1,23,24,25,Zfp458,mus_musculus
,ENSMUSG00000055560,1,23,5,24,Zfp459,mus_musculus
,ENSMUSG00000057842,3,23,60,86,Zfp595,mus_musculus
,ENSMUSG00000058331,2,23,30,55,Zfp85,mus_musculus
,ENSMUSG00000058883,2,23,34,59,Zfp708,mus_musculus
,ENSMUSG00000058900,1,23,13,37,Rsl1,mus_musculus
,ENSMUSG00000059839,1,23,13,37,Zfp874b,mus_musculus
,ENSMUSG00000069184,1,23,15,39,Zfp72,mus_musculus
,ENSMUSG00000069206,2,23,13,38,Zfp874a,mus_musculus
,ENSMUSG00000071281,3,23,32,58,Zfp65,mus_musculus
,ENSMUSG00000071291,4,23,43,70,Zfp58,mus_musculus
,ENSMUSG00000074824,1,23,11,35,Rslcan18,mus_musculus
,ENSMUSG00000078994,2,23,14,39,Zfp429,mus_musculus
,ENSMUSG00000078995,2,23,13,38,Zfp456,mus_musculus
,ENSMUSG00000090659,2,23,13,38,Zfp493,mus_musculus
,ENSMUSG00000097333,3,23,19,45,Zfp87,mus_musculus
,ENSMUSG00000098905,1,23,9,33,Zfp953,mus_musculus
,ENSMUSG00000100235,1,23,17,41,Gm28557,mus_musculus
700,ENSG00000152977,2,18,6,26,ZIC1,homo_sapiens
,ENSMUSG00000032368,2,18,8,26,Zic1,mus_musculus
,ENSXETG00000015467,1,14,5,20,zic1,xenopus_tropicalis
,FBgn0003002,1,0,4,12,opa,drosophila_melanogaster
,WBGene00004335,3,3,12,18,ref-2,caenorhabditis_elegans
,WBGene00006604,2,3,5,10,tra-1,caenorhabditis_elegans
,WBGene00010936,1,3,4,8,ztf-14,caenorhabditis_elegans
701,ENSG00000153048,16,2,0,18,CARHSP1,homo_sapiens
,ENSMUSG00000008393,1,2,0,3,Carhsp1,mus_musculus
,ENSXETG00000008696,1,2,0,3,carhsp1,xenopus_tropicalis
,FBgn0036661,3,1,0,4,CG9705,drosophila_melanogaster
702,ENSG00000153234,8,14,6,28,NR4A2,homo_sapiens
,ENSMUSG00000026826,3,15,3,21,Nr4a2,mus_musculus
,ENSXETG00000031753,1,14,1,16,nr4a2,xenopus_tropicalis
,FBgn0014859,2,2,2,6,Hr38,drosophila_melanogaster
,WBGene00003605,3,1,3,7,nhr-6,caenorhabditis_elegans
703,ENSG00000153266,3,4,18,25,FEZF2,homo_sapiens
,ENSMUSG00000021743,1,4,6,11,Fezf2,mus_musculus
,ENSXETG00000022248,1,4,6,11,fezf2,xenopus_tropicalis
,FBgn0031375,4,4,24,32,erm,drosophila_melanogaster
,WBGene00012639,1,2,6,9,fezf-1,caenorhabditis_elegans
704,ENSG00000153560,4,6,0,10,UBP1,homo_sapiens
,ENSMUSG00000009741,3,6,0,9,Ubp1,mus_musculus
,FBgn0050011,4,2,0,6,gem,drosophila_melanogaster
705,ENSG00000153779,3,9,3,15,TGIF2LX,homo_sapiens
,ENSMUSG00000100133,1,9,1,11,Tgif2lx1,mus_musculus
,ENSMUSG00000100194,1,9,1,11,Tgif2lx2,mus_musculus
,ENSXETG00000017312,1,7,1,9,tgif2,xenopus_tropicalis
,FBgn0033748,2,3,2,7,vis,drosophila_melanogaster
,FBgn0033749,3,3,3,9,achi,drosophila_melanogaster
706,ENSG00000153879,2,5,2,9,CEBPG,homo_sapiens
,ENSMUSG00000056216,2,4,2,8,Cebpg,mus_musculus
,ENSXETG00000027337,1,5,1,7,cebpg,xenopus_tropicalis
,WBGene00016754,1,1,1,3,cebp-2,caenorhabditis_elegans
707,ENSG00000153896,3,7,17,27,ZNF599,homo_sapiens
708,ENSG00000154227,5,5,7,17,CERS3,homo_sapiens
,ENSMUSG00000030510,2,5,2,9,Cers3,mus_musculus
,ENSXETG00000027994,2,5,4,11,cers3,xenopus_tropicalis
,FBgn0040918,2,1,4,7,schlank,drosophila_melanogaster
,WBGene00002043,4,3,4,11,hyl-1,caenorhabditis_elegans
,WBGene00002044,1,3,1,5,hyl-2,caenorhabditis_elegans
709,ENSG00000154655,7,10,18,35,L3MBTL4,homo_sapiens
,ENSMUSG00000041565,2,10,7,19,L3mbtl4,mus_musculus
,FBgn0002441,1,3,3,7,l(3)mbt,drosophila_melanogaster
710,ENSG00000154727,2,13,4,19,GABPA,homo_sapiens
,ENSMUSG00000008976,2,13,4,19,Gabpa,mus_musculus
,ENSXETG00000013611,1,12,1,14,gabpa,xenopus_tropicalis
,FBgn0004510,2,5,4,11,Ets97D,drosophila_melanogaster
,WBGene00016600,2,2,2,6,ets-5,caenorhabditis_elegans
,WBGene00020368,1,2,1,4,ast-1,caenorhabditis_elegans
711,ENSG00000154957,7,8,31,46,ZNF18,homo_sapiens
,ENSMUSG00000018347,2,7,14,23,Zkscan6,mus_musculus
,ENSXETG00000021690,1,1,1,3,0,xenopus_tropicalis
712,ENSG00000155090,2,15,6,23,KLF10,homo_sapiens
,ENSMUSG00000037465,1,15,3,19,Klf10,mus_musculus
,ENSXETG00000004120,1,14,3,18,klf10,xenopus_tropicalis
,FBgn0043364,3,4,9,16,cbt,drosophila_melanogaster
,WBGene00012735,1,2,3,6,sptf-3,caenorhabditis_elegans
713,ENSG00000155545,6,3,8,17,MIER3,homo_sapiens
,ENSMUSG00000032727,3,3,6,12,Mier3,mus_musculus
,ENSXETG00000015520,2,3,2,7,mier3,xenopus_tropicalis
,WBGene00017352,1,2,1,4,F10E7.11,caenorhabditis_elegans
,WBGene00020320,1,2,1,3,T07F8.4,caenorhabditis_elegans
714,ENSG00000155592,1,4,8,13,ZKSCAN2,homo_sapiens
,ENSMUSG00000030757,3,3,9,15,Zkscan2,mus_musculus
715,ENSG00000155966,5,4,0,9,AFF2,homo_sapiens
,ENSMUSG00000031189,1,4,0,5,Aff2,mus_musculus
,ENSXETG00000019630,1,4,1,6,aff2,xenopus_tropicalis
,FBgn0041111,8,1,0,9,lilli,drosophila_melanogaster
716,ENSG00000156127,2,3,1,6,BATF,homo_sapiens
,ENSMUSG00000034266,1,3,1,5,Batf,mus_musculus
,ENSXETG00000013235,1,1,1,3,batf,xenopus_tropicalis
717,ENSG00000156150,1,15,1,17,ALX3,homo_sapiens
,ENSMUSG00000014603,1,13,1,15,Alx3,mus_musculus
,FBgn0020617,1,10,2,13,Rx,drosophila_melanogaster
718,ENSG00000156273,12,7,9,28,BACH1,homo_sapiens
,ENSMUSG00000025612,1,7,2,10,Bach1,mus_musculus
,ENSXETG00000020266,1,7,2,10,bach1,xenopus_tropicalis
,FBgn0262975,16,1,16,33,cnc,drosophila_melanogaster
719,ENSG00000156853,2,7,23,32,ZNF689,homo_sapiens
,ENSMUSG00000048921,2,6,19,27,Zfp689,mus_musculus
720,ENSG00000156925,2,18,8,28,ZIC3,homo_sapiens
,ENSMUSG00000067860,0,18,12,34,Zic3,mus_musculus
,ENSXETG00000024458,1,14,4,19,zic3,xenopus_tropicalis
,FBgn0003002,1,0,4,12,opa,drosophila_melanogaster
,WBGene00004335,3,3,12,18,ref-2,caenorhabditis_elegans
,WBGene00006604,2,3,5,10,tra-1,caenorhabditis_elegans
,WBGene00010936,1,3,4,8,ztf-14,caenorhabditis_elegans
721,ENSG00000157429,10,6,47,52,ZNF19,homo_sapiens
,ENSXETG00000033508,1,1,7,9,znf329,xenopus_tropicalis
722,ENSG00000157514,17,4,0,21,TSC22D3,homo_sapiens
,ENSMUSG00000031431,3,4,0,7,Tsc22d3,mus_musculus
,ENSXETG00000022572,2,5,0,7,tsc22d3,xenopus_tropicalis
,FBgn0259176,10,1,0,11,bun,drosophila_melanogaster
,WBGene00016269,24,3,0,27,C30G4.4,caenorhabditis_elegans
723,ENSG00000157554,11,13,21,43,ERG,homo_sapiens
,ENSMUSG00000040732,9,13,18,40,Erg,mus_musculus
724,ENSG00000157557,4,13,6,23,ETS2,homo_sapiens
,ENSMUSG00000022895,2,13,3,18,Ets2,mus_musculus
,ENSXETG00000023724,1,12,1,14,ets2,xenopus_tropicalis
,WBGene00016600,2,2,2,6,ets-5,caenorhabditis_elegans
,WBGene00020368,1,2,1,4,ast-1,caenorhabditis_elegans
725,ENSG00000157613,3,5,2,10,CREB3L1,homo_sapiens
,ENSMUSG00000027230,1,5,1,2,Creb3l1,mus_musculus
,ENSXETG00000031075,1,4,1,6,CREB3L1,xenopus_tropicalis
,FBgn0004396,2,1,2,5,CrebA,drosophila_melanogaster
,WBGene00016162,4,2,4,10,crh-2,caenorhabditis_elegans
726,ENSG00000157657,5,1,18,24,ZNF618,homo_sapiens
,ENSMUSG00000028358,3,1,11,15,Zfp618,mus_musculus
,ENSXETG00000022935,2,1,4,7,znf618,xenopus_tropicalis
727,ENSG00000158055,5,6,0,11,GRHL3,homo_sapiens
,ENSMUSG00000037188,1,6,0,7,Grhl3,mus_musculus
,ENSXETG00000003899,2,6,0,8,grhl3,xenopus_tropicalis
,FBgn0259211,8,2,0,10,grh,drosophila_melanogaster
,WBGene00001707,3,1,0,4,grh-1,caenorhabditis_elegans
728,ENSG00000158691,2,21,24,47,ZSCAN12,homo_sapiens
,ENSMUSG00000036721,2,14,18,34,Zscan12,mus_musculus
729,ENSG00000158711,3,12,3,18,ELK4,homo_sapiens
,ENSMUSG00000026436,3,11,3,17,Elk4,mus_musculus
,ENSXETG00000000987,1,10,2,13,elk4,xenopus_tropicalis
,WBGene00017598,1,8,1,10,F19F10.1,caenorhabditis_elegans
,WBGene00017601,1,8,1,10,ets-7,caenorhabditis_elegans
730,ENSG00000158773,6,2,5,13,USF1,homo_sapiens
,ENSMUSG00000026641,4,2,3,9,Usf1,mus_musculus
,ENSXETG00000024720,1,3,0,4,usf1,xenopus_tropicalis
,FBgn0029711,2,1,2,5,Usf,drosophila_melanogaster
731,ENSG00000158805,3,6,10,19,ZNF276,homo_sapiens
,ENSMUSG00000001065,2,4,4,10,Zfp276,mus_musculus
,ENSXETG00000019874,1,3,4,8,znf276,xenopus_tropicalis
732,ENSG00000159086,2,2,0,4,PAXBP1,homo_sapiens
,ENSMUSG00000022974,1,2,0,3,Paxbp1,mus_musculus
,ENSXETG00000009903,1,2,0,3,paxbp1,xenopus_tropicalis
,FBgn0037466,3,1,0,4,CG1965,drosophila_melanogaster
,WBGene00009672,2,1,0,3,F43G9.12,caenorhabditis_elegans
733,ENSG00000159184,1,17,1,19,HOXB13,homo_sapiens
,ENSMUSG00000049604,1,16,1,18,Hoxb13,mus_musculus
,FBgn0000015,7,1,7,15,Abd-B,drosophila_melanogaster
734,ENSG00000159216,9,3,7,18,RUNX1,homo_sapiens
,ENSMUSG00000022952,6,3,4,13,Runx1,mus_musculus
,ENSXETG00000014140,1,3,1,5,runx1,xenopus_tropicalis
,FBgn0002576,2,4,2,8,lz,drosophila_melanogaster
,FBgn0003300,3,4,3,10,run,drosophila_melanogaster
,FBgn0083981,3,4,3,10,RunxA,drosophila_melanogaster
,FBgn0259162,1,4,1,6,RunxB,drosophila_melanogaster
,WBGene00004393,1,1,1,3,rnt-1,caenorhabditis_elegans
735,ENSG00000159263,3,13,8,20,SIM2,homo_sapiens
,ENSMUSG00000062713,1,13,4,18,Sim2,mus_musculus
,ENSXETG00000013022,2,11,6,19,sim2,xenopus_tropicalis
,FBgn0004666,4,6,12,22,sim,drosophila_melanogaster
736,ENSG00000159387,1,7,1,9,IRX6,homo_sapiens
,ENSMUSG00000031738,2,7,2,11,Irx6,mus_musculus
,FBgn0015904,2,4,2,8,ara,drosophila_melanogaster
,FBgn0015919,1,4,1,6,caup,drosophila_melanogaster
737,ENSG00000159556,1,12,3,16,ISL2,homo_sapiens
,ENSMUSG00000032318,2,12,5,19,Isl2,mus_musculus
,ENSXETG00000015323,2,13,6,21,isl2,xenopus_tropicalis
,FBgn0003896,3,7,9,19,tup,drosophila_melanogaster
,WBGene00002989,1,7,3,11,lim-7,caenorhabditis_elegans
738,ENSG00000159882,3,22,13,38,ZNF230,homo_sapiens
,FBgn0030005,1,1,6,8,CG2120,drosophila_melanogaster
739,ENSG00000159885,3,22,22,48,ZNF222,homo_sapiens
,FBgn0030005,1,1,6,8,CG2120,drosophila_melanogaster
740,ENSG00000159905,5,22,65,76,ZNF221,homo_sapiens
,FBgn0030005,1,1,6,8,CG2120,drosophila_melanogaster
741,ENSG00000159915,5,22,13,40,ZNF233,homo_sapiens
,FBgn0030005,1,1,6,8,CG2120,drosophila_melanogaster
742,ENSG00000159917,5,22,33,60,ZNF235,homo_sapiens
,ENSMUSG00000030486,3,11,42,56,Zfp108,mus_musculus
,ENSMUSG00000047603,2,11,17,30,Zfp235,mus_musculus
,ENSMUSG00000055305,2,11,28,41,Zfp93,mus_musculus
,ENSMUSG00000068962,3,11,25,39,Zfp114,mus_musculus
,ENSMUSG00000074283,3,11,42,56,Zfp109,mus_musculus
,FBgn0030005,1,1,6,8,CG2120,drosophila_melanogaster
743,ENSG00000160062,2,16,6,24,ZBTB8A,homo_sapiens
,ENSMUSG00000028807,1,15,3,19,Zbtb8a,mus_musculus
,ENSXETG00000027866,1,17,3,21,zbtb8a.2,xenopus_tropicalis
,ENSXETG00000033102,1,17,3,21,0,xenopus_tropicalis
,WBGene00016154,1,1,5,7,C27A12.2,caenorhabditis_elegans
744,ENSG00000160094,3,4,12,19,ZNF362,homo_sapiens
,ENSMUSG00000028799,3,4,17,24,Zfp362,mus_musculus
,ENSXETG00000009496,1,2,5,8,znf362,xenopus_tropicalis
,FBgn0010768,1,4,5,10,sqz,drosophila_melanogaster
,FBgn0267337,4,4,17,31,rn,drosophila_melanogaster
,WBGene00003015,3,1,15,19,lin-29,caenorhabditis_elegans
745,ENSG00000160113,2,12,1,15,NR2F6,homo_sapiens
,ENSMUSG00000002393,3,12,3,18,Nr2f6,mus_musculus
,ENSXETG00000013531,1,14,1,16,nr2f6,xenopus_tropicalis
746,ENSG00000160199,2,9,2,13,PKNOX1,homo_sapiens
,ENSMUSG00000006705,3,9,3,15,Pknox1,mus_musculus
,ENSXETG00000032286,1,7,1,9,PKNOX1,xenopus_tropicalis
747,ENSG00000160224,1,5,3,9,AIRE,homo_sapiens
,ENSMUSG00000000731,11,5,33,49,Aire,mus_musculus
,FBgn0023097,6,1,30,37,bon,drosophila_melanogaster
748,ENSG00000160229,3,49,18,70,ZNF66,homo_sapiens
,ENSMUSG00000030446,2,23,32,57,Zfp273,mus_musculus
,ENSMUSG00000048280,5,23,31,59,Zfp738,mus_musculus
,ENSMUSG00000051037,2,23,25,50,Zfp455,mus_musculus
,ENSMUSG00000052909,1,23,10,34,Gm9894,mus_musculus
,ENSMUSG00000055341,1,23,19,43,Zfp457,mus_musculus
,ENSMUSG00000055480,1,23,24,25,Zfp458,mus_musculus
,ENSMUSG00000055560,1,23,5,24,Zfp459,mus_musculus
,ENSMUSG00000057842,3,23,60,86,Zfp595,mus_musculus
,ENSMUSG00000058331,2,23,30,55,Zfp85,mus_musculus
,ENSMUSG00000058883,2,23,34,59,Zfp708,mus_musculus
,ENSMUSG00000058900,1,23,13,37,Rsl1,mus_musculus
,ENSMUSG00000059839,1,23,13,37,Zfp874b,mus_musculus
,ENSMUSG00000069184,1,23,15,39,Zfp72,mus_musculus
,ENSMUSG00000069206,2,23,13,38,Zfp874a,mus_musculus
,ENSMUSG00000071281,3,23,32,58,Zfp65,mus_musculus
,ENSMUSG00000071291,4,23,43,70,Zfp58,mus_musculus
,ENSMUSG00000074824,1,23,11,35,Rslcan18,mus_musculus
,ENSMUSG00000078994,2,23,14,39,Zfp429,mus_musculus
,ENSMUSG00000078995,2,23,13,38,Zfp456,mus_musculus
,ENSMUSG00000090659,2,23,13,38,Zfp493,mus_musculus
,ENSMUSG00000097333,3,23,19,45,Zfp87,mus_musculus
,ENSMUSG00000098905,1,23,9,33,Zfp953,mus_musculus
,ENSMUSG00000100235,1,23,17,41,Gm28557,mus_musculus
749,ENSG00000160321,7,16,79,102,ZNF208,homo_sapiens
,ENSMUSG00000021510,1,14,32,47,Zfp729a,mus_musculus
,ENSMUSG00000058093,2,14,38,54,Zfp729b,mus_musculus
,ENSMUSG00000095432,2,14,27,43,Zfp748,mus_musculus
750,ENSG00000160352,7,49,21,77,ZNF714,homo_sapiens
,ENSMUSG00000030446,2,23,32,57,Zfp273,mus_musculus
,ENSMUSG00000048280,5,23,31,59,Zfp738,mus_musculus
,ENSMUSG00000051037,2,23,25,50,Zfp455,mus_musculus
,ENSMUSG00000052909,1,23,10,34,Gm9894,mus_musculus
,ENSMUSG00000055341,1,23,19,43,Zfp457,mus_musculus
,ENSMUSG00000055480,1,23,24,25,Zfp458,mus_musculus
,ENSMUSG00000055560,1,23,5,24,Zfp459,mus_musculus
,ENSMUSG00000057842,3,23,60,86,Zfp595,mus_musculus
,ENSMUSG00000058331,2,23,30,55,Zfp85,mus_musculus
,ENSMUSG00000058883,2,23,34,59,Zfp708,mus_musculus
,ENSMUSG00000058900,1,23,13,37,Rsl1,mus_musculus
,ENSMUSG00000059839,1,23,13,37,Zfp874b,mus_musculus
,ENSMUSG00000069184,1,23,15,39,Zfp72,mus_musculus
,ENSMUSG00000069206,2,23,13,38,Zfp874a,mus_musculus
,ENSMUSG00000071281,3,23,32,58,Zfp65,mus_musculus
,ENSMUSG00000071291,4,23,43,70,Zfp58,mus_musculus
,ENSMUSG00000074824,1,23,11,35,Rslcan18,mus_musculus
,ENSMUSG00000078994,2,23,14,39,Zfp429,mus_musculus
,ENSMUSG00000078995,2,23,13,38,Zfp456,mus_musculus
,ENSMUSG00000090659,2,23,13,38,Zfp493,mus_musculus
,ENSMUSG00000097333,3,23,19,45,Zfp87,mus_musculus
,ENSMUSG00000098905,1,23,9,33,Zfp953,mus_musculus
,ENSMUSG00000100235,1,23,17,41,Gm28557,mus_musculus
751,ENSG00000160685,4,3,20,27,ZBTB7B,homo_sapiens
,ENSMUSG00000028042,8,4,23,35,Zbtb7b,mus_musculus
,ENSMUSG00000096192,1,4,4,9,Gm18856,mus_musculus
,ENSXETG00000020041,1,2,3,6,zbtb7b,xenopus_tropicalis
752,ENSG00000160908,2,21,10,33,ZNF394,homo_sapiens
,ENSMUSG00000029627,3,14,11,28,Zkscan14,mus_musculus
753,ENSG00000160961,3,8,15,26,ZNF333,homo_sapiens
754,ENSG00000160973,1,14,1,16,FOXH1,homo_sapiens
,ENSMUSG00000033837,1,16,1,18,Foxh1,mus_musculus
,ENSXETG00000005286,1,14,2,17,foxh1.2,xenopus_tropicalis
,ENSXETG00000020879,1,14,1,16,foxh1,xenopus_tropicalis
,WBGene00001441,4,5,2,11,fkh-9,caenorhabditis_elegans
755,ENSG00000161277,0,6,1,2,THAP8,homo_sapiens
756,ENSG00000161298,6,25,44,75,ZNF382,homo_sapiens
,ENSMUSG00000074220,2,21,10,33,Zfp382,mus_musculus
,FBgn0266450,2,1,16,18,Kr-h1,drosophila_melanogaster
757,ENSG00000161405,15,6,29,50,IKZF3,homo_sapiens
,ENSMUSG00000018168,1,6,4,11,Ikzf3,mus_musculus
,ENSXETG00000015152,1,6,4,11,ikzf3,xenopus_tropicalis
758,ENSG00000161551,10,8,40,59,ZNF577,homo_sapiens
759,ENSG00000161914,4,6,7,17,ZNF653,homo_sapiens
,ENSMUSG00000038895,2,4,8,14,Zfp653,mus_musculus
,ENSXETG00000016739,1,3,5,9,znf653,xenopus_tropicalis
760,ENSG00000161940,4,2,12,18,BCL6B,homo_sapiens
,ENSMUSG00000000317,2,2,7,11,Bcl6b,mus_musculus
761,ENSG00000162086,4,3,14,21,ZNF75A,homo_sapiens
762,ENSG00000162367,2,11,2,15,TAL1,homo_sapiens
,ENSMUSG00000028717,4,11,3,18,Tal1,mus_musculus
,ENSXETG00000016346,1,11,1,13,tal1,xenopus_tropicalis
,FBgn0011276,1,5,1,7,HLH3B,drosophila_melanogaster
763,ENSG00000162419,3,2,3,8,GMEB1,homo_sapiens
,ENSMUSG00000028901,4,2,3,10,Gmeb1,mus_musculus
,ENSXETG00000020625,1,2,1,4,gmeb1,xenopus_tropicalis
,WBGene00007732,1,4,1,6,spe-44,caenorhabditis_elegans
,WBGene00008092,1,4,1,6,gmeb-3,caenorhabditis_elegans
,WBGene00010010,1,4,1,6,gmeb-2,caenorhabditis_elegans
,WBGene00015285,1,4,1,6,gmeb-1,caenorhabditis_elegans
764,ENSG00000162599,13,4,11,28,NFIA,homo_sapiens
,ENSMUSG00000028565,7,4,6,17,Nfia,mus_musculus
,ENSXETG00000008871,1,4,3,8,nfia,xenopus_tropicalis
,FBgn0042696,2,1,2,5,NfI,drosophila_melanogaster
,WBGene00003592,3,1,3,7,nfi-1,caenorhabditis_elegans
765,ENSG00000162601,2,2,2,6,MYSM1,homo_sapiens
,ENSMUSG00000062627,1,2,2,5,Mysm1,mus_musculus
,ENSXETG00000011126,2,2,3,7,mysm1,xenopus_tropicalis
,FBgn0032348,1,1,0,2,CG4751,drosophila_melanogaster
766,ENSG00000162613,3,3,10,16,FUBP1,homo_sapiens
,ENSMUSG00000028034,11,3,27,41,Fubp1,mus_musculus
,ENSXETG00000013137,1,3,5,9,fubp1,xenopus_tropicalis
,FBgn0014870,3,1,12,16,Psi,drosophila_melanogaster
,WBGene00007534,5,4,20,29,C12D8.1,caenorhabditis_elegans
,WBGene00016489,2,4,4,10,C36E6.1,caenorhabditis_elegans
,WBGene00019692,1,4,4,9,M01A10.1,caenorhabditis_elegans
,WBGene00022738,3,4,12,19,ZK418.9,caenorhabditis_elegans
767,ENSG00000162624,2,12,6,20,LHX8,homo_sapiens
,ENSMUSG00000096225,3,12,8,23,Lhx8,mus_musculus
,ENSXETG00000002992,1,13,3,17,lhx8,xenopus_tropicalis
,FBgn0013751,4,7,12,23,Awh,drosophila_melanogaster
,WBGene00002987,1,7,3,11,lim-4,caenorhabditis_elegans
768,ENSG00000162676,3,4,18,25,GFI1,homo_sapiens
,ENSMUSG00000029275,5,4,23,32,Gfi1,mus_musculus
,ENSXETG00000023006,1,4,6,11,gfi1,xenopus_tropicalis
,FBgn0051632,2,4,12,18,sens-2,drosophila_melanogaster
,WBGene00003909,1,2,5,8,pag-3,caenorhabditis_elegans
769,ENSG00000162702,3,3,12,18,ZNF281,homo_sapiens
,ENSMUSG00000041483,2,3,8,13,Zfp281,mus_musculus
,ENSXETG00000018651,1,3,5,9,znf281,xenopus_tropicalis
770,ENSG00000162714,2,8,13,23,ZNF496,homo_sapiens
,ENSMUSG00000020472,2,7,13,22,Zkscan17,mus_musculus
,ENSXETG00000021690,1,1,1,3,0,xenopus_tropicalis
771,ENSG00000162761,3,12,9,24,LMX1A,homo_sapiens
,ENSMUSG00000026686,2,12,6,20,Lmx1a,mus_musculus
,ENSXETG00000013183,1,13,4,18,lmx1a,xenopus_tropicalis
,FBgn0052105,2,7,6,15,CG32105,drosophila_melanogaster
,WBGene00002988,2,7,6,15,lim-6,caenorhabditis_elegans
772,ENSG00000162772,8,2,8,18,ATF3,homo_sapiens
,ENSMUSG00000026628,2,2,2,6,Atf3,mus_musculus
,ENSXETG00000014375,1,1,1,2,atf3,xenopus_tropicalis
773,ENSG00000162924,2,5,2,9,REL,homo_sapiens
,ENSMUSG00000020275,1,5,1,7,Rel,mus_musculus
,ENSXETG00000002209,1,5,1,7,rel,xenopus_tropicalis
,FBgn0011274,4,3,4,11,Dif,drosophila_melanogaster
,FBgn0260632,6,3,6,15,dl,drosophila_melanogaster
774,ENSG00000162992,1,10,1,12,NEUROD1,homo_sapiens
,ENSMUSG00000034701,1,10,1,12,Neurod1,mus_musculus
,ENSXETG00000014068,2,9,3,14,neurod1,xenopus_tropicalis
,WBGene00000561,1,3,1,5,cnd-1,caenorhabditis_elegans
775,ENSG00000163064,1,7,1,9,EN1,homo_sapiens
,ENSMUSG00000058665,1,7,1,9,En1,mus_musculus
,ENSXETG00000014994,1,6,1,8,en1,xenopus_tropicalis
,FBgn0000577,2,6,2,10,en,drosophila_melanogaster
,FBgn0001269,3,6,2,12,inv,drosophila_melanogaster
,WBGene00000439,2,7,2,11,ceh-16,caenorhabditis_elegans
777,ENSG00000163132,1,21,1,23,MSX1,homo_sapiens
,ENSMUSG00000048450,1,22,1,24,Msx1,mus_musculus
778,ENSG00000163435,4,12,7,23,ELF3,homo_sapiens
,ENSMUSG00000003051,2,11,4,17,Elf3,mus_musculus
,ENSXETG00000031510,1,10,2,13,ELF3,xenopus_tropicalis
,WBGene00006462,2,8,4,14,tag-97,caenorhabditis_elegans
779,ENSG00000163497,1,13,1,15,FEV,homo_sapiens
,ENSMUSG00000055197,2,13,2,17,Fev,mus_musculus
,ENSXETG00000033826,1,12,1,14,FEV,xenopus_tropicalis
780,ENSG00000163508,3,4,3,10,EOMES,homo_sapiens
,ENSMUSG00000032446,3,4,3,10,Eomes,mus_musculus
,ENSXETG00000019924,1,3,1,5,eomes,xenopus_tropicalis
,WBGene00006554,1,12,1,14,tbx-35,caenorhabditis_elegans
781,ENSG00000163623,2,16,2,20,NKX6-1,homo_sapiens
,ENSMUSG00000035187,1,16,1,18,Nkx6-1,mus_musculus
,ENSXETG00000013227,3,16,6,25,nkx6-1,xenopus_tropicalis
,FBgn0040318,1,11,1,13,HGTX,drosophila_melanogaster
,WBGene00000584,2,4,2,6,cog-1,caenorhabditis_elegans
782,ENSG00000163666,3,13,2,18,HESX1,homo_sapiens
,ENSMUSG00000040726,1,13,1,15,Hesx1,mus_musculus
,ENSXETG00000008710,1,14,1,16,hesx1,xenopus_tropicalis
,WBGene00020485,1,8,1,10,ceh-54,caenorhabditis_elegans
783,ENSG00000163792,1,4,1,6,TCF23,homo_sapiens
,ENSMUSG00000006642,1,4,1,6,Tcf23,mus_musculus
,FBgn0022740,1,1,1,3,HLH54F,drosophila_melanogaster
784,ENSG00000163795,3,3,15,20,ZNF513,homo_sapiens
,ENSMUSG00000043059,5,3,14,22,Zfp513,mus_musculus
,ENSXETG00000031268,1,3,8,12,ZNF513,xenopus_tropicalis
,FBgn0001180,2,1,4,7,hb,drosophila_melanogaster
,WBGene00001824,2,1,8,11,hbl-1,caenorhabditis_elegans
785,ENSG00000163848,9,3,21,33,ZNF148,homo_sapiens
,ENSMUSG00000022811,2,3,8,13,Zfp148,mus_musculus
,ENSXETG00000023383,1,3,4,8,znf148,xenopus_tropicalis
786,ENSG00000163884,1,12,3,16,KLF15,homo_sapiens
,ENSMUSG00000030087,5,13,13,31,Klf15,mus_musculus
,ENSXETG00000011549,1,11,4,16,klf15,xenopus_tropicalis
,FBgn0025679,1,6,3,10,Bteb2,drosophila_melanogaster
787,ENSG00000163909,1,4,2,7,HEYL,homo_sapiens
,ENSMUSG00000032744,1,4,2,7,Heyl,mus_musculus
,FBgn0027788,1,2,2,5,Hey,drosophila_melanogaster
788,ENSG00000163939,17,1,92,110,PBRM1,homo_sapiens
,ENSMUSG00000042323,13,1,94,108,Pbrm1,mus_musculus
,ENSXETG00000013671,2,1,17,20,pbrm1,xenopus_tropicalis
,FBgn0039227,1,1,8,10,polybromo,drosophila_melanogaster
,WBGene00007042,3,1,10,14,pbrm-1,caenorhabditis_elegans
789,ENSG00000164011,8,2,49,59,ZNF691,homo_sapiens
,ENSMUSG00000045268,4,2,21,27,Zfp691,mus_musculus
790,ENSG00000164048,4,7,8,19,ZNF589,homo_sapiens
791,ENSG00000164093,11,13,18,40,PITX2,homo_sapiens
,ENSMUSG00000028023,7,13,9,29,Pitx2,mus_musculus
,ENSXETG00000013330,2,14,7,23,pitx2,xenopus_tropicalis
,FBgn0020912,3,4,6,13,Ptx1,drosophila_melanogaster
,WBGene00006766,4,8,4,16,unc-30,caenorhabditis_elegans
792,ENSG00000164104,4,4,8,16,HMGB2,homo_sapiens
,ENSMUSG00000054717,1,4,2,7,Hmgb2,mus_musculus
,ENSXETG00000016916,1,3,2,6,hmgb2,xenopus_tropicalis
,FBgn0011764,7,1,14,22,Dsp1,drosophila_melanogaster
,WBGene00001972,5,1,10,16,hmg-1.2,caenorhabditis_elegans
793,ENSG00000164107,2,11,2,14,HAND2,homo_sapiens
,ENSMUSG00000038193,1,11,1,13,Hand2,mus_musculus
,ENSXETG00000016908,1,11,1,13,hand2,xenopus_tropicalis
,FBgn0032209,1,5,1,7,Hand,drosophila_melanogaster
794,ENSG00000164256,3,3,19,25,PRDM9,homo_sapiens
,ENSMUSG00000051977,2,2,15,19,Prdm9,mus_musculus
,WBGene00011887,1,1,1,3,set-17,caenorhabditis_elegans
795,ENSG00000164299,2,1,0,3,SPZ1,homo_sapiens
,ENSMUSG00000046957,1,1,0,2,Spz1,mus_musculus
796,ENSG00000164330,4,4,0,8,EBF1,homo_sapiens
,ENSMUSG00000057098,3,4,0,7,Ebf1,mus_musculus
,ENSXETG00000031092,1,4,0,5,EBF1,xenopus_tropicalis
,FBgn0001319,5,1,0,6,kn,drosophila_melanogaster
,WBGene00006743,1,1,0,2,unc-3,caenorhabditis_elegans
797,ENSG00000164379,1,14,1,16,FOXQ1,homo_sapiens
,ENSMUSG00000038415,1,16,1,18,Foxq1,mus_musculus
,ENSXETG00000008529,1,14,2,17,foxq1,xenopus_tropicalis
798,ENSG00000164438,1,16,1,17,TLX3,homo_sapiens
,ENSMUSG00000040610,1,16,1,18,Tlx3,mus_musculus
,ENSXETG00000008043,1,16,1,18,tlx1,xenopus_tropicalis
,ENSXETG00000017822,1,16,1,18,tlx2,xenopus_tropicalis
,ENSXETG00000018304,1,16,1,18,tlx3,xenopus_tropicalis
,FBgn0004863,1,11,1,13,C15,drosophila_melanogaster
799,ENSG00000164458,4,13,4,21,T,homo_sapiens
,ENSMUSG00000062327,3,13,3,19,T,mus_musculus
,ENSXETG00000026572,1,12,1,14,t2,xenopus_tropicalis
,FBgn0011723,2,8,2,12,byn,drosophila_melanogaster
800,ENSG00000164532,1,13,1,15,TBX20,homo_sapiens
,ENSMUSG00000031965,2,13,2,17,Tbx20,mus_musculus
,ENSXETG00000013110,1,12,1,14,tbx20,xenopus_tropicalis
,FBgn0016660,2,8,1,11,H15,drosophila_melanogaster
,FBgn0261963,0,8,1,12,mid,drosophila_melanogaster
,WBGene00003106,1,4,1,2,mab-9,caenorhabditis_elegans
801,ENSG00000164600,2,10,2,14,NEUROD6,homo_sapiens
,ENSMUSG00000037984,1,10,1,12,Neurod6,mus_musculus
,ENSXETG00000023427,2,9,2,13,neurod6,xenopus_tropicalis
,WBGene00000561,1,3,1,5,cnd-1,caenorhabditis_elegans
802,ENSG00000164631,4,25,49,78,ZNF12,homo_sapiens
,ENSMUSG00000029587,3,21,35,56,Zfp12,mus_musculus
,FBgn0266450,2,1,16,18,Kr-h1,drosophila_melanogaster
803,ENSG00000164651,3,15,9,27,SP8,homo_sapiens
,ENSMUSG00000048562,1,15,3,19,Sp8,mus_musculus
,ENSXETG00000030115,1,14,5,20,SP8,xenopus_tropicalis
,FBgn0020378,4,4,12,20,Sp1,drosophila_melanogaster
,WBGene00011926,1,2,3,6,sptf-2,caenorhabditis_elegans
804,ENSG00000164683,4,4,7,15,HEY1,homo_sapiens
,ENSMUSG00000040289,1,4,2,7,Hey1,mus_musculus
,ENSXETG00000007864,1,3,2,6,hey1,xenopus_tropicalis
,FBgn0027788,1,2,2,5,Hey,drosophila_melanogaster
805,ENSG00000164736,1,17,2,20,SOX17,homo_sapiens
,ENSMUSG00000025902,7,16,10,33,Sox17,mus_musculus
,ENSXETG00000008104,2,14,2,18,sox17b.2,xenopus_tropicalis
,ENSXETG00000025005,1,14,1,16,sox17a,xenopus_tropicalis
,ENSXETG00000026438,1,14,1,16,sox17b.1,xenopus_tropicalis
,FBgn0005613,1,7,1,9,Sox15,drosophila_melanogaster
806,ENSG00000164749,2,12,2,16,HNF4G,homo_sapiens
,ENSMUSG00000017688,2,12,2,16,Hnf4g,mus_musculus
,ENSXETG00000017845,1,14,1,16,hnf4g,xenopus_tropicalis
,FBgn0004914,5,6,5,16,Hnf4,drosophila_melanogaster
,WBGene00003628,2,4,2,8,nhr-35,caenorhabditis_elegans
,WBGene00003654,2,4,2,8,nhr-64,caenorhabditis_elegans
,WBGene00003659,1,4,1,6,nhr-69,caenorhabditis_elegans
807,ENSG00000164778,1,7,1,9,EN2,homo_sapiens
,ENSMUSG00000039095,1,7,1,9,En2,mus_musculus
,ENSXETG00000013496,1,6,1,8,en2,xenopus_tropicalis
,FBgn0000577,2,6,2,10,en,drosophila_melanogaster
,FBgn0001269,3,6,2,12,inv,drosophila_melanogaster
,WBGene00000439,2,7,2,11,ceh-16,caenorhabditis_elegans
808,ENSG00000164853,1,3,1,5,UNCX,homo_sapiens
,ENSMUSG00000029546,2,3,2,7,Uncx,mus_musculus
,ENSXETG00000004021,1,3,1,5,uncx,xenopus_tropicalis
,FBgn0024184,3,5,3,10,unc-4,drosophila_melanogaster
,FBgn0026058,1,5,1,7,OdsH,drosophila_melanogaster
,WBGene00006744,1,3,1,5,unc-4,caenorhabditis_elegans
809,ENSG00000164900,1,20,1,22,GBX1,homo_sapiens
,ENSMUSG00000067724,1,20,1,22,Gbx1,mus_musculus
,FBgn0015561,1,11,1,13,unpg,drosophila_melanogaster
810,ENSG00000164916,2,14,2,18,FOXK1,homo_sapiens
,ENSMUSG00000056493,2,16,3,19,Foxk1,mus_musculus
,FBgn0036134,8,6,16,30,fd68A,drosophila_melanogaster
811,ENSG00000164920,7,2,23,32,OSR2,homo_sapiens
,ENSMUSG00000022330,1,2,3,6,Osr2,mus_musculus
,ENSXETG00000017850,1,2,5,8,osr2,xenopus_tropicalis
,FBgn0002985,1,4,4,9,odd,drosophila_melanogaster
,FBgn0004892,1,4,5,9,sob,drosophila_melanogaster
,FBgn0004893,7,4,35,46,bowl,drosophila_melanogaster
,FBgn0024244,3,4,6,10,drm,drosophila_melanogaster
,WBGene00003845,1,2,3,6,odd-1,caenorhabditis_elegans
,WBGene00003846,1,2,3,6,odd-2,caenorhabditis_elegans
812,ENSG00000165030,1,1,1,2,NFIL3,homo_sapiens
,ENSMUSG00000056749,1,1,1,3,Nfil3,mus_musculus
,ENSXETG00000000804,1,2,1,4,nfil3,xenopus_tropicalis
,FBgn0016076,5,1,5,11,vri,drosophila_melanogaster
,WBGene00000220,1,1,2,4,atf-2,caenorhabditis_elegans
813,ENSG00000165066,2,16,1,19,NKX6-3,homo_sapiens
,ENSMUSG00000063672,1,16,1,18,Nkx6-3,mus_musculus
814,ENSG00000165156,4,4,15,23,ZHX1,homo_sapiens
,ENSMUSG00000022361,4,4,19,27,Zhx1,mus_musculus
,ENSXETG00000023192,1,3,7,11,zhx1,xenopus_tropicalis
815,ENSG00000165244,1,1,2,4,ZNF367,homo_sapiens
,ENSMUSG00000044934,2,1,4,7,Zfp367,mus_musculus
,ENSXETG00000014840,1,1,2,4,znf367,xenopus_tropicalis
816,ENSG00000165259,4,1,3,8,HDX,homo_sapiens
,ENSMUSG00000034551,2,1,2,4,Hdx,mus_musculus
,ENSXETG00000014523,2,1,3,6,hdx,xenopus_tropicalis
818,ENSG00000165462,2,15,1,18,PHOX2A,homo_sapiens
,ENSMUSG00000007946,1,13,1,15,Phox2a,mus_musculus
,ENSXETG00000010505,1,13,1,15,phox2a,xenopus_tropicalis
,FBgn0025334,1,10,1,12,PHDP,drosophila_melanogaster
,WBGene00000440,1,3,1,5,ceh-17,caenorhabditis_elegans
819,ENSG00000165495,4,9,1,14,PKNOX2,homo_sapiens
,ENSMUSG00000035934,7,9,3,19,Pknox2,mus_musculus
,ENSXETG00000017781,2,7,2,11,pknox2,xenopus_tropicalis
820,ENSG00000165512,1,9,5,15,ZNF22,homo_sapiens
,ENSMUSG00000059878,3,3,15,21,Zfp422,mus_musculus
,ENSXETG00000011203,1,4,9,14,0,xenopus_tropicalis
,ENSXETG00000032038,1,4,9,14,0,xenopus_tropicalis
,FBgn0000286,5,3,26,34,Cf2,drosophila_melanogaster
,FBgn0004618,3,3,14,20,gl,drosophila_melanogaster
,FBgn0005694,4,3,16,23,Aef1,drosophila_melanogaster
,WBGene00000483,2,1,8,11,che-1,caenorhabditis_elegans
821,ENSG00000165556,1,3,1,5,CDX2,homo_sapiens
,ENSMUSG00000029646,1,3,1,5,Cdx2,mus_musculus
,FBgn0000251,3,1,3,7,cad,drosophila_melanogaster
,WBGene00003912,6,1,6,13,pal-1,caenorhabditis_elegans
822,ENSG00000165588,7,13,5,25,OTX2,homo_sapiens
,ENSMUSG00000021848,8,13,7,28,Otx2,mus_musculus
,ENSXETG00000015687,1,14,2,17,otx2,xenopus_tropicalis
,FBgn0004102,5,4,5,14,oc,drosophila_melanogaster
823,ENSG00000165606,2,15,4,21,DRGX,homo_sapiens
,ENSMUSG00000041730,4,13,6,23,Prrxl1,mus_musculus
,ENSXETG00000030565,1,13,2,16,DRGX,xenopus_tropicalis
,FBgn0085369,2,10,4,16,CG34340,drosophila_melanogaster
824,ENSG00000165643,2,1,4,7,SOHLH1,homo_sapiens
,ENSMUSG00000059625,1,1,1,3,Sohlh1,mus_musculus
826,ENSG00000165684,1,4,5,10,SNAPC4,homo_sapiens
,ENSMUSG00000036281,3,4,13,20,Snapc4,mus_musculus
,ENSXETG00000000743,2,4,10,16,snapc4,xenopus_tropicalis
,FBgn0037540,1,2,5,8,Pbp95,drosophila_melanogaster
827,ENSG00000165702,3,4,16,23,GFI1B,homo_sapiens
,ENSMUSG00000026815,2,4,12,18,Gfi1b,mus_musculus
,ENSXETG00000006263,1,4,6,11,gfi1b,xenopus_tropicalis
,FBgn0051632,2,4,12,18,sens-2,drosophila_melanogaster
,WBGene00003909,1,2,5,8,pag-3,caenorhabditis_elegans
828,ENSG00000165804,10,4,29,43,ZNF219,homo_sapiens
,ENSMUSG00000049295,2,4,12,18,Zfp219,mus_musculus
,ENSXETG00000016157,1,3,4,8,znf219,xenopus_tropicalis
829,ENSG00000165821,7,4,21,32,SALL2,homo_sapiens
,ENSMUSG00000049532,1,4,7,12,Sall2,mus_musculus
,ENSXETG00000017176,1,4,9,14,sall2,xenopus_tropicalis
,FBgn0000287,3,2,21,26,salr,drosophila_melanogaster
,FBgn0261648,2,2,14,18,salm,drosophila_melanogaster
,WBGene00004773,1,1,5,7,sem-4,caenorhabditis_elegans
830,ENSG00000165891,5,2,0,7,E2F7,homo_sapiens
,ENSMUSG00000020185,4,2,0,6,E2f7,mus_musculus
,ENSXETG00000014320,1,2,0,3,e2f7,xenopus_tropicalis
,WBGene00009899,1,1,0,2,efl-3,caenorhabditis_elegans
831,ENSG00000166188,2,1,15,18,ZNF319,homo_sapiens
,ENSMUSG00000046556,1,1,15,17,Zfp319,mus_musculus
,ENSXETG00000013744,1,3,14,18,znf319,xenopus_tropicalis
,FBgn0027339,7,2,61,70,jim,drosophila_melanogaster
,FBgn0038787,2,2,15,19,CG4360,drosophila_melanogaster
832,ENSG00000166211,1,4,1,6,SPIC,homo_sapiens
,ENSMUSG00000004359,2,3,1,6,Spic,mus_musculus
833,ENSG00000166261,6,8,31,45,ZNF202,homo_sapiens
,ENSMUSG00000025602,2,7,12,21,Zfp202,mus_musculus
,ENSXETG00000021690,1,1,1,3,0,xenopus_tropicalis
834,ENSG00000166268,5,2,4,11,MYRFL,homo_sapiens
,ENSMUSG00000034057,1,2,2,5,Myrfl,mus_musculus
,ENSXETG00000011388,1,2,0,3,myrfl,xenopus_tropicalis
,FBgn0034985,3,1,3,7,CG3328,drosophila_melanogaster
,WBGene00004134,1,2,1,4,pqn-47,caenorhabditis_elegans
,WBGene00008999,7,2,7,16,F21A10.2,caenorhabditis_elegans
835,ENSG00000166402,3,6,0,9,TUB,homo_sapiens
,ENSMUSG00000031028,3,9,0,12,Tub,mus_musculus
,ENSXETG00000019686,1,6,0,7,tub,xenopus_tropicalis
,FBgn0015721,2,3,0,5,ktub,drosophila_melanogaster
,WBGene00006655,1,3,0,4,tub-1,caenorhabditis_elegans
836,ENSG00000166478,15,18,35,68,ZNF143,homo_sapiens
,ENSMUSG00000061079,2,18,14,34,Zfp143,mus_musculus
,ENSXETG00000024199,2,14,14,30,znf143,xenopus_tropicalis
837,ENSG00000166526,10,21,33,64,ZNF3,homo_sapiens
,ENSMUSG00000037007,3,14,18,35,Zfp113,mus_musculus
838,ENSG00000166529,4,21,18,39,ZSCAN21,homo_sapiens
,ENSMUSG00000037017,7,14,41,62,Zscan21,mus_musculus
839,ENSG00000166704,6,5,24,35,ZNF606,homo_sapiens
,ENSMUSG00000030386,2,3,32,37,Zfp606,mus_musculus
,ENSXETG00000027163,1,1,7,9,znf383,xenopus_tropicalis
840,ENSG00000166823,1,3,1,2,MESP1,homo_sapiens
,ENSMUSG00000030544,1,3,1,5,Mesp1,mus_musculus
,ENSXETG00000017725,1,4,1,6,mespa,xenopus_tropicalis
,ENSXETG00000027628,1,4,1,6,mespb,xenopus_tropicalis
,ENSXETG00000031287,1,4,1,6,0,xenopus_tropicalis
841,ENSG00000166860,1,3,6,10,ZBTB39,homo_sapiens
,ENSMUSG00000044617,1,3,6,10,Zbtb39,mus_musculus
,ENSXETG00000004417,1,2,5,8,zbtb39,xenopus_tropicalis
842,ENSG00000166888,17,7,8,32,STAT6,homo_sapiens
,ENSMUSG00000002147,2,7,1,10,Stat6,mus_musculus
,ENSXETG00000004431,1,6,1,8,stat6,xenopus_tropicalis
,FBgn0016917,11,1,11,23,Stat92E,drosophila_melanogaster
,WBGene00013111,3,1,0,4,sta-1,caenorhabditis_elegans
843,ENSG00000166925,4,4,0,8,TSC22D4,homo_sapiens
,ENSMUSG00000029723,6,4,0,10,Tsc22d4,mus_musculus
,ENSXETG00000033531,1,5,0,5,TSC22D4,xenopus_tropicalis
,WBGene00016269,24,3,0,27,C30G4.4,caenorhabditis_elegans
844,ENSG00000166949,12,8,15,35,SMAD3,homo_sapiens
,ENSMUSG00000032402,4,8,6,18,Smad3,mus_musculus
,FBgn0025800,2,4,4,10,Smox,drosophila_melanogaster
845,ENSG00000167034,2,21,2,25,NKX3-1,homo_sapiens
,ENSMUSG00000022061,1,22,1,24,Nkx3-1,mus_musculus
,ENSXETG00000007765,1,23,1,25,nkx3-1,xenopus_tropicalis
,FBgn0004862,1,9,1,11,bap,drosophila_melanogaster
846,ENSG00000167074,3,3,2,8,TEF,homo_sapiens
,ENSMUSG00000022389,4,3,2,9,Tef,mus_musculus
,ENSXETG00000006333,1,3,1,5,tef,xenopus_tropicalis
,FBgn0001150,1,3,1,5,gt,drosophila_melanogaster
,FBgn0016694,13,3,13,29,Pdp1,drosophila_melanogaster
,FBgn0034096,1,3,1,5,CG7786,drosophila_melanogaster
,WBGene00000469,1,2,1,4,ces-2,caenorhabditis_elegans
,WBGene00017535,1,2,1,4,atf-8,caenorhabditis_elegans
847,ENSG00000167081,6,4,4,10,PBX3,homo_sapiens
,ENSMUSG00000038718,5,4,2,11,Pbx3,mus_musculus
,ENSXETG00000000502,1,3,1,5,pbx3,xenopus_tropicalis
,FBgn0000611,4,1,4,9,exd,drosophila_melanogaster
,WBGene00000443,1,3,1,5,ceh-20,caenorhabditis_elegans
,WBGene00000461,1,3,1,5,ceh-40,caenorhabditis_elegans
,WBGene00017690,1,3,1,5,ceh-60,caenorhabditis_elegans
848,ENSG00000167157,1,15,2,18,PRRX2,homo_sapiens
,ENSMUSG00000039476,2,13,4,19,Prrx2,mus_musculus
,ENSXETG00000014169,1,13,2,16,prrx2,xenopus_tropicalis
,FBgn0034821,1,10,1,12,CG9876,drosophila_melanogaster
,WBGene00044330,1,3,1,5,alr-1,caenorhabditis_elegans
849,ENSG00000167182,2,15,3,20,SP2,homo_sapiens
,ENSMUSG00000018678,4,15,12,31,Sp2,mus_musculus
,ENSXETG00000021952,2,14,6,22,sp2,xenopus_tropicalis
,FBgn0039169,2,4,6,12,Spps,drosophila_melanogaster
,WBGene00011926,1,2,3,6,sptf-2,caenorhabditis_elegans
850,ENSG00000167232,4,16,77,97,ZNF91,homo_sapiens
,ENSMUSG00000021510,1,14,32,47,Zfp729a,mus_musculus
,ENSMUSG00000058093,2,14,38,54,Zfp729b,mus_musculus
,ENSMUSG00000095432,2,14,27,43,Zfp748,mus_musculus
851,ENSG00000167377,8,17,75,100,ZNF23,homo_sapiens
,ENSMUSG00000044676,1,10,17,28,Zfp612,mus_musculus
,ENSXETG00000015106,1,2,14,17,0,xenopus_tropicalis
,ENSXETG00000031460,1,2,15,18,0,xenopus_tropicalis
852,ENSG00000167380,18,22,73,113,ZNF226,homo_sapiens
,FBgn0030005,1,1,6,8,CG2120,drosophila_melanogaster
854,ENSG00000167384,6,5,40,51,ZNF180,homo_sapiens
,ENSMUSG00000057101,3,3,12,18,Zfp180,mus_musculus
,ENSXETG00000027163,1,1,7,9,znf383,xenopus_tropicalis
855,ENSG00000167394,9,1,102,112,ZNF668,homo_sapiens
,ENSMUSG00000049728,5,1,66,72,Zfp668,mus_musculus
,ENSXETG00000001911,2,1,29,32,znf668,xenopus_tropicalis
,FBgn0022699,1,8,12,21,D19B,drosophila_melanogaster
,FBgn0022935,1,8,12,21,D19A,drosophila_melanogaster
,FBgn0031144,3,8,19,30,CG1529,drosophila_melanogaster
,FBgn0031597,2,8,14,17,CG17612,drosophila_melanogaster
,FBgn0035690,1,8,12,21,CG10274,drosophila_melanogaster
,FBgn0035691,1,8,11,20,CG7386,drosophila_melanogaster
,FBgn0035702,2,8,18,20,CG10147,drosophila_melanogaster
,FBgn0036294,2,8,12,22,CG10654,drosophila_melanogaster
856,ENSG00000167395,4,1,62,67,ZNF646,homo_sapiens
,ENSMUSG00000049739,3,1,61,40,Zfp646,mus_musculus
,ENSXETG00000001910,2,2,32,36,znf646,xenopus_tropicalis
857,ENSG00000167491,9,2,3,14,GATAD2A,homo_sapiens
,ENSMUSG00000036180,3,2,0,5,Gatad2a,mus_musculus
,ENSXETG00000013053,2,2,2,6,gatad2a,xenopus_tropicalis
,FBgn0010762,5,1,0,6,simj,drosophila_melanogaster
,WBGene00000938,2,1,0,3,dcp-66,caenorhabditis_elegans
858,ENSG00000167528,9,8,24,41,ZNF641,homo_sapiens
,ENSMUSG00000022987,2,7,12,21,Zfp641,mus_musculus
,ENSXETG00000021690,1,1,1,3,0,xenopus_tropicalis
859,ENSG00000167554,7,26,61,94,ZNF610,homo_sapiens
860,ENSG00000167555,9,26,21,56,ZNF528,homo_sapiens
,ENSMUSG00000100617,1,2,10,13,Gm7145,mus_musculus
,ENSMUSG00000101303,1,2,13,16,B020011L13Rik,mus_musculus
861,ENSG00000167562,5,26,32,63,ZNF701,homo_sapiens
862,ENSG00000167625,2,2,11,15,ZNF526,homo_sapiens
,ENSMUSG00000046541,1,2,11,14,Zfp526,mus_musculus
,ENSXETG00000033486,1,2,21,24,znf526,xenopus_tropicalis
863,ENSG00000167635,2,2,20,24,ZNF146,homo_sapiens
,ENSMUSG00000037029,1,2,10,11,Zfp146,mus_musculus
,ENSXETG00000006490,1,10,8,19,znf350,xenopus_tropicalis
,ENSXETG00000013818,1,10,6,17,0,xenopus_tropicalis
,ENSXETG00000023995,1,10,7,18,znf84,xenopus_tropicalis
,ENSXETG00000023996,1,10,13,24,0,xenopus_tropicalis
,ENSXETG00000023998,1,10,8,19,0,xenopus_tropicalis
,ENSXETG00000024118,3,10,20,43,0,xenopus_tropicalis
,ENSXETG00000024263,1,10,8,19,znf484,xenopus_tropicalis
,ENSXETG00000025283,1,10,7,18,0,xenopus_tropicalis
,ENSXETG00000030476,1,10,10,21,0,xenopus_tropicalis
,ENSXETG00000032358,1,10,8,19,0,xenopus_tropicalis
,FBgn0028878,1,4,8,13,CG15269,drosophila_melanogaster
,WBGene00009448,1,1,7,8,zfp-2,caenorhabditis_elegans
864,ENSG00000167637,7,22,51,68,ZNF283,homo_sapiens
865,ENSG00000167685,8,2,15,25,ZNF444,homo_sapiens
,ENSMUSG00000044876,0,2,19,21,Zfp444,mus_musculus
866,ENSG00000167766,11,26,80,117,ZNF83,homo_sapiens
,ENSMUSG00000100617,1,2,10,13,Gm7145,mus_musculus
,ENSMUSG00000101303,1,2,13,16,B020011L13Rik,mus_musculus
867,ENSG00000167771,1,5,3,9,RCOR2,homo_sapiens
,ENSMUSG00000024968,3,5,7,15,Rcor2,mus_musculus
,ENSXETG00000002710,1,5,2,8,rcor2,xenopus_tropicalis
,FBgn0261573,10,2,24,36,CoRest,drosophila_melanogaster
,WBGene00005006,1,3,4,8,spr-1,caenorhabditis_elegans
,WBGene00022278,4,3,13,20,rcor-1,caenorhabditis_elegans
868,ENSG00000167785,2,8,20,30,ZNF558,homo_sapiens
,ENSMUSG00000074500,1,2,10,13,Zfp558,mus_musculus
869,ENSG00000167800,0,13,1,14,TBX10,homo_sapiens
,ENSMUSG00000037477,1,13,1,15,Tbx10,mus_musculus
,FBgn0021767,2,8,2,12,org-1,drosophila_melanogaster
870,ENSG00000167840,2,21,12,35,ZNF232,homo_sapiens
871,ENSG00000167967,4,1,26,31,E4F1,homo_sapiens
,ENSMUSG00000024137,1,1,9,11,E4f1,mus_musculus
,ENSXETG00000016091,2,1,16,19,e4f1,xenopus_tropicalis
872,ENSG00000167981,1,2,7,10,ZNF597,homo_sapiens
,ENSMUSG00000039789,1,1,8,9,Zfp597,mus_musculus
873,ENSG00000168062,4,3,1,8,BATF2,homo_sapiens
,ENSMUSG00000039699,1,3,1,5,Batf2,mus_musculus
874,ENSG00000168152,1,2,1,4,THAP9,homo_sapiens
875,ENSG00000168214,22,2,0,24,RBPJ,homo_sapiens
,ENSMUSG00000039191,6,2,0,8,Rbpj,mus_musculus
,ENSXETG00000000935,1,1,0,2,rbpj,xenopus_tropicalis
,FBgn0004837,2,1,0,3,Su(H),drosophila_melanogaster
876,ENSG00000168267,1,2,1,4,PTF1A,homo_sapiens
,ENSMUSG00000026735,1,2,1,4,Ptf1a,mus_musculus
,ENSXETG00000005914,1,2,2,5,ptf1a,xenopus_tropicalis
,FBgn0037475,2,3,2,7,Fer1,drosophila_melanogaster
,WBGene00001957,1,1,1,3,hlh-13,caenorhabditis_elegans
877,ENSG00000168269,2,24,2,28,FOXI1,homo_sapiens
,ENSMUSG00000047861,1,19,1,21,Foxi1,mus_musculus
,ENSXETG00000025404,1,19,1,21,foxi1,xenopus_tropicalis
,FBgn0004895,2,6,2,10,fd64A,drosophila_melanogaster
878,ENSG00000168286,1,1,1,3,THAP11,homo_sapiens
,ENSMUSG00000036442,1,1,1,3,Thap11,mus_musculus
,ENSXETG00000005807,1,1,1,3,thap11,xenopus_tropicalis
879,ENSG00000168310,6,9,5,20,IRF2,homo_sapiens
,ENSMUSG00000031627,5,9,5,19,Irf2,mus_musculus
,ENSXETG00000001536,1,12,0,13,irf2,xenopus_tropicalis
880,ENSG00000168348,1,2,3,6,INSM2,homo_sapiens
,ENSMUSG00000045440,1,2,3,6,Insm2,mus_musculus
,ENSXETG00000002917,1,1,3,5,insm2,xenopus_tropicalis
,FBgn0028999,1,2,2,5,nerfin-1,drosophila_melanogaster
,FBgn0041105,2,2,4,8,nerfin-2,drosophila_melanogaster
,WBGene00001210,1,1,1,3,egl-46,caenorhabditis_elegans
881,ENSG00000168468,3,1,2,6,ATF6B,homo_sapiens
882,ENSG00000168505,2,20,1,23,GBX2,homo_sapiens
,ENSMUSG00000034486,1,20,1,22,Gbx2,mus_musculus
,ENSXETG00000003290,2,22,4,28,gbx2.1,xenopus_tropicalis
,ENSXETG00000003293,1,22,2,25,gbx2.2,xenopus_tropicalis
,ENSXETG00000011991,1,22,1,24,gbx1,xenopus_tropicalis
,FBgn0015561,1,11,1,13,unpg,drosophila_melanogaster
883,ENSG00000168610,6,7,5,18,STAT3,homo_sapiens
,ENSMUSG00000004040,4,7,4,15,Stat3,mus_musculus
,ENSXETG00000007642,1,6,1,8,stat3.1,xenopus_tropicalis
,FBgn0016917,11,1,11,23,Stat92E,drosophila_melanogaster
,WBGene00013111,3,1,0,4,sta-1,caenorhabditis_elegans
884,ENSG00000168661,5,20,59,83,ZNF30,homo_sapiens
,ENSXETG00000023927,1,16,19,36,0,xenopus_tropicalis
,ENSXETG00000025844,1,16,26,27,0,xenopus_tropicalis
,FBgn0020309,9,1,138,148,crol,drosophila_melanogaster
885,ENSG00000168779,5,15,9,29,SHOX2,homo_sapiens
,ENSMUSG00000027833,5,13,9,27,Shox2,mus_musculus
,ENSXETG00000014058,1,13,4,18,shox2,xenopus_tropicalis
,FBgn0085396,3,10,5,18,CG34367,drosophila_melanogaster
886,ENSG00000168813,3,1,15,19,ZNF507,homo_sapiens
,ENSMUSG00000044452,4,1,10,15,Zfp507,mus_musculus
,ENSXETG00000013603,2,1,7,10,znf507,xenopus_tropicalis
887,ENSG00000168826,3,16,10,29,ZBTB49,homo_sapiens
,ENSMUSG00000029127,3,15,12,30,Zbtb49,mus_musculus
,ENSXETG00000016041,1,17,8,26,zbtb49,xenopus_tropicalis
,WBGene00016154,1,1,5,7,C27A12.2,caenorhabditis_elegans
888,ENSG00000168874,1,1,1,3,ATOH8,homo_sapiens
,ENSMUSG00000037621,1,1,1,3,Atoh8,mus_musculus
,FBgn0002931,2,1,2,5,net,drosophila_melanogaster
889,ENSG00000168875,1,17,1,19,SOX14,homo_sapiens
,ENSMUSG00000053747,2,16,2,20,Sox14,mus_musculus
,ENSXETG00000022689,1,14,1,16,sox14,xenopus_tropicalis
,FBgn0000411,4,7,4,15,D,drosophila_melanogaster
,WBGene00004950,1,3,1,5,sox-3,caenorhabditis_elegans
890,ENSG00000169016,4,6,0,10,E2F6,homo_sapiens
,ENSMUSG00000057469,1,6,0,7,E2f6,mus_musculus
,FBgn0011766,6,2,0,8,E2f1,drosophila_melanogaster
,WBGene00001162,4,2,0,2,efl-2,caenorhabditis_elegans
891,ENSG00000169057,9,2,7,18,MECP2,homo_sapiens
,ENSMUSG00000031393,5,2,5,12,Mecp2,mus_musculus
,ENSXETG00000014242,2,2,3,7,mecp2,xenopus_tropicalis
892,ENSG00000169083,7,12,6,25,AR,homo_sapiens
,ENSMUSG00000046532,1,12,1,14,Ar,mus_musculus
,ENSXETG00000005089,1,13,1,15,ar,xenopus_tropicalis
893,ENSG00000169131,2,13,15,17,ZNF354A,homo_sapiens
,ENSMUSG00000020364,4,10,56,70,Zfp354a,mus_musculus
,ENSXETG00000016786,1,2,12,15,znf180,xenopus_tropicalis
894,ENSG00000169136,5,2,2,9,ATF5,homo_sapiens
,ENSMUSG00000038539,3,2,2,7,Atf5,mus_musculus
,ENSXETG00000008803,1,3,1,5,atf5,xenopus_tropicalis
,ENSXETG00000008804,2,3,2,7,atf5.2,xenopus_tropicalis
895,ENSG00000169155,4,12,13,29,ZBTB43,homo_sapiens
,ENSMUSG00000026788,5,12,14,19,Zbtb43,mus_musculus
,ENSXETG00000009643,1,12,4,17,zbtb43,xenopus_tropicalis
896,ENSG00000169260,1,1,15,17,ZNF311,homo_sapiens
897,ENSG00000169297,2,2,0,4,NR0B1,homo_sapiens
,ENSMUSG00000025056,1,2,0,3,Nr0b1,mus_musculus
,ENSXETG00000015374,1,2,0,3,nr0b1,xenopus_tropicalis
898,ENSG00000169554,19,2,42,63,ZEB2,homo_sapiens
,ENSMUSG00000026872,17,2,43,56,Zeb2,mus_musculus
,ENSXETG00000000237,1,2,7,10,zeb2,xenopus_tropicalis
,FBgn0004606,3,1,28,32,zfh1,drosophila_melanogaster
,WBGene00006970,1,1,5,7,zag-1,caenorhabditis_elegans
899,ENSG00000169594,3,2,10,15,BNC1,homo_sapiens
,ENSMUSG00000025105,1,2,2,5,Bnc1,mus_musculus
,ENSXETG00000016084,1,2,3,6,bnc1,xenopus_tropicalis
,FBgn0000459,2,2,2,6,disco,drosophila_melanogaster
,FBgn0042650,4,2,8,14,disco-r,drosophila_melanogaster
,WBGene00044791,1,1,2,4,bnc-1,caenorhabditis_elegans
900,ENSG00000169635,3,16,18,37,HIC2,homo_sapiens
,ENSMUSG00000050240,2,15,9,26,Hic2,mus_musculus
,ENSXETG00000022419,1,17,6,24,hic2,xenopus_tropicalis
,WBGene00016154,1,1,5,7,C27A12.2,caenorhabditis_elegans
901,ENSG00000169714,8,2,51,61,CNBP,homo_sapiens
,ENSMUSG00000030057,5,2,35,42,Cnbp,mus_musculus
,ENSXETG00000025147,2,1,12,15,cnbp,xenopus_tropicalis
,FBgn0034802,0,1,12,15,CG3800,drosophila_melanogaster
,WBGene00019537,3,1,7,11,K08D12.3,caenorhabditis_elegans
902,ENSG00000169740,2,25,14,41,ZNF32,homo_sapiens
,ENSMUSG00000059689,8,21,31,60,Zfp637,mus_musculus
,FBgn0266450,2,1,16,18,Kr-h1,drosophila_melanogaster
903,ENSG00000169840,1,20,1,22,GSX1,homo_sapiens
,ENSMUSG00000053129,1,20,1,22,Gsx1,mus_musculus
,ENSXETG00000011784,1,22,1,24,gsx1,xenopus_tropicalis
,FBgn0025776,1,11,1,13,ind,drosophila_melanogaster
904,ENSG00000169856,2,5,2,9,ONECUT1,homo_sapiens
,ENSMUSG00000043013,1,5,2,8,Onecut1,mus_musculus
,ENSXETG00000006349,2,6,6,14,onecut1,xenopus_tropicalis
,FBgn0028996,2,2,4,8,onecut,drosophila_melanogaster
,WBGene00000444,1,6,2,9,ceh-21,caenorhabditis_elegans
,WBGene00000459,2,6,4,12,ceh-38,caenorhabditis_elegans
,WBGene00000460,1,6,2,9,ceh-39,caenorhabditis_elegans
,WBGene00015934,1,6,2,9,ceh-48,caenorhabditis_elegans
905,ENSG00000169926,4,15,8,27,KLF13,homo_sapiens
,ENSMUSG00000052040,3,15,3,21,Klf13,mus_musculus
,ENSXETG00000016478,1,14,3,18,klf13,xenopus_tropicalis
,FBgn0043364,3,4,9,16,cbt,drosophila_melanogaster
,WBGene00012735,1,2,3,6,sptf-3,caenorhabditis_elegans
906,ENSG00000169951,2,7,16,25,ZNF764,homo_sapiens
,ENSMUSG00000030823,2,6,14,22,9130019O22Rik,mus_musculus
,ENSMUSG00000045757,1,6,10,17,Zfp764,mus_musculus
,ENSMUSG00000054381,2,6,10,18,Zfp747,mus_musculus
,ENSMUSG00000078580,3,6,12,21,E430018J23Rik,mus_musculus
907,ENSG00000169953,3,4,0,7,HSFY2,homo_sapiens
,ENSMUSG00000045336,1,1,0,1,Hsfy2,mus_musculus
908,ENSG00000169955,3,7,7,17,ZNF747,homo_sapiens
,ENSMUSG00000030823,2,6,14,22,9130019O22Rik,mus_musculus
,ENSMUSG00000045757,1,6,10,17,Zfp764,mus_musculus
,ENSMUSG00000054381,2,6,10,18,Zfp747,mus_musculus
,ENSMUSG00000078580,3,6,12,21,E430018J23Rik,mus_musculus
909,ENSG00000169957,2,4,20,26,ZNF768,homo_sapiens
,ENSMUSG00000047371,2,4,20,26,Zfp768,mus_musculus
,FBgn0262636,4,4,24,32,Lin29,drosophila_melanogaster
910,ENSG00000169981,6,17,11,34,ZNF35,homo_sapiens
,ENSMUSG00000057895,2,10,11,23,Zfp105,mus_musculus
,ENSXETG00000015106,1,2,14,17,0,xenopus_tropicalis
,ENSXETG00000031460,1,2,15,18,0,xenopus_tropicalis
911,ENSG00000170100,4,10,58,72,ZNF778,homo_sapiens
912,ENSG00000170122,1,24,1,26,FOXD4,homo_sapiens
,FBgn0004896,1,6,1,2,fd59A,drosophila_melanogaster
,WBGene00006853,1,3,1,5,unc-130,caenorhabditis_elegans
913,ENSG00000170166,1,16,1,2,HOXD4,homo_sapiens
,ENSMUSG00000101174,2,15,2,19,Hoxd4,mus_musculus
,ENSXETG00000001799,1,14,1,16,hoxd4,xenopus_tropicalis
,FBgn0000439,1,6,1,8,Dfd,drosophila_melanogaster
,WBGene00003024,2,1,2,5,lin-39,caenorhabditis_elegans
914,ENSG00000170178,2,17,1,20,HOXD12,homo_sapiens
,ENSMUSG00000001823,1,16,1,18,Hoxd12,mus_musculus
,FBgn0000015,7,1,7,15,Abd-B,drosophila_melanogaster
915,ENSG00000170260,2,6,6,14,ZNF212,homo_sapiens
,ENSMUSG00000052763,1,6,5,12,Zfp212,mus_musculus
916,ENSG00000170265,2,6,7,15,ZNF282,homo_sapiens
,ENSMUSG00000025821,1,6,6,13,Zfp282,mus_musculus
917,ENSG00000170322,9,1,0,10,NFRKB,homo_sapiens
,ENSMUSG00000042185,1,1,0,2,Nfrkb,mus_musculus
,ENSXETG00000004078,2,1,0,3,nfrkb,xenopus_tropicalis
,FBgn0027503,2,1,0,3,CG11970,drosophila_melanogaster
918,ENSG00000170325,9,2,76,87,PRDM10,homo_sapiens
,ENSMUSG00000042496,2,2,11,15,Prdm10,mus_musculus
,ENSXETG00000032173,1,2,12,15,PRDM10,xenopus_tropicalis
919,ENSG00000170345,9,4,4,17,FOS,homo_sapiens
,ENSMUSG00000021250,1,4,1,6,Fos,mus_musculus
,ENSXETG00000013238,1,4,2,7,fos,xenopus_tropicalis
,FBgn0001297,5,1,5,11,kay,drosophila_melanogaster
920,ENSG00000170365,9,8,11,28,SMAD1,homo_sapiens
,ENSMUSG00000031681,3,8,5,16,Smad1,mus_musculus
,ENSXETG00000026047,1,10,3,14,smad1,xenopus_tropicalis
,FBgn0011648,2,4,4,10,Mad,drosophila_melanogaster
,WBGene00004856,1,0,2,3,sma-2,caenorhabditis_elegans
921,ENSG00000170370,3,7,1,11,EMX2,homo_sapiens
,ENSMUSG00000043969,2,7,1,10,Emx2,mus_musculus
,ENSXETG00000022080,1,6,1,8,emx2,xenopus_tropicalis
,FBgn0000576,1,6,1,8,ems,drosophila_melanogaster
,FBgn0008646,1,6,1,7,E5,drosophila_melanogaster
,WBGene00000429,1,7,1,9,ceh-2,caenorhabditis_elegans
922,ENSG00000170374,4,15,9,28,SP7,homo_sapiens
,ENSMUSG00000060284,1,15,3,19,Sp7,mus_musculus
,ENSXETG00000012663,1,14,4,19,sp7,xenopus_tropicalis
,WBGene00011926,1,2,3,6,sptf-2,caenorhabditis_elegans
923,ENSG00000170448,3,2,3,8,NFXL1,homo_sapiens
,ENSMUSG00000072889,2,2,2,6,Nfxl1,mus_musculus
,ENSXETG00000009836,2,2,4,8,nfxl1,xenopus_tropicalis
,FBgn0035518,1,2,0,3,CG15011,drosophila_melanogaster
924,ENSG00000170485,6,13,9,28,NPAS2,homo_sapiens
,ENSMUSG00000026077,2,13,4,19,Npas2,mus_musculus
,ENSXETG00000021769,1,11,4,16,npas2,xenopus_tropicalis
,FBgn0023076,5,6,5,16,Clk,drosophila_melanogaster
925,ENSG00000170549,1,7,1,9,IRX1,homo_sapiens
,ENSMUSG00000060969,1,7,1,9,Irx1,mus_musculus
,ENSXETG00000006958,2,6,5,13,irx1,xenopus_tropicalis
926,ENSG00000170561,2,7,2,11,IRX2,homo_sapiens
,ENSMUSG00000001504,3,7,2,12,Irx2,mus_musculus
,ENSXETG00000012653,1,6,1,8,irx2,xenopus_tropicalis
927,ENSG00000170577,1,6,1,8,SIX2,homo_sapiens
,ENSMUSG00000024134,2,6,2,10,Six2,mus_musculus
,ENSXETG00000026158,2,5,2,9,six2,xenopus_tropicalis
,WBGene00000454,1,4,1,6,ceh-33,caenorhabditis_elegans
,WBGene00000455,1,4,1,6,ceh-34,caenorhabditis_elegans
928,ENSG00000170581,3,7,2,12,STAT2,homo_sapiens
,ENSMUSG00000040033,2,7,2,11,Stat2,mus_musculus
,ENSXETG00000021830,2,6,2,10,stat2,xenopus_tropicalis
,FBgn0016917,11,1,11,23,Stat92E,drosophila_melanogaster
,WBGene00013111,3,1,0,4,sta-1,caenorhabditis_elegans
929,ENSG00000170608,2,24,2,28,FOXA3,homo_sapiens
,ENSMUSG00000040891,1,19,1,21,Foxa3,mus_musculus
,ENSXETG00000025867,1,19,1,21,foxa1,xenopus_tropicalis
,FBgn0000659,5,6,5,16,fkh,drosophila_melanogaster
,WBGene00004013,3,3,3,9,pha-4,caenorhabditis_elegans
931,ENSG00000170631,5,20,51,76,ZNF16,homo_sapiens
,ENSXETG00000023927,1,16,19,36,0,xenopus_tropicalis
,ENSXETG00000025844,1,16,26,27,0,xenopus_tropicalis
,FBgn0020309,9,1,138,148,crol,drosophila_melanogaster
932,ENSG00000170653,8,4,9,21,ATF7,homo_sapiens
,ENSMUSG00000052414,0,4,0,4,Gm28047,mus_musculus
,ENSMUSG00000099083,9,4,11,24,Atf7,mus_musculus
,ENSXETG00000012641,1,4,3,8,atf7,xenopus_tropicalis
933,ENSG00000170684,2,3,12,17,ZNF296,homo_sapiens
,ENSMUSG00000011267,1,3,4,8,Zfp296,mus_musculus
,FBgn0029939,4,1,20,25,CG9650,drosophila_melanogaster
,WBGene00017430,3,1,9,13,F13H6.1,caenorhabditis_elegans
934,ENSG00000170689,1,17,1,19,HOXB9,homo_sapiens
,ENSMUSG00000020875,2,16,1,19,Hoxb9,mus_musculus
,ENSXETG00000027350,2,14,3,19,hoxb9,xenopus_tropicalis
,FBgn0000015,7,1,7,15,Abd-B,drosophila_melanogaster
935,ENSG00000170802,3,6,3,12,FOXN2,homo_sapiens
,ENSMUSG00000034998,2,6,1,9,Foxn2,mus_musculus
,ENSXETG00000022651,2,5,2,9,foxn2,xenopus_tropicalis
,FBgn0029504,4,2,4,10,CHES-1-like,drosophila_melanogaster
,WBGene00001440,2,1,2,5,fkh-8,caenorhabditis_elegans
936,ENSG00000170949,8,20,98,106,ZNF160,homo_sapiens
,ENSMUSG00000067942,1,7,19,27,Zfp160,mus_musculus
,ENSXETG00000023927,1,16,19,36,0,xenopus_tropicalis
,ENSXETG00000025844,1,16,26,27,0,xenopus_tropicalis
,FBgn0020309,9,1,138,148,crol,drosophila_melanogaster
937,ENSG00000170954,15,26,57,98,ZNF415,homo_sapiens
938,ENSG00000171056,1,17,2,20,SOX7,homo_sapiens
,ENSMUSG00000063060,1,16,2,19,Sox7,mus_musculus
,ENSXETG00000032706,1,14,1,16,0,xenopus_tropicalis
,FBgn0005613,1,7,1,9,Sox15,drosophila_melanogaster
939,ENSG00000171116,1,4,0,5,HSFX1,homo_sapiens
941,ENSG00000171161,4,1,16,21,ZNF672,homo_sapiens
,ENSMUSG00000049755,6,1,43,50,Zfp672,mus_musculus
942,ENSG00000171163,5,6,20,31,ZNF692,homo_sapiens
,ENSMUSG00000037243,2,4,10,16,Zfp692,mus_musculus
943,ENSG00000171223,1,3,1,5,JUNB,homo_sapiens
,ENSMUSG00000052837,1,3,1,5,Junb,mus_musculus
,ENSXETG00000004766,1,4,1,6,junb,xenopus_tropicalis
,FBgn0001291,3,1,3,7,Jra,drosophila_melanogaster
944,ENSG00000171291,3,38,24,65,ZNF439,homo_sapiens
,WBGene00021931,1,1,11,13,Y55F3AM.14,caenorhabditis_elegans
945,ENSG00000171295,5,38,20,63,ZNF440,homo_sapiens
,WBGene00021931,1,1,11,13,Y55F3AM.14,caenorhabditis_elegans
946,ENSG00000171425,4,4,14,22,ZNF581,homo_sapiens
947,ENSG00000171443,3,4,8,15,ZNF524,homo_sapiens
,ENSMUSG00000051184,3,4,12,19,Zfp524,mus_musculus
,ENSMUSG00000109129,1,4,3,8,RP23-414I24.8,mus_musculus
948,ENSG00000171448,2,12,10,24,ZBTB26,homo_sapiens
,ENSMUSG00000050714,2,12,10,24,Zbtb26,mus_musculus
,ENSXETG00000020531,1,12,5,18,zbtb26,xenopus_tropicalis
949,ENSG00000171466,7,10,33,50,ZNF562,homo_sapiens
,ENSMUSG00000060510,2,4,24,18,Zfp266,mus_musculus
950,ENSG00000171469,6,10,27,43,ZNF561,homo_sapiens
,ENSMUSG00000060510,2,4,24,18,Zfp266,mus_musculus
951,ENSG00000171532,1,10,1,12,NEUROD2,homo_sapiens
,ENSMUSG00000038255,1,10,1,12,Neurod2,mus_musculus
,ENSXETG00000014068,2,9,3,14,neurod1,xenopus_tropicalis
,WBGene00000561,1,3,1,5,cnd-1,caenorhabditis_elegans
952,ENSG00000171540,1,15,2,18,OTP,homo_sapiens
,ENSMUSG00000021685,1,13,2,16,Otp,mus_musculus
,ENSXETG00000017073,1,13,2,16,otp,xenopus_tropicalis
,FBgn0015524,8,10,16,34,otp,drosophila_melanogaster
953,ENSG00000171574,6,34,18,58,ZNF584,homo_sapiens
954,ENSG00000171606,7,7,41,55,ZNF274,homo_sapiens
,ENSMUSG00000021514,3,5,12,20,Zfp369,mus_musculus
,ENSMUSG00000058638,2,5,16,23,Zfp110,mus_musculus
955,ENSG00000171649,7,34,32,64,ZIK1,homo_sapiens
,ENSMUSG00000030393,1,3,10,14,Zik1,mus_musculus
956,ENSG00000171735,7,2,9,18,CAMTA1,homo_sapiens
,ENSMUSG00000014592,7,2,19,28,Camta1,mus_musculus
,ENSXETG00000005040,1,2,3,6,camta1,xenopus_tropicalis
,FBgn0259234,7,1,21,29,Camta,drosophila_melanogaster
,WBGene00020251,3,1,7,11,camt-1,caenorhabditis_elegans
957,ENSG00000171786,1,11,1,13,NHLH1,homo_sapiens
,ENSMUSG00000051251,1,11,1,13,Nhlh1,mus_musculus
,ENSXETG00000005841,1,11,1,13,nhlh1,xenopus_tropicalis
,FBgn0011277,2,5,2,9,HLH4C,drosophila_melanogaster
,WBGene00001959,1,2,1,3,hlh-15,caenorhabditis_elegans
958,ENSG00000171817,7,20,87,114,ZNF540,homo_sapiens
,ENSXETG00000023927,1,16,19,36,0,xenopus_tropicalis
,ENSXETG00000025844,1,16,26,27,0,xenopus_tropicalis
,FBgn0020309,9,1,138,148,crol,drosophila_melanogaster
959,ENSG00000171827,3,22,25,50,ZNF570,homo_sapiens
960,ENSG00000171872,1,12,3,16,KLF17,homo_sapiens
,ENSMUSG00000048626,1,13,3,17,Klf17,mus_musculus
,FBgn0261434,0,6,3,10,hkb,drosophila_melanogaster
961,ENSG00000171940,4,4,15,23,ZNF217,homo_sapiens
,ENSMUSG00000052056,2,4,12,18,Zfp217,mus_musculus
,ENSXETG00000017550,2,3,12,17,znf217,xenopus_tropicalis
962,ENSG00000171956,1,24,1,26,FOXB1,homo_sapiens
,ENSMUSG00000059246,1,19,1,21,Foxb1,mus_musculus
,ENSXETG00000017708,1,19,1,21,foxb1,xenopus_tropicalis
,FBgn0004897,2,6,2,10,fd96Ca,drosophila_melanogaster
,FBgn0004898,1,6,1,8,fd96Cb,drosophila_melanogaster
,WBGene00003017,1,3,1,5,lin-31,caenorhabditis_elegans
963,ENSG00000171970,5,38,43,86,ZNF57,homo_sapiens
,WBGene00021931,1,1,11,13,Y55F3AM.14,caenorhabditis_elegans
964,ENSG00000172000,2,38,20,60,ZNF556,homo_sapiens
,WBGene00021931,1,1,11,13,Y55F3AM.14,caenorhabditis_elegans
965,ENSG00000172006,2,9,9,20,ZNF554,homo_sapiens
,ENSXETG00000011203,1,4,9,14,0,xenopus_tropicalis
,ENSXETG00000032038,1,4,9,14,0,xenopus_tropicalis
,FBgn0000286,5,3,26,34,Cf2,drosophila_melanogaster
,FBgn0004618,3,3,14,20,gl,drosophila_melanogaster
,FBgn0005694,4,3,16,23,Aef1,drosophila_melanogaster
,WBGene00000483,2,1,8,11,che-1,caenorhabditis_elegans
966,ENSG00000172059,6,15,9,15,KLF11,homo_sapiens
,ENSMUSG00000020653,4,15,3,22,Klf11,mus_musculus
,ENSXETG00000007013,2,14,6,22,klf11,xenopus_tropicalis
,FBgn0043364,3,4,9,16,cbt,drosophila_melanogaster
,WBGene00012735,1,2,3,6,sptf-3,caenorhabditis_elegans
967,ENSG00000172201,2,4,2,8,ID4,homo_sapiens
,ENSMUSG00000021379,1,4,1,6,Id4,mus_musculus
,ENSXETG00000025736,1,3,1,5,id4,xenopus_tropicalis
,FBgn0000575,1,1,1,3,emc,drosophila_melanogaster
968,ENSG00000172216,1,5,1,7,CEBPB,homo_sapiens
,ENSMUSG00000056501,1,4,1,6,Cebpb,mus_musculus
,ENSXETG00000012286,1,5,1,7,cebpb,xenopus_tropicalis
,WBGene00016754,1,1,1,3,cebp-2,caenorhabditis_elegans
969,ENSG00000172238,1,10,1,12,ATOH1,homo_sapiens
,ENSMUSG00000073043,1,10,1,12,Atoh1,mus_musculus
,ENSXETG00000023279,1,9,1,11,atoh1,xenopus_tropicalis
,WBGene00003018,1,3,1,5,lin-32,caenorhabditis_elegans
970,ENSG00000172262,9,2,25,36,ZNF131,homo_sapiens
,ENSMUSG00000094870,2,2,11,13,Zfp131,mus_musculus
,ENSXETG00000032207,1,2,6,9,ZNF131,xenopus_tropicalis
971,ENSG00000172273,4,5,12,21,HINFP,homo_sapiens
,ENSMUSG00000032119,1,5,6,12,Hinfp,mus_musculus
,ENSXETG00000024631,1,4,4,9,hinfp,xenopus_tropicalis
,FBgn0025635,3,3,15,21,CG17829,drosophila_melanogaster
972,ENSG00000172292,2,5,4,9,CERS6,homo_sapiens
,ENSMUSG00000027035,2,5,4,11,Cers6,mus_musculus
,ENSXETG00000016207,1,5,2,8,cers6,xenopus_tropicalis
,FBgn0040918,2,1,4,7,schlank,drosophila_melanogaster
,WBGene00002043,4,3,4,11,hyl-1,caenorhabditis_elegans
,WBGene00002044,1,3,1,5,hyl-2,caenorhabditis_elegans
973,ENSG00000172346,2,2,0,4,CSDC2,homo_sapiens
,ENSMUSG00000042109,2,2,0,4,Csdc2,mus_musculus
,ENSXETG00000033238,1,2,0,3,csdc2,xenopus_tropicalis
,FBgn0036661,3,1,0,4,CG9705,drosophila_melanogaster
974,ENSG00000172379,6,13,15,34,ARNT2,homo_sapiens
,ENSMUSG00000015709,7,13,14,34,Arnt2,mus_musculus
,ENSXETG00000012988,2,11,6,19,arnt2,xenopus_tropicalis
,FBgn0264075,2,6,6,14,tgo,drosophila_melanogaster
,WBGene00000095,2,3,3,11,aha-1,caenorhabditis_elegans
975,ENSG00000172466,6,21,14,41,ZNF24,homo_sapiens
,ENSMUSG00000051469,3,14,10,27,Zfp24,mus_musculus
976,ENSG00000172468,3,4,0,7,HSFY1,homo_sapiens
,ENSMUSG00000045336,1,1,0,1,Hsfy2,mus_musculus
977,ENSG00000172493,8,4,0,12,AFF1,homo_sapiens
,ENSMUSG00000029313,3,4,0,7,Aff1,mus_musculus
,ENSXETG00000019955,1,4,1,6,aff1,xenopus_tropicalis
,FBgn0041111,8,1,0,9,lilli,drosophila_melanogaster
978,ENSG00000172748,8,5,40,53,ZNF596,homo_sapiens
979,ENSG00000172789,1,16,1,18,HOXC5,homo_sapiens
,ENSMUSG00000022485,1,15,1,17,Hoxc5,mus_musculus
,ENSXETG00000025183,2,14,2,18,hoxc5,xenopus_tropicalis
,WBGene00003024,2,1,2,5,lin-39,caenorhabditis_elegans
980,ENSG00000172818,2,3,8,13,OVOL1,homo_sapiens
,ENSMUSG00000024922,1,3,3,7,Ovol1,mus_musculus
,ENSXETG00000020587,1,3,3,7,ovol1,xenopus_tropicalis
,FBgn0003028,5,1,15,18,ovo,drosophila_melanogaster
,WBGene00003033,1,1,3,5,lin-48,caenorhabditis_elegans
981,ENSG00000172819,7,14,4,25,RARG,homo_sapiens
,ENSMUSG00000001288,3,15,3,21,Rarg,mus_musculus
,ENSXETG00000012670,1,14,1,16,rarg,xenopus_tropicalis
982,ENSG00000172845,3,15,9,24,SP3,homo_sapiens
,ENSMUSG00000027109,2,15,3,23,Sp3,mus_musculus
,ENSXETG00000008503,2,14,8,24,sp3,xenopus_tropicalis
,FBgn0039169,2,4,6,12,Spps,drosophila_melanogaster
,WBGene00011926,1,2,3,6,sptf-2,caenorhabditis_elegans
983,ENSG00000172888,5,6,25,36,ZNF621,homo_sapiens
,ENSXETG00000033508,1,1,7,9,znf329,xenopus_tropicalis
984,ENSG00000173011,5,2,5,12,TADA2B,homo_sapiens
,ENSMUSG00000029196,2,2,2,6,Tada2b,mus_musculus
,ENSXETG00000022903,1,2,2,5,tada2b,xenopus_tropicalis
,FBgn0037555,3,2,6,11,Ada2b,drosophila_melanogaster
985,ENSG00000173039,13,5,12,29,RELA,homo_sapiens
,ENSMUSG00000024927,1,5,1,7,Rela,mus_musculus
,ENSXETG00000026173,1,5,1,7,rela,xenopus_tropicalis
,FBgn0011274,4,3,4,11,Dif,drosophila_melanogaster
,FBgn0260632,6,3,6,15,dl,drosophila_melanogaster
986,ENSG00000173041,2,49,14,65,ZNF680,homo_sapiens
,ENSMUSG00000030446,2,23,32,57,Zfp273,mus_musculus
,ENSMUSG00000048280,5,23,31,59,Zfp738,mus_musculus
,ENSMUSG00000051037,2,23,25,50,Zfp455,mus_musculus
,ENSMUSG00000052909,1,23,10,34,Gm9894,mus_musculus
,ENSMUSG00000055341,1,23,19,43,Zfp457,mus_musculus
,ENSMUSG00000055480,1,23,24,25,Zfp458,mus_musculus
,ENSMUSG00000055560,1,23,5,24,Zfp459,mus_musculus
,ENSMUSG00000057842,3,23,60,86,Zfp595,mus_musculus
,ENSMUSG00000058331,2,23,30,55,Zfp85,mus_musculus
,ENSMUSG00000058883,2,23,34,59,Zfp708,mus_musculus
,ENSMUSG00000058900,1,23,13,37,Rsl1,mus_musculus
,ENSMUSG00000059839,1,23,13,37,Zfp874b,mus_musculus
,ENSMUSG00000069184,1,23,15,39,Zfp72,mus_musculus
,ENSMUSG00000069206,2,23,13,38,Zfp874a,mus_musculus
,ENSMUSG00000071281,3,23,32,58,Zfp65,mus_musculus
,ENSMUSG00000071291,4,23,43,70,Zfp58,mus_musculus
,ENSMUSG00000074824,1,23,11,35,Rslcan18,mus_musculus
,ENSMUSG00000078994,2,23,14,39,Zfp429,mus_musculus
,ENSMUSG00000078995,2,23,13,38,Zfp456,mus_musculus
,ENSMUSG00000090659,2,23,13,38,Zfp493,mus_musculus
,ENSMUSG00000097333,3,23,19,45,Zfp87,mus_musculus
,ENSMUSG00000098905,1,23,9,33,Zfp953,mus_musculus
,ENSMUSG00000100235,1,23,17,41,Gm28557,mus_musculus
987,ENSG00000173068,13,2,13,28,BNC2,homo_sapiens
,ENSMUSG00000028487,16,2,17,35,Bnc2,mus_musculus
,ENSXETG00000018036,1,2,4,7,bnc2,xenopus_tropicalis
,FBgn0000459,2,2,2,6,disco,drosophila_melanogaster
,FBgn0042650,4,2,8,14,disco-r,drosophila_melanogaster
,WBGene00044791,1,1,2,4,bnc-1,caenorhabditis_elegans
988,ENSG00000173153,6,12,4,22,ESRRA,homo_sapiens
,ENSMUSG00000024955,3,12,2,17,Esrra,mus_musculus
,ENSXETG00000007211,1,13,1,15,esrra,xenopus_tropicalis
,FBgn0035849,2,4,2,8,ERR,drosophila_melanogaster
989,ENSG00000173253,7,6,6,19,DMRT2,homo_sapiens
,ENSMUSG00000048138,1,6,1,8,Dmrt2,mus_musculus
,ENSXETG00000033983,1,5,2,8,dmrt2,xenopus_tropicalis
,FBgn0030477,1,4,1,6,dmrt11E,drosophila_melanogaster
990,ENSG00000173258,4,7,18,29,ZNF483,homo_sapiens
,ENSMUSG00000038630,1,5,11,17,Zkscan16,mus_musculus
991,ENSG00000173275,2,2,9,13,ZNF449,homo_sapiens
,ENSMUSG00000073176,1,2,8,11,Zfp449,mus_musculus
992,ENSG00000173276,7,5,29,41,ZBTB21,homo_sapiens
,ENSMUSG00000046962,3,5,19,27,Zbtb21,mus_musculus
993,ENSG00000173404,1,2,4,7,INSM1,homo_sapiens
,ENSMUSG00000068154,1,2,4,7,Insm1,mus_musculus
,ENSXETG00000002917,1,1,3,5,insm2,xenopus_tropicalis
,FBgn0028999,1,2,2,5,nerfin-1,drosophila_melanogaster
,FBgn0041105,2,2,4,8,nerfin-2,drosophila_melanogaster
,WBGene00001210,1,1,1,3,egl-46,caenorhabditis_elegans
994,ENSG00000173451,4,6,1,11,THAP2,homo_sapiens
,ENSMUSG00000020137,1,3,1,5,Thap2,mus_musculus
995,ENSG00000173473,1,2,2,5,SMARCC1,homo_sapiens
,ENSMUSG00000032481,6,2,7,15,Smarcc1,mus_musculus
,ENSXETG00000014492,1,2,4,7,smarcc1,xenopus_tropicalis
,FBgn0002783,2,1,4,7,mor,drosophila_melanogaster
,WBGene00004203,4,1,8,9,swsn-1,caenorhabditis_elegans
996,ENSG00000173480,7,34,29,70,ZNF417,homo_sapiens
997,ENSG00000173673,1,1,1,3,HES3,homo_sapiens
,ENSMUSG00000028946,1,1,2,4,Hes3,mus_musculus
998,ENSG00000173757,2,7,1,10,STAT5B,homo_sapiens
,ENSMUSG00000020919,2,7,2,11,Stat5b,mus_musculus
,ENSXETG00000000836,1,6,2,9,stat5b,xenopus_tropicalis
,FBgn0016917,11,1,11,23,Stat92E,drosophila_melanogaster
,WBGene00013111,3,1,0,4,sta-1,caenorhabditis_elegans
999,ENSG00000173875,3,38,21,62,ZNF791,homo_sapiens
,ENSMUSG00000074194,1,97,16,114,Zfp791,mus_musculus
,WBGene00021931,1,1,11,13,Y55F3AM.14,caenorhabditis_elegans
1000,ENSG00000173917,1,20,1,22,HOXB2,homo_sapiens
,ENSMUSG00000075588,1,20,1,2,Hoxb2,mus_musculus
,FBgn0004054,2,11,2,15,zen2,drosophila_melanogaster
,FBgn0051481,4,11,4,19,pb,drosophila_melanogaster
,WBGene00003102,1,6,1,8,mab-5,caenorhabditis_elegans
1001,ENSG00000173976,2,15,2,19,RAX2,homo_sapiens
,WBGene00000433,1,3,1,5,ceh-8,caenorhabditis_elegans
1002,ENSG00000174197,9,4,11,24,MGA,homo_sapiens
,ENSMUSG00000033943,5,4,10,19,Mga,mus_musculus
,ENSXETG00000000051,1,3,2,6,mga,xenopus_tropicalis
,WBGene00006554,1,12,1,14,tbx-35,caenorhabditis_elegans
1003,ENSG00000174255,2,7,14,23,ZNF80,homo_sapiens
1004,ENSG00000174279,1,20,1,22,EVX2,homo_sapiens
,ENSMUSG00000001815,2,20,2,24,Evx2,mus_musculus
,FBgn0000606,1,11,1,13,eve,drosophila_melanogaster
,WBGene00006873,1,6,1,8,vab-7,caenorhabditis_elegans
1005,ENSG00000174282,2,5,14,21,ZBTB4,homo_sapiens
,ENSMUSG00000018750,7,5,20,33,Zbtb4,mus_musculus
1006,ENSG00000174306,14,4,24,42,ZHX3,homo_sapiens
,ENSMUSG00000035877,5,4,12,21,Zhx3,mus_musculus
,ENSXETG00000019457,1,3,4,8,zhx3,xenopus_tropicalis
1007,ENSG00000174332,2,18,8,28,GLIS1,homo_sapiens
,ENSMUSG00000034762,3,18,8,29,Glis1,mus_musculus
,FBgn0039039,2,7,7,16,lmd,drosophila_melanogaster
1008,ENSG00000174428,4,9,6,19,GTF2IRD2B,homo_sapiens
,ENSMUSG00000015942,3,3,3,9,Gtf2ird2,mus_musculus
1009,ENSG00000174576,1,1,3,5,NPAS4,homo_sapiens
,ENSMUSG00000045903,1,1,3,5,Npas4,mus_musculus
,ENSXETG00000020576,2,1,4,7,npas4,xenopus_tropicalis
,FBgn0039411,3,1,6,10,dys,drosophila_melanogaster
,WBGene00000521,2,1,4,7,cky-1,caenorhabditis_elegans
1010,ENSG00000174586,3,3,28,34,ZNF497,homo_sapiens
,FBgn0037722,1,1,7,9,CG8319,drosophila_melanogaster
1012,ENSG00000174652,6,10,76,92,ZNF266,homo_sapiens
1013,ENSG00000174738,1,8,1,10,NR1D2,homo_sapiens
,ENSMUSG00000021775,1,8,1,10,Nr1d2,mus_musculus
,ENSXETG00000003869,0,10,4,16,nr1d2,xenopus_tropicalis
,FBgn0000568,7,8,6,21,Eip75B,drosophila_melanogaster
,WBGene00003629,2,10,1,3,nhr-38,caenorhabditis_elegans
,WBGene00003675,2,10,1,11,nhr-85,caenorhabditis_elegans
1014,ENSG00000174796,11,2,10,23,THAP6,homo_sapiens
1015,ENSG00000174963,9,18,24,51,ZIC4,homo_sapiens
,ENSMUSG00000036972,6,18,13,37,Zic4,mus_musculus
,ENSXETG00000015475,1,14,4,19,zic4,xenopus_tropicalis
,FBgn0003002,1,0,4,12,opa,drosophila_melanogaster
,WBGene00004335,3,3,12,18,ref-2,caenorhabditis_elegans
,WBGene00006604,2,3,5,10,tra-1,caenorhabditis_elegans
,WBGene00010936,1,3,4,8,ztf-14,caenorhabditis_elegans
1016,ENSG00000175105,1,3,2,6,ZNF654,homo_sapiens
,ENSMUSG00000047141,2,3,6,11,Zfp654,mus_musculus
,ENSXETG00000007629,1,3,4,8,znf654,xenopus_tropicalis
1017,ENSG00000175197,6,1,5,12,DDIT3,homo_sapiens
,ENSMUSG00000025408,2,1,2,5,Ddit3,mus_musculus
,ENSXETG00000006245,1,1,0,2,ddit3,xenopus_tropicalis
1018,ENSG00000175213,1,1,10,12,ZNF408,homo_sapiens
,ENSMUSG00000075040,2,1,20,23,Zfp408,mus_musculus
,ENSXETG00000001980,1,1,9,11,znf408,xenopus_tropicalis
1019,ENSG00000175322,2,4,12,18,ZNF519,homo_sapiens
,ENSMUSG00000033883,3,1,33,37,D3Ertd254e,mus_musculus
1020,ENSG00000175325,1,13,1,15,PROP1,homo_sapiens
,ENSMUSG00000044542,0,13,1,16,Prop1,mus_musculus
,FBgn0052532,3,4,3,10,CG32532,drosophila_melanogaster
,WBGene00006778,5,8,4,17,unc-42,caenorhabditis_elegans
1021,ENSG00000175329,2,15,2,4,ISX,homo_sapiens
,ENSMUSG00000031621,2,13,2,17,Isx,mus_musculus
,FBgn0020617,1,10,2,13,Rx,drosophila_melanogaster
1022,ENSG00000175387,10,8,15,33,SMAD2,homo_sapiens
,ENSMUSG00000024563,7,8,11,26,Smad2,mus_musculus
,ENSXETG00000020292,3,10,6,19,smad2,xenopus_tropicalis
,FBgn0025800,2,4,4,10,Smox,drosophila_melanogaster
1023,ENSG00000175395,1,25,13,39,ZNF25,homo_sapiens
,ENSMUSG00000072623,1,21,13,35,Zfp9,mus_musculus
,FBgn0266450,2,1,16,18,Kr-h1,drosophila_melanogaster
1024,ENSG00000175592,5,4,1,10,FOSL1,homo_sapiens
,ENSMUSG00000024912,1,4,1,6,Fosl1,mus_musculus
,ENSXETG00000020606,1,4,1,6,fosl1,xenopus_tropicalis
,FBgn0001297,5,1,5,11,kay,drosophila_melanogaster
1025,ENSG00000175691,1,38,13,52,ZNF77,homo_sapiens
,WBGene00021931,1,1,11,13,Y55F3AM.14,caenorhabditis_elegans
1026,ENSG00000175727,6,3,4,13,MLXIP,homo_sapiens
,ENSMUSG00000038342,2,3,1,6,Mlxip,mus_musculus
,ENSXETG00000003773,2,3,3,8,mlxip,xenopus_tropicalis
,FBgn0032940,11,2,11,24,Mio,drosophila_melanogaster
,WBGene00003378,2,2,2,6,mml-1,caenorhabditis_elegans
1027,ENSG00000175745,2,12,2,16,NR2F1,homo_sapiens
,ENSMUSG00000069171,4,12,1,17,Nr2f1,mus_musculus
,ENSXETG00000011594,1,14,1,16,nr2f1,xenopus_tropicalis
,FBgn0003651,4,6,3,13,svp,drosophila_melanogaster
1028,ENSG00000175787,4,7,17,28,ZNF169,homo_sapiens
,ENSMUSG00000050954,6,2,40,48,Zfp169,mus_musculus
1029,ENSG00000175832,8,13,7,28,ETV4,homo_sapiens
,ENSMUSG00000017724,3,13,3,19,Etv4,mus_musculus
,ENSXETG00000030031,1,12,0,13,ETV4,xenopus_tropicalis
,FBgn0039225,2,5,2,9,Ets96B,drosophila_melanogaster
,WBGene00016600,2,2,2,6,ets-5,caenorhabditis_elegans
,WBGene00020368,1,2,1,4,ast-1,caenorhabditis_elegans
1030,ENSG00000175879,4,16,4,24,HOXD8,homo_sapiens
,ENSMUSG00000027102,3,15,3,21,Hoxd8,mus_musculus
,ENSXETG00000024424,2,14,2,18,hoxd8,xenopus_tropicalis
,FBgn0000014,4,6,4,14,abd-A,drosophila_melanogaster
,FBgn0003944,6,6,6,18,Ubx,drosophila_melanogaster
1031,ENSG00000176009,1,5,1,7,ASCL3,homo_sapiens
,ENSMUSG00000035951,1,5,1,7,Ascl3,mus_musculus
,WBGene00001952,1,1,1,3,hlh-6,caenorhabditis_elegans
1032,ENSG00000176024,5,8,41,54,ZNF613,homo_sapiens
1033,ENSG00000176083,9,2,12,23,ZNF683,homo_sapiens
,ENSMUSG00000049410,1,2,3,6,Zfp683,mus_musculus
,FBgn0035625,6,1,30,37,Blimp-1,drosophila_melanogaster
,WBGene00003847,2,1,12,15,blmp-1,caenorhabditis_elegans
1034,ENSG00000176160,2,1,0,3,HSF5,homo_sapiens
,ENSMUSG00000070345,1,1,0,2,Hsf5,mus_musculus
,ENSXETG00000030814,1,2,0,3,0,xenopus_tropicalis
,ENSXETG00000033030,2,2,0,4,0,xenopus_tropicalis
1035,ENSG00000176165,1,14,1,16,FOXG1,homo_sapiens
,ENSMUSG00000020950,2,16,2,20,Foxg1,mus_musculus
,ENSMUSG00000089922,1,16,1,18,3110039M20Rik,mus_musculus
,FBgn0004567,1,6,1,8,slp2,drosophila_melanogaster
,WBGene00001434,3,5,3,11,fkh-2,caenorhabditis_elegans
1036,ENSG00000176222,2,22,32,56,ZNF404,homo_sapiens
1037,ENSG00000176256,2,4,4,10,HMGB4,homo_sapiens
,ENSMUSG00000048686,1,4,2,7,Hmgb4,mus_musculus
,FBgn0011764,7,1,14,22,Dsp1,drosophila_melanogaster
,WBGene00001972,5,1,10,16,hmg-1.2,caenorhabditis_elegans
1038,ENSG00000176293,5,20,75,100,ZNF135,homo_sapiens
,ENSXETG00000023927,1,16,19,36,0,xenopus_tropicalis
,ENSXETG00000025844,1,16,26,27,0,xenopus_tropicalis
,FBgn0020309,9,1,138,148,crol,drosophila_melanogaster
1039,ENSG00000176302,2,6,1,9,FOXR1,homo_sapiens
,ENSMUSG00000074397,1,6,0,7,Foxr1,mus_musculus
,ENSXETG00000021565,2,5,2,9,foxr1,xenopus_tropicalis
,FBgn0015396,1,2,0,4,jumu,drosophila_melanogaster
1040,ENSG00000176371,13,17,65,95,ZSCAN2,homo_sapiens
,ENSMUSG00000038797,5,10,26,41,Zscan2,mus_musculus
,ENSXETG00000015106,1,2,14,17,0,xenopus_tropicalis
,ENSXETG00000031460,1,2,15,18,0,xenopus_tropicalis
1041,ENSG00000176399,1,6,1,8,DMRTA1,homo_sapiens
,ENSMUSG00000043753,1,6,1,8,Dmrta1,mus_musculus
,ENSXETG00000005462,1,5,1,7,dmrta1,xenopus_tropicalis
,FBgn0039683,1,4,1,6,dmrt99B,drosophila_melanogaster
,WBGene00007776,1,6,1,8,dmd-4,caenorhabditis_elegans
,WBGene00007930,1,6,1,8,dmd-11,caenorhabditis_elegans
1042,ENSG00000176472,4,3,19,26,ZNF575,homo_sapiens
,ENSMUSG00000066721,1,1,6,8,Zfp575,mus_musculus
,FBgn0037722,1,1,7,9,CG8319,drosophila_melanogaster
1043,ENSG00000176542,3,1,3,7,USF3,homo_sapiens
,ENSMUSG00000068284,3,1,3,7,Usf3,mus_musculus
,ENSXETG00000031896,1,1,4,6,kiaa2018,xenopus_tropicalis
1044,ENSG00000176678,2,24,2,28,FOXL1,homo_sapiens
,ENSMUSG00000097084,1,19,1,21,Foxl1,mus_musculus
,ENSXETG00000016388,1,19,1,20,foxl1,xenopus_tropicalis
,FBgn0004895,2,6,2,10,fd64A,drosophila_melanogaster
1045,ENSG00000176679,2,9,2,13,TGIF2LY,homo_sapiens
,ENSMUSG00000100133,1,9,1,11,Tgif2lx1,mus_musculus
,ENSMUSG00000100194,1,9,1,11,Tgif2lx2,mus_musculus
,ENSXETG00000017312,1,7,1,9,tgif2,xenopus_tropicalis
,FBgn0033748,2,3,2,7,vis,drosophila_melanogaster
,FBgn0033749,3,3,3,9,achi,drosophila_melanogaster
1046,ENSG00000176692,1,24,1,26,FOXC2,homo_sapiens
,ENSMUSG00000046714,1,19,1,21,Foxc2,mus_musculus
,FBgn0014143,1,6,1,8,croc,drosophila_melanogaster
1047,ENSG00000176842,5,7,3,15,IRX5,homo_sapiens
,ENSMUSG00000031737,1,7,1,9,Irx5,mus_musculus
,ENSXETG00000002816,1,6,2,9,irx5,xenopus_tropicalis
1048,ENSG00000176887,1,17,1,19,SOX11,homo_sapiens
,ENSMUSG00000063632,1,16,1,18,Sox11,mus_musculus
,ENSXETG00000024011,1,14,1,16,sox12,xenopus_tropicalis
,FBgn0005612,3,7,3,13,Sox14,drosophila_melanogaster
,WBGene00004771,2,3,2,7,sem-2,caenorhabditis_elegans
1049,ENSG00000176946,4,1,1,6,THAP4,homo_sapiens
,ENSMUSG00000026279,3,1,1,5,Thap4,mus_musculus
,ENSXETG00000031164,1,1,1,3,thap4,xenopus_tropicalis
,WBGene00008260,1,4,0,5,C52G5.2,caenorhabditis_elegans
,WBGene00012143,1,4,1,6,T28H10.2,caenorhabditis_elegans
,WBGene00015794,1,4,1,6,C15F1.1,caenorhabditis_elegans
,WBGene00016196,2,4,2,8,C28H8.5,caenorhabditis_elegans
1050,ENSG00000177030,1,4,2,7,DEAF1,homo_sapiens
,ENSMUSG00000058886,1,4,2,7,Deaf1,mus_musculus
,ENSXETG00000033517,1,4,2,7,DEAF1,xenopus_tropicalis
,FBgn0013799,5,2,10,17,Deaf1,drosophila_melanogaster
1051,ENSG00000177045,4,6,2,12,SIX5,homo_sapiens
,ENSMUSG00000040841,1,6,1,8,Six5,mus_musculus
,FBgn0027364,2,3,2,7,Six4,drosophila_melanogaster
1052,ENSG00000177125,2,12,8,22,ZBTB34,homo_sapiens
,ENSMUSG00000068966,2,12,8,22,Zbtb34,mus_musculus
,ENSXETG00000021754,1,12,4,13,zbtb34,xenopus_tropicalis
1053,ENSG00000177311,13,5,44,62,ZBTB38,homo_sapiens
,ENSMUSG00000040433,4,5,27,36,Zbtb38,mus_musculus
,ENSXETG00000014756,1,3,10,14,zbtb38,xenopus_tropicalis
1054,ENSG00000177374,7,16,21,28,HIC1,homo_sapiens
,ENSMUSG00000043099,1,15,6,22,Hic1,mus_musculus
,ENSXETG00000023803,1,17,6,24,hic1,xenopus_tropicalis
,WBGene00016154,1,1,5,7,C27A12.2,caenorhabditis_elegans
1055,ENSG00000177426,21,9,19,49,TGIF1,homo_sapiens
,ENSMUSG00000047407,9,9,6,24,Tgif1,mus_musculus
,ENSXETG00000025010,1,7,1,9,tgif1,xenopus_tropicalis
,FBgn0033748,2,3,2,7,vis,drosophila_melanogaster
,FBgn0033749,3,3,3,9,achi,drosophila_melanogaster
1056,ENSG00000177463,10,12,6,28,NR2C2,homo_sapiens
,ENSMUSG00000005893,3,12,2,17,Nr2c2,mus_musculus
,ENSXETG00000004817,1,14,1,16,nr2c2,xenopus_tropicalis
,FBgn0015239,6,6,6,18,Hr78,drosophila_melanogaster
,WBGene00022423,7,4,6,18,nhr-41,caenorhabditis_elegans
1057,ENSG00000177468,1,5,1,7,OLIG3,homo_sapiens
,ENSMUSG00000045591,1,5,1,7,Olig3,mus_musculus
,ENSXETG00000022490,1,5,1,7,olig3,xenopus_tropicalis
,WBGene00001960,1,4,1,6,hlh-16,caenorhabditis_elegans
1058,ENSG00000177494,1,2,1,4,ZBED2,homo_sapiens
1059,ENSG00000177508,2,7,1,10,IRX3,homo_sapiens
,ENSMUSG00000031734,2,7,2,11,Irx3,mus_musculus
,ENSXETG00000005818,1,6,2,9,irx3,xenopus_tropicalis
1060,ENSG00000177551,3,11,3,17,NHLH2,homo_sapiens
,ENSMUSG00000048540,3,11,3,17,Nhlh2,mus_musculus
,FBgn0011277,2,5,2,9,HLH4C,drosophila_melanogaster
,WBGene00001959,1,2,1,3,hlh-15,caenorhabditis_elegans
1061,ENSG00000177599,2,37,15,54,ZNF491,homo_sapiens
,WBGene00021931,1,1,11,13,Y55F3AM.14,caenorhabditis_elegans
1062,ENSG00000177606,0,3,1,5,JUN,homo_sapiens
,ENSMUSG00000052684,1,3,1,5,Jun,mus_musculus
,ENSXETG00000011124,1,4,1,6,jun,xenopus_tropicalis
,FBgn0001291,3,1,3,7,Jra,drosophila_melanogaster
1063,ENSG00000177683,3,6,3,12,THAP5,homo_sapiens
,ENSXETG00000015756,2,3,2,7,thap5,xenopus_tropicalis
1064,ENSG00000177732,1,17,1,19,SOX12,homo_sapiens
,ENSMUSG00000051817,2,16,2,20,Sox12,mus_musculus
,ENSXETG00000024011,1,14,1,16,sox12,xenopus_tropicalis
,FBgn0005612,3,7,3,13,Sox14,drosophila_melanogaster
,WBGene00004771,2,3,2,7,sem-2,caenorhabditis_elegans
1065,ENSG00000177842,3,6,17,26,ZNF620,homo_sapiens
,ENSXETG00000033508,1,1,7,9,znf329,xenopus_tropicalis
1066,ENSG00000177873,7,6,74,87,ZNF619,homo_sapiens
,ENSXETG00000033508,1,1,7,9,znf329,xenopus_tropicalis
1067,ENSG00000177888,1,1,15,17,ZBTB41,homo_sapiens
,ENSMUSG00000033964,2,1,27,30,Zbtb41,mus_musculus
,ENSXETG00000009952,2,1,28,31,zbtb41,xenopus_tropicalis
,FBgn0030963,1,3,7,11,CG7101,drosophila_melanogaster
,FBgn0033569,1,3,5,9,CG12942,drosophila_melanogaster
,FBgn0050020,2,3,23,28,CG30020,drosophila_melanogaster
1068,ENSG00000177932,1,13,12,26,ZNF354C,homo_sapiens
,ENSMUSG00000044807,2,10,24,36,Zfp354c,mus_musculus
,ENSXETG00000016786,1,2,12,15,znf180,xenopus_tropicalis
1069,ENSG00000178150,7,8,21,32,ZNF114,homo_sapiens
1070,ENSG00000178175,2,2,11,15,ZNF366,homo_sapiens
,ENSMUSG00000050919,1,2,11,14,Zfp366,mus_musculus
,ENSXETG00000033098,1,2,11,14,ZNF366,xenopus_tropicalis
1071,ENSG00000178177,3,2,2,7,LCORL,homo_sapiens
,ENSMUSG00000015882,0,2,2,11,Lcorl,mus_musculus
,ENSXETG00000031509,1,1,1,3,LCORL,xenopus_tropicalis
,FBgn0264490,3,1,3,7,Eip93F,drosophila_melanogaster
,WBGene00011315,1,1,2,4,mbr-1,caenorhabditis_elegans
1072,ENSG00000178187,2,13,26,41,ZNF454,homo_sapiens
,ENSMUSG00000048728,4,10,39,53,Zfp454,mus_musculus
,ENSXETG00000016786,1,2,12,15,znf180,xenopus_tropicalis
1073,ENSG00000178229,1,7,14,22,ZNF543,homo_sapiens
1074,ENSG00000178338,2,13,15,30,ZNF354B,homo_sapiens
,ENSMUSG00000020335,2,10,28,40,Zfp354b,mus_musculus
,ENSXETG00000016786,1,2,12,15,znf180,xenopus_tropicalis
1075,ENSG00000178386,3,22,15,40,ZNF223,homo_sapiens
,FBgn0030005,1,1,6,8,CG2120,drosophila_melanogaster
1076,ENSG00000178403,1,10,1,12,NEUROG2,homo_sapiens
,ENSMUSG00000027967,1,10,1,12,Neurog2,mus_musculus
,ENSXETG00000024100,1,9,2,12,neurog2,xenopus_tropicalis
,FBgn0015550,1,5,1,7,tap,drosophila_melanogaster
,WBGene00003595,1,3,1,5,ngn-1,caenorhabditis_elegans
1077,ENSG00000178573,3,7,3,13,MAF,homo_sapiens
,ENSMUSG00000055435,2,7,2,11,Maf,mus_musculus
,ENSXETG00000000172,1,7,3,11,maf,xenopus_tropicalis
,FBgn0000964,2,2,0,4,tj,drosophila_melanogaster
,WBGene00077521,1,1,0,2,maf-1,caenorhabditis_elegans
1078,ENSG00000178665,2,5,14,21,ZNF713,homo_sapiens
1079,ENSG00000178764,2,4,5,11,ZHX2,homo_sapiens
,ENSMUSG00000071757,1,4,4,9,Zhx2,mus_musculus
,ENSXETG00000023182,1,3,5,9,zhx2,xenopus_tropicalis
1080,ENSG00000178860,1,4,1,6,MSC,homo_sapiens
,ENSMUSG00000025930,2,4,1,7,Msc,mus_musculus
,ENSXETG00000015977,1,2,1,4,msc,xenopus_tropicalis
,FBgn0022740,1,1,1,3,HLH54F,drosophila_melanogaster
1081,ENSG00000178917,2,17,27,46,ZNF852,homo_sapiens
,ENSXETG00000015106,1,2,14,17,0,xenopus_tropicalis
,ENSXETG00000031460,1,2,15,18,0,xenopus_tropicalis
1082,ENSG00000178919,1,24,1,26,FOXE1,homo_sapiens
,ENSMUSG00000070990,1,19,1,20,Foxe1,mus_musculus
,ENSXETG00000024889,1,19,2,22,foxe1,xenopus_tropicalis
1083,ENSG00000178928,3,1,3,4,TPRX1,homo_sapiens
1084,ENSG00000178935,2,34,10,46,ZNF552,homo_sapiens
1085,ENSG00000178951,2,3,10,15,ZBTB7A,homo_sapiens
,ENSMUSG00000035011,6,4,18,28,Zbtb7a,mus_musculus
1086,ENSG00000179059,3,18,9,27,ZFP42,homo_sapiens
,ENSMUSG00000051176,1,18,4,23,Zfp42,mus_musculus
,ENSXETG00000002527,1,14,4,19,yy1,xenopus_tropicalis
,FBgn0002521,2,7,8,17,pho,drosophila_melanogaster
1087,ENSG00000179111,3,1,6,10,HES7,homo_sapiens
,ENSMUSG00000023781,1,1,2,4,Hes7,mus_musculus
,ENSXETG00000009079,1,2,2,5,hes7.1,xenopus_tropicalis
,ENSXETG00000009083,2,2,4,8,hes7.2,xenopus_tropicalis
1088,ENSG00000179195,4,22,36,62,ZNF664,homo_sapiens
,ENSMUSG00000079215,1,11,9,21,Zfp664,mus_musculus
,FBgn0030005,1,1,6,8,CG2120,drosophila_melanogaster
1089,ENSG00000179348,5,6,6,15,GATA2,homo_sapiens
,ENSMUSG00000015053,3,6,4,13,Gata2,mus_musculus
,ENSXETG00000016171,1,6,2,9,gata2,xenopus_tropicalis
,FBgn0001138,3,5,6,11,grn,drosophila_melanogaster
,WBGene00001249,6,5,10,21,elt-1,caenorhabditis_elegans
1090,ENSG00000179361,3,7,5,15,ARID3B,homo_sapiens
,ENSMUSG00000004661,6,7,7,20,Arid3b,mus_musculus
,ENSXETG00000010647,1,7,1,9,arid3b,xenopus_tropicalis
,WBGene00000476,1,3,2,6,cfi-1,caenorhabditis_elegans
1091,ENSG00000179388,3,5,6,14,EGR3,homo_sapiens
,ENSMUSG00000033730,1,5,3,9,Egr3,mus_musculus
,ENSXETG00000031881,1,5,3,9,EGR3,xenopus_tropicalis
,FBgn0003499,5,2,12,19,sr,drosophila_melanogaster
,WBGene00007772,1,5,3,9,egrh-1,caenorhabditis_elegans
,WBGene00043705,4,5,12,21,egrh-2,caenorhabditis_elegans
,WBGene00044651,2,5,3,10,egrh-3,caenorhabditis_elegans
1092,ENSG00000179456,2,16,10,28,ZBTB18,homo_sapiens
,ENSMUSG00000063659,11,15,21,47,Zbtb18,mus_musculus
,ENSXETG00000014541,1,17,5,23,zbtb18,xenopus_tropicalis
,WBGene00016154,1,1,5,7,C27A12.2,caenorhabditis_elegans
1093,ENSG00000179528,3,16,2,21,LBX2,homo_sapiens
,ENSMUSG00000034968,1,16,1,18,Lbx2,mus_musculus
,FBgn0008651,3,11,2,16,lbl,drosophila_melanogaster
,FBgn0011278,1,11,1,13,lbe,drosophila_melanogaster
1094,ENSG00000179588,4,2,2,6,ZFPM1,homo_sapiens
,ENSMUSG00000049577,2,2,4,8,Zfpm1,mus_musculus
,ENSXETG00000023988,1,2,1,4,zfpm1,xenopus_tropicalis
1095,ENSG00000179627,2,16,10,28,ZBTB42,homo_sapiens
,ENSMUSG00000037638,3,15,5,23,Zbtb42,mus_musculus
,ENSXETG00000008601,1,17,5,23,znf238.2,xenopus_tropicalis
,WBGene00016154,1,1,5,7,C27A12.2,caenorhabditis_elegans
1096,ENSG00000179772,1,24,1,26,FOXS1,homo_sapiens
,ENSMUSG00000074676,1,19,1,21,Foxs1,mus_musculus
1097,ENSG00000179774,1,10,1,12,ATOH7,homo_sapiens
,ENSMUSG00000036816,1,10,1,12,Atoh7,mus_musculus
,ENSXETG00000023575,1,9,1,11,atoh7,xenopus_tropicalis
,FBgn0003270,1,5,1,7,amos,drosophila_melanogaster
,FBgn0010433,1,5,0,6,ato,drosophila_melanogaster
,FBgn0024249,1,5,1,7,cato,drosophila_melanogaster
1098,ENSG00000179909,1,34,11,46,ZNF154,homo_sapiens
1099,ENSG00000179922,2,2,5,9,ZNF784,homo_sapiens
,ENSMUSG00000043290,1,2,6,9,Zfp784,mus_musculus
,ENSXETG00000031192,1,2,14,17,ZNF784,xenopus_tropicalis
1100,ENSG00000179930,1,1,10,12,ZNF648,homo_sapiens
,ENSMUSG00000066797,1,1,10,12,Zfp648,mus_musculus
,FBgn0029928,2,1,16,19,CG3032,drosophila_melanogaster
,WBGene00010264,4,2,12,18,F58G1.2,caenorhabditis_elegans
,WBGene00018740,1,2,2,5,tra-4,caenorhabditis_elegans
1101,ENSG00000179943,5,4,20,29,FIZ1,homo_sapiens
,ENSMUSG00000061374,8,4,59,71,Fiz1,mus_musculus
1102,ENSG00000179965,4,9,16,29,ZNF771,homo_sapiens
,ENSMUSG00000054716,2,3,8,13,Zfp771,mus_musculus
,ENSXETG00000030967,1,4,8,13,ZNF771,xenopus_tropicalis
,FBgn0000286,5,3,26,34,Cf2,drosophila_melanogaster
,FBgn0004618,3,3,14,20,gl,drosophila_melanogaster
,FBgn0005694,4,3,16,23,Aef1,drosophila_melanogaster
1103,ENSG00000179981,4,3,6,13,TSHZ1,homo_sapiens
,ENSMUSG00000046982,1,3,3,7,Tshz1,mus_musculus
1104,ENSG00000180035,7,1,50,58,ZNF48,homo_sapiens
,ENSMUSG00000045598,2,1,24,27,Zfp553,mus_musculus
1105,ENSG00000180053,1,21,1,23,NKX2-6,homo_sapiens
,ENSMUSG00000044186,1,22,1,24,Nkx2-6,mus_musculus
,ENSXETG00000007764,2,23,2,27,nkx2-6,xenopus_tropicalis
1106,ENSG00000180257,8,26,36,70,ZNF816,homo_sapiens
,ENSMUSG00000100617,1,2,10,13,Gm7145,mus_musculus
,ENSMUSG00000101303,1,2,13,16,B020011L13Rik,mus_musculus
1107,ENSG00000180318,1,15,2,18,ALX1,homo_sapiens
,ENSMUSG00000036602,2,13,4,19,Alx1,mus_musculus
,ENSXETG00000021397,1,13,2,16,alx1,xenopus_tropicalis
,FBgn0020617,1,10,2,13,Rx,drosophila_melanogaster
1108,ENSG00000180479,6,20,74,100,ZNF571,homo_sapiens
,ENSXETG00000023927,1,16,19,36,0,xenopus_tropicalis
,ENSXETG00000025844,1,16,26,27,0,xenopus_tropicalis
,FBgn0020309,9,1,138,148,crol,drosophila_melanogaster
1109,ENSG00000180532,2,1,10,13,ZSCAN4,homo_sapiens
,ENSMUSG00000054272,1,4,5,10,Zscan4c,mus_musculus
,ENSMUSG00000070828,3,4,10,17,Zscan4f,mus_musculus
,ENSMUSG00000090714,3,4,11,18,Zscan4d,mus_musculus
,ENSMUSG00000095339,1,4,5,9,Zscan4b,mus_musculus
1110,ENSG00000180535,2,10,2,14,BHLHA15,homo_sapiens
,ENSMUSG00000052271,1,10,1,12,Bhlha15,mus_musculus
,ENSXETG00000032164,1,9,1,11,BHLHA15,xenopus_tropicalis
,FBgn0023091,2,5,2,9,dimm,drosophila_melanogaster
1111,ENSG00000180613,3,20,2,25,GSX2,homo_sapiens
,ENSMUSG00000035946,2,20,1,23,Gsx2,mus_musculus
,ENSXETG00000021030,1,22,2,24,gsx2,xenopus_tropicalis
,FBgn0025776,1,11,1,13,ind,drosophila_melanogaster
1112,ENSG00000180626,3,16,44,63,ZNF594,homo_sapiens
1113,ENSG00000180787,1,17,13,31,ZFP3,homo_sapiens
,ENSMUSG00000043602,1,10,13,24,Zfp3,mus_musculus
,ENSXETG00000015106,1,2,14,17,0,xenopus_tropicalis
,ENSXETG00000031460,1,2,15,18,0,xenopus_tropicalis
1114,ENSG00000180806,2,17,2,21,HOXC9,homo_sapiens
,ENSMUSG00000036139,2,16,1,17,Hoxc9,mus_musculus
,ENSXETG00000023475,2,14,2,18,hoxc9,xenopus_tropicalis
,FBgn0000015,7,1,7,15,Abd-B,drosophila_melanogaster
1115,ENSG00000180818,2,17,1,20,HOXC10,homo_sapiens
,ENSMUSG00000022484,1,16,1,18,Hoxc10,mus_musculus
,ENSXETG00000023472,1,14,1,16,hoxc10,xenopus_tropicalis
,FBgn0000015,7,1,7,15,Abd-B,drosophila_melanogaster
1116,ENSG00000180828,1,5,1,7,BHLHE22,homo_sapiens
,ENSMUSG00000025128,1,5,1,7,Bhlhe22,mus_musculus
,ENSXETG00000006104,1,5,1,2,bhlhe23,xenopus_tropicalis
,FBgn0032651,4,1,4,9,Oli,drosophila_melanogaster
,WBGene00001961,1,4,1,6,hlh-17,caenorhabditis_elegans
,WBGene00009540,1,4,1,6,hlh-31,caenorhabditis_elegans
,WBGene00013665,1,4,1,6,hlh-32,caenorhabditis_elegans
1117,ENSG00000180855,1,38,19,58,ZNF443,homo_sapiens
,WBGene00021931,1,1,11,13,Y55F3AM.14,caenorhabditis_elegans
1118,ENSG00000180884,2,34,27,63,ZNF792,homo_sapiens
1119,ENSG00000180938,1,17,12,30,ZNF572,homo_sapiens
,ENSXETG00000015106,1,2,14,17,0,xenopus_tropicalis
,ENSXETG00000031460,1,2,15,18,0,xenopus_tropicalis
1120,ENSG00000181007,2,22,14,38,ZFP82,homo_sapiens
,ENSMUSG00000098022,5,11,29,45,Zfp82,mus_musculus
1121,ENSG00000181135,10,2,38,50,ZNF707,homo_sapiens
,ENSMUSG00000034429,4,2,26,32,Zfp707,mus_musculus
1122,ENSG00000181220,3,6,11,20,ZNF746,homo_sapiens
,ENSMUSG00000057691,3,6,10,19,Zfp746,mus_musculus
1123,ENSG00000181315,6,1,55,62,ZNF322,homo_sapiens
,ENSMUSG00000046351,4,1,19,24,Zfp322a,mus_musculus
1124,ENSG00000181444,2,1,12,15,ZNF467,homo_sapiens
,ENSMUSG00000068551,9,1,24,34,Zfp467,mus_musculus
,FBgn0259789,5,1,19,25,vfl,drosophila_melanogaster
1125,ENSG00000181449,1,17,1,19,SOX2,homo_sapiens
,ENSMUSG00000074637,1,16,1,18,Sox2,mus_musculus
,ENSXETG00000026292,1,14,2,17,sox2,xenopus_tropicalis
1126,ENSG00000181450,4,49,34,87,ZNF678,homo_sapiens
,ENSMUSG00000030446,2,23,32,57,Zfp273,mus_musculus
,ENSMUSG00000048280,5,23,31,59,Zfp738,mus_musculus
,ENSMUSG00000051037,2,23,25,50,Zfp455,mus_musculus
,ENSMUSG00000052909,1,23,10,34,Gm9894,mus_musculus
,ENSMUSG00000055341,1,23,19,43,Zfp457,mus_musculus
,ENSMUSG00000055480,1,23,24,25,Zfp458,mus_musculus
,ENSMUSG00000055560,1,23,5,24,Zfp459,mus_musculus
,ENSMUSG00000057842,3,23,60,86,Zfp595,mus_musculus
,ENSMUSG00000058331,2,23,30,55,Zfp85,mus_musculus
,ENSMUSG00000058883,2,23,34,59,Zfp708,mus_musculus
,ENSMUSG00000058900,1,23,13,37,Rsl1,mus_musculus
,ENSMUSG00000059839,1,23,13,37,Zfp874b,mus_musculus
,ENSMUSG00000069184,1,23,15,39,Zfp72,mus_musculus
,ENSMUSG00000069206,2,23,13,38,Zfp874a,mus_musculus
,ENSMUSG00000071281,3,23,32,58,Zfp65,mus_musculus
,ENSMUSG00000071291,4,23,43,70,Zfp58,mus_musculus
,ENSMUSG00000074824,1,23,11,35,Rslcan18,mus_musculus
,ENSMUSG00000078994,2,23,14,39,Zfp429,mus_musculus
,ENSMUSG00000078995,2,23,13,38,Zfp456,mus_musculus
,ENSMUSG00000090659,2,23,13,38,Zfp493,mus_musculus
,ENSMUSG00000097333,3,23,19,45,Zfp87,mus_musculus
,ENSMUSG00000098905,1,23,9,33,Zfp953,mus_musculus
,ENSMUSG00000100235,1,23,17,41,Gm28557,mus_musculus
1127,ENSG00000181472,1,16,4,21,ZBTB2,homo_sapiens
,ENSMUSG00000075327,2,15,8,25,Zbtb2,mus_musculus
,ENSXETG00000012362,1,17,4,22,zbtb2,xenopus_tropicalis
,WBGene00016154,1,1,5,7,C27A12.2,caenorhabditis_elegans
1128,ENSG00000181638,2,3,8,13,ZFP41,homo_sapiens
,ENSMUSG00000047003,3,1,10,10,Zfp41,mus_musculus
,ENSXETG00000027735,1,1,6,8,znf41,xenopus_tropicalis
1129,ENSG00000181666,18,7,90,115,HKR1,homo_sapiens
1130,ENSG00000181690,3,3,19,25,PLAG1,homo_sapiens
,ENSMUSG00000003282,1,3,7,11,Plag1,mus_musculus
,ENSXETG00000005654,1,1,7,9,plag1,xenopus_tropicalis
,FBgn0261679,1,1,7,9,CG42726,drosophila_melanogaster
1131,ENSG00000181722,9,12,43,64,ZBTB20,homo_sapiens
,ENSMUSG00000022708,12,12,34,58,Zbtb20,mus_musculus
,ENSXETG00000031873,1,12,6,19,ZBTB20,xenopus_tropicalis
1132,ENSG00000181827,2,8,2,12,RFX7,homo_sapiens
,ENSMUSG00000037674,4,8,4,16,Rfx7,mus_musculus
,ENSXETG00000024544,1,7,0,8,rfx7,xenopus_tropicalis
,FBgn0037445,3,2,3,8,CG9727,drosophila_melanogaster
1133,ENSG00000181894,4,5,36,33,ZNF329,homo_sapiens
,ENSMUSG00000057894,3,3,27,30,Zfp329,mus_musculus
,ENSXETG00000027163,1,1,7,9,znf383,xenopus_tropicalis
1134,ENSG00000181896,4,38,21,63,ZNF101,homo_sapiens
,WBGene00021931,1,1,11,13,Y55F3AM.14,caenorhabditis_elegans
1135,ENSG00000181965,1,10,1,12,NEUROG1,homo_sapiens
,ENSMUSG00000048904,1,10,1,12,Neurog1,mus_musculus
,ENSXETG00000007898,2,9,3,14,neurog1,xenopus_tropicalis
,FBgn0015550,1,5,1,7,tap,drosophila_melanogaster
,WBGene00003595,1,3,1,5,ngn-1,caenorhabditis_elegans
1136,ENSG00000182111,1,49,13,63,ZNF716,homo_sapiens
,ENSMUSG00000030446,2,23,32,57,Zfp273,mus_musculus
,ENSMUSG00000048280,5,23,31,59,Zfp738,mus_musculus
,ENSMUSG00000051037,2,23,25,50,Zfp455,mus_musculus
,ENSMUSG00000052909,1,23,10,34,Gm9894,mus_musculus
,ENSMUSG00000055341,1,23,19,43,Zfp457,mus_musculus
,ENSMUSG00000055480,1,23,24,25,Zfp458,mus_musculus
,ENSMUSG00000055560,1,23,5,24,Zfp459,mus_musculus
,ENSMUSG00000057842,3,23,60,86,Zfp595,mus_musculus
,ENSMUSG00000058331,2,23,30,55,Zfp85,mus_musculus
,ENSMUSG00000058883,2,23,34,59,Zfp708,mus_musculus
,ENSMUSG00000058900,1,23,13,37,Rsl1,mus_musculus
,ENSMUSG00000059839,1,23,13,37,Zfp874b,mus_musculus
,ENSMUSG00000069184,1,23,15,39,Zfp72,mus_musculus
,ENSMUSG00000069206,2,23,13,38,Zfp874a,mus_musculus
,ENSMUSG00000071281,3,23,32,58,Zfp65,mus_musculus
,ENSMUSG00000071291,4,23,43,70,Zfp58,mus_musculus
,ENSMUSG00000074824,1,23,11,35,Rslcan18,mus_musculus
,ENSMUSG00000078994,2,23,14,39,Zfp429,mus_musculus
,ENSMUSG00000078995,2,23,13,38,Zfp456,mus_musculus
,ENSMUSG00000090659,2,23,13,38,Zfp493,mus_musculus
,ENSMUSG00000097333,3,23,19,45,Zfp87,mus_musculus
,ENSMUSG00000098905,1,23,9,33,Zfp953,mus_musculus
,ENSMUSG00000100235,1,23,17,41,Gm28557,mus_musculus
1137,ENSG00000182141,4,49,33,86,ZNF708,homo_sapiens
,ENSMUSG00000030446,2,23,32,57,Zfp273,mus_musculus
,ENSMUSG00000048280,5,23,31,59,Zfp738,mus_musculus
,ENSMUSG00000051037,2,23,25,50,Zfp455,mus_musculus
,ENSMUSG00000052909,1,23,10,34,Gm9894,mus_musculus
,ENSMUSG00000055341,1,23,19,43,Zfp457,mus_musculus
,ENSMUSG00000055480,1,23,24,25,Zfp458,mus_musculus
,ENSMUSG00000055560,1,23,5,24,Zfp459,mus_musculus
,ENSMUSG00000057842,3,23,60,86,Zfp595,mus_musculus
,ENSMUSG00000058331,2,23,30,55,Zfp85,mus_musculus
,ENSMUSG00000058883,2,23,34,59,Zfp708,mus_musculus
,ENSMUSG00000058900,1,23,13,37,Rsl1,mus_musculus
,ENSMUSG00000059839,1,23,13,37,Zfp874b,mus_musculus
,ENSMUSG00000069184,1,23,15,39,Zfp72,mus_musculus
,ENSMUSG00000069206,2,23,13,38,Zfp874a,mus_musculus
,ENSMUSG00000071281,3,23,32,58,Zfp65,mus_musculus
,ENSMUSG00000071291,4,23,43,70,Zfp58,mus_musculus
,ENSMUSG00000074824,1,23,11,35,Rslcan18,mus_musculus
,ENSMUSG00000078994,2,23,14,39,Zfp429,mus_musculus
,ENSMUSG00000078995,2,23,13,38,Zfp456,mus_musculus
,ENSMUSG00000090659,2,23,13,38,Zfp493,mus_musculus
,ENSMUSG00000097333,3,23,19,45,Zfp87,mus_musculus
,ENSMUSG00000098905,1,23,9,33,Zfp953,mus_musculus
,ENSMUSG00000100235,1,23,17,41,Gm28557,mus_musculus
1138,ENSG00000182158,7,5,2,14,CREB3L2,homo_sapiens
,ENSMUSG00000038648,1,5,1,7,Creb3l2,mus_musculus
,ENSXETG00000033093,1,4,1,6,CREB3L2,xenopus_tropicalis
,FBgn0004396,2,1,2,5,CrebA,drosophila_melanogaster
,WBGene00016162,4,2,4,10,crh-2,caenorhabditis_elegans
1139,ENSG00000182318,1,21,9,30,ZSCAN22,homo_sapiens
,ENSMUSG00000054715,4,14,34,52,Zscan22,mus_musculus
1140,ENSG00000182463,4,3,9,16,TSHZ2,homo_sapiens
,ENSMUSG00000047907,5,3,10,18,Tshz2,mus_musculus
,ENSXETG00000017555,1,2,3,6,tshz2,xenopus_tropicalis
1141,ENSG00000182568,13,2,9,24,SATB1,homo_sapiens
,ENSMUSG00000023927,10,2,21,33,Satb1,mus_musculus
,ENSXETG00000009045,2,1,7,10,satb1,xenopus_tropicalis
1142,ENSG00000182742,1,16,1,18,HOXB4,homo_sapiens
,ENSMUSG00000038692,1,15,1,17,Hoxb4,mus_musculus
,ENSXETG00000021973,1,14,1,16,hoxb4,xenopus_tropicalis
,FBgn0000439,1,6,1,8,Dfd,drosophila_melanogaster
,WBGene00003024,2,1,2,5,lin-39,caenorhabditis_elegans
1143,ENSG00000182759,1,7,1,9,MAFA,homo_sapiens
,ENSMUSG00000047591,1,7,1,9,Mafa,mus_musculus
,ENSXETG00000032364,1,7,1,9,MAFA,xenopus_tropicalis
,FBgn0000964,2,2,0,4,tj,drosophila_melanogaster
,WBGene00077521,1,1,0,2,maf-1,caenorhabditis_elegans
1144,ENSG00000182903,4,16,59,79,ZNF721,homo_sapiens
,ENSMUSG00000021510,1,14,32,47,Zfp729a,mus_musculus
,ENSMUSG00000058093,2,14,38,54,Zfp729b,mus_musculus
,ENSMUSG00000095432,2,14,27,43,Zfp748,mus_musculus
1145,ENSG00000182968,1,17,1,19,SOX1,homo_sapiens
,ENSMUSG00000096014,1,16,1,18,Sox1,mus_musculus
,ENSXETG00000001902,1,14,3,18,sox1,xenopus_tropicalis
1146,ENSG00000182979,5,5,11,21,MTA1,homo_sapiens
,ENSMUSG00000021144,5,6,15,26,Mta1,mus_musculus
,ENSXETG00000017948,1,4,2,7,mta1,xenopus_tropicalis
,FBgn0027951,4,2,16,22,MTA1-like,drosophila_melanogaster
,WBGene00003025,4,2,12,18,lin-40,caenorhabditis_elegans
1147,ENSG00000182983,3,6,19,28,ZNF662,homo_sapiens
,ENSXETG00000033508,1,1,7,9,znf329,xenopus_tropicalis
1148,ENSG00000182986,8,26,32,66,ZNF320,homo_sapiens
,ENSMUSG00000100617,1,2,10,13,Gm7145,mus_musculus
,ENSMUSG00000101303,1,2,13,16,B020011L13Rik,mus_musculus
1149,ENSG00000183072,4,21,1,26,NKX2-5,homo_sapiens
,ENSMUSG00000015579,1,22,1,24,Nkx2-5,mus_musculus
,ENSXETG00000012729,2,23,2,27,nkx2-5,xenopus_tropicalis
1150,ENSG00000183309,3,17,39,59,ZNF623,homo_sapiens
,ENSMUSG00000050846,1,10,13,24,Zfp623,mus_musculus
,ENSXETG00000015106,1,2,14,17,0,xenopus_tropicalis
,ENSXETG00000031460,1,2,15,18,0,xenopus_tropicalis
1151,ENSG00000183434,1,3,0,4,TFDP3,homo_sapiens
,ENSMUSG00000038482,1,2,0,3,Tfdp1,mus_musculus
,ENSXETG00000017776,1,2,2,5,tfdp1,xenopus_tropicalis
,FBgn0011763,3,1,0,1,Dp,drosophila_melanogaster
,WBGene00001061,1,1,0,2,dpl-1,caenorhabditis_elegans
1152,ENSG00000183647,3,34,16,53,ZNF530,homo_sapiens
1153,ENSG00000183733,1,1,1,3,FIGLA,homo_sapiens
,ENSMUSG00000030001,1,1,1,3,Figla,mus_musculus
,ENSXETG00000024917,1,1,1,3,figla,xenopus_tropicalis
1154,ENSG00000183734,1,5,1,7,ASCL2,homo_sapiens
,ENSMUSG00000009248,2,5,2,9,Ascl2,mus_musculus
,ENSXETG00000002872,1,2,2,5,ascl2,xenopus_tropicalis
,FBgn0000022,1,4,1,6,ac,drosophila_melanogaster
,FBgn0000137,1,4,1,6,ase,drosophila_melanogaster
,FBgn0002561,1,4,1,6,l(1)sc,drosophila_melanogaster
,FBgn0004170,1,4,1,6,sc,drosophila_melanogaster
1155,ENSG00000183770,1,24,1,26,FOXL2,homo_sapiens
,ENSMUSG00000050397,1,19,1,21,Foxl2,mus_musculus
,ENSXETG00000008253,1,19,2,22,foxl2,xenopus_tropicalis
,FBgn0004895,2,6,2,10,fd64A,drosophila_melanogaster
1156,ENSG00000183850,3,49,15,67,ZNF730,homo_sapiens
,ENSMUSG00000030446,2,23,32,57,Zfp273,mus_musculus
,ENSMUSG00000048280,5,23,31,59,Zfp738,mus_musculus
,ENSMUSG00000051037,2,23,25,50,Zfp455,mus_musculus
,ENSMUSG00000052909,1,23,10,34,Gm9894,mus_musculus
,ENSMUSG00000055341,1,23,19,43,Zfp457,mus_musculus
,ENSMUSG00000055480,1,23,24,25,Zfp458,mus_musculus
,ENSMUSG00000055560,1,23,5,24,Zfp459,mus_musculus
,ENSMUSG00000057842,3,23,60,86,Zfp595,mus_musculus
,ENSMUSG00000058331,2,23,30,55,Zfp85,mus_musculus
,ENSMUSG00000058883,2,23,34,59,Zfp708,mus_musculus
,ENSMUSG00000058900,1,23,13,37,Rsl1,mus_musculus
,ENSMUSG00000059839,1,23,13,37,Zfp874b,mus_musculus
,ENSMUSG00000069184,1,23,15,39,Zfp72,mus_musculus
,ENSMUSG00000069206,2,23,13,38,Zfp874a,mus_musculus
,ENSMUSG00000071281,3,23,32,58,Zfp65,mus_musculus
,ENSMUSG00000071291,4,23,43,70,Zfp58,mus_musculus
,ENSMUSG00000074824,1,23,11,35,Rslcan18,mus_musculus
,ENSMUSG00000078994,2,23,14,39,Zfp429,mus_musculus
,ENSMUSG00000078995,2,23,13,38,Zfp456,mus_musculus
,ENSMUSG00000090659,2,23,13,38,Zfp493,mus_musculus
,ENSMUSG00000097333,3,23,19,45,Zfp87,mus_musculus
,ENSMUSG00000098905,1,23,9,33,Zfp953,mus_musculus
,ENSMUSG00000100235,1,23,17,41,Gm28557,mus_musculus
1157,ENSG00000184058,4,13,4,21,TBX1,homo_sapiens
,ENSMUSG00000009097,1,13,1,15,Tbx1,mus_musculus
,ENSXETG00000006304,1,12,2,15,tbx1,xenopus_tropicalis
,FBgn0021767,2,8,2,12,org-1,drosophila_melanogaster
1158,ENSG00000184221,2,5,1,6,OLIG1,homo_sapiens
,ENSMUSG00000046160,1,5,1,7,Olig1,mus_musculus
,ENSXETG00000033110,1,5,1,7,OLIG1,xenopus_tropicalis
,WBGene00001960,1,4,1,6,hlh-16,caenorhabditis_elegans
1159,ENSG00000184271,4,16,6,26,POU6F1,homo_sapiens
,ENSMUSG00000009739,3,15,4,22,Pou6f1,mus_musculus
,ENSXETG00000014200,2,16,4,22,pou6f1,xenopus_tropicalis
1160,ENSG00000184302,1,6,1,8,SIX6,homo_sapiens
,ENSMUSG00000021099,1,6,1,2,Six6,mus_musculus
,ENSXETG00000016945,1,5,1,7,six6,xenopus_tropicalis
,FBgn0025360,3,3,2,8,Optix,drosophila_melanogaster
,WBGene00000453,1,4,1,6,ceh-32,caenorhabditis_elegans
1161,ENSG00000184436,2,1,2,5,THAP7,homo_sapiens
,ENSMUSG00000022760,2,1,2,5,Thap7,mus_musculus
,ENSXETG00000019248,1,1,2,4,thap7,xenopus_tropicalis
1162,ENSG00000184481,2,5,2,9,FOXO4,homo_sapiens
,ENSMUSG00000042903,2,5,2,9,Foxo4,mus_musculus
,ENSXETG00000020899,1,4,1,6,foxo4,xenopus_tropicalis
,FBgn0038197,5,2,5,12,foxo,drosophila_melanogaster
,WBGene00000912,10,3,9,22,daf-16,caenorhabditis_elegans
1163,ENSG00000184486,1,16,2,19,POU3F2,homo_sapiens
,ENSMUSG00000095139,1,15,2,18,Pou3f2,mus_musculus
,FBgn0086680,5,5,10,20,vvl,drosophila_melanogaster
,WBGene00000431,1,3,2,6,ceh-6,caenorhabditis_elegans
1164,ENSG00000184492,1,24,1,26,FOXD4L1,homo_sapiens
,ENSMUSG00000051490,1,19,1,21,Foxd4,mus_musculus
,FBgn0004896,1,6,1,2,fd59A,drosophila_melanogaster
,WBGene00006853,1,3,1,5,unc-130,caenorhabditis_elegans
1165,ENSG00000184517,6,25,28,59,ZFP1,homo_sapiens
,ENSMUSG00000055835,1,21,9,31,Zfp1,mus_musculus
,FBgn0266450,2,1,16,18,Kr-h1,drosophila_melanogaster
1166,ENSG00000184635,4,49,21,74,ZNF93,homo_sapiens
,ENSMUSG00000030446,2,23,32,57,Zfp273,mus_musculus
,ENSMUSG00000048280,5,23,31,59,Zfp738,mus_musculus
,ENSMUSG00000051037,2,23,25,50,Zfp455,mus_musculus
,ENSMUSG00000052909,1,23,10,34,Gm9894,mus_musculus
,ENSMUSG00000055341,1,23,19,43,Zfp457,mus_musculus
,ENSMUSG00000055480,1,23,24,25,Zfp458,mus_musculus
,ENSMUSG00000055560,1,23,5,24,Zfp459,mus_musculus
,ENSMUSG00000057842,3,23,60,86,Zfp595,mus_musculus
,ENSMUSG00000058331,2,23,30,55,Zfp85,mus_musculus
,ENSMUSG00000058883,2,23,34,59,Zfp708,mus_musculus
,ENSMUSG00000058900,1,23,13,37,Rsl1,mus_musculus
,ENSMUSG00000059839,1,23,13,37,Zfp874b,mus_musculus
,ENSMUSG00000069184,1,23,15,39,Zfp72,mus_musculus
,ENSMUSG00000069206,2,23,13,38,Zfp874a,mus_musculus
,ENSMUSG00000071281,3,23,32,58,Zfp65,mus_musculus
,ENSMUSG00000071291,4,23,43,70,Zfp58,mus_musculus
,ENSMUSG00000074824,1,23,11,35,Rslcan18,mus_musculus
,ENSMUSG00000078994,2,23,14,39,Zfp429,mus_musculus
,ENSMUSG00000078995,2,23,13,38,Zfp456,mus_musculus
,ENSMUSG00000090659,2,23,13,38,Zfp493,mus_musculus
,ENSMUSG00000097333,3,23,19,45,Zfp87,mus_musculus
,ENSMUSG00000098905,1,23,9,33,Zfp953,mus_musculus
,ENSMUSG00000100235,1,23,17,41,Gm28557,mus_musculus
1167,ENSG00000184659,1,24,1,26,FOXD4L4,homo_sapiens
,FBgn0004896,1,6,1,2,fd59A,drosophila_melanogaster
,WBGene00006853,1,3,1,5,unc-130,caenorhabditis_elegans
1168,ENSG00000184677,4,1,37,42,ZBTB40,homo_sapiens
,ENSMUSG00000060862,1,1,12,14,Zbtb40,mus_musculus
,ENSXETG00000004737,2,1,25,28,zbtb40,xenopus_tropicalis
,FBgn0034643,2,1,10,11,CG10321,drosophila_melanogaster
1169,ENSG00000184828,28,3,21,52,ZBTB7C,homo_sapiens
,ENSMUSG00000044646,2,4,10,16,Zbtb7c,mus_musculus
,ENSXETG00000020303,1,2,5,8,zbtb7c,xenopus_tropicalis
1170,ENSG00000184895,1,17,1,19,SRY,homo_sapiens
,ENSMUSG00000069036,1,16,1,18,Sry,mus_musculus
1171,ENSG00000184937,8,5,24,29,WT1,homo_sapiens
,ENSMUSG00000016458,6,5,25,36,Wt1,mus_musculus
,ENSXETG00000008172,1,5,4,10,wt1,xenopus_tropicalis
,FBgn0013469,4,2,16,22,klu,drosophila_melanogaster
,WBGene00013970,1,5,4,10,ZK337.2,caenorhabditis_elegans
,WBGene00022592,1,5,3,9,ZC328.2,caenorhabditis_elegans
1172,ENSG00000184939,12,13,50,75,ZFP90,homo_sapiens
,ENSMUSG00000031907,1,10,14,25,Zfp90,mus_musculus
,ENSXETG00000016786,1,2,12,15,znf180,xenopus_tropicalis
1173,ENSG00000185002,1,8,1,10,RFX6,homo_sapiens
,ENSMUSG00000019900,2,8,1,11,Rfx6,mus_musculus
,ENSXETG00000033810,2,7,0,9,RFX6,xenopus_tropicalis
,WBGene00000914,5,1,4,11,daf-19,caenorhabditis_elegans
1174,ENSG00000185022,7,7,7,21,MAFF,homo_sapiens
,ENSMUSG00000042622,2,7,2,11,Maff,mus_musculus
,ENSXETG00000006355,1,7,1,9,maff,xenopus_tropicalis
,FBgn0034534,2,2,2,6,maf-S,drosophila_melanogaster
1175,ENSG00000185122,3,3,0,6,HSF1,homo_sapiens
,ENSMUSG00000022556,1,4,0,5,Hsf1,mus_musculus
,ENSXETG00000005693,1,5,0,6,hsf1,xenopus_tropicalis
,FBgn0001222,4,1,0,5,Hsf,drosophila_melanogaster
,WBGene00002004,1,1,0,2,hsf-1,caenorhabditis_elegans
1176,ENSG00000185129,1,3,0,4,PURA,homo_sapiens
,ENSMUSG00000043991,1,3,0,4,Pura,mus_musculus
,ENSXETG00000003837,1,3,0,4,pura,xenopus_tropicalis
,FBgn0022361,7,1,0,8,Pur-alpha,drosophila_melanogaster
,WBGene00004046,1,2,0,3,plp-1,caenorhabditis_elegans
,WBGene00008976,1,2,0,3,plp-2,caenorhabditis_elegans
1177,ENSG00000185155,2,13,2,17,MIXL1,homo_sapiens
,ENSMUSG00000026497,1,13,1,15,Mixl1,mus_musculus
,ENSXETG00000022633,1,14,1,16,bix1.2,xenopus_tropicalis
,ENSXETG00000025923,1,14,1,16,mixl1,xenopus_tropicalis
,ENSXETG00000026217,1,14,1,16,bix1.1,xenopus_tropicalis
,ENSXETG00000027672,1,14,1,16,mixer,xenopus_tropicalis
1178,ENSG00000185177,3,49,35,87,ZNF479,homo_sapiens
,ENSMUSG00000030446,2,23,32,57,Zfp273,mus_musculus
,ENSMUSG00000048280,5,23,31,59,Zfp738,mus_musculus
,ENSMUSG00000051037,2,23,25,50,Zfp455,mus_musculus
,ENSMUSG00000052909,1,23,10,34,Gm9894,mus_musculus
,ENSMUSG00000055341,1,23,19,43,Zfp457,mus_musculus
,ENSMUSG00000055480,1,23,24,25,Zfp458,mus_musculus
,ENSMUSG00000055560,1,23,5,24,Zfp459,mus_musculus
,ENSMUSG00000057842,3,23,60,86,Zfp595,mus_musculus
,ENSMUSG00000058331,2,23,30,55,Zfp85,mus_musculus
,ENSMUSG00000058883,2,23,34,59,Zfp708,mus_musculus
,ENSMUSG00000058900,1,23,13,37,Rsl1,mus_musculus
,ENSMUSG00000059839,1,23,13,37,Zfp874b,mus_musculus
,ENSMUSG00000069184,1,23,15,39,Zfp72,mus_musculus
,ENSMUSG00000069206,2,23,13,38,Zfp874a,mus_musculus
,ENSMUSG00000071281,3,23,32,58,Zfp65,mus_musculus
,ENSMUSG00000071291,4,23,43,70,Zfp58,mus_musculus
,ENSMUSG00000074824,1,23,11,35,Rslcan18,mus_musculus
,ENSMUSG00000078994,2,23,14,39,Zfp429,mus_musculus
,ENSMUSG00000078995,2,23,13,38,Zfp456,mus_musculus
,ENSMUSG00000090659,2,23,13,38,Zfp493,mus_musculus
,ENSMUSG00000097333,3,23,19,45,Zfp87,mus_musculus
,ENSMUSG00000098905,1,23,9,33,Zfp953,mus_musculus
,ENSMUSG00000100235,1,23,17,41,Gm28557,mus_musculus
1179,ENSG00000185219,3,1,34,38,ZNF445,homo_sapiens
,ENSMUSG00000047036,1,1,14,16,Zfp445,mus_musculus
1180,ENSG00000185252,7,1,52,60,ZNF74,homo_sapiens
,ENSXETG00000018108,1,1,10,11,ZNF74,xenopus_tropicalis
1181,ENSG00000185278,5,12,13,30,ZBTB37,homo_sapiens
,ENSMUSG00000043467,5,12,14,31,Zbtb37,mus_musculus
,ENSXETG00000020042,1,12,4,17,zbtb37,xenopus_tropicalis
1182,ENSG00000185404,5,5,15,25,SP140L,homo_sapiens
,ENSXETG00000032669,1,1,4,6,0,xenopus_tropicalis
1183,ENSG00000185507,6,9,5,20,IRF7,homo_sapiens
,ENSMUSG00000025498,4,9,4,17,Irf7,mus_musculus
,ENSXETG00000006030,1,12,0,13,irf7,xenopus_tropicalis
1184,ENSG00000185513,7,10,16,33,L3MBTL1,homo_sapiens
,ENSMUSG00000035576,3,10,4,17,L3mbtl1,mus_musculus
,ENSXETG00000012115,1,9,4,14,l3mbtl1,xenopus_tropicalis
,FBgn0002441,1,3,3,7,l(3)mbt,drosophila_melanogaster
1185,ENSG00000185551,5,12,1,18,NR2F2,homo_sapiens
,ENSMUSG00000030551,3,12,1,16,Nr2f2,mus_musculus
,ENSXETG00000022346,1,14,1,16,nr2f2,xenopus_tropicalis
,FBgn0003651,4,6,3,13,svp,drosophila_melanogaster
1186,ENSG00000185591,4,15,6,25,SP1,homo_sapiens
,ENSMUSG00000001280,7,15,9,31,Sp1,mus_musculus
,ENSXETG00000012660,2,14,5,21,sp1,xenopus_tropicalis
,FBgn0039169,2,4,6,12,Spps,drosophila_melanogaster
,WBGene00011926,1,2,3,6,sptf-2,caenorhabditis_elegans
1187,ENSG00000185610,1,16,1,18,DBX2,homo_sapiens
,ENSMUSG00000045608,1,16,1,18,Dbx2,mus_musculus
,ENSXETG00000030548,1,16,1,18,DBX2,xenopus_tropicalis
,FBgn0261723,1,11,1,13,Dbx,drosophila_melanogaster
1188,ENSG00000185630,13,4,7,24,PBX1,homo_sapiens
,ENSMUSG00000052534,5,4,5,14,Pbx1,mus_musculus
,ENSXETG00000010464,2,3,2,7,pbx1,xenopus_tropicalis
,FBgn0000611,4,1,4,9,exd,drosophila_melanogaster
,WBGene00000443,1,3,1,5,ceh-20,caenorhabditis_elegans
,WBGene00000461,1,3,1,5,ceh-40,caenorhabditis_elegans
,WBGene00017690,1,3,1,5,ceh-60,caenorhabditis_elegans
1189,ENSG00000185650,6,3,8,15,ZFP36L1,homo_sapiens
,ENSMUSG00000021127,2,4,4,10,Zfp36l1,mus_musculus
,ENSXETG00000016987,2,6,0,8,zfp36l1,xenopus_tropicalis
,FBgn0011837,3,1,6,10,Tis11,drosophila_melanogaster
,WBGene00009532,2,14,4,20,ccch-1,caenorhabditis_elegans
1190,ENSG00000185668,1,16,2,19,POU3F1,homo_sapiens
,ENSMUSG00000090125,1,15,2,18,Pou3f1,mus_musculus
,ENSXETG00000011510,1,16,3,20,pou3f1,xenopus_tropicalis
,FBgn0086680,5,5,10,20,vvl,drosophila_melanogaster
,WBGene00000431,1,3,2,6,ceh-6,caenorhabditis_elegans
1191,ENSG00000185669,1,5,5,11,SNAI3,homo_sapiens
,ENSMUSG00000006587,1,5,5,11,Snai3,mus_musculus
,FBgn0001981,1,7,5,13,esg,drosophila_melanogaster
,FBgn0001983,1,7,6,14,wor,drosophila_melanogaster
,FBgn0003448,1,7,5,13,sna,drosophila_melanogaster
1192,ENSG00000185670,2,16,4,22,ZBTB3,homo_sapiens
,ENSMUSG00000071661,1,15,3,19,Zbtb3,mus_musculus
,ENSXETG00000006025,1,17,3,21,zbtb3,xenopus_tropicalis
,WBGene00016154,1,1,5,7,C27A12.2,caenorhabditis_elegans
1193,ENSG00000185697,3,4,8,15,MYBL1,homo_sapiens
,ENSMUSG00000025912,3,4,9,16,Mybl1,mus_musculus
,ENSXETG00000029934,1,4,3,8,MYBL1,xenopus_tropicalis
,FBgn0002914,4,2,9,15,Myb,drosophila_melanogaster
,WBGene00001568,2,1,10,13,snpc-4,caenorhabditis_elegans
1194,ENSG00000185730,6,17,12,29,ZNF696,homo_sapiens
,ENSXETG00000015106,1,2,14,17,0,xenopus_tropicalis
,ENSXETG00000031460,1,2,15,18,0,xenopus_tropicalis
1195,ENSG00000185811,13,6,21,40,IKZF1,homo_sapiens
,ENSMUSG00000018654,6,6,15,27,Ikzf1,mus_musculus
,ENSXETG00000015684,1,6,3,10,ikzf1,xenopus_tropicalis
1196,ENSG00000185869,3,22,31,56,ZNF829,homo_sapiens
1197,ENSG00000185947,3,4,17,24,ZNF267,homo_sapiens
,ENSMUSG00000033883,3,1,33,37,D3Ertd254e,mus_musculus
1198,ENSG00000185960,4,15,6,25,SHOX,homo_sapiens
,ENSXETG00000016879,1,13,2,16,shox,xenopus_tropicalis
,FBgn0085396,3,10,5,18,CG34367,drosophila_melanogaster
1199,ENSG00000186017,7,22,36,65,ZNF566,homo_sapiens
,ENSMUSG00000078768,1,11,8,20,Zfp566,mus_musculus
1200,ENSG00000186020,7,22,28,58,ZNF529,homo_sapiens
1201,ENSG00000186026,1,22,15,38,ZNF284,homo_sapiens
,FBgn0030005,1,1,6,8,CG2120,drosophila_melanogaster
1202,ENSG00000186051,1,11,1,13,TAL2,homo_sapiens
,ENSMUSG00000028417,1,11,1,13,Tal2,mus_musculus
,ENSXETG00000000908,1,11,1,13,tal2,xenopus_tropicalis
,FBgn0011276,1,5,1,7,HLH3B,drosophila_melanogaster
1203,ENSG00000186103,1,1,1,3,ARGFX,homo_sapiens
1204,ENSG00000186130,1,12,5,18,ZBTB6,homo_sapiens
,ENSMUSG00000066798,2,12,10,24,Zbtb6,mus_musculus
,ENSXETG00000020530,2,12,10,24,zbtb6,xenopus_tropicalis
1205,ENSG00000186230,2,34,18,54,ZNF749,homo_sapiens
1206,ENSG00000186272,3,34,37,71,ZNF17,homo_sapiens
1207,ENSG00000186300,3,38,32,73,ZNF555,homo_sapiens
,WBGene00021931,1,1,11,13,Y55F3AM.14,caenorhabditis_elegans
1208,ENSG00000186350,1,12,1,14,RXRA,homo_sapiens
,ENSMUSG00000015846,5,12,5,17,Rxra,mus_musculus
,ENSXETG00000012733,1,14,1,16,rxra,xenopus_tropicalis
,FBgn0003964,2,6,2,10,usp,drosophila_melanogaster
1209,ENSG00000186376,2,3,14,19,ZNF75D,homo_sapiens
1210,ENSG00000186416,4,3,6,13,NKRF,homo_sapiens
,ENSMUSG00000044149,1,3,2,6,Nkrf,mus_musculus
,ENSXETG00000007438,2,3,4,9,nkrf,xenopus_tropicalis
1211,ENSG00000186446,2,9,18,29,ZNF501,homo_sapiens
,ENSXETG00000011203,1,4,9,14,0,xenopus_tropicalis
,ENSXETG00000032038,1,4,9,14,0,xenopus_tropicalis
,FBgn0000286,5,3,26,34,Cf2,drosophila_melanogaster
,FBgn0004618,3,3,14,20,gl,drosophila_melanogaster
,FBgn0005694,4,3,16,23,Aef1,drosophila_melanogaster
,WBGene00000483,2,1,8,11,che-1,caenorhabditis_elegans
1212,ENSG00000186448,5,1,53,59,ZNF197,homo_sapiens
,ENSMUSG00000051034,1,4,21,26,Zfp11,mus_musculus
,ENSXETG00000033446,1,1,27,29,ZNF197,xenopus_tropicalis
,FBgn0037717,1,4,10,15,CG8301,drosophila_melanogaster
,WBGene00021689,5,1,37,43,Y48G8AL.10,caenorhabditis_elegans
1213,ENSG00000186487,4,3,0,7,MYT1L,homo_sapiens
,ENSMUSG00000061911,2,3,0,5,Myt1l,mus_musculus
,ENSXETG00000027983,1,3,0,4,myt1l,xenopus_tropicalis
,FBgn0263772,6,1,0,7,CG43689,drosophila_melanogaster
,WBGene00009939,2,1,0,3,ztf-11,caenorhabditis_elegans
1214,ENSG00000186496,5,21,9,35,ZNF396,homo_sapiens
1215,ENSG00000186564,1,24,1,2,FOXD2,homo_sapiens
,ENSMUSG00000055210,1,19,1,21,Foxd2,mus_musculus
,ENSXETG00000016337,1,19,1,21,foxd2,xenopus_tropicalis
,FBgn0004896,1,6,1,2,fd59A,drosophila_melanogaster
,WBGene00006853,1,3,1,5,unc-130,caenorhabditis_elegans
1216,ENSG00000186660,1,6,4,11,ZFP91,homo_sapiens
,ENSMUSG00000024695,1,4,4,9,Zfp91,mus_musculus
,ENSXETG00000020715,1,3,3,7,zfp91,xenopus_tropicalis
1217,ENSG00000186766,1,24,1,26,FOXI2,homo_sapiens
,ENSMUSG00000048377,1,19,1,21,Foxi2,mus_musculus
,ENSXETG00000001935,2,19,2,23,foxi4.1,xenopus_tropicalis
,FBgn0004895,2,6,2,10,fd64A,drosophila_melanogaster
1218,ENSG00000186777,2,49,32,83,ZNF732,homo_sapiens
,ENSMUSG00000030446,2,23,32,57,Zfp273,mus_musculus
,ENSMUSG00000048280,5,23,31,59,Zfp738,mus_musculus
,ENSMUSG00000051037,2,23,25,50,Zfp455,mus_musculus
,ENSMUSG00000052909,1,23,10,34,Gm9894,mus_musculus
,ENSMUSG00000055341,1,23,19,43,Zfp457,mus_musculus
,ENSMUSG00000055480,1,23,24,25,Zfp458,mus_musculus
,ENSMUSG00000055560,1,23,5,24,Zfp459,mus_musculus
,ENSMUSG00000057842,3,23,60,86,Zfp595,mus_musculus
,ENSMUSG00000058331,2,23,30,55,Zfp85,mus_musculus
,ENSMUSG00000058883,2,23,34,59,Zfp708,mus_musculus
,ENSMUSG00000058900,1,23,13,37,Rsl1,mus_musculus
,ENSMUSG00000059839,1,23,13,37,Zfp874b,mus_musculus
,ENSMUSG00000069184,1,23,15,39,Zfp72,mus_musculus
,ENSMUSG00000069206,2,23,13,38,Zfp874a,mus_musculus
,ENSMUSG00000071281,3,23,32,58,Zfp65,mus_musculus
,ENSMUSG00000071291,4,23,43,70,Zfp58,mus_musculus
,ENSMUSG00000074824,1,23,11,35,Rslcan18,mus_musculus
,ENSMUSG00000078994,2,23,14,39,Zfp429,mus_musculus
,ENSMUSG00000078995,2,23,13,38,Zfp456,mus_musculus
,ENSMUSG00000090659,2,23,13,38,Zfp493,mus_musculus
,ENSMUSG00000097333,3,23,19,45,Zfp87,mus_musculus
,ENSMUSG00000098905,1,23,9,33,Zfp953,mus_musculus
,ENSMUSG00000100235,1,23,17,41,Gm28557,mus_musculus
1219,ENSG00000186790,1,24,1,26,FOXE3,homo_sapiens
,ENSMUSG00000044518,1,19,1,21,Foxe3,mus_musculus
1220,ENSG00000186812,8,21,17,46,ZNF397,homo_sapiens
,ENSMUSG00000024276,1,14,10,25,Zfp397,mus_musculus
1221,ENSG00000186814,9,21,27,57,ZSCAN30,homo_sapiens
,ENSMUSG00000024274,1,14,1,15,Zscan30,mus_musculus
1222,ENSG00000186951,6,8,3,17,PPARA,homo_sapiens
,ENSMUSG00000022383,3,8,3,14,Ppara,mus_musculus
,ENSXETG00000023454,1,10,0,11,ppara,xenopus_tropicalis
,FBgn0004865,4,8,3,15,Eip78C,drosophila_melanogaster
,WBGene00004786,2,10,2,14,sex-1,caenorhabditis_elegans
1223,ENSG00000187079,6,4,4,14,TEAD1,homo_sapiens
,ENSMUSG00000055320,11,5,10,26,Tead1,mus_musculus
,FBgn0003345,21,1,21,43,sd,drosophila_melanogaster
,WBGene00001208,5,1,5,11,egl-44,caenorhabditis_elegans
1224,ENSG00000187098,13,4,9,26,MITF,homo_sapiens
,ENSMUSG00000035158,6,4,6,16,Mitf,mus_musculus
,ENSXETG00000000154,2,4,3,9,mitf,xenopus_tropicalis
,FBgn0263112,4,1,4,9,Mitf,drosophila_melanogaster
,WBGene00020930,12,1,12,24,hlh-30,caenorhabditis_elegans
1225,ENSG00000187140,1,24,1,25,FOXD3,homo_sapiens
,ENSMUSG00000067261,1,19,1,21,Foxd3,mus_musculus
,ENSXETG00000010836,1,19,2,22,foxd3,xenopus_tropicalis
,FBgn0004896,1,6,1,2,fd59A,drosophila_melanogaster
,WBGene00006853,1,3,1,5,unc-130,caenorhabditis_elegans
1226,ENSG00000187187,6,20,49,75,ZNF546,homo_sapiens
,ENSXETG00000023927,1,16,19,36,0,xenopus_tropicalis
,ENSXETG00000025844,1,16,26,27,0,xenopus_tropicalis
,FBgn0020309,9,1,138,148,crol,drosophila_melanogaster
1227,ENSG00000187559,1,24,1,26,FOXD4L3,homo_sapiens
,FBgn0004896,1,6,1,2,fd59A,drosophila_melanogaster
,WBGene00006853,1,3,1,5,unc-130,caenorhabditis_elegans
1228,ENSG00000187607,14,9,50,73,ZNF286A,homo_sapiens
,ENSMUSG00000047342,3,3,13,19,Zfp286,mus_musculus
,ENSXETG00000011203,1,4,9,14,0,xenopus_tropicalis
,ENSXETG00000032038,1,4,9,14,0,xenopus_tropicalis
,FBgn0000286,5,3,26,34,Cf2,drosophila_melanogaster
,FBgn0004618,3,3,14,20,gl,drosophila_melanogaster
,FBgn0005694,4,3,16,23,Aef1,drosophila_melanogaster
,WBGene00000483,2,1,8,11,che-1,caenorhabditis_elegans
1229,ENSG00000187626,1,21,9,31,ZKSCAN4,homo_sapiens
,ENSMUSG00000021327,5,14,18,37,Zkscan3,mus_musculus
,ENSMUSG00000054931,1,14,8,23,Zkscan4,mus_musculus
1230,ENSG00000187772,1,2,1,4,LIN28B,homo_sapiens
,ENSMUSG00000063804,1,2,1,4,Lin28b,mus_musculus
,ENSXETG00000013293,3,2,3,8,lin28b,xenopus_tropicalis
,FBgn0035626,1,1,0,2,lin-28,drosophila_melanogaster
,WBGene00003014,2,1,2,5,lin-28,caenorhabditis_elegans
1232,ENSG00000187792,1,17,11,29,ZNF70,homo_sapiens
,ENSXETG00000015106,1,2,14,17,0,xenopus_tropicalis
,ENSXETG00000031460,1,2,15,18,0,xenopus_tropicalis
1233,ENSG00000187801,3,5,23,31,ZFP69B,homo_sapiens
1234,ENSG00000187815,2,5,20,27,ZFP69,homo_sapiens
,ENSMUSG00000064141,3,2,21,16,Zfp69,mus_musculus
1235,ENSG00000187821,3,4,6,13,HELT,homo_sapiens
,ENSMUSG00000047171,1,4,2,7,Helt,mus_musculus
,ENSXETG00000030981,1,3,2,6,HELT,xenopus_tropicalis
,FBgn0259938,3,2,6,11,cwo,drosophila_melanogaster
1236,ENSG00000187855,1,5,1,7,ASCL4,homo_sapiens
,ENSMUSG00000085111,1,5,1,7,Ascl4,mus_musculus
,ENSXETG00000026272,1,2,1,4,ascl3,xenopus_tropicalis
,WBGene00001952,1,1,1,3,hlh-6,caenorhabditis_elegans
1237,ENSG00000187987,1,21,6,28,ZSCAN23,homo_sapiens
1238,ENSG00000188033,2,38,16,56,ZNF490,homo_sapiens
,WBGene00021931,1,1,11,13,Y55F3AM.14,caenorhabditis_elegans
1239,ENSG00000188095,2,3,1,6,MESP2,homo_sapiens
,ENSMUSG00000030543,1,3,1,5,Mesp2,mus_musculus
,ENSXETG00000017725,1,4,1,6,mespa,xenopus_tropicalis
,ENSXETG00000027628,1,4,1,6,mespb,xenopus_tropicalis
,ENSXETG00000031287,1,4,1,6,0,xenopus_tropicalis
1240,ENSG00000188171,4,49,30,83,ZNF626,homo_sapiens
,ENSMUSG00000030446,2,23,32,57,Zfp273,mus_musculus
,ENSMUSG00000048280,5,23,31,59,Zfp738,mus_musculus
,ENSMUSG00000051037,2,23,25,50,Zfp455,mus_musculus
,ENSMUSG00000052909,1,23,10,34,Gm9894,mus_musculus
,ENSMUSG00000055341,1,23,19,43,Zfp457,mus_musculus
,ENSMUSG00000055480,1,23,24,25,Zfp458,mus_musculus
,ENSMUSG00000055560,1,23,5,24,Zfp459,mus_musculus
,ENSMUSG00000057842,3,23,60,86,Zfp595,mus_musculus
,ENSMUSG00000058331,2,23,30,55,Zfp85,mus_musculus
,ENSMUSG00000058883,2,23,34,59,Zfp708,mus_musculus
,ENSMUSG00000058900,1,23,13,37,Rsl1,mus_musculus
,ENSMUSG00000059839,1,23,13,37,Zfp874b,mus_musculus
,ENSMUSG00000069184,1,23,15,39,Zfp72,mus_musculus
,ENSMUSG00000069206,2,23,13,38,Zfp874a,mus_musculus
,ENSMUSG00000071281,3,23,32,58,Zfp65,mus_musculus
,ENSMUSG00000071291,4,23,43,70,Zfp58,mus_musculus
,ENSMUSG00000074824,1,23,11,35,Rslcan18,mus_musculus
,ENSMUSG00000078994,2,23,14,39,Zfp429,mus_musculus
,ENSMUSG00000078995,2,23,13,38,Zfp456,mus_musculus
,ENSMUSG00000090659,2,23,13,38,Zfp493,mus_musculus
,ENSMUSG00000097333,3,23,19,45,Zfp87,mus_musculus
,ENSMUSG00000098905,1,23,9,33,Zfp953,mus_musculus
,ENSMUSG00000100235,1,23,17,41,Gm28557,mus_musculus
1241,ENSG00000188227,9,5,27,41,ZNF793,homo_sapiens
1242,ENSG00000188283,4,22,37,63,ZNF383,homo_sapiens
,ENSMUSG00000099689,1,11,12,12,Zfp383,mus_musculus
1243,ENSG00000188290,3,5,5,13,HES4,homo_sapiens
,FBgn0001168,2,11,4,17,h,drosophila_melanogaster
,FBgn0010109,1,11,2,14,dpn,drosophila_melanogaster
,FBgn0032741,1,11,2,14,Side,drosophila_melanogaster
1244,ENSG00000188295,5,38,23,66,ZNF669,homo_sapiens
,WBGene00021931,1,1,11,13,Y55F3AM.14,caenorhabditis_elegans
1245,ENSG00000188321,14,10,57,81,ZNF559,homo_sapiens
1247,ENSG00000188620,1,21,1,23,HMX3,homo_sapiens
,ENSMUSG00000040148,1,22,1,24,Hmx3,mus_musculus
,ENSXETG00000009562,1,23,0,25,hmx3,xenopus_tropicalis
,FBgn0264005,3,9,3,15,Hmx,drosophila_melanogaster
,WBGene00003377,1,9,1,11,mls-2,caenorhabditis_elegans
1248,ENSG00000188629,4,8,20,32,ZNF177,homo_sapiens
1250,ENSG00000188785,8,34,30,72,ZNF548,homo_sapiens
1251,ENSG00000188786,1,18,6,25,MTF1,homo_sapiens
,ENSMUSG00000028890,4,18,12,34,Mtf1,mus_musculus
,ENSXETG00000014429,1,14,6,21,mtf1,xenopus_tropicalis
,FBgn0040305,7,7,26,40,MTF-1,drosophila_melanogaster
1252,ENSG00000188816,1,21,1,23,HMX2,homo_sapiens
,ENSMUSG00000050100,2,22,2,26,Hmx2,mus_musculus
,ENSXETG00000027771,3,23,3,29,hmx2,xenopus_tropicalis
,FBgn0264005,3,9,3,15,Hmx,drosophila_melanogaster
,WBGene00003377,1,9,1,11,mls-2,caenorhabditis_elegans
1253,ENSG00000188868,4,38,21,63,ZNF563,homo_sapiens
,WBGene00021931,1,1,11,13,Y55F3AM.14,caenorhabditis_elegans
1254,ENSG00000188909,1,21,1,23,BSX,homo_sapiens
,ENSMUSG00000054360,1,22,1,24,Bsx,mus_musculus
,ENSXETG00000016950,1,23,2,26,bsx,xenopus_tropicalis
,FBgn0000529,2,9,2,13,bsh,drosophila_melanogaster
,WBGene00006380,1,9,1,11,tab-1,caenorhabditis_elegans
1255,ENSG00000188994,6,3,24,33,ZNF292,homo_sapiens
,ENSMUSG00000039967,2,3,24,29,Zfp292,mus_musculus
,ENSXETG00000018018,1,3,11,15,znf292,xenopus_tropicalis
1256,ENSG00000189042,5,25,64,94,ZNF567,homo_sapiens
,FBgn0266450,2,1,16,18,Kr-h1,drosophila_melanogaster
1257,ENSG00000189067,19,2,0,21,LITAF,homo_sapiens
,ENSMUSG00000022500,3,3,0,6,Litaf,mus_musculus
,ENSXETG00000024896,1,2,0,3,litaf,xenopus_tropicalis
,FBgn0034870,1,2,0,3,CG13559,drosophila_melanogaster
,FBgn0052280,4,2,0,6,CG32280,drosophila_melanogaster
,WBGene00009484,1,1,0,2,F36G3.3,caenorhabditis_elegans
1258,ENSG00000189079,5,1,4,10,ARID2,homo_sapiens
,ENSMUSG00000033237,2,1,3,6,Arid2,mus_musculus
,ENSXETG00000014656,1,1,3,5,arid2,xenopus_tropicalis
,FBgn0042085,1,1,2,4,Bap170,drosophila_melanogaster
,WBGene00007433,1,1,2,4,swsn-7,caenorhabditis_elegans
1259,ENSG00000189120,2,15,6,23,SP6,homo_sapiens
,ENSMUSG00000038560,2,15,6,23,Sp6,mus_musculus
,ENSXETG00000021949,1,14,3,18,sp6,xenopus_tropicalis
,WBGene00011926,1,2,3,6,sptf-2,caenorhabditis_elegans
1260,ENSG00000189144,8,20,99,127,ZNF573,homo_sapiens
,ENSXETG00000023927,1,16,19,36,0,xenopus_tropicalis
,ENSXETG00000025844,1,16,26,27,0,xenopus_tropicalis
,FBgn0020309,9,1,138,148,crol,drosophila_melanogaster
1261,ENSG00000189164,4,22,16,42,ZNF527,homo_sapiens
1262,ENSG00000189180,6,25,85,116,ZNF33A,homo_sapiens
,FBgn0266450,2,1,16,18,Kr-h1,drosophila_melanogaster
1263,ENSG00000189190,2,26,33,61,ZNF600,homo_sapiens
,ENSMUSG00000100617,1,2,10,13,Gm7145,mus_musculus
,ENSMUSG00000101303,1,2,13,16,B020011L13Rik,mus_musculus
1264,ENSG00000189298,0,21,23,47,ZKSCAN3,homo_sapiens
1265,ENSG00000189299,1,6,1,8,FOXR2,homo_sapiens
,ENSMUSG00000071665,2,6,2,10,Foxr2,mus_musculus
,ENSXETG00000021565,2,5,2,9,foxr1,xenopus_tropicalis
,FBgn0015396,1,2,0,4,jumu,drosophila_melanogaster
1266,ENSG00000189403,6,4,12,22,HMGB1,homo_sapiens
,ENSMUSG00000066551,7,4,13,24,Hmgb1,mus_musculus
,ENSXETG00000019166,1,3,4,8,hmgb1,xenopus_tropicalis
,FBgn0011764,7,1,14,22,Dsp1,drosophila_melanogaster
,WBGene00001972,5,1,10,16,hmg-1.2,caenorhabditis_elegans
1267,ENSG00000189420,1,2,9,12,ZFP92,homo_sapiens
,ENSMUSG00000031374,2,2,18,22,Zfp92,mus_musculus
1268,ENSG00000196081,3,49,19,71,ZNF724P,homo_sapiens
,ENSMUSG00000030446,2,23,32,57,Zfp273,mus_musculus
,ENSMUSG00000048280,5,23,31,59,Zfp738,mus_musculus
,ENSMUSG00000051037,2,23,25,50,Zfp455,mus_musculus
,ENSMUSG00000052909,1,23,10,34,Gm9894,mus_musculus
,ENSMUSG00000055341,1,23,19,43,Zfp457,mus_musculus
,ENSMUSG00000055480,1,23,24,25,Zfp458,mus_musculus
,ENSMUSG00000055560,1,23,5,24,Zfp459,mus_musculus
,ENSMUSG00000057842,3,23,60,86,Zfp595,mus_musculus
,ENSMUSG00000058331,2,23,30,55,Zfp85,mus_musculus
,ENSMUSG00000058883,2,23,34,59,Zfp708,mus_musculus
,ENSMUSG00000058900,1,23,13,37,Rsl1,mus_musculus
,ENSMUSG00000059839,1,23,13,37,Zfp874b,mus_musculus
,ENSMUSG00000069184,1,23,15,39,Zfp72,mus_musculus
,ENSMUSG00000069206,2,23,13,38,Zfp874a,mus_musculus
,ENSMUSG00000071281,3,23,32,58,Zfp65,mus_musculus
,ENSMUSG00000071291,4,23,43,70,Zfp58,mus_musculus
,ENSMUSG00000074824,1,23,11,35,Rslcan18,mus_musculus
,ENSMUSG00000078994,2,23,14,39,Zfp429,mus_musculus
,ENSMUSG00000078995,2,23,13,38,Zfp456,mus_musculus
,ENSMUSG00000090659,2,23,13,38,Zfp493,mus_musculus
,ENSMUSG00000097333,3,23,19,45,Zfp87,mus_musculus
,ENSMUSG00000098905,1,23,9,33,Zfp953,mus_musculus
,ENSMUSG00000100235,1,23,17,41,Gm28557,mus_musculus
1269,ENSG00000196092,13,9,11,32,PAX5,homo_sapiens
,ENSMUSG00000014030,14,9,13,36,Pax5,mus_musculus
,ENSXETG00000006547,1,9,1,11,pax5,xenopus_tropicalis
,FBgn0005561,7,10,7,24,sv,drosophila_melanogaster
,WBGene00001204,1,7,1,9,egl-38,caenorhabditis_elegans
,WBGene00003938,2,7,2,11,pax-2,caenorhabditis_elegans
1270,ENSG00000196109,1,49,16,66,ZNF676,homo_sapiens
,ENSMUSG00000030446,2,23,32,57,Zfp273,mus_musculus
,ENSMUSG00000048280,5,23,31,59,Zfp738,mus_musculus
,ENSMUSG00000051037,2,23,25,50,Zfp455,mus_musculus
,ENSMUSG00000052909,1,23,10,34,Gm9894,mus_musculus
,ENSMUSG00000055341,1,23,19,43,Zfp457,mus_musculus
,ENSMUSG00000055480,1,23,24,25,Zfp458,mus_musculus
,ENSMUSG00000055560,1,23,5,24,Zfp459,mus_musculus
,ENSMUSG00000057842,3,23,60,86,Zfp595,mus_musculus
,ENSMUSG00000058331,2,23,30,55,Zfp85,mus_musculus
,ENSMUSG00000058883,2,23,34,59,Zfp708,mus_musculus
,ENSMUSG00000058900,1,23,13,37,Rsl1,mus_musculus
,ENSMUSG00000059839,1,23,13,37,Zfp874b,mus_musculus
,ENSMUSG00000069184,1,23,15,39,Zfp72,mus_musculus
,ENSMUSG00000069206,2,23,13,38,Zfp874a,mus_musculus
,ENSMUSG00000071281,3,23,32,58,Zfp65,mus_musculus
,ENSMUSG00000071291,4,23,43,70,Zfp58,mus_musculus
,ENSMUSG00000074824,1,23,11,35,Rslcan18,mus_musculus
,ENSMUSG00000078994,2,23,14,39,Zfp429,mus_musculus
,ENSMUSG00000078995,2,23,13,38,Zfp456,mus_musculus
,ENSMUSG00000090659,2,23,13,38,Zfp493,mus_musculus
,ENSMUSG00000097333,3,23,19,45,Zfp87,mus_musculus
,ENSMUSG00000098905,1,23,9,33,Zfp953,mus_musculus
,ENSMUSG00000100235,1,23,17,41,Gm28557,mus_musculus
1271,ENSG00000196110,2,38,34,74,ZNF699,homo_sapiens
,WBGene00021931,1,1,11,13,Y55F3AM.14,caenorhabditis_elegans
1272,ENSG00000196132,4,3,0,7,MYT1,homo_sapiens
,ENSMUSG00000010505,6,3,0,9,Myt1,mus_musculus
,ENSXETG00000011499,1,3,2,6,myt1,xenopus_tropicalis
,FBgn0263772,6,1,0,7,CG43689,drosophila_melanogaster
,WBGene00009939,2,1,0,3,ztf-11,caenorhabditis_elegans
1273,ENSG00000196150,6,13,32,51,ZNF250,homo_sapiens
,ENSMUSG00000054967,1,10,14,25,Zfp647,mus_musculus
,ENSXETG00000016786,1,2,12,15,znf180,xenopus_tropicalis
1274,ENSG00000196152,4,9,47,60,ZNF79,homo_sapiens
,ENSXETG00000011203,1,4,9,14,0,xenopus_tropicalis
,ENSXETG00000032038,1,4,9,14,0,xenopus_tropicalis
,FBgn0000286,5,3,26,34,Cf2,drosophila_melanogaster
,FBgn0004618,3,3,14,20,gl,drosophila_melanogaster
,FBgn0005694,4,3,16,23,Aef1,drosophila_melanogaster
,WBGene00000483,2,1,8,11,che-1,caenorhabditis_elegans
1275,ENSG00000196172,3,49,20,72,ZNF681,homo_sapiens
,ENSMUSG00000030446,2,23,32,57,Zfp273,mus_musculus
,ENSMUSG00000048280,5,23,31,59,Zfp738,mus_musculus
,ENSMUSG00000051037,2,23,25,50,Zfp455,mus_musculus
,ENSMUSG00000052909,1,23,10,34,Gm9894,mus_musculus
,ENSMUSG00000055341,1,23,19,43,Zfp457,mus_musculus
,ENSMUSG00000055480,1,23,24,25,Zfp458,mus_musculus
,ENSMUSG00000055560,1,23,5,24,Zfp459,mus_musculus
,ENSMUSG00000057842,3,23,60,86,Zfp595,mus_musculus
,ENSMUSG00000058331,2,23,30,55,Zfp85,mus_musculus
,ENSMUSG00000058883,2,23,34,59,Zfp708,mus_musculus
,ENSMUSG00000058900,1,23,13,37,Rsl1,mus_musculus
,ENSMUSG00000059839,1,23,13,37,Zfp874b,mus_musculus
,ENSMUSG00000069184,1,23,15,39,Zfp72,mus_musculus
,ENSMUSG00000069206,2,23,13,38,Zfp874a,mus_musculus
,ENSMUSG00000071281,3,23,32,58,Zfp65,mus_musculus
,ENSMUSG00000071291,4,23,43,70,Zfp58,mus_musculus
,ENSMUSG00000074824,1,23,11,35,Rslcan18,mus_musculus
,ENSMUSG00000078994,2,23,14,39,Zfp429,mus_musculus
,ENSMUSG00000078995,2,23,13,38,Zfp456,mus_musculus
,ENSMUSG00000090659,2,23,13,38,Zfp493,mus_musculus
,ENSMUSG00000097333,3,23,19,45,Zfp87,mus_musculus
,ENSMUSG00000098905,1,23,9,33,Zfp953,mus_musculus
,ENSMUSG00000100235,1,23,17,41,Gm28557,mus_musculus
1276,ENSG00000196214,8,26,27,61,ZNF766,homo_sapiens
1277,ENSG00000196233,4,2,4,10,LCOR,homo_sapiens
,ENSMUSG00000025019,2,2,2,6,Lcor,mus_musculus
,FBgn0264490,3,1,3,7,Eip93F,drosophila_melanogaster
,WBGene00011315,1,1,2,4,mbr-1,caenorhabditis_elegans
1278,ENSG00000196247,6,49,122,177,ZNF107,homo_sapiens
,ENSMUSG00000030446,2,23,32,57,Zfp273,mus_musculus
,ENSMUSG00000048280,5,23,31,59,Zfp738,mus_musculus
,ENSMUSG00000051037,2,23,25,50,Zfp455,mus_musculus
,ENSMUSG00000052909,1,23,10,34,Gm9894,mus_musculus
,ENSMUSG00000055341,1,23,19,43,Zfp457,mus_musculus
,ENSMUSG00000055480,1,23,24,25,Zfp458,mus_musculus
,ENSMUSG00000055560,1,23,5,24,Zfp459,mus_musculus
,ENSMUSG00000057842,3,23,60,86,Zfp595,mus_musculus
,ENSMUSG00000058331,2,23,30,55,Zfp85,mus_musculus
,ENSMUSG00000058883,2,23,34,59,Zfp708,mus_musculus
,ENSMUSG00000058900,1,23,13,37,Rsl1,mus_musculus
,ENSMUSG00000059839,1,23,13,37,Zfp874b,mus_musculus
,ENSMUSG00000069184,1,23,15,39,Zfp72,mus_musculus
,ENSMUSG00000069206,2,23,13,38,Zfp874a,mus_musculus
,ENSMUSG00000071281,3,23,32,58,Zfp65,mus_musculus
,ENSMUSG00000071291,4,23,43,70,Zfp58,mus_musculus
,ENSMUSG00000074824,1,23,11,35,Rslcan18,mus_musculus
,ENSMUSG00000078994,2,23,14,39,Zfp429,mus_musculus
,ENSMUSG00000078995,2,23,13,38,Zfp456,mus_musculus
,ENSMUSG00000090659,2,23,13,38,Zfp493,mus_musculus
,ENSMUSG00000097333,3,23,19,45,Zfp87,mus_musculus
,ENSMUSG00000098905,1,23,9,33,Zfp953,mus_musculus
,ENSMUSG00000100235,1,23,17,41,Gm28557,mus_musculus
1279,ENSG00000196263,3,20,18,41,ZNF471,homo_sapiens
,ENSXETG00000023927,1,16,19,36,0,xenopus_tropicalis
,ENSXETG00000025844,1,16,26,27,0,xenopus_tropicalis
,FBgn0020309,9,1,138,148,crol,drosophila_melanogaster
1280,ENSG00000196267,4,16,54,74,ZNF836,homo_sapiens
1281,ENSG00000196268,6,49,48,103,ZNF493,homo_sapiens
,ENSMUSG00000030446,2,23,32,57,Zfp273,mus_musculus
,ENSMUSG00000048280,5,23,31,59,Zfp738,mus_musculus
,ENSMUSG00000051037,2,23,25,50,Zfp455,mus_musculus
,ENSMUSG00000052909,1,23,10,34,Gm9894,mus_musculus
,ENSMUSG00000055341,1,23,19,43,Zfp457,mus_musculus
,ENSMUSG00000055480,1,23,24,25,Zfp458,mus_musculus
,ENSMUSG00000055560,1,23,5,24,Zfp459,mus_musculus
,ENSMUSG00000057842,3,23,60,86,Zfp595,mus_musculus
,ENSMUSG00000058331,2,23,30,55,Zfp85,mus_musculus
,ENSMUSG00000058883,2,23,34,59,Zfp708,mus_musculus
,ENSMUSG00000058900,1,23,13,37,Rsl1,mus_musculus
,ENSMUSG00000059839,1,23,13,37,Zfp874b,mus_musculus
,ENSMUSG00000069184,1,23,15,39,Zfp72,mus_musculus
,ENSMUSG00000069206,2,23,13,38,Zfp874a,mus_musculus
,ENSMUSG00000071281,3,23,32,58,Zfp65,mus_musculus
,ENSMUSG00000071291,4,23,43,70,Zfp58,mus_musculus
,ENSMUSG00000074824,1,23,11,35,Rslcan18,mus_musculus
,ENSMUSG00000078994,2,23,14,39,Zfp429,mus_musculus
,ENSMUSG00000078995,2,23,13,38,Zfp456,mus_musculus
,ENSMUSG00000090659,2,23,13,38,Zfp493,mus_musculus
,ENSMUSG00000097333,3,23,19,45,Zfp87,mus_musculus
,ENSMUSG00000098905,1,23,9,33,Zfp953,mus_musculus
,ENSMUSG00000100235,1,23,17,41,Gm28557,mus_musculus
1282,ENSG00000196275,3,9,4,16,GTF2IRD2,homo_sapiens
,ENSMUSG00000015942,3,3,3,9,Gtf2ird2,mus_musculus
1283,ENSG00000196323,8,7,25,40,ZBTB44,homo_sapiens
,ENSMUSG00000047412,2,7,6,15,Zbtb44,mus_musculus
,ENSXETG00000017921,1,7,5,13,zbtb44,xenopus_tropicalis
,FBgn0262975,16,1,16,33,cnc,drosophila_melanogaster
1284,ENSG00000196345,6,17,41,64,ZKSCAN7,homo_sapiens
,ENSMUSG00000063488,1,10,13,24,Zkscan7,mus_musculus
,ENSXETG00000015106,1,2,14,17,0,xenopus_tropicalis
,ENSXETG00000031460,1,2,15,18,0,xenopus_tropicalis
1285,ENSG00000196350,1,16,38,55,ZNF729,homo_sapiens
,ENSMUSG00000021510,1,14,32,47,Zfp729a,mus_musculus
,ENSMUSG00000058093,2,14,38,54,Zfp729b,mus_musculus
,ENSMUSG00000095432,2,14,27,43,Zfp748,mus_musculus
1286,ENSG00000196357,5,22,46,73,ZNF565,homo_sapiens
,ENSMUSG00000074221,5,11,53,69,Zfp568,mus_musculus
1287,ENSG00000196378,4,13,32,49,ZNF34,homo_sapiens
,ENSXETG00000016786,1,2,12,15,znf180,xenopus_tropicalis
1288,ENSG00000196381,2,1,6,9,ZNF781,homo_sapiens
,ENSMUSG00000057924,1,6,0,7,Gm10033,mus_musculus
,ENSMUSG00000071083,1,6,0,7,Gm10311,mus_musculus
,ENSMUSG00000078894,4,6,6,16,2210418O10Rik,mus_musculus
,ENSMUSG00000079038,1,6,0,7,D130040H23Rik,mus_musculus
,ENSMUSG00000094622,1,6,1,8,Gm3055,mus_musculus
,ENSMUSG00000096718,1,6,1,8,Zfp781,mus_musculus
1289,ENSG00000196387,7,22,26,55,ZNF140,homo_sapiens
1290,ENSG00000196391,3,17,12,32,ZNF774,homo_sapiens
,ENSXETG00000015106,1,2,14,17,0,xenopus_tropicalis
,ENSXETG00000031460,1,2,15,18,0,xenopus_tropicalis
1292,ENSG00000196417,3,26,13,39,ZNF765,homo_sapiens
1293,ENSG00000196418,4,38,19,61,ZNF124,homo_sapiens
,WBGene00021931,1,1,11,13,Y55F3AM.14,caenorhabditis_elegans
1294,ENSG00000196428,3,4,0,7,TSC22D2,homo_sapiens
,ENSMUSG00000027806,2,4,0,6,Tsc22d2,mus_musculus
,ENSXETG00000020092,1,5,1,7,tsc22d2,xenopus_tropicalis
,FBgn0259176,10,1,0,11,bun,drosophila_melanogaster
,WBGene00016269,24,3,0,27,C30G4.4,caenorhabditis_elegans
1295,ENSG00000196437,7,25,61,93,ZNF569,homo_sapiens
,ENSMUSG00000059975,4,21,40,65,Zfp74,mus_musculus
,FBgn0266450,2,1,16,18,Kr-h1,drosophila_melanogaster
1296,ENSG00000196453,1,6,10,17,ZNF777,homo_sapiens
,ENSMUSG00000071477,5,6,21,32,Zfp777,mus_musculus
1297,ENSG00000196456,3,2,14,19,ZNF775,homo_sapiens
,ENSMUSG00000007216,3,2,25,30,Zfp775,mus_musculus
1298,ENSG00000196458,2,25,36,63,ZNF605,homo_sapiens
,FBgn0266450,2,1,16,18,Kr-h1,drosophila_melanogaster
1299,ENSG00000196460,1,8,0,9,RFX8,homo_sapiens
,ENSMUSG00000057173,1,8,1,10,Rfx8,mus_musculus
,WBGene00000914,5,1,4,11,daf-19,caenorhabditis_elegans
1300,ENSG00000196466,3,38,37,40,ZNF799,homo_sapiens
,WBGene00021931,1,1,11,13,Y55F3AM.14,caenorhabditis_elegans
1301,ENSG00000196482,18,12,13,45,ESRRG,homo_sapiens
,ENSMUSG00000026610,4,12,3,19,Esrrg,mus_musculus
,ENSXETG00000020932,2,13,2,17,esrrg,xenopus_tropicalis
,FBgn0035849,2,4,2,8,ERR,drosophila_melanogaster
1302,ENSG00000196498,15,5,14,34,NCOR2,homo_sapiens
,ENSMUSG00000029478,11,5,14,30,Ncor2,mus_musculus
,ENSXETG00000001192,1,5,3,9,ncor2,xenopus_tropicalis
,FBgn0265523,4,2,4,10,Smr,drosophila_melanogaster
,WBGene00001565,2,3,4,9,gei-8,caenorhabditis_elegans
1303,ENSG00000196597,4,25,46,75,ZNF782,homo_sapiens
,FBgn0266450,2,1,16,18,Kr-h1,drosophila_melanogaster
1304,ENSG00000196605,7,10,27,44,ZNF846,homo_sapiens
1305,ENSG00000196628,57,3,25,85,TCF4,homo_sapiens
,ENSMUSG00000053477,46,3,23,72,Tcf4,mus_musculus
,ENSXETG00000019086,1,3,2,6,tcf4,xenopus_tropicalis
,FBgn0000413,3,1,3,7,da,drosophila_melanogaster
,WBGene00001949,1,1,1,3,hlh-2,caenorhabditis_elegans
1306,ENSG00000196646,4,38,15,57,ZNF136,homo_sapiens
,WBGene00021931,1,1,11,13,Y55F3AM.14,caenorhabditis_elegans
1307,ENSG00000196652,3,2,45,50,ZKSCAN5,homo_sapiens
,ENSMUSG00000055991,3,2,13,32,Zkscan5,mus_musculus
1308,ENSG00000196653,4,17,42,63,ZNF502,homo_sapiens
,ENSXETG00000015106,1,2,14,17,0,xenopus_tropicalis
,ENSXETG00000031460,1,2,15,18,0,xenopus_tropicalis
1309,ENSG00000196670,5,16,54,75,ZFP62,homo_sapiens
,ENSMUSG00000046311,10,14,133,157,Zfp62,mus_musculus
1310,ENSG00000196693,5,25,36,66,ZNF33B,homo_sapiens
,FBgn0266450,2,1,16,18,Kr-h1,drosophila_melanogaster
1311,ENSG00000196700,3,2,12,17,ZNF512B,homo_sapiens
,ENSMUSG00000000823,5,2,10,17,Zfp512b,mus_musculus
,ENSXETG00000031346,2,1,6,9,ZNF512B,xenopus_tropicalis
1312,ENSG00000196705,5,49,21,75,ZNF431,homo_sapiens
,ENSMUSG00000030446,2,23,32,57,Zfp273,mus_musculus
,ENSMUSG00000048280,5,23,31,59,Zfp738,mus_musculus
,ENSMUSG00000051037,2,23,25,50,Zfp455,mus_musculus
,ENSMUSG00000052909,1,23,10,34,Gm9894,mus_musculus
,ENSMUSG00000055341,1,23,19,43,Zfp457,mus_musculus
,ENSMUSG00000055480,1,23,24,25,Zfp458,mus_musculus
,ENSMUSG00000055560,1,23,5,24,Zfp459,mus_musculus
,ENSMUSG00000057842,3,23,60,86,Zfp595,mus_musculus
,ENSMUSG00000058331,2,23,30,55,Zfp85,mus_musculus
,ENSMUSG00000058883,2,23,34,59,Zfp708,mus_musculus
,ENSMUSG00000058900,1,23,13,37,Rsl1,mus_musculus
,ENSMUSG00000059839,1,23,13,37,Zfp874b,mus_musculus
,ENSMUSG00000069184,1,23,15,39,Zfp72,mus_musculus
,ENSMUSG00000069206,2,23,13,38,Zfp874a,mus_musculus
,ENSMUSG00000071281,3,23,32,58,Zfp65,mus_musculus
,ENSMUSG00000071291,4,23,43,70,Zfp58,mus_musculus
,ENSMUSG00000074824,1,23,11,35,Rslcan18,mus_musculus
,ENSMUSG00000078994,2,23,14,39,Zfp429,mus_musculus
,ENSMUSG00000078995,2,23,13,38,Zfp456,mus_musculus
,ENSMUSG00000090659,2,23,13,38,Zfp493,mus_musculus
,ENSMUSG00000097333,3,23,19,45,Zfp87,mus_musculus
,ENSMUSG00000098905,1,23,9,33,Zfp953,mus_musculus
,ENSMUSG00000100235,1,23,17,41,Gm28557,mus_musculus
1313,ENSG00000196724,9,34,88,131,ZNF418,homo_sapiens
1314,ENSG00000196757,3,38,66,107,ZNF700,homo_sapiens
,WBGene00021931,1,1,11,13,Y55F3AM.14,caenorhabditis_elegans
1315,ENSG00000196767,1,16,2,19,POU3F4,homo_sapiens
,ENSMUSG00000056854,1,15,2,18,Pou3f4,mus_musculus
,ENSXETG00000014504,1,16,2,19,pou3f4,xenopus_tropicalis
,FBgn0086680,5,5,10,20,vvl,drosophila_melanogaster
,WBGene00000431,1,3,2,6,ceh-6,caenorhabditis_elegans
1316,ENSG00000196793,4,22,36,62,ZNF239,homo_sapiens
,ENSMUSG00000042097,2,11,14,27,Zfp239,mus_musculus
,FBgn0030005,1,1,6,8,CG2120,drosophila_melanogaster
1317,ENSG00000196812,1,21,5,27,ZSCAN16,homo_sapiens
1318,ENSG00000196826,1,38,20,59,CTD-2192J16.17,homo_sapiens
,ENSMUSG00000074472,2,97,28,127,Zfp872,mus_musculus
,WBGene00021931,1,1,11,13,Y55F3AM.14,caenorhabditis_elegans
1319,ENSG00000196843,2,2,1,6,ARID5A,homo_sapiens
,ENSMUSG00000037447,7,2,5,14,Arid5a,mus_musculus
1320,ENSG00000196867,2,20,19,41,ZFP28,homo_sapiens
,ENSXETG00000023927,1,16,19,36,0,xenopus_tropicalis
,ENSXETG00000025844,1,16,26,27,0,xenopus_tropicalis
,FBgn0020309,9,1,138,148,crol,drosophila_melanogaster
1321,ENSG00000196946,5,5,17,27,ZNF705A,homo_sapiens
1322,ENSG00000196967,4,20,72,96,ZNF585A,homo_sapiens
,ENSXETG00000023927,1,16,19,36,0,xenopus_tropicalis
,ENSXETG00000025844,1,16,26,27,0,xenopus_tropicalis
,FBgn0020309,9,1,138,148,crol,drosophila_melanogaster
1323,ENSG00000197008,6,49,24,79,ZNF138,homo_sapiens
,ENSMUSG00000030446,2,23,32,57,Zfp273,mus_musculus
,ENSMUSG00000048280,5,23,31,59,Zfp738,mus_musculus
,ENSMUSG00000051037,2,23,25,50,Zfp455,mus_musculus
,ENSMUSG00000052909,1,23,10,34,Gm9894,mus_musculus
,ENSMUSG00000055341,1,23,19,43,Zfp457,mus_musculus
,ENSMUSG00000055480,1,23,24,25,Zfp458,mus_musculus
,ENSMUSG00000055560,1,23,5,24,Zfp459,mus_musculus
,ENSMUSG00000057842,3,23,60,86,Zfp595,mus_musculus
,ENSMUSG00000058331,2,23,30,55,Zfp85,mus_musculus
,ENSMUSG00000058883,2,23,34,59,Zfp708,mus_musculus
,ENSMUSG00000058900,1,23,13,37,Rsl1,mus_musculus
,ENSMUSG00000059839,1,23,13,37,Zfp874b,mus_musculus
,ENSMUSG00000069184,1,23,15,39,Zfp72,mus_musculus
,ENSMUSG00000069206,2,23,13,38,Zfp874a,mus_musculus
,ENSMUSG00000071281,3,23,32,58,Zfp65,mus_musculus
,ENSMUSG00000071291,4,23,43,70,Zfp58,mus_musculus
,ENSMUSG00000074824,1,23,11,35,Rslcan18,mus_musculus
,ENSMUSG00000078994,2,23,14,39,Zfp429,mus_musculus
,ENSMUSG00000078995,2,23,13,38,Zfp456,mus_musculus
,ENSMUSG00000090659,2,23,13,38,Zfp493,mus_musculus
,ENSMUSG00000097333,3,23,19,45,Zfp87,mus_musculus
,ENSMUSG00000098905,1,23,9,33,Zfp953,mus_musculus
,ENSMUSG00000100235,1,23,17,41,Gm28557,mus_musculus
1324,ENSG00000197013,4,49,35,88,ZNF429,homo_sapiens
,ENSMUSG00000030446,2,23,32,57,Zfp273,mus_musculus
,ENSMUSG00000048280,5,23,31,59,Zfp738,mus_musculus
,ENSMUSG00000051037,2,23,25,50,Zfp455,mus_musculus
,ENSMUSG00000052909,1,23,10,34,Gm9894,mus_musculus
,ENSMUSG00000055341,1,23,19,43,Zfp457,mus_musculus
,ENSMUSG00000055480,1,23,24,25,Zfp458,mus_musculus
,ENSMUSG00000055560,1,23,5,24,Zfp459,mus_musculus
,ENSMUSG00000057842,3,23,60,86,Zfp595,mus_musculus
,ENSMUSG00000058331,2,23,30,55,Zfp85,mus_musculus
,ENSMUSG00000058883,2,23,34,59,Zfp708,mus_musculus
,ENSMUSG00000058900,1,23,13,37,Rsl1,mus_musculus
,ENSMUSG00000059839,1,23,13,37,Zfp874b,mus_musculus
,ENSMUSG00000069184,1,23,15,39,Zfp72,mus_musculus
,ENSMUSG00000069206,2,23,13,38,Zfp874a,mus_musculus
,ENSMUSG00000071281,3,23,32,58,Zfp65,mus_musculus
,ENSMUSG00000071291,4,23,43,70,Zfp58,mus_musculus
,ENSMUSG00000074824,1,23,11,35,Rslcan18,mus_musculus
,ENSMUSG00000078994,2,23,14,39,Zfp429,mus_musculus
,ENSMUSG00000078995,2,23,13,38,Zfp456,mus_musculus
,ENSMUSG00000090659,2,23,13,38,Zfp493,mus_musculus
,ENSMUSG00000097333,3,23,19,45,Zfp87,mus_musculus
,ENSMUSG00000098905,1,23,9,33,Zfp953,mus_musculus
,ENSMUSG00000100235,1,23,17,41,Gm28557,mus_musculus
1325,ENSG00000197016,4,20,38,62,ZNF470,homo_sapiens
,ENSXETG00000023927,1,16,19,36,0,xenopus_tropicalis
,ENSXETG00000025844,1,16,26,27,0,xenopus_tropicalis
,FBgn0020309,9,1,138,148,crol,drosophila_melanogaster
1326,ENSG00000197020,5,49,42,96,ZNF100,homo_sapiens
,ENSMUSG00000030446,2,23,32,57,Zfp273,mus_musculus
,ENSMUSG00000048280,5,23,31,59,Zfp738,mus_musculus
,ENSMUSG00000051037,2,23,25,50,Zfp455,mus_musculus
,ENSMUSG00000052909,1,23,10,34,Gm9894,mus_musculus
,ENSMUSG00000055341,1,23,19,43,Zfp457,mus_musculus
,ENSMUSG00000055480,1,23,24,25,Zfp458,mus_musculus
,ENSMUSG00000055560,1,23,5,24,Zfp459,mus_musculus
,ENSMUSG00000057842,3,23,60,86,Zfp595,mus_musculus
,ENSMUSG00000058331,2,23,30,55,Zfp85,mus_musculus
,ENSMUSG00000058883,2,23,34,59,Zfp708,mus_musculus
,ENSMUSG00000058900,1,23,13,37,Rsl1,mus_musculus
,ENSMUSG00000059839,1,23,13,37,Zfp874b,mus_musculus
,ENSMUSG00000069184,1,23,15,39,Zfp72,mus_musculus
,ENSMUSG00000069206,2,23,13,38,Zfp874a,mus_musculus
,ENSMUSG00000071281,3,23,32,58,Zfp65,mus_musculus
,ENSMUSG00000071291,4,23,43,70,Zfp58,mus_musculus
,ENSMUSG00000074824,1,23,11,35,Rslcan18,mus_musculus
,ENSMUSG00000078994,2,23,14,39,Zfp429,mus_musculus
,ENSMUSG00000078995,2,23,13,38,Zfp456,mus_musculus
,ENSMUSG00000090659,2,23,13,38,Zfp493,mus_musculus
,ENSMUSG00000097333,3,23,19,45,Zfp87,mus_musculus
,ENSMUSG00000098905,1,23,9,33,Zfp953,mus_musculus
,ENSMUSG00000100235,1,23,17,41,Gm28557,mus_musculus
1327,ENSG00000197024,4,6,33,43,ZNF398,homo_sapiens
,ENSMUSG00000062519,2,6,16,24,Zfp398,mus_musculus
1328,ENSG00000197037,4,8,25,37,ZSCAN25,homo_sapiens
,ENSMUSG00000070420,2,7,9,18,Zscan25,mus_musculus
,ENSXETG00000021690,1,1,1,3,0,xenopus_tropicalis
1329,ENSG00000197044,1,38,20,59,ZNF441,homo_sapiens
,WBGene00021931,1,1,11,13,Y55F3AM.14,caenorhabditis_elegans
1330,ENSG00000197050,6,20,40,66,ZNF420,homo_sapiens
,ENSXETG00000023927,1,16,19,36,0,xenopus_tropicalis
,ENSXETG00000025844,1,16,26,27,0,xenopus_tropicalis
,FBgn0020309,9,1,138,148,crol,drosophila_melanogaster
1331,ENSG00000197054,5,38,22,65,ZNF763,homo_sapiens
,WBGene00021931,1,1,11,13,Y55F3AM.14,caenorhabditis_elegans
1332,ENSG00000197063,3,7,3,13,MAFG,homo_sapiens
,ENSMUSG00000051510,4,7,3,15,Mafg,mus_musculus
,ENSXETG00000005386,1,7,1,9,mafg,xenopus_tropicalis
,FBgn0034534,2,2,2,6,maf-S,drosophila_melanogaster
1333,ENSG00000197123,2,49,20,71,ZNF679,homo_sapiens
,ENSMUSG00000030446,2,23,32,57,Zfp273,mus_musculus
,ENSMUSG00000048280,5,23,31,59,Zfp738,mus_musculus
,ENSMUSG00000051037,2,23,25,50,Zfp455,mus_musculus
,ENSMUSG00000052909,1,23,10,34,Gm9894,mus_musculus
,ENSMUSG00000055341,1,23,19,43,Zfp457,mus_musculus
,ENSMUSG00000055480,1,23,24,25,Zfp458,mus_musculus
,ENSMUSG00000055560,1,23,5,24,Zfp459,mus_musculus
,ENSMUSG00000057842,3,23,60,86,Zfp595,mus_musculus
,ENSMUSG00000058331,2,23,30,55,Zfp85,mus_musculus
,ENSMUSG00000058883,2,23,34,59,Zfp708,mus_musculus
,ENSMUSG00000058900,1,23,13,37,Rsl1,mus_musculus
,ENSMUSG00000059839,1,23,13,37,Zfp874b,mus_musculus
,ENSMUSG00000069184,1,23,15,39,Zfp72,mus_musculus
,ENSMUSG00000069206,2,23,13,38,Zfp874a,mus_musculus
,ENSMUSG00000071281,3,23,32,58,Zfp65,mus_musculus
,ENSMUSG00000071291,4,23,43,70,Zfp58,mus_musculus
,ENSMUSG00000074824,1,23,11,35,Rslcan18,mus_musculus
,ENSMUSG00000078994,2,23,14,39,Zfp429,mus_musculus
,ENSMUSG00000078995,2,23,13,38,Zfp456,mus_musculus
,ENSMUSG00000090659,2,23,13,38,Zfp493,mus_musculus
,ENSMUSG00000097333,3,23,19,45,Zfp87,mus_musculus
,ENSMUSG00000098905,1,23,9,33,Zfp953,mus_musculus
,ENSMUSG00000100235,1,23,17,41,Gm28557,mus_musculus
1334,ENSG00000197124,10,49,63,122,ZNF682,homo_sapiens
,ENSMUSG00000030446,2,23,32,57,Zfp273,mus_musculus
,ENSMUSG00000048280,5,23,31,59,Zfp738,mus_musculus
,ENSMUSG00000051037,2,23,25,50,Zfp455,mus_musculus
,ENSMUSG00000052909,1,23,10,34,Gm9894,mus_musculus
,ENSMUSG00000055341,1,23,19,43,Zfp457,mus_musculus
,ENSMUSG00000055480,1,23,24,25,Zfp458,mus_musculus
,ENSMUSG00000055560,1,23,5,24,Zfp459,mus_musculus
,ENSMUSG00000057842,3,23,60,86,Zfp595,mus_musculus
,ENSMUSG00000058331,2,23,30,55,Zfp85,mus_musculus
,ENSMUSG00000058883,2,23,34,59,Zfp708,mus_musculus
,ENSMUSG00000058900,1,23,13,37,Rsl1,mus_musculus
,ENSMUSG00000059839,1,23,13,37,Zfp874b,mus_musculus
,ENSMUSG00000069184,1,23,15,39,Zfp72,mus_musculus
,ENSMUSG00000069206,2,23,13,38,Zfp874a,mus_musculus
,ENSMUSG00000071281,3,23,32,58,Zfp65,mus_musculus
,ENSMUSG00000071291,4,23,43,70,Zfp58,mus_musculus
,ENSMUSG00000074824,1,23,11,35,Rslcan18,mus_musculus
,ENSMUSG00000078994,2,23,14,39,Zfp429,mus_musculus
,ENSMUSG00000078995,2,23,13,38,Zfp456,mus_musculus
,ENSMUSG00000090659,2,23,13,38,Zfp493,mus_musculus
,ENSMUSG00000097333,3,23,19,45,Zfp87,mus_musculus
,ENSMUSG00000098905,1,23,9,33,Zfp953,mus_musculus
,ENSMUSG00000100235,1,23,17,41,Gm28557,mus_musculus
1335,ENSG00000197128,8,34,50,92,ZNF772,homo_sapiens
1336,ENSG00000197134,4,49,17,70,ZNF257,homo_sapiens
,ENSMUSG00000030446,2,23,32,57,Zfp273,mus_musculus
,ENSMUSG00000048280,5,23,31,59,Zfp738,mus_musculus
,ENSMUSG00000051037,2,23,25,50,Zfp455,mus_musculus
,ENSMUSG00000052909,1,23,10,34,Gm9894,mus_musculus
,ENSMUSG00000055341,1,23,19,43,Zfp457,mus_musculus
,ENSMUSG00000055480,1,23,24,25,Zfp458,mus_musculus
,ENSMUSG00000055560,1,23,5,24,Zfp459,mus_musculus
,ENSMUSG00000057842,3,23,60,86,Zfp595,mus_musculus
,ENSMUSG00000058331,2,23,30,55,Zfp85,mus_musculus
,ENSMUSG00000058883,2,23,34,59,Zfp708,mus_musculus
,ENSMUSG00000058900,1,23,13,37,Rsl1,mus_musculus
,ENSMUSG00000059839,1,23,13,37,Zfp874b,mus_musculus
,ENSMUSG00000069184,1,23,15,39,Zfp72,mus_musculus
,ENSMUSG00000069206,2,23,13,38,Zfp874a,mus_musculus
,ENSMUSG00000071281,3,23,32,58,Zfp65,mus_musculus
,ENSMUSG00000071291,4,23,43,70,Zfp58,mus_musculus
,ENSMUSG00000074824,1,23,11,35,Rslcan18,mus_musculus
,ENSMUSG00000078994,2,23,14,39,Zfp429,mus_musculus
,ENSMUSG00000078995,2,23,13,38,Zfp456,mus_musculus
,ENSMUSG00000090659,2,23,13,38,Zfp493,mus_musculus
,ENSMUSG00000097333,3,23,19,45,Zfp87,mus_musculus
,ENSMUSG00000098905,1,23,9,33,Zfp953,mus_musculus
,ENSMUSG00000100235,1,23,17,41,Gm28557,mus_musculus
1337,ENSG00000197162,3,7,17,27,ZNF785,homo_sapiens
1338,ENSG00000197213,4,3,14,21,ZSCAN5B,homo_sapiens
,ENSMUSG00000058028,3,1,13,17,Zscan5b,mus_musculus
1339,ENSG00000197279,1,21,7,29,ZNF165,homo_sapiens
1340,ENSG00000197302,6,4,3,13,ZNF720,homo_sapiens
,ENSMUSG00000033883,3,1,33,37,D3Ertd254e,mus_musculus
1341,ENSG00000197343,15,2,25,42,ZNF655,homo_sapiens
,ENSMUSG00000007812,6,1,8,15,Zfp655,mus_musculus
1342,ENSG00000197360,4,49,17,69,ZNF98,homo_sapiens
,ENSMUSG00000030446,2,23,32,57,Zfp273,mus_musculus
,ENSMUSG00000048280,5,23,31,59,Zfp738,mus_musculus
,ENSMUSG00000051037,2,23,25,50,Zfp455,mus_musculus
,ENSMUSG00000052909,1,23,10,34,Gm9894,mus_musculus
,ENSMUSG00000055341,1,23,19,43,Zfp457,mus_musculus
,ENSMUSG00000055480,1,23,24,25,Zfp458,mus_musculus
,ENSMUSG00000055560,1,23,5,24,Zfp459,mus_musculus
,ENSMUSG00000057842,3,23,60,86,Zfp595,mus_musculus
,ENSMUSG00000058331,2,23,30,55,Zfp85,mus_musculus
,ENSMUSG00000058883,2,23,34,59,Zfp708,mus_musculus
,ENSMUSG00000058900,1,23,13,37,Rsl1,mus_musculus
,ENSMUSG00000059839,1,23,13,37,Zfp874b,mus_musculus
,ENSMUSG00000069184,1,23,15,39,Zfp72,mus_musculus
,ENSMUSG00000069206,2,23,13,38,Zfp874a,mus_musculus
,ENSMUSG00000071281,3,23,32,58,Zfp65,mus_musculus
,ENSMUSG00000071291,4,23,43,70,Zfp58,mus_musculus
,ENSMUSG00000074824,1,23,11,35,Rslcan18,mus_musculus
,ENSMUSG00000078994,2,23,14,39,Zfp429,mus_musculus
,ENSMUSG00000078995,2,23,13,38,Zfp456,mus_musculus
,ENSMUSG00000090659,2,23,13,38,Zfp493,mus_musculus
,ENSMUSG00000097333,3,23,19,45,Zfp87,mus_musculus
,ENSMUSG00000098905,1,23,9,33,Zfp953,mus_musculus
,ENSMUSG00000100235,1,23,17,41,Gm28557,mus_musculus
1343,ENSG00000197362,3,2,34,39,ZNF786,homo_sapiens
,ENSMUSG00000051499,1,1,14,16,Zfp786,mus_musculus
,ENSXETG00000030535,1,2,29,32,0,xenopus_tropicalis
,ENSXETG00000032531,1,2,41,44,0,xenopus_tropicalis
1344,ENSG00000197363,5,1,34,40,ZNF517,homo_sapiens
1345,ENSG00000197372,7,49,20,76,ZNF675,homo_sapiens
,ENSMUSG00000030446,2,23,32,57,Zfp273,mus_musculus
,ENSMUSG00000048280,5,23,31,59,Zfp738,mus_musculus
,ENSMUSG00000051037,2,23,25,50,Zfp455,mus_musculus
,ENSMUSG00000052909,1,23,10,34,Gm9894,mus_musculus
,ENSMUSG00000055341,1,23,19,43,Zfp457,mus_musculus
,ENSMUSG00000055480,1,23,24,25,Zfp458,mus_musculus
,ENSMUSG00000055560,1,23,5,24,Zfp459,mus_musculus
,ENSMUSG00000057842,3,23,60,86,Zfp595,mus_musculus
,ENSMUSG00000058331,2,23,30,55,Zfp85,mus_musculus
,ENSMUSG00000058883,2,23,34,59,Zfp708,mus_musculus
,ENSMUSG00000058900,1,23,13,37,Rsl1,mus_musculus
,ENSMUSG00000059839,1,23,13,37,Zfp874b,mus_musculus
,ENSMUSG00000069184,1,23,15,39,Zfp72,mus_musculus
,ENSMUSG00000069206,2,23,13,38,Zfp874a,mus_musculus
,ENSMUSG00000071281,3,23,32,58,Zfp65,mus_musculus
,ENSMUSG00000071291,4,23,43,70,Zfp58,mus_musculus
,ENSMUSG00000074824,1,23,11,35,Rslcan18,mus_musculus
,ENSMUSG00000078994,2,23,14,39,Zfp429,mus_musculus
,ENSMUSG00000078995,2,23,13,38,Zfp456,mus_musculus
,ENSMUSG00000090659,2,23,13,38,Zfp493,mus_musculus
,ENSMUSG00000097333,3,23,19,45,Zfp87,mus_musculus
,ENSMUSG00000098905,1,23,9,33,Zfp953,mus_musculus
,ENSMUSG00000100235,1,23,17,41,Gm28557,mus_musculus
1346,ENSG00000197385,1,26,15,42,ZNF860,homo_sapiens
1347,ENSG00000197472,2,49,15,66,ZNF695,homo_sapiens
,ENSMUSG00000030446,2,23,32,57,Zfp273,mus_musculus
,ENSMUSG00000048280,5,23,31,59,Zfp738,mus_musculus
,ENSMUSG00000051037,2,23,25,50,Zfp455,mus_musculus
,ENSMUSG00000052909,1,23,10,34,Gm9894,mus_musculus
,ENSMUSG00000055341,1,23,19,43,Zfp457,mus_musculus
,ENSMUSG00000055480,1,23,24,25,Zfp458,mus_musculus
,ENSMUSG00000055560,1,23,5,24,Zfp459,mus_musculus
,ENSMUSG00000057842,3,23,60,86,Zfp595,mus_musculus
,ENSMUSG00000058331,2,23,30,55,Zfp85,mus_musculus
,ENSMUSG00000058883,2,23,34,59,Zfp708,mus_musculus
,ENSMUSG00000058900,1,23,13,37,Rsl1,mus_musculus
,ENSMUSG00000059839,1,23,13,37,Zfp874b,mus_musculus
,ENSMUSG00000069184,1,23,15,39,Zfp72,mus_musculus
,ENSMUSG00000069206,2,23,13,38,Zfp874a,mus_musculus
,ENSMUSG00000071281,3,23,32,58,Zfp65,mus_musculus
,ENSMUSG00000071291,4,23,43,70,Zfp58,mus_musculus
,ENSMUSG00000074824,1,23,11,35,Rslcan18,mus_musculus
,ENSMUSG00000078994,2,23,14,39,Zfp429,mus_musculus
,ENSMUSG00000078995,2,23,13,38,Zfp456,mus_musculus
,ENSMUSG00000090659,2,23,13,38,Zfp493,mus_musculus
,ENSMUSG00000097333,3,23,19,45,Zfp87,mus_musculus
,ENSMUSG00000098905,1,23,9,33,Zfp953,mus_musculus
,ENSMUSG00000100235,1,23,17,41,Gm28557,mus_musculus
1348,ENSG00000197483,3,2,36,41,ZNF628,homo_sapiens
,ENSMUSG00000074406,1,2,16,19,Zfp628,mus_musculus
1349,ENSG00000197497,2,26,37,65,ZNF665,homo_sapiens
,ENSMUSG00000100617,1,2,10,13,Gm7145,mus_musculus
,ENSMUSG00000101303,1,2,13,16,B020011L13Rik,mus_musculus
1350,ENSG00000197566,3,16,24,43,ZNF624,homo_sapiens
1351,ENSG00000197576,4,16,4,24,HOXA4,homo_sapiens
,ENSMUSG00000000942,1,15,1,17,Hoxa4,mus_musculus
,ENSXETG00000027534,1,14,1,16,hoxa4,xenopus_tropicalis
,FBgn0000439,1,6,1,8,Dfd,drosophila_melanogaster
,WBGene00003024,2,1,2,5,lin-39,caenorhabditis_elegans
1352,ENSG00000197587,2,13,4,19,DMBX1,homo_sapiens
,ENSMUSG00000028707,3,13,6,22,Dmbx1,mus_musculus
,ENSXETG00000004360,1,14,2,17,dmbx1,xenopus_tropicalis
,WBGene00015651,1,8,1,10,ceh-53,caenorhabditis_elegans
1353,ENSG00000197608,5,16,84,105,ZNF841,homo_sapiens
1354,ENSG00000197619,11,8,143,161,ZNF615,homo_sapiens
1355,ENSG00000197647,9,38,46,93,ZNF433,homo_sapiens
,WBGene00021931,1,1,11,13,Y55F3AM.14,caenorhabditis_elegans
1356,ENSG00000197714,0,7,23,33,ZNF460,homo_sapiens
1357,ENSG00000197757,4,16,2,22,HOXC6,homo_sapiens
,ENSMUSG00000001661,1,15,1,17,Hoxc6,mus_musculus
,ENSXETG00000023479,1,14,1,16,hoxc6,xenopus_tropicalis
,FBgn0001077,1,6,1,8,ftz,drosophila_melanogaster
1358,ENSG00000197779,4,2,30,36,ZNF81,homo_sapiens
1359,ENSG00000197782,8,20,93,121,ZNF780A,homo_sapiens
,ENSXETG00000023927,1,16,19,36,0,xenopus_tropicalis
,ENSXETG00000025844,1,16,26,27,0,xenopus_tropicalis
,FBgn0020309,9,1,138,148,crol,drosophila_melanogaster
1360,ENSG00000197808,6,22,50,78,ZNF461,homo_sapiens
1361,ENSG00000197841,6,22,39,67,ZNF181,homo_sapiens
1362,ENSG00000197857,2,38,36,76,ZNF44,homo_sapiens
,WBGene00021931,1,1,11,13,Y55F3AM.14,caenorhabditis_elegans
1363,ENSG00000197863,8,22,60,90,ZNF790,homo_sapiens
,ENSMUSG00000074221,5,11,53,69,Zfp568,mus_musculus
1364,ENSG00000197905,7,4,5,16,TEAD4,homo_sapiens
,ENSMUSG00000030353,5,5,3,13,Tead4,mus_musculus
,FBgn0003345,21,1,21,43,sd,drosophila_melanogaster
,WBGene00001208,5,1,5,11,egl-44,caenorhabditis_elegans
1365,ENSG00000197921,1,5,2,8,HES5,homo_sapiens
,ENSMUSG00000048001,1,4,2,7,Hes5,mus_musculus
,ENSXETG00000012081,2,13,4,19,hes5.1,xenopus_tropicalis
1366,ENSG00000197928,8,26,28,62,ZNF677,homo_sapiens
1367,ENSG00000197933,4,38,33,75,ZNF823,homo_sapiens
,WBGene00021931,1,1,11,13,Y55F3AM.14,caenorhabditis_elegans
1368,ENSG00000197935,1,3,15,19,ZNF311,homo_sapiens
1369,ENSG00000197937,7,20,65,71,ZNF347,homo_sapiens
,ENSMUSG00000067942,1,7,19,27,Zfp160,mus_musculus
,ENSXETG00000023927,1,16,19,36,0,xenopus_tropicalis
,ENSXETG00000025844,1,16,26,27,0,xenopus_tropicalis
,FBgn0020309,9,1,138,148,crol,drosophila_melanogaster
1370,ENSG00000197951,2,17,13,32,ZNF71,homo_sapiens
,ENSXETG00000015106,1,2,14,17,0,xenopus_tropicalis
,ENSXETG00000031460,1,2,15,18,0,xenopus_tropicalis
1371,ENSG00000197961,3,10,21,34,ZNF121,homo_sapiens
1372,ENSG00000198026,1,1,13,15,ZNF335,homo_sapiens
,ENSMUSG00000039834,1,1,13,15,Zfp335,mus_musculus
,ENSXETG00000031992,1,1,11,13,ZNF335,xenopus_tropicalis
,FBgn0037031,3,2,5,10,CG11456,drosophila_melanogaster
1373,ENSG00000198028,1,10,16,27,ZNF560,homo_sapiens
1374,ENSG00000198039,1,49,14,64,ZNF273,homo_sapiens
,ENSMUSG00000030446,2,23,32,57,Zfp273,mus_musculus
,ENSMUSG00000048280,5,23,31,59,Zfp738,mus_musculus
,ENSMUSG00000051037,2,23,25,50,Zfp455,mus_musculus
,ENSMUSG00000052909,1,23,10,34,Gm9894,mus_musculus
,ENSMUSG00000055341,1,23,19,43,Zfp457,mus_musculus
,ENSMUSG00000055480,1,23,24,25,Zfp458,mus_musculus
,ENSMUSG00000055560,1,23,5,24,Zfp459,mus_musculus
,ENSMUSG00000057842,3,23,60,86,Zfp595,mus_musculus
,ENSMUSG00000058331,2,23,30,55,Zfp85,mus_musculus
,ENSMUSG00000058883,2,23,34,59,Zfp708,mus_musculus
,ENSMUSG00000058900,1,23,13,37,Rsl1,mus_musculus
,ENSMUSG00000059839,1,23,13,37,Zfp874b,mus_musculus
,ENSMUSG00000069184,1,23,15,39,Zfp72,mus_musculus
,ENSMUSG00000069206,2,23,13,38,Zfp874a,mus_musculus
,ENSMUSG00000071281,3,23,32,58,Zfp65,mus_musculus
,ENSMUSG00000071291,4,23,43,70,Zfp58,mus_musculus
,ENSMUSG00000074824,1,23,11,35,Rslcan18,mus_musculus
,ENSMUSG00000078994,2,23,14,39,Zfp429,mus_musculus
,ENSMUSG00000078995,2,23,13,38,Zfp456,mus_musculus
,ENSMUSG00000090659,2,23,13,38,Zfp493,mus_musculus
,ENSMUSG00000097333,3,23,19,45,Zfp87,mus_musculus
,ENSMUSG00000098905,1,23,9,33,Zfp953,mus_musculus
,ENSMUSG00000100235,1,23,17,41,Gm28557,mus_musculus
1375,ENSG00000198040,11,25,87,123,ZNF84,homo_sapiens
,FBgn0266450,2,1,16,18,Kr-h1,drosophila_melanogaster
1376,ENSG00000198046,6,2,47,55,ZNF667,homo_sapiens
,ENSMUSG00000054893,4,1,46,51,Zfp667,mus_musculus
1377,ENSG00000198081,7,5,27,39,ZBTB14,homo_sapiens
,ENSMUSG00000049672,3,5,18,26,Zbtb14,mus_musculus
,ENSXETG00000002279,1,3,6,10,zbtb14,xenopus_tropicalis
1378,ENSG00000198093,5,8,24,37,ZNF649,homo_sapiens
1379,ENSG00000198105,7,25,23,55,ZNF248,homo_sapiens
,ENSMUSG00000030145,3,21,15,39,Zfp248,mus_musculus
,FBgn0266450,2,1,16,18,Kr-h1,drosophila_melanogaster
1380,ENSG00000198131,12,5,76,93,ZNF544,homo_sapiens
,ENSXETG00000027163,1,1,7,9,znf383,xenopus_tropicalis
1381,ENSG00000198146,2,1,14,17,ZNF770,homo_sapiens
,ENSMUSG00000040321,1,1,11,13,Zfp770,mus_musculus
,ENSXETG00000012900,2,1,22,25,znf770,xenopus_tropicalis
1382,ENSG00000198160,9,3,16,28,MIER1,homo_sapiens
,ENSMUSG00000028522,7,3,11,21,Mier1,mus_musculus
,ENSXETG00000012401,1,3,1,5,mier1,xenopus_tropicalis
,WBGene00017352,1,2,1,4,F10E7.11,caenorhabditis_elegans
,WBGene00020320,1,2,1,3,T07F8.4,caenorhabditis_elegans
1383,ENSG00000198169,2,13,15,30,ZNF251,homo_sapiens
,ENSMUSG00000022526,1,10,13,24,Zfp251,mus_musculus
,ENSXETG00000016786,1,2,12,15,znf180,xenopus_tropicalis
1384,ENSG00000198176,3,3,0,6,TFDP1,homo_sapiens
,ENSMUSG00000038482,1,2,0,3,Tfdp1,mus_musculus
,ENSXETG00000017776,1,2,2,5,tfdp1,xenopus_tropicalis
,FBgn0011763,3,1,0,1,Dp,drosophila_melanogaster
,WBGene00001061,1,1,0,2,dpl-1,caenorhabditis_elegans
1385,ENSG00000198182,4,20,46,70,ZNF607,homo_sapiens
,ENSXETG00000023927,1,16,19,36,0,xenopus_tropicalis
,ENSXETG00000025844,1,16,26,27,0,xenopus_tropicalis
,FBgn0020309,9,1,138,148,crol,drosophila_melanogaster
1386,ENSG00000198185,6,25,75,106,ZNF334,homo_sapiens
,ENSMUSG00000017667,1,21,15,37,Zfp334,mus_musculus
,FBgn0266450,2,1,16,18,Kr-h1,drosophila_melanogaster
1387,ENSG00000198205,1,4,9,14,ZXDA,homo_sapiens
,ENSMUSG00000073062,1,3,11,15,Zxdb,mus_musculus
,ENSXETG00000011547,1,3,9,13,zxdc,xenopus_tropicalis
,FBgn0030787,1,1,7,9,CG9609,drosophila_melanogaster
1388,ENSG00000198298,3,13,25,41,ZNF485,homo_sapiens
,ENSXETG00000016786,1,2,12,15,znf180,xenopus_tropicalis
1389,ENSG00000198300,7,1,65,73,PEG3,homo_sapiens
,ENSMUSG00000002265,1,1,12,14,Peg3,mus_musculus
1390,ENSG00000198315,2,21,22,45,ZKSCAN8,homo_sapiens
,ENSMUSG00000063894,3,14,13,30,Zkscan8,mus_musculus
1391,ENSG00000198342,4,38,51,93,ZNF442,homo_sapiens
,WBGene00021931,1,1,11,13,Y55F3AM.14,caenorhabditis_elegans
1392,ENSG00000198346,3,26,16,45,ZNF813,homo_sapiens
,ENSMUSG00000100617,1,2,10,13,Gm7145,mus_musculus
,ENSMUSG00000101303,1,2,13,16,B020011L13Rik,mus_musculus
1393,ENSG00000198353,2,16,2,20,HOXC4,homo_sapiens
,ENSMUSG00000075394,2,15,1,18,Hoxc4,mus_musculus
,ENSXETG00000023484,1,14,1,16,hoxc4,xenopus_tropicalis
,FBgn0000439,1,6,1,8,Dfd,drosophila_melanogaster
,WBGene00003024,2,1,2,5,lin-39,caenorhabditis_elegans
1394,ENSG00000198393,4,25,30,59,ZNF26,homo_sapiens
,FBgn0266450,2,1,16,18,Kr-h1,drosophila_melanogaster
1395,ENSG00000198429,3,4,17,24,ZNF69,homo_sapiens
,ENSMUSG00000063364,1,11,1,13,3300002I08Rik,mus_musculus
,ENSMUSG00000071302,6,11,18,35,2610044O15Rik8,mus_musculus
,ENSMUSG00000072066,2,11,2,15,6720489N17Rik,mus_musculus
,ENSMUSG00000073158,1,11,1,13,9030624G23Rik,mus_musculus
,ENSMUSG00000073184,1,11,1,13,Gm10479,mus_musculus
,ENSMUSG00000074521,2,11,2,15,Gm14327,mus_musculus
,ENSMUSG00000074832,3,11,17,31,2410141K09Rik,mus_musculus
,ENSMUSG00000078877,3,11,30,44,Gm14295,mus_musculus
,ENSMUSG00000080717,2,11,2,15,B230307C23Rik,mus_musculus
,ENSMUSG00000091388,1,11,1,13,Gm17576,mus_musculus
,ENSMUSG00000095315,1,11,1,13,Gm10130,mus_musculus
1396,ENSG00000198440,4,22,28,54,ZNF583,homo_sapiens
,ENSMUSG00000030443,4,11,40,55,Zfp583,mus_musculus
1397,ENSG00000198453,15,25,105,161,ZNF568,homo_sapiens
,FBgn0266450,2,1,16,18,Kr-h1,drosophila_melanogaster
1398,ENSG00000198455,1,4,9,14,ZXDB,homo_sapiens
,ENSMUSG00000073062,1,3,11,15,Zxdb,mus_musculus
,ENSXETG00000011547,1,3,9,13,zxdc,xenopus_tropicalis
,FBgn0030787,1,1,7,9,CG9609,drosophila_melanogaster
1399,ENSG00000198464,5,26,39,70,ZNF480,homo_sapiens
1400,ENSG00000198466,3,34,41,78,ZNF587,homo_sapiens
1401,ENSG00000198482,6,26,30,62,ZNF808,homo_sapiens
,ENSMUSG00000100617,1,2,10,13,Gm7145,mus_musculus
,ENSMUSG00000101303,1,2,13,16,B020011L13Rik,mus_musculus
1402,ENSG00000198517,2,7,2,11,MAFK,homo_sapiens
,ENSMUSG00000018143,2,7,2,11,Mafk,mus_musculus
,ENSXETG00000018118,1,7,1,9,mafk,xenopus_tropicalis
,FBgn0034534,2,2,2,6,maf-S,drosophila_melanogaster
1403,ENSG00000198521,9,49,117,175,ZNF43,homo_sapiens
,ENSMUSG00000030446,2,23,32,57,Zfp273,mus_musculus
,ENSMUSG00000048280,5,23,31,59,Zfp738,mus_musculus
,ENSMUSG00000051037,2,23,25,50,Zfp455,mus_musculus
,ENSMUSG00000052909,1,23,10,34,Gm9894,mus_musculus
,ENSMUSG00000055341,1,23,19,43,Zfp457,mus_musculus
,ENSMUSG00000055480,1,23,24,25,Zfp458,mus_musculus
,ENSMUSG00000055560,1,23,5,24,Zfp459,mus_musculus
,ENSMUSG00000057842,3,23,60,86,Zfp595,mus_musculus
,ENSMUSG00000058331,2,23,30,55,Zfp85,mus_musculus
,ENSMUSG00000058883,2,23,34,59,Zfp708,mus_musculus
,ENSMUSG00000058900,1,23,13,37,Rsl1,mus_musculus
,ENSMUSG00000059839,1,23,13,37,Zfp874b,mus_musculus
,ENSMUSG00000069184,1,23,15,39,Zfp72,mus_musculus
,ENSMUSG00000069206,2,23,13,38,Zfp874a,mus_musculus
,ENSMUSG00000071281,3,23,32,58,Zfp65,mus_musculus
,ENSMUSG00000071291,4,23,43,70,Zfp58,mus_musculus
,ENSMUSG00000074824,1,23,11,35,Rslcan18,mus_musculus
,ENSMUSG00000078994,2,23,14,39,Zfp429,mus_musculus
,ENSMUSG00000078995,2,23,13,38,Zfp456,mus_musculus
,ENSMUSG00000090659,2,23,13,38,Zfp493,mus_musculus
,ENSMUSG00000097333,3,23,19,45,Zfp87,mus_musculus
,ENSMUSG00000098905,1,23,9,33,Zfp953,mus_musculus
,ENSMUSG00000100235,1,23,17,41,Gm28557,mus_musculus
1404,ENSG00000198538,6,26,52,84,ZNF28,homo_sapiens
,ENSMUSG00000100617,1,2,10,13,Gm7145,mus_musculus
,ENSMUSG00000101303,1,2,13,16,B020011L13Rik,mus_musculus
1405,ENSG00000198551,4,38,13,55,ZNF627,homo_sapiens
,WBGene00021931,1,1,11,13,Y55F3AM.14,caenorhabditis_elegans
1406,ENSG00000198554,3,1,12,16,WDHD1,homo_sapiens
,ENSMUSG00000037572,4,1,19,24,Wdhd1,mus_musculus
,ENSXETG00000012210,1,1,6,8,wdhd1,xenopus_tropicalis
,FBgn0033890,1,1,3,5,Ctf4,drosophila_melanogaster
,WBGene00008921,1,1,0,2,F17C11.10,caenorhabditis_elegans
1407,ENSG00000198556,5,1,13,19,ZNF789,homo_sapiens
1408,ENSG00000198597,4,4,16,20,ZNF536,homo_sapiens
,ENSMUSG00000043456,7,4,33,44,Zfp536,mus_musculus
,ENSXETG00000033671,1,3,8,12,ZNF536,xenopus_tropicalis
1409,ENSG00000198633,5,26,39,70,ZNF534,homo_sapiens
,ENSMUSG00000100617,1,2,10,13,Gm7145,mus_musculus
,ENSMUSG00000101303,1,2,13,16,B020011L13Rik,mus_musculus
1410,ENSG00000198715,5,1,0,6,GLMP,homo_sapiens
,ENSMUSG00000001418,5,1,0,6,Glmp,mus_musculus
,ENSXETG00000034121,1,1,0,2,GLMP,xenopus_tropicalis
1411,ENSG00000198740,2,2,18,22,ZNF652,homo_sapiens
,ENSMUSG00000075595,2,2,18,22,Zfp652,mus_musculus
,ENSXETG00000018641,3,2,22,27,znf652,xenopus_tropicalis
1412,ENSG00000198795,7,2,74,83,ZNF521,homo_sapiens
,ENSMUSG00000024420,1,2,24,27,Zfp521,mus_musculus
,FBgn0014931,2,2,11,15,CG2678,drosophila_melanogaster
,FBgn0261613,2,2,18,22,Oaz,drosophila_melanogaster
1413,ENSG00000198807,3,9,2,14,PAX9,homo_sapiens
,ENSMUSG00000001497,2,9,2,13,Pax9,mus_musculus
,ENSXETG00000002907,1,9,1,11,pax9,xenopus_tropicalis
,FBgn0003129,1,10,1,12,Poxm,drosophila_melanogaster
,WBGene00003937,1,7,1,9,pax-1,caenorhabditis_elegans
1414,ENSG00000198815,9,14,7,30,FOXJ3,homo_sapiens
,ENSMUSG00000032998,7,16,5,28,Foxj3,mus_musculus
,ENSXETG00000013466,2,14,8,24,foxj3,xenopus_tropicalis
1415,ENSG00000198816,3,4,19,26,ZNF358,homo_sapiens
,ENSMUSG00000047264,3,4,18,25,Zfp358,mus_musculus
,FBgn0262636,4,4,24,32,Lin29,drosophila_melanogaster
1416,ENSG00000198846,1,5,1,7,TOX,homo_sapiens
,ENSMUSG00000041272,1,5,1,7,Tox,mus_musculus
,ENSXETG00000020167,1,5,1,7,tox,xenopus_tropicalis
,FBgn0035238,3,6,3,12,CG12104,drosophila_melanogaster
,WBGene00009827,1,4,1,6,hmg-6,caenorhabditis_elegans
1417,ENSG00000198911,3,2,2,7,SREBF2,homo_sapiens
,ENSMUSG00000022463,1,2,1,4,Srebf2,mus_musculus
,ENSXETG00000017449,2,2,4,8,srebf2,xenopus_tropicalis
,FBgn0261283,4,1,4,9,HLH106,drosophila_melanogaster
,WBGene00004735,1,1,1,3,sbp-1,caenorhabditis_elegans
1418,ENSG00000198914,1,16,2,19,POU3F3,homo_sapiens
,ENSMUSG00000045515,1,15,2,18,Pou3f3,mus_musculus
,ENSXETG00000025593,1,16,2,19,pou3f3,xenopus_tropicalis
,FBgn0086680,5,5,10,20,vvl,drosophila_melanogaster
,WBGene00000431,1,3,2,6,ceh-6,caenorhabditis_elegans
1419,ENSG00000198939,5,17,39,61,ZFP2,homo_sapiens
,ENSMUSG00000049321,3,10,39,52,Zfp2,mus_musculus
,ENSXETG00000015106,1,2,14,17,0,xenopus_tropicalis
,ENSXETG00000031460,1,2,15,18,0,xenopus_tropicalis
1420,ENSG00000198963,2,8,2,12,RORB,homo_sapiens
,ENSMUSG00000036192,3,8,2,13,Rorb,mus_musculus
,ENSXETG00000031251,1,10,1,12,RORB,xenopus_tropicalis
,FBgn0000448,7,8,6,21,Hr46,drosophila_melanogaster
,WBGene00003622,6,10,5,21,nhr-23,caenorhabditis_elegans
1421,ENSG00000203326,6,26,22,54,ZNF525,homo_sapiens
1422,ENSG00000203883,1,17,2,20,SOX18,homo_sapiens
,ENSMUSG00000046470,1,16,2,19,Sox18,mus_musculus
,FBgn0005613,1,7,1,9,Sox15,drosophila_melanogaster
1423,ENSG00000203989,1,4,1,6,RHOXF2B,homo_sapiens
1424,ENSG00000204060,2,5,2,9,FOXO6,homo_sapiens
,ENSMUSG00000052135,1,5,1,7,Foxo6,mus_musculus
,ENSXETG00000012944,1,4,1,6,foxo6,xenopus_tropicalis
,FBgn0038197,5,2,5,12,foxo,drosophila_melanogaster
,WBGene00000912,10,3,9,22,daf-16,caenorhabditis_elegans
1425,ENSG00000204103,1,7,1,9,MAFB,homo_sapiens
,ENSMUSG00000074622,1,7,1,9,Mafb,mus_musculus
,ENSXETG00000032746,1,7,1,9,MAFB,xenopus_tropicalis
,FBgn0000964,2,2,0,4,tj,drosophila_melanogaster
,WBGene00077521,1,1,0,2,maf-1,caenorhabditis_elegans
1426,ENSG00000204231,2,12,2,14,RXRB,homo_sapiens
,ENSMUSG00000039656,5,12,5,22,Rxrb,mus_musculus
,ENSXETG00000020416,1,14,1,16,rxrb,xenopus_tropicalis
,FBgn0003964,2,6,2,10,usp,drosophila_melanogaster
1427,ENSG00000204304,1,4,1,6,PBX2,homo_sapiens
,ENSMUSG00000034673,4,4,3,11,Pbx2,mus_musculus
,ENSXETG00000005223,2,3,2,7,pbx2,xenopus_tropicalis
,FBgn0000611,4,1,4,9,exd,drosophila_melanogaster
,WBGene00000443,1,3,1,5,ceh-20,caenorhabditis_elegans
,WBGene00000461,1,3,1,5,ceh-40,caenorhabditis_elegans
,WBGene00017690,1,3,1,5,ceh-60,caenorhabditis_elegans
1428,ENSG00000204335,1,15,3,16,SP5,homo_sapiens
,ENSMUSG00000075304,1,15,3,19,Sp5,mus_musculus
,ENSXETG00000025407,1,14,4,19,sp5,xenopus_tropicalis
,WBGene00011926,1,2,3,6,sptf-2,caenorhabditis_elegans
1429,ENSG00000204366,1,12,4,17,ZBTB12,homo_sapiens
,ENSMUSG00000049823,2,12,5,19,Zbtb12,mus_musculus
,ENSXETG00000030672,1,12,4,17,ZBTB12,xenopus_tropicalis
1430,ENSG00000204514,9,34,44,87,ZNF814,homo_sapiens
1431,ENSG00000204519,3,34,32,69,ZNF551,homo_sapiens
,ENSMUSG00000034071,2,3,14,19,Zfp551,mus_musculus
1432,ENSG00000204524,2,7,27,22,ZNF805,homo_sapiens
1433,ENSG00000204531,8,16,13,39,POU5F1,homo_sapiens
,ENSMUSG00000024406,6,15,7,28,Pou5f1,mus_musculus
,ENSXETG00000003991,1,16,2,19,pou5f3.2,xenopus_tropicalis
,ENSXETG00000026475,1,16,3,20,pou5f3.1,xenopus_tropicalis
1434,ENSG00000204532,2,3,12,17,ZSCAN5CP,homo_sapiens
,ENSMUSG00000058028,3,1,13,17,Zscan5b,mus_musculus
1435,ENSG00000204595,1,1,1,3,DPRX,homo_sapiens
1436,ENSG00000204604,5,26,15,46,ZNF468,homo_sapiens
1437,ENSG00000204611,5,16,26,47,ZNF616,homo_sapiens
1438,ENSG00000204612,1,24,1,26,FOXB2,homo_sapiens
,ENSMUSG00000056829,1,19,1,21,Foxb2,mus_musculus
,FBgn0004897,2,6,2,10,fd96Ca,drosophila_melanogaster
,FBgn0004898,1,6,1,8,fd96Cb,drosophila_melanogaster
,WBGene00003017,1,3,1,5,lin-31,caenorhabditis_elegans
1439,ENSG00000204644,3,1,24,28,ZFP57,homo_sapiens
,ENSMUSG00000036036,10,1,29,35,Zfp57,mus_musculus
1440,ENSG00000204779,1,24,1,26,FOXD4L5,homo_sapiens
,FBgn0004896,1,6,1,2,fd59A,drosophila_melanogaster
,WBGene00006853,1,3,1,5,unc-130,caenorhabditis_elegans
1443,ENSG00000204859,5,3,20,28,ZBTB48,homo_sapiens
,ENSMUSG00000028952,2,3,13,18,Zbtb48,mus_musculus
,ENSXETG00000011113,1,3,12,16,zbtb48,xenopus_tropicalis
1444,ENSG00000204920,7,22,55,84,ZNF155,homo_sapiens
,FBgn0030005,1,1,6,8,CG2120,drosophila_melanogaster
1445,ENSG00000204946,1,6,5,12,ZNF783,homo_sapiens
1446,ENSG00000204947,2,2,21,25,ZNF425,homo_sapiens
,ENSXETG00000030535,1,2,29,32,0,xenopus_tropicalis
,ENSXETG00000032531,1,2,41,44,0,xenopus_tropicalis
1447,ENSG00000205143,1,7,2,10,ARID3C,homo_sapiens
,ENSMUSG00000066224,4,7,6,15,Arid3c,mus_musculus
,FBgn0004795,5,3,10,18,retn,drosophila_melanogaster
1448,ENSG00000205250,2,6,0,8,E2F4,homo_sapiens
,ENSMUSG00000014859,1,6,0,7,E2f4,mus_musculus
,ENSXETG00000003083,1,4,0,5,e2f4,xenopus_tropicalis
,FBgn0024371,2,2,0,4,E2f2,drosophila_melanogaster
,WBGene00001161,1,2,0,3,efl-1,caenorhabditis_elegans
1449,ENSG00000205899,1,1,1,3,BHLHA9,homo_sapiens
,ENSMUSG00000044243,1,1,1,3,Bhlha9,mus_musculus
1450,ENSG00000205922,1,5,2,8,ONECUT3,homo_sapiens
,ENSMUSG00000045518,1,5,2,8,Onecut3,mus_musculus
,ENSXETG00000032205,1,6,2,9,ONECUT3,xenopus_tropicalis
,FBgn0028996,2,2,4,8,onecut,drosophila_melanogaster
,WBGene00000444,1,6,2,9,ceh-21,caenorhabditis_elegans
,WBGene00000459,2,6,4,12,ceh-38,caenorhabditis_elegans
,WBGene00000460,1,6,2,9,ceh-39,caenorhabditis_elegans
,WBGene00015934,1,6,2,9,ceh-48,caenorhabditis_elegans
1451,ENSG00000205927,3,5,2,10,OLIG2,homo_sapiens
,ENSMUSG00000039830,1,5,1,7,Olig2,mus_musculus
,ENSXETG00000024839,1,5,3,9,olig2,xenopus_tropicalis
,WBGene00001960,1,4,1,6,hlh-16,caenorhabditis_elegans
1452,ENSG00000206289,3,1,2,6,RXRB,homo_sapiens
1453,ENSG00000206315,1,1,1,3,PBX2,homo_sapiens
1454,ENSG00000206366,2,1,8,11,ZBTB12,homo_sapiens
1455,ENSG00000206454,3,1,5,9,POU5F1,homo_sapiens
1456,ENSG00000206455,2,1,2,5,TCF19,homo_sapiens
1457,ENSG00000206510,3,1,24,28,ZFP57,homo_sapiens
1458,ENSG00000212993,1,16,2,19,POU5F1B,homo_sapiens
,ENSMUSG00000024406,6,15,7,28,Pou5f1,mus_musculus
,ENSXETG00000003991,1,16,2,19,pou5f3.2,xenopus_tropicalis
,ENSXETG00000026475,1,16,3,20,pou5f3.1,xenopus_tropicalis
1459,ENSG00000213015,6,4,9,19,ZNF580,homo_sapiens
,ENSMUSG00000055633,2,4,6,12,Zfp580,mus_musculus
1460,ENSG00000213020,9,26,105,140,ZNF611,homo_sapiens
,ENSMUSG00000100617,1,2,10,13,Gm7145,mus_musculus
,ENSMUSG00000101303,1,2,13,16,B020011L13Rik,mus_musculus
1461,ENSG00000213096,6,49,78,133,ZNF254,homo_sapiens
,ENSMUSG00000030446,2,23,32,57,Zfp273,mus_musculus
,ENSMUSG00000048280,5,23,31,59,Zfp738,mus_musculus
,ENSMUSG00000051037,2,23,25,50,Zfp455,mus_musculus
,ENSMUSG00000052909,1,23,10,34,Gm9894,mus_musculus
,ENSMUSG00000055341,1,23,19,43,Zfp457,mus_musculus
,ENSMUSG00000055480,1,23,24,25,Zfp458,mus_musculus
,ENSMUSG00000055560,1,23,5,24,Zfp459,mus_musculus
,ENSMUSG00000057842,3,23,60,86,Zfp595,mus_musculus
,ENSMUSG00000058331,2,23,30,55,Zfp85,mus_musculus
,ENSMUSG00000058883,2,23,34,59,Zfp708,mus_musculus
,ENSMUSG00000058900,1,23,13,37,Rsl1,mus_musculus
,ENSMUSG00000059839,1,23,13,37,Zfp874b,mus_musculus
,ENSMUSG00000069184,1,23,15,39,Zfp72,mus_musculus
,ENSMUSG00000069206,2,23,13,38,Zfp874a,mus_musculus
,ENSMUSG00000071281,3,23,32,58,Zfp65,mus_musculus
,ENSMUSG00000071291,4,23,43,70,Zfp58,mus_musculus
,ENSMUSG00000074824,1,23,11,35,Rslcan18,mus_musculus
,ENSMUSG00000078994,2,23,14,39,Zfp429,mus_musculus
,ENSMUSG00000078995,2,23,13,38,Zfp456,mus_musculus
,ENSMUSG00000090659,2,23,13,38,Zfp493,mus_musculus
,ENSMUSG00000097333,3,23,19,45,Zfp87,mus_musculus
,ENSMUSG00000098905,1,23,9,33,Zfp953,mus_musculus
,ENSMUSG00000100235,1,23,17,41,Gm28557,mus_musculus
1462,ENSG00000213347,6,4,5,15,MXD3,homo_sapiens
,ENSMUSG00000021485,1,4,1,6,Mxd3,mus_musculus
,ENSXETG00000007236,1,4,1,6,mxd3,xenopus_tropicalis
,WBGene00003163,1,1,1,3,mdl-1,caenorhabditis_elegans
1463,ENSG00000213676,3,2,2,7,ATF6B,homo_sapiens
,ENSMUSG00000015461,2,2,2,5,Atf6b,mus_musculus
,ENSXETG00000005164,1,2,1,4,atf6b,xenopus_tropicalis
,FBgn0033010,3,1,3,7,Atf6,drosophila_melanogaster
1464,ENSG00000213762,4,34,19,57,ZNF134,homo_sapiens
1465,ENSG00000213799,3,16,57,76,ZNF845,homo_sapiens
1466,ENSG00000213921,1,1,1,3,LEUTX,homo_sapiens
1467,ENSG00000213928,5,9,4,18,IRF9,homo_sapiens
,ENSMUSG00000002325,3,9,3,15,Irf9,mus_musculus
,ENSXETG00000031889,1,12,0,13,IRF9,xenopus_tropicalis
1468,ENSG00000213967,6,49,41,96,ZNF726,homo_sapiens
,ENSMUSG00000030446,2,23,32,57,Zfp273,mus_musculus
,ENSMUSG00000048280,5,23,31,59,Zfp738,mus_musculus
,ENSMUSG00000051037,2,23,25,50,Zfp455,mus_musculus
,ENSMUSG00000052909,1,23,10,34,Gm9894,mus_musculus
,ENSMUSG00000055341,1,23,19,43,Zfp457,mus_musculus
,ENSMUSG00000055480,1,23,24,25,Zfp458,mus_musculus
,ENSMUSG00000055560,1,23,5,24,Zfp459,mus_musculus
,ENSMUSG00000057842,3,23,60,86,Zfp595,mus_musculus
,ENSMUSG00000058331,2,23,30,55,Zfp85,mus_musculus
,ENSMUSG00000058883,2,23,34,59,Zfp708,mus_musculus
,ENSMUSG00000058900,1,23,13,37,Rsl1,mus_musculus
,ENSMUSG00000059839,1,23,13,37,Zfp874b,mus_musculus
,ENSMUSG00000069184,1,23,15,39,Zfp72,mus_musculus
,ENSMUSG00000069206,2,23,13,38,Zfp874a,mus_musculus
,ENSMUSG00000071281,3,23,32,58,Zfp65,mus_musculus
,ENSMUSG00000071291,4,23,43,70,Zfp58,mus_musculus
,ENSMUSG00000074824,1,23,11,35,Rslcan18,mus_musculus
,ENSMUSG00000078994,2,23,14,39,Zfp429,mus_musculus
,ENSMUSG00000078995,2,23,13,38,Zfp456,mus_musculus
,ENSMUSG00000090659,2,23,13,38,Zfp493,mus_musculus
,ENSMUSG00000097333,3,23,19,45,Zfp87,mus_musculus
,ENSMUSG00000098905,1,23,9,33,Zfp953,mus_musculus
,ENSMUSG00000100235,1,23,17,41,Gm28557,mus_musculus
1469,ENSG00000213973,2,16,56,74,ZNF99,homo_sapiens
,ENSMUSG00000021510,1,14,32,47,Zfp729a,mus_musculus
,ENSMUSG00000058093,2,14,38,54,Zfp729b,mus_musculus
,ENSMUSG00000095432,2,14,27,43,Zfp748,mus_musculus
1470,ENSG00000213988,2,49,16,67,ZNF90,homo_sapiens
,ENSMUSG00000030446,2,23,32,57,Zfp273,mus_musculus
,ENSMUSG00000048280,5,23,31,59,Zfp738,mus_musculus
,ENSMUSG00000051037,2,23,25,50,Zfp455,mus_musculus
,ENSMUSG00000052909,1,23,10,34,Gm9894,mus_musculus
,ENSMUSG00000055341,1,23,19,43,Zfp457,mus_musculus
,ENSMUSG00000055480,1,23,24,25,Zfp458,mus_musculus
,ENSMUSG00000055560,1,23,5,24,Zfp459,mus_musculus
,ENSMUSG00000057842,3,23,60,86,Zfp595,mus_musculus
,ENSMUSG00000058331,2,23,30,55,Zfp85,mus_musculus
,ENSMUSG00000058883,2,23,34,59,Zfp708,mus_musculus
,ENSMUSG00000058900,1,23,13,37,Rsl1,mus_musculus
,ENSMUSG00000059839,1,23,13,37,Zfp874b,mus_musculus
,ENSMUSG00000069184,1,23,15,39,Zfp72,mus_musculus
,ENSMUSG00000069206,2,23,13,38,Zfp874a,mus_musculus
,ENSMUSG00000071281,3,23,32,58,Zfp65,mus_musculus
,ENSMUSG00000071291,4,23,43,70,Zfp58,mus_musculus
,ENSMUSG00000074824,1,23,11,35,Rslcan18,mus_musculus
,ENSMUSG00000078994,2,23,14,39,Zfp429,mus_musculus
,ENSMUSG00000078995,2,23,13,38,Zfp456,mus_musculus
,ENSMUSG00000090659,2,23,13,38,Zfp493,mus_musculus
,ENSMUSG00000097333,3,23,19,45,Zfp87,mus_musculus
,ENSMUSG00000098905,1,23,9,33,Zfp953,mus_musculus
,ENSMUSG00000100235,1,23,17,41,Gm28557,mus_musculus
1471,ENSG00000213999,4,5,4,13,MEF2B,homo_sapiens
,ENSMUSG00000002345,3,5,1,9,Borcs8,mus_musculus
,ENSMUSG00000079033,4,5,4,13,Mef2b,mus_musculus
,FBgn0011656,7,1,7,15,Mef2,drosophila_melanogaster
,WBGene00003182,1,1,1,3,mef-2,caenorhabditis_elegans
1472,ENSG00000214022,11,2,72,85,REPIN1,homo_sapiens
,ENSMUSG00000052751,5,2,63,70,Repin1,mus_musculus
1473,ENSG00000214029,1,8,9,18,ZNF891,homo_sapiens
1475,ENSG00000214513,1,7,1,9,NOTO,homo_sapiens
,ENSMUSG00000068302,2,0,1,10,Noto,mus_musculus
1476,ENSG00000214717,4,3,4,11,ZBED1,homo_sapiens
,ENSXETG00000030297,1,10,1,12,0,xenopus_tropicalis
,ENSXETG00000031433,1,10,1,12,0,xenopus_tropicalis
,FBgn0031874,3,1,2,6,CG13775,drosophila_melanogaster
,WBGene00008283,2,4,0,6,C53D6.6,caenorhabditis_elegans
,WBGene00010704,1,4,1,6,K09A11.1,caenorhabditis_elegans
,WBGene00015247,2,4,0,6,B0545.4,caenorhabditis_elegans
,WBGene00015662,1,4,0,5,C10A4.1,caenorhabditis_elegans
1477,ENSG00000215271,3,4,5,12,HOMEZ,homo_sapiens
,ENSMUSG00000057156,4,4,2,10,Homez,mus_musculus
1478,ENSG00000215343,2,5,10,17,ZNF705D,homo_sapiens
1479,ENSG00000215356,1,5,5,6,ZNF705B,homo_sapiens
1480,ENSG00000215372,1,5,5,11,ZNF705G,homo_sapiens
1481,ENSG00000215397,1,5,5,11,SCRT2,homo_sapiens
,ENSMUSG00000060257,1,5,5,11,Scrt2,mus_musculus
,FBgn0035144,1,7,4,12,Kah,drosophila_melanogaster
,WBGene00000468,1,3,4,8,ces-1,caenorhabditis_elegans
,WBGene00016948,1,3,3,7,scrt-1,caenorhabditis_elegans
1482,ENSG00000215421,6,2,36,44,ZNF407,homo_sapiens
,ENSMUSG00000048410,2,2,8,12,Zfp407,mus_musculus
,FBgn0051612,2,1,14,17,CG31612,drosophila_melanogaster
1483,ENSG00000215612,3,21,2,26,HMX1,homo_sapiens
,ENSMUSG00000067438,2,22,1,25,Hmx1,mus_musculus
,ENSXETG00000015419,1,23,1,25,hmx1,xenopus_tropicalis
,FBgn0264005,3,9,3,15,Hmx,drosophila_melanogaster
,WBGene00003377,1,9,1,11,mls-2,caenorhabditis_elegans
1484,ENSG00000217236,1,15,3,19,SP9,homo_sapiens
,ENSMUSG00000068859,1,15,3,19,Sp9,mus_musculus
,ENSXETG00000030987,1,14,4,19,sp9,xenopus_tropicalis
,FBgn0020378,4,4,12,20,Sp1,drosophila_melanogaster
,WBGene00011926,1,2,3,6,sptf-2,caenorhabditis_elegans
1486,ENSG00000218891,2,1,8,11,ZNF579,homo_sapiens
,ENSMUSG00000051550,3,1,19,23,Zfp579,mus_musculus
1487,ENSG00000220201,2,1,2,5,ZGLP1,homo_sapiens
,ENSMUSG00000079681,1,1,1,3,Zglp1,mus_musculus
1488,ENSG00000221818,3,4,0,7,EBF2,homo_sapiens
,ENSMUSG00000022053,3,4,0,7,Ebf2,mus_musculus
,ENSXETG00000010153,1,4,1,6,ebf2,xenopus_tropicalis
,FBgn0001319,5,1,0,6,kn,drosophila_melanogaster
,WBGene00006743,1,1,0,2,unc-3,caenorhabditis_elegans
1489,ENSG00000221869,1,5,1,7,CEBPD,homo_sapiens
,ENSXETG00000004850,1,5,1,7,cebpd,xenopus_tropicalis
,WBGene00016754,1,1,1,3,cebp-2,caenorhabditis_elegans
1490,ENSG00000221923,5,26,19,50,ZNF880,homo_sapiens
,ENSMUSG00000100617,1,2,10,13,Gm7145,mus_musculus
,ENSMUSG00000101303,1,2,13,16,B020011L13Rik,mus_musculus
1491,ENSG00000221994,7,25,57,89,ZNF630,homo_sapiens
,FBgn0266450,2,1,16,18,Kr-h1,drosophila_melanogaster
1492,ENSG00000223547,3,38,13,54,ZNF844,homo_sapiens
,WBGene00021931,1,1,11,13,Y55F3AM.14,caenorhabditis_elegans
1493,ENSG00000223687,1,1,15,17,ZNF311,homo_sapiens
1494,ENSG00000223852,3,1,24,28,ZFP57,homo_sapiens
1495,ENSG00000223858,3,1,24,28,ZFP57,homo_sapiens
1496,ENSG00000224379,2,1,2,5,TCF19,homo_sapiens
1497,ENSG00000224472,2,1,2,5,TCF19,homo_sapiens
1498,ENSG00000224689,4,10,22,36,ZNF812P,homo_sapiens
,ENSMUSG00000060510,2,4,24,18,Zfp266,mus_musculus
1499,ENSG00000224941,2,1,2,5,TCF19,homo_sapiens
1500,ENSG00000224952,1,1,1,3,PBX2,homo_sapiens
1501,ENSG00000225351,1,1,15,17,ZNF311,homo_sapiens
1502,ENSG00000225614,2,1,6,9,ZNF469,homo_sapiens
1503,ENSG00000225987,1,1,1,3,PBX2,homo_sapiens
1504,ENSG00000226858,3,1,24,28,ZFP57,homo_sapiens
1505,ENSG00000227059,2,1,2,5,ANHX,homo_sapiens
1506,ENSG00000227124,4,1,23,27,ZNF717,homo_sapiens
,ENSXETG00000015076,1,1,23,25,ZNF717,xenopus_tropicalis
1507,ENSG00000227322,4,1,3,8,RXRB,homo_sapiens
1508,ENSG00000227858,1,1,3,5,ZFP57,homo_sapiens
1509,ENSG00000228333,3,1,2,6,RXRB,homo_sapiens
1510,ENSG00000228628,3,1,2,6,ATF6B,homo_sapiens
1511,ENSG00000229094,3,1,5,9,POU5F1,homo_sapiens
1512,ENSG00000229544,1,20,1,22,NKX1-2,homo_sapiens
,ENSMUSG00000048528,1,20,1,22,Nkx1-2,mus_musculus
,ENSXETG00000003881,1,22,1,24,nkx1-1,xenopus_tropicalis
1514,ENSG00000229676,1,49,14,64,ZNF492,homo_sapiens
,ENSMUSG00000030446,2,23,32,57,Zfp273,mus_musculus
,ENSMUSG00000048280,5,23,31,59,Zfp738,mus_musculus
,ENSMUSG00000051037,2,23,25,50,Zfp455,mus_musculus
,ENSMUSG00000052909,1,23,10,34,Gm9894,mus_musculus
,ENSMUSG00000055341,1,23,19,43,Zfp457,mus_musculus
,ENSMUSG00000055480,1,23,24,25,Zfp458,mus_musculus
,ENSMUSG00000055560,1,23,5,24,Zfp459,mus_musculus
,ENSMUSG00000057842,3,23,60,86,Zfp595,mus_musculus
,ENSMUSG00000058331,2,23,30,55,Zfp85,mus_musculus
,ENSMUSG00000058883,2,23,34,59,Zfp708,mus_musculus
,ENSMUSG00000058900,1,23,13,37,Rsl1,mus_musculus
,ENSMUSG00000059839,1,23,13,37,Zfp874b,mus_musculus
,ENSMUSG00000069184,1,23,15,39,Zfp72,mus_musculus
,ENSMUSG00000069206,2,23,13,38,Zfp874a,mus_musculus
,ENSMUSG00000071281,3,23,32,58,Zfp65,mus_musculus
,ENSMUSG00000071291,4,23,43,70,Zfp58,mus_musculus
,ENSMUSG00000074824,1,23,11,35,Rslcan18,mus_musculus
,ENSMUSG00000078994,2,23,14,39,Zfp429,mus_musculus
,ENSMUSG00000078995,2,23,13,38,Zfp456,mus_musculus
,ENSMUSG00000090659,2,23,13,38,Zfp493,mus_musculus
,ENSMUSG00000097333,3,23,19,45,Zfp87,mus_musculus
,ENSMUSG00000098905,1,23,9,33,Zfp953,mus_musculus
,ENSMUSG00000100235,1,23,17,41,Gm28557,mus_musculus
1515,ENSG00000229809,5,7,7,19,ZNF688,homo_sapiens
,ENSMUSG00000045251,2,6,4,12,Zfp688,mus_musculus
1516,ENSG00000230336,3,1,5,9,POU5F1,homo_sapiens
1517,ENSG00000230797,1,18,3,22,YY2,homo_sapiens
,ENSMUSG00000091736,1,18,4,23,Yy2,mus_musculus
,ENSXETG00000002527,1,14,4,19,yy1,xenopus_tropicalis
,FBgn0002521,2,7,8,17,pho,drosophila_melanogaster
1518,ENSG00000231321,3,1,2,6,RXRB,homo_sapiens
1519,ENSG00000232005,1,1,1,3,PBX2,homo_sapiens
1520,ENSG00000232099,3,1,24,28,ZFP57,homo_sapiens
1521,ENSG00000232237,2,5,2,9,ASCL5,homo_sapiens
,ENSMUSG00000097918,1,5,1,7,Ascl5,mus_musculus
,WBGene00001952,1,1,1,3,hlh-6,caenorhabditis_elegans
1522,ENSG00000233608,2,11,2,15,TWIST2,homo_sapiens
,ENSMUSG00000007805,2,11,2,15,Twist2,mus_musculus
,ENSXETG00000010663,1,11,1,13,twist2,xenopus_tropicalis
,FBgn0003900,3,5,3,11,twi,drosophila_melanogaster
,WBGene00001953,1,2,1,4,hlh-8,caenorhabditis_elegans
1523,ENSG00000233831,1,1,15,17,ZNF311,homo_sapiens
1524,ENSG00000233890,2,1,2,5,TCF19,homo_sapiens
1525,ENSG00000233911,3,1,5,9,POU5F1,homo_sapiens
1526,ENSG00000234196,1,1,4,6,ZBTB12,homo_sapiens
1527,ENSG00000234284,4,13,16,33,ZNF879,homo_sapiens
,ENSMUSG00000044296,3,10,41,44,Zfp879,mus_musculus
,ENSXETG00000016786,1,2,12,15,znf180,xenopus_tropicalis
1528,ENSG00000234444,3,49,10,72,ZNF736,homo_sapiens
,ENSMUSG00000030446,2,23,32,57,Zfp273,mus_musculus
,ENSMUSG00000048280,5,23,31,59,Zfp738,mus_musculus
,ENSMUSG00000051037,2,23,25,50,Zfp455,mus_musculus
,ENSMUSG00000052909,1,23,10,34,Gm9894,mus_musculus
,ENSMUSG00000055341,1,23,19,43,Zfp457,mus_musculus
,ENSMUSG00000055480,1,23,24,25,Zfp458,mus_musculus
,ENSMUSG00000055560,1,23,5,24,Zfp459,mus_musculus
,ENSMUSG00000057842,3,23,60,86,Zfp595,mus_musculus
,ENSMUSG00000058331,2,23,30,55,Zfp85,mus_musculus
,ENSMUSG00000058883,2,23,34,59,Zfp708,mus_musculus
,ENSMUSG00000058900,1,23,13,37,Rsl1,mus_musculus
,ENSMUSG00000059839,1,23,13,37,Zfp874b,mus_musculus
,ENSMUSG00000069184,1,23,15,39,Zfp72,mus_musculus
,ENSMUSG00000069206,2,23,13,38,Zfp874a,mus_musculus
,ENSMUSG00000071281,3,23,32,58,Zfp65,mus_musculus
,ENSMUSG00000071291,4,23,43,70,Zfp58,mus_musculus
,ENSMUSG00000074824,1,23,11,35,Rslcan18,mus_musculus
,ENSMUSG00000078994,2,23,14,39,Zfp429,mus_musculus
,ENSMUSG00000078995,2,23,13,38,Zfp456,mus_musculus
,ENSMUSG00000090659,2,23,13,38,Zfp493,mus_musculus
,ENSMUSG00000097333,3,23,19,45,Zfp87,mus_musculus
,ENSMUSG00000098905,1,23,9,33,Zfp953,mus_musculus
,ENSMUSG00000100235,1,23,17,41,Gm28557,mus_musculus
1529,ENSG00000234539,3,1,2,6,ATF6B,homo_sapiens
1530,ENSG00000234669,3,1,24,28,ZFP57,homo_sapiens
1531,ENSG00000234674,2,1,2,5,TCF19,homo_sapiens
1532,ENSG00000234852,1,1,4,6,ZBTB12,homo_sapiens
1533,ENSG00000235068,3,1,5,9,POU5F1,homo_sapiens
1534,ENSG00000235109,17,21,52,90,ZSCAN31,homo_sapiens
1535,ENSG00000235178,1,1,15,17,ZNF311,homo_sapiens
1536,ENSG00000235589,1,1,15,17,ZNF311,homo_sapiens
1537,ENSG00000235608,1,20,1,22,NKX1-1,homo_sapiens
,ENSMUSG00000029112,1,20,1,22,Nkx1-1,mus_musculus
,ENSXETG00000003881,1,22,1,24,nkx1-1,xenopus_tropicalis
1538,ENSG00000235712,3,1,2,6,RXRB,homo_sapiens
1539,ENSG00000236353,1,1,1,3,PBX2,homo_sapiens
1541,ENSG00000236609,1,2,5,8,ZNF853,homo_sapiens
,ENSMUSG00000093910,1,2,5,8,Zfp853,mus_musculus
,FBgn0028895,2,1,12,15,CG17328,drosophila_melanogaster
1542,ENSG00000237344,1,1,1,3,PBX2,homo_sapiens
1543,ENSG00000237440,4,49,21,60,ZNF737,homo_sapiens
,ENSMUSG00000030446,2,23,32,57,Zfp273,mus_musculus
,ENSMUSG00000048280,5,23,31,59,Zfp738,mus_musculus
,ENSMUSG00000051037,2,23,25,50,Zfp455,mus_musculus
,ENSMUSG00000052909,1,23,10,34,Gm9894,mus_musculus
,ENSMUSG00000055341,1,23,19,43,Zfp457,mus_musculus
,ENSMUSG00000055480,1,23,24,25,Zfp458,mus_musculus
,ENSMUSG00000055560,1,23,5,24,Zfp459,mus_musculus
,ENSMUSG00000057842,3,23,60,86,Zfp595,mus_musculus
,ENSMUSG00000058331,2,23,30,55,Zfp85,mus_musculus
,ENSMUSG00000058883,2,23,34,59,Zfp708,mus_musculus
,ENSMUSG00000058900,1,23,13,37,Rsl1,mus_musculus
,ENSMUSG00000059839,1,23,13,37,Zfp874b,mus_musculus
,ENSMUSG00000069184,1,23,15,39,Zfp72,mus_musculus
,ENSMUSG00000069206,2,23,13,38,Zfp874a,mus_musculus
,ENSMUSG00000071281,3,23,32,58,Zfp65,mus_musculus
,ENSMUSG00000071291,4,23,43,70,Zfp58,mus_musculus
,ENSMUSG00000074824,1,23,11,35,Rslcan18,mus_musculus
,ENSMUSG00000078994,2,23,14,39,Zfp429,mus_musculus
,ENSMUSG00000078995,2,23,13,38,Zfp456,mus_musculus
,ENSMUSG00000090659,2,23,13,38,Zfp493,mus_musculus
,ENSMUSG00000097333,3,23,19,45,Zfp87,mus_musculus
,ENSMUSG00000098905,1,23,9,33,Zfp953,mus_musculus
,ENSMUSG00000100235,1,23,17,41,Gm28557,mus_musculus
1544,ENSG00000237452,1,1,2,4,BHMG1,homo_sapiens
,ENSMUSG00000085601,1,1,2,4,Gm4969,mus_musculus
1545,ENSG00000237582,3,1,5,9,POU5F1,homo_sapiens
1546,ENSG00000237900,1,1,4,6,ZBTB12,homo_sapiens
1547,ENSG00000242852,2,38,21,61,ZNF709,homo_sapiens
,ENSMUSG00000074472,2,97,28,127,Zfp872,mus_musculus
,WBGene00021931,1,1,11,13,Y55F3AM.14,caenorhabditis_elegans
1548,ENSG00000243660,4,2,2,8,ZNF487,homo_sapiens
1549,ENSG00000243943,5,2,8,17,ZNF512,homo_sapiens
,ENSMUSG00000062761,5,2,5,12,Zfp512,mus_musculus
1550,ENSG00000244405,6,13,2,21,ETV5,homo_sapiens
,ENSMUSG00000013089,3,13,2,18,Etv5,mus_musculus
,FBgn0039225,2,5,2,9,Ets96B,drosophila_melanogaster
,WBGene00016600,2,2,2,6,ets-5,caenorhabditis_elegans
,WBGene00020368,1,2,1,4,ast-1,caenorhabditis_elegans
1551,ENSG00000245680,5,16,51,72,ZNF585B,homo_sapiens
,ENSMUSG00000062040,5,14,115,134,Zfp27,mus_musculus
1552,ENSG00000245848,1,5,1,7,CEBPA,homo_sapiens
,ENSMUSG00000034957,2,4,1,7,Cebpa,mus_musculus
,ENSXETG00000018291,1,5,3,9,cebpa,xenopus_tropicalis
,WBGene00016754,1,1,1,3,cebp-2,caenorhabditis_elegans
1553,ENSG00000248483,1,16,2,19,POU5F2,homo_sapiens
,ENSMUSG00000093668,1,15,2,18,Pou5f2,mus_musculus
,ENSXETG00000003991,1,16,2,19,pou5f3.2,xenopus_tropicalis
,ENSXETG00000026475,1,16,3,20,pou5f3.1,xenopus_tropicalis
1554,ENSG00000249459,5,9,10,24,ZNF286B,homo_sapiens
,ENSMUSG00000047342,3,3,13,19,Zfp286,mus_musculus
,ENSXETG00000011203,1,4,9,14,0,xenopus_tropicalis
,ENSXETG00000032038,1,4,9,14,0,xenopus_tropicalis
,FBgn0000286,5,3,26,34,Cf2,drosophila_melanogaster
,FBgn0004618,3,3,14,20,gl,drosophila_melanogaster
,FBgn0005694,4,3,16,23,Aef1,drosophila_melanogaster
,WBGene00000483,2,1,8,11,che-1,caenorhabditis_elegans
1555,ENSG00000249471,6,3,24,33,ZNF324B,homo_sapiens
,ENSMUSG00000004500,1,2,10,13,Zfp324,mus_musculus
1556,ENSG00000249709,3,38,16,57,ZNF564,homo_sapiens
,WBGene00021931,1,1,11,13,Y55F3AM.14,caenorhabditis_elegans
1557,ENSG00000249961,4,1,0,5,CCDC79,homo_sapiens
,ENSMUSG00000052616,2,1,2,5,Ccdc79,mus_musculus
,ENSXETG00000033662,1,1,1,3,CCDC79,xenopus_tropicalis
1558,ENSG00000250571,7,3,14,24,GLI4,homo_sapiens
,ENSXETG00000027735,1,1,6,8,znf41,xenopus_tropicalis
1559,ENSG00000250709,1,2,1,4,CCDC169-SOHLH2,homo_sapiens
,ENSMUSG00000027794,1,1,1,3,Sohlh2,mus_musculus
1560,ENSG00000251192,3,25,25,53,ZNF674,homo_sapiens
,FBgn0266450,2,1,16,18,Kr-h1,drosophila_melanogaster
1561,ENSG00000251247,11,22,83,116,ZNF345,homo_sapiens
1562,ENSG00000251369,5,7,36,48,ZNF550,homo_sapiens
1563,ENSG00000251493,1,24,1,26,FOXD1,homo_sapiens
,ENSMUSG00000078302,1,19,1,21,Foxd1,mus_musculus
,FBgn0004896,1,6,1,2,fd59A,drosophila_melanogaster
,WBGene00006853,1,3,1,5,unc-130,caenorhabditis_elegans
1564,ENSG00000253293,3,17,3,23,HOXA10,homo_sapiens
,ENSMUSG00000000938,2,16,3,21,Hoxa10,mus_musculus
,ENSXETG00000000728,1,14,1,16,hoxa10,xenopus_tropicalis
,FBgn0000015,7,1,7,15,Abd-B,drosophila_melanogaster
1565,ENSG00000253831,1,13,1,15,ETV3L,homo_sapiens
,FBgn0005660,4,5,7,16,Ets21C,drosophila_melanogaster
,WBGene00016600,2,2,2,6,ets-5,caenorhabditis_elegans
,WBGene00020368,1,2,1,4,ast-1,caenorhabditis_elegans
1566,ENSG00000254004,4,2,52,58,ZNF260,homo_sapiens
,ENSMUSG00000049421,3,2,24,29,Zfp260,mus_musculus
,ENSXETG00000006490,1,10,8,19,znf350,xenopus_tropicalis
,ENSXETG00000013818,1,10,6,17,0,xenopus_tropicalis
,ENSXETG00000023995,1,10,7,18,znf84,xenopus_tropicalis
,ENSXETG00000023996,1,10,13,24,0,xenopus_tropicalis
,ENSXETG00000023998,1,10,8,19,0,xenopus_tropicalis
,ENSXETG00000024118,3,10,20,43,0,xenopus_tropicalis
,ENSXETG00000024263,1,10,8,19,znf484,xenopus_tropicalis
,ENSXETG00000025283,1,10,7,18,0,xenopus_tropicalis
,ENSXETG00000030476,1,10,10,21,0,xenopus_tropicalis
,ENSXETG00000032358,1,10,8,19,0,xenopus_tropicalis
,FBgn0028878,1,4,8,13,CG15269,drosophila_melanogaster
,WBGene00009448,1,1,7,8,zfp-2,caenorhabditis_elegans
1567,ENSG00000254553,0,16,0,16,RP1-27O5.3,homo_sapiens
,ENSMUSG00000048485,2,15,6,23,Zbtb8b,mus_musculus
,ENSXETG00000003914,2,17,5,24,zbtb8b,xenopus_tropicalis
,WBGene00016154,1,1,5,7,C27A12.2,caenorhabditis_elegans
1568,ENSG00000255073,0,6,0,6,ZFP91-CNTF,homo_sapiens
,ENSMUSG00000024695,1,4,4,9,Zfp91,mus_musculus
,ENSXETG00000020715,1,3,3,7,zfp91,xenopus_tropicalis
1569,ENSG00000255104,1,21,1,23,TBC1D26,homo_sapiens
,ENSXETG00000020613,1,5,1,7,0,xenopus_tropicalis
,FBgn0020620,5,3,5,13,RN-tre,drosophila_melanogaster
,WBGene00012894,4,3,3,10,tbc-17,caenorhabditis_elegans
1570,ENSG00000256087,6,8,38,52,ZNF432,homo_sapiens
1571,ENSG00000256223,6,5,37,48,ZNF10,homo_sapiens
,ENSXETG00000027163,1,1,7,9,znf383,xenopus_tropicalis
1572,ENSG00000256229,2,49,12,63,ZNF486,homo_sapiens
,ENSMUSG00000030446,2,23,32,57,Zfp273,mus_musculus
,ENSMUSG00000048280,5,23,31,59,Zfp738,mus_musculus
,ENSMUSG00000051037,2,23,25,50,Zfp455,mus_musculus
,ENSMUSG00000052909,1,23,10,34,Gm9894,mus_musculus
,ENSMUSG00000055341,1,23,19,43,Zfp457,mus_musculus
,ENSMUSG00000055480,1,23,24,25,Zfp458,mus_musculus
,ENSMUSG00000055560,1,23,5,24,Zfp459,mus_musculus
,ENSMUSG00000057842,3,23,60,86,Zfp595,mus_musculus
,ENSMUSG00000058331,2,23,30,55,Zfp85,mus_musculus
,ENSMUSG00000058883,2,23,34,59,Zfp708,mus_musculus
,ENSMUSG00000058900,1,23,13,37,Rsl1,mus_musculus
,ENSMUSG00000059839,1,23,13,37,Zfp874b,mus_musculus
,ENSMUSG00000069184,1,23,15,39,Zfp72,mus_musculus
,ENSMUSG00000069206,2,23,13,38,Zfp874a,mus_musculus
,ENSMUSG00000071281,3,23,32,58,Zfp65,mus_musculus
,ENSMUSG00000071291,4,23,43,70,Zfp58,mus_musculus
,ENSMUSG00000074824,1,23,11,35,Rslcan18,mus_musculus
,ENSMUSG00000078994,2,23,14,39,Zfp429,mus_musculus
,ENSMUSG00000078995,2,23,13,38,Zfp456,mus_musculus
,ENSMUSG00000090659,2,23,13,38,Zfp493,mus_musculus
,ENSMUSG00000097333,3,23,19,45,Zfp87,mus_musculus
,ENSMUSG00000098905,1,23,9,33,Zfp953,mus_musculus
,ENSMUSG00000100235,1,23,17,41,Gm28557,mus_musculus
1573,ENSG00000256294,5,22,41,68,ZNF225,homo_sapiens
,FBgn0030005,1,1,6,8,CG2120,drosophila_melanogaster
1574,ENSG00000256463,5,4,31,40,SALL3,homo_sapiens
,ENSMUSG00000024565,1,4,7,12,Sall3,mus_musculus
,ENSXETG00000000845,1,4,10,14,sall3,xenopus_tropicalis
,FBgn0000287,3,2,21,26,salr,drosophila_melanogaster
,FBgn0261648,2,2,14,18,salm,drosophila_melanogaster
,WBGene00004773,1,1,5,7,sem-4,caenorhabditis_elegans
1575,ENSG00000256683,5,8,13,26,ZNF350,homo_sapiens
1576,ENSG00000256771,3,49,27,79,ZNF253,homo_sapiens
,ENSMUSG00000030446,2,23,32,57,Zfp273,mus_musculus
,ENSMUSG00000048280,5,23,31,59,Zfp738,mus_musculus
,ENSMUSG00000051037,2,23,25,50,Zfp455,mus_musculus
,ENSMUSG00000052909,1,23,10,34,Gm9894,mus_musculus
,ENSMUSG00000055341,1,23,19,43,Zfp457,mus_musculus
,ENSMUSG00000055480,1,23,24,25,Zfp458,mus_musculus
,ENSMUSG00000055560,1,23,5,24,Zfp459,mus_musculus
,ENSMUSG00000057842,3,23,60,86,Zfp595,mus_musculus
,ENSMUSG00000058331,2,23,30,55,Zfp85,mus_musculus
,ENSMUSG00000058883,2,23,34,59,Zfp708,mus_musculus
,ENSMUSG00000058900,1,23,13,37,Rsl1,mus_musculus
,ENSMUSG00000059839,1,23,13,37,Zfp874b,mus_musculus
,ENSMUSG00000069184,1,23,15,39,Zfp72,mus_musculus
,ENSMUSG00000069206,2,23,13,38,Zfp874a,mus_musculus
,ENSMUSG00000071281,3,23,32,58,Zfp65,mus_musculus
,ENSMUSG00000071291,4,23,43,70,Zfp58,mus_musculus
,ENSMUSG00000074824,1,23,11,35,Rslcan18,mus_musculus
,ENSMUSG00000078994,2,23,14,39,Zfp429,mus_musculus
,ENSMUSG00000078995,2,23,13,38,Zfp456,mus_musculus
,ENSMUSG00000090659,2,23,13,38,Zfp493,mus_musculus
,ENSMUSG00000097333,3,23,19,45,Zfp87,mus_musculus
,ENSMUSG00000098905,1,23,9,33,Zfp953,mus_musculus
,ENSMUSG00000100235,1,23,17,41,Gm28557,mus_musculus
1577,ENSG00000257184,1,17,1,19,HOXA10-HOXA9,homo_sapiens
,ENSXETG00000000724,1,14,1,16,hoxa9,xenopus_tropicalis
,FBgn0000015,7,1,7,15,Abd-B,drosophila_melanogaster
1578,ENSG00000257315,1,3,2,6,ZBED6,homo_sapiens
,ENSMUSG00000094410,1,3,2,6,Gm38394,mus_musculus
,ENSMUSG00000102049,1,3,2,6,Zbed6,mus_musculus
,ENSXETG00000023933,1,10,2,13,zbed6,xenopus_tropicalis
,FBgn0031874,3,1,2,6,CG13775,drosophila_melanogaster
,WBGene00008283,2,4,0,6,C53D6.6,caenorhabditis_elegans
,WBGene00010704,1,4,1,6,K09A11.1,caenorhabditis_elegans
,WBGene00015247,2,4,0,6,B0545.4,caenorhabditis_elegans
,WBGene00015662,1,4,0,5,C10A4.1,caenorhabditis_elegans
1579,ENSG00000257446,1,38,16,55,ZNF878,homo_sapiens
,WBGene00021931,1,1,11,13,Y55F3AM.14,caenorhabditis_elegans
1581,ENSG00000257591,3,38,11,52,ZNF625,homo_sapiens
,WBGene00021931,1,1,11,13,Y55F3AM.14,caenorhabditis_elegans
1582,ENSG00000257923,12,5,24,41,CUX1,homo_sapiens
,ENSMUSG00000029705,9,5,20,34,Cux1,mus_musculus
,ENSXETG00000005476,1,6,5,12,cux1,xenopus_tropicalis
,FBgn0004198,4,2,16,22,ct,drosophila_melanogaster
,WBGene00000464,3,6,4,13,ceh-44,caenorhabditis_elegans
1583,ENSG00000258064,0,6,0,6,RP11-293I14.2,homo_sapiens
1585,ENSG00000258405,2,26,15,43,ZNF578,homo_sapiens
1587,ENSG00000258724,1,17,3,21,CTD-2135J3.4,homo_sapiens
,ENSMUSG00000063060,1,16,2,19,Sox7,mus_musculus
,ENSXETG00000032706,1,14,1,16,0,xenopus_tropicalis
,FBgn0005613,1,7,1,9,Sox15,drosophila_melanogaster
1589,ENSG00000258873,1,2,2,5,DUXA,homo_sapiens
1594,ENSG00000260027,1,16,1,18,HOXB7,homo_sapiens
,ENSMUSG00000038721,1,15,1,17,Hoxb7,mus_musculus
,FBgn0260642,11,6,10,26,Antp,drosophila_melanogaster
1599,ENSG00000260428,1,11,1,13,SCX,homo_sapiens
,ENSMUSG00000034161,1,11,1,13,Scx,mus_musculus
,ENSXETG00000005692,1,11,1,13,scx,xenopus_tropicalis
,FBgn0053557,1,5,1,7,CG33557,drosophila_melanogaster
1601,ENSG00000260596,4,2,8,14,DUX4,homo_sapiens
,ENSMUSG00000058537,2,6,2,10,AW822073,mus_musculus
,ENSMUSG00000075046,2,6,2,10,Duxf3,mus_musculus
1605,ENSG00000261221,2,1,21,24,ZNF865,homo_sapiens
,ENSMUSG00000074405,3,1,31,35,Zfp865,mus_musculus
,ENSXETG00000019138,1,1,21,23,znf865,xenopus_tropicalis
1608,ENSG00000261459,0,7,0,7,AC002310.11,homo_sapiens
,ENSMUSG00000030823,2,6,14,22,9130019O22Rik,mus_musculus
,ENSMUSG00000045757,1,6,10,17,Zfp764,mus_musculus
,ENSMUSG00000054381,2,6,10,18,Zfp747,mus_musculus
,ENSMUSG00000078580,3,6,12,21,E430018J23Rik,mus_musculus
1610,ENSG00000261678,1,5,4,10,SCRT1,homo_sapiens
,ENSMUSG00000048385,2,5,8,15,Scrt1,mus_musculus
,FBgn0035144,1,7,4,12,Kah,drosophila_melanogaster
,WBGene00000468,1,3,4,8,ces-1,caenorhabditis_elegans
,WBGene00016948,1,3,3,7,scrt-1,caenorhabditis_elegans
1613,ENSG00000261787,1,4,1,6,TCF24,homo_sapiens
,ENSMUSG00000099032,2,4,0,6,Tcf24,mus_musculus
,FBgn0022740,1,1,1,3,HLH54F,drosophila_melanogaster
1615,ENSG00000261992,1,1,1,3,GATAD2B,homo_sapiens
1627,ENSG00000263001,6,2,25,33,GTF2I,homo_sapiens
,ENSMUSG00000060261,15,2,67,84,Gtf2i,mus_musculus
,ENSXETG00000018435,3,2,11,16,gtf2i,xenopus_tropicalis
1628,ENSG00000263002,2,22,40,64,ZNF234,homo_sapiens
,FBgn0030005,1,1,6,8,CG2120,drosophila_melanogaster
1629,ENSG00000263141,2,1,0,3,PAXBP1,homo_sapiens
1632,ENSG00000263310,4,1,24,29,SALL3,homo_sapiens
1635,ENSG00000264668,1,3,0,4,RP13-582O9.6,homo_sapiens
,ENSMUSG00000047003,3,1,10,10,Zfp41,mus_musculus
,ENSXETG00000027735,1,1,6,8,znf41,xenopus_tropicalis
1636,ENSG00000265763,2,2,4,8,ZNF488,homo_sapiens
,ENSMUSG00000044519,1,2,2,5,Zfp488,mus_musculus
,ENSXETG00000021533,1,1,2,4,prdm8,xenopus_tropicalis
,FBgn0035643,2,1,4,7,CG13287,drosophila_melanogaster
1638,ENSG00000266265,1,15,3,19,KLF14,homo_sapiens
,ENSMUSG00000073209,1,15,3,19,Klf14,mus_musculus
,FBgn0043364,3,4,9,16,cbt,drosophila_melanogaster
,WBGene00012735,1,2,3,6,sptf-3,caenorhabditis_elegans
1639,ENSG00000267022,0,22,0,22,AC084219.2,homo_sapiens
,FBgn0030005,1,1,6,8,CG2120,drosophila_melanogaster
1640,ENSG00000267041,3,16,66,86,ZNF850,homo_sapiens
,ENSMUSG00000058402,2,14,38,54,Zfp420,mus_musculus
1641,ENSG00000267179,2,38,10,50,CTD-2006C1.13,homo_sapiens
,WBGene00021931,1,1,11,13,Y55F3AM.14,caenorhabditis_elegans
1642,ENSG00000267281,1,4,2,7,RP11-793H13.10,homo_sapiens
,ENSMUSG00000052414,0,4,0,4,Gm28047,mus_musculus
,ENSMUSG00000099083,9,4,11,24,Atf7,mus_musculus
,ENSXETG00000012641,1,4,3,8,atf7,xenopus_tropicalis
1643,ENSG00000267508,4,22,36,62,ZNF285,homo_sapiens
,FBgn0030005,1,1,6,8,CG2120,drosophila_melanogaster
1644,ENSG00000267680,4,22,22,48,ZNF224,homo_sapiens
,FBgn0030005,1,1,6,8,CG2120,drosophila_melanogaster
1653,ENSG00000268738,1,4,0,5,HSFX2,homo_sapiens
1656,ENSG00000269067,2,49,15,66,ZNF728,homo_sapiens
,ENSMUSG00000030446,2,23,32,57,Zfp273,mus_musculus
,ENSMUSG00000048280,5,23,31,59,Zfp738,mus_musculus
,ENSMUSG00000051037,2,23,25,50,Zfp455,mus_musculus
,ENSMUSG00000052909,1,23,10,34,Gm9894,mus_musculus
,ENSMUSG00000055341,1,23,19,43,Zfp457,mus_musculus
,ENSMUSG00000055480,1,23,24,25,Zfp458,mus_musculus
,ENSMUSG00000055560,1,23,5,24,Zfp459,mus_musculus
,ENSMUSG00000057842,3,23,60,86,Zfp595,mus_musculus
,ENSMUSG00000058331,2,23,30,55,Zfp85,mus_musculus
,ENSMUSG00000058883,2,23,34,59,Zfp708,mus_musculus
,ENSMUSG00000058900,1,23,13,37,Rsl1,mus_musculus
,ENSMUSG00000059839,1,23,13,37,Zfp874b,mus_musculus
,ENSMUSG00000069184,1,23,15,39,Zfp72,mus_musculus
,ENSMUSG00000069206,2,23,13,38,Zfp874a,mus_musculus
,ENSMUSG00000071281,3,23,32,58,Zfp65,mus_musculus
,ENSMUSG00000071291,4,23,43,70,Zfp58,mus_musculus
,ENSMUSG00000074824,1,23,11,35,Rslcan18,mus_musculus
,ENSMUSG00000078994,2,23,14,39,Zfp429,mus_musculus
,ENSMUSG00000078995,2,23,13,38,Zfp456,mus_musculus
,ENSMUSG00000090659,2,23,13,38,Zfp493,mus_musculus
,ENSMUSG00000097333,3,23,19,45,Zfp87,mus_musculus
,ENSMUSG00000098905,1,23,9,33,Zfp953,mus_musculus
,ENSMUSG00000100235,1,23,17,41,Gm28557,mus_musculus
1660,ENSG00000269343,3,34,33,70,ZNF587B,homo_sapiens
1661,ENSG00000269404,6,4,2,12,SPIB,homo_sapiens
,ENSMUSG00000008193,3,3,3,9,Spib,mus_musculus
,ENSXETG00000009034,1,2,1,4,spib,xenopus_tropicalis
1667,ENSG00000269693,0,1,0,1,CTD-2192J16.20,homo_sapiens
,ENSMUSG00000060630,1,4,10,15,Zfp735,mus_musculus
,ENSMUSG00000091474,2,4,18,24,2610021A01Rik,mus_musculus
,ENSMUSG00000092416,2,4,13,19,Zfp141,mus_musculus
,ENSMUSG00000094429,1,4,10,15,Gm19965,mus_musculus
1668,ENSG00000269699,5,7,24,36,ZIM2,homo_sapiens
1672,ENSG00000270011,5,8,22,35,ZNF559-ZNF177,homo_sapiens
1678,ENSG00000272602,4,49,55,108,ZNF595,homo_sapiens
,ENSMUSG00000030446,2,23,32,57,Zfp273,mus_musculus
,ENSMUSG00000048280,5,23,31,59,Zfp738,mus_musculus
,ENSMUSG00000051037,2,23,25,50,Zfp455,mus_musculus
,ENSMUSG00000052909,1,23,10,34,Gm9894,mus_musculus
,ENSMUSG00000055341,1,23,19,43,Zfp457,mus_musculus
,ENSMUSG00000055480,1,23,24,25,Zfp458,mus_musculus
,ENSMUSG00000055560,1,23,5,24,Zfp459,mus_musculus
,ENSMUSG00000057842,3,23,60,86,Zfp595,mus_musculus
,ENSMUSG00000058331,2,23,30,55,Zfp85,mus_musculus
,ENSMUSG00000058883,2,23,34,59,Zfp708,mus_musculus
,ENSMUSG00000058900,1,23,13,37,Rsl1,mus_musculus
,ENSMUSG00000059839,1,23,13,37,Zfp874b,mus_musculus
,ENSMUSG00000069184,1,23,15,39,Zfp72,mus_musculus
,ENSMUSG00000069206,2,23,13,38,Zfp874a,mus_musculus
,ENSMUSG00000071281,3,23,32,58,Zfp65,mus_musculus
,ENSMUSG00000071291,4,23,43,70,Zfp58,mus_musculus
,ENSMUSG00000074824,1,23,11,35,Rslcan18,mus_musculus
,ENSMUSG00000078994,2,23,14,39,Zfp429,mus_musculus
,ENSMUSG00000078995,2,23,13,38,Zfp456,mus_musculus
,ENSMUSG00000090659,2,23,13,38,Zfp493,mus_musculus
,ENSMUSG00000097333,3,23,19,45,Zfp87,mus_musculus
,ENSMUSG00000098905,1,23,9,33,Zfp953,mus_musculus
,ENSMUSG00000100235,1,23,17,41,Gm28557,mus_musculus
1681,ENSG00000273049,1,16,1,18,RP11-834C11.12,homo_sapiens
,ENSMUSG00000022485,1,15,1,17,Hoxc5,mus_musculus
,ENSXETG00000025183,2,14,2,18,hoxc5,xenopus_tropicalis
,WBGene00003024,2,1,2,5,lin-39,caenorhabditis_elegans
1684,ENSG00000273274,1,16,3,20,ZBTB8B,homo_sapiens
,ENSMUSG00000048485,2,15,6,23,Zbtb8b,mus_musculus
,ENSXETG00000003914,2,17,5,24,zbtb8b,xenopus_tropicalis
,WBGene00016154,1,1,5,7,C27A12.2,caenorhabditis_elegans
1687,ENSG00000005339,6,6,13,25,CREBBP,homo_sapiens
,ENSMUSG00000022521,6,6,13,25,Crebbp,mus_musculus
,ENSXETG00000010317,1,6,9,16,crebbp,xenopus_tropicalis
,FBgn0050417,1,5,2,8,CG30417,drosophila_melanogaster
,WBGene00000366,3,6,15,24,cbp-1,caenorhabditis_elegans
,WBGene00009595,3,6,3,12,F40F12.7,caenorhabditis_elegans
,WBGene00010545,2,6,4,12,cbp-2,caenorhabditis_elegans
1688,ENSG00000005483,10,2,12,24,KMT2E,homo_sapiens
,ENSMUSG00000029004,3,2,4,9,Kmt2e,mus_musculus
,ENSXETG00000025679,2,2,6,10,kmt2e,xenopus_tropicalis
,WBGene00013106,1,4,0,5,set-26,caenorhabditis_elegans
,WBGene00017482,1,4,0,5,set-9,caenorhabditis_elegans
,WBGene00022203,0,4,0,5,Y73B3A.1,caenorhabditis_elegans
1689,ENSG00000008405,2,2,1,5,CRY1,homo_sapiens
,ENSMUSG00000020038,1,2,1,4,Cry1,mus_musculus
,ENSXETG00000016951,3,4,0,7,cry1,xenopus_tropicalis
,FBgn0016054,4,2,4,10,phr6-4,drosophila_melanogaster
1690,ENSG00000008838,17,1,0,18,MED24,homo_sapiens
,ENSMUSG00000017210,3,1,0,4,Med24,mus_musculus
,ENSXETG00000013814,1,1,0,2,med24,xenopus_tropicalis
,FBgn0035851,1,1,0,2,MED24,drosophila_melanogaster
1691,ENSG00000012048,24,1,30,55,BRCA1,homo_sapiens
,ENSMUSG00000017146,3,1,3,7,Brca1,mus_musculus
,ENSXETG00000024564,2,1,4,7,brca1,xenopus_tropicalis
1692,ENSG00000012822,13,3,0,16,CALCOCO1,homo_sapiens
,ENSMUSG00000023055,3,3,0,6,Calcoco1,mus_musculus
,ENSXETG00000031742,1,3,0,4,CALCOCO1,xenopus_tropicalis
1693,ENSG00000013561,13,5,15,33,RNF14,homo_sapiens
,ENSMUSG00000060450,3,5,5,13,Rnf14,mus_musculus
,ENSXETG00000025273,2,10,4,16,0,xenopus_tropicalis
,ENSXETG00000026146,1,10,2,13,0,xenopus_tropicalis
,ENSXETG00000026147,1,10,2,13,rnf14,xenopus_tropicalis
,ENSXETG00000027142,1,10,1,12,0,xenopus_tropicalis
,ENSXETG00000027144,2,10,4,16,0,xenopus_tropicalis
,ENSXETG00000032151,1,10,2,13,0,xenopus_tropicalis
,WBGene00018964,1,4,2,7,F56D2.2,caenorhabditis_elegans
,WBGene00018966,1,4,2,7,F56D2.5,caenorhabditis_elegans
1694,ENSG00000015153,5,2,3,10,YAF2,homo_sapiens
,ENSMUSG00000022634,1,2,1,4,Yaf2,mus_musculus
,ENSXETG00000006795,1,2,1,4,yaf2,xenopus_tropicalis
,FBgn0034763,2,1,2,5,RYBP,drosophila_melanogaster
1695,ENSG00000018408,8,2,4,13,WWTR1,homo_sapiens
,ENSMUSG00000027803,2,2,2,6,Wwtr1,mus_musculus
,ENSXETG00000016011,2,2,2,6,wwtr1,xenopus_tropicalis
,FBgn0034970,3,1,5,9,yki,drosophila_melanogaster
1696,ENSG00000020426,4,1,6,11,MNAT1,homo_sapiens
,ENSMUSG00000021103,2,1,4,7,Mnat1,mus_musculus
,ENSXETG00000016938,1,1,2,4,mnat1,xenopus_tropicalis
,FBgn0024956,1,1,1,2,Mat1,drosophila_melanogaster
,WBGene00018769,2,1,2,5,mnat-1,caenorhabditis_elegans
1697,ENSG00000022840,10,1,3,14,RNF10,homo_sapiens
,ENSMUSG00000041740,3,1,3,7,Rnf10,mus_musculus
,ENSXETG00000012226,2,1,2,5,rnf10,xenopus_tropicalis
,FBgn0035232,2,1,2,5,CG12099,drosophila_melanogaster
1698,ENSG00000028839,6,3,0,9,TBPL1,homo_sapiens
,ENSMUSG00000071359,2,3,0,5,Tbpl1,mus_musculus
,ENSXETG00000000116,1,3,0,4,tbpl1,xenopus_tropicalis
,FBgn0261793,6,3,0,9,Trf2,drosophila_melanogaster
,WBGene00006577,2,2,0,4,tlf-1,caenorhabditis_elegans
1699,ENSG00000035928,5,1,3,9,RFC1,homo_sapiens
,ENSMUSG00000029191,5,1,4,10,Rfc1,mus_musculus
,ENSXETG00000012866,2,1,5,8,rfc1,xenopus_tropicalis
,FBgn0004913,2,1,2,5,Gnf1,drosophila_melanogaster
,WBGene00004337,1,1,0,2,rfc-1,caenorhabditis_elegans
1700,ENSG00000042429,4,1,0,5,MED17,homo_sapiens
,ENSMUSG00000031935,1,1,0,2,Med17,mus_musculus
,ENSXETG00000017118,1,1,0,2,med17,xenopus_tropicalis
,FBgn0038578,1,1,0,2,MED17,drosophila_melanogaster
,WBGene00007017,6,1,0,7,mdt-17,caenorhabditis_elegans
1701,ENSG00000054118,3,3,0,6,THRAP3,homo_sapiens
,ENSMUSG00000043962,0,3,0,3,Thrap3,mus_musculus
,ENSXETG00000003925,1,3,3,7,thrap3,xenopus_tropicalis
1702,ENSG00000060339,10,2,6,18,CCAR1,homo_sapiens
,ENSMUSG00000020074,1,2,1,4,Ccar1,mus_musculus
,ENSXETG00000008844,1,1,5,7,ccar1,xenopus_tropicalis
,WBGene00003085,3,1,0,4,lst-3,caenorhabditis_elegans
1703,ENSG00000061337,4,4,0,8,LZTS1,homo_sapiens
,ENSMUSG00000036306,2,4,0,6,Lzts1,mus_musculus
,ENSXETG00000016474,2,4,0,2,lzts1,xenopus_tropicalis
,FBgn0030077,3,1,0,4,CG15365,drosophila_melanogaster
1704,ENSG00000063438,9,2,8,19,AHRR,homo_sapiens
,ENSMUSG00000021575,2,2,3,7,Ahrr,mus_musculus
,ENSXETG00000006186,1,2,1,4,ahrr,xenopus_tropicalis
,FBgn0003513,3,1,9,13,ss,drosophila_melanogaster
,WBGene00000096,2,1,3,6,ahr-1,caenorhabditis_elegans
1705,ENSG00000063978,0,1,4,16,RNF4,homo_sapiens
,ENSMUSG00000029110,4,1,3,8,Rnf4,mus_musculus
,ENSXETG00000025752,2,1,2,4,rnf4,xenopus_tropicalis
1706,ENSG00000064393,3,10,3,16,HIPK2,homo_sapiens
,ENSMUSG00000061436,4,9,4,17,Hipk2,mus_musculus
,ENSXETG00000014419,1,7,1,9,hipk2,xenopus_tropicalis
,FBgn0035142,3,4,2,6,hipk,drosophila_melanogaster
,WBGene00001994,4,5,4,12,hpk-1,caenorhabditis_elegans
1707,ENSG00000064655,6,4,0,10,EYA2,homo_sapiens
,ENSMUSG00000017897,2,4,0,6,Eya2,mus_musculus
,ENSXETG00000003474,1,4,0,1,eya2,xenopus_tropicalis
,FBgn0000320,3,1,0,4,eya,drosophila_melanogaster
,WBGene00001377,2,1,0,3,eya-1,caenorhabditis_elegans
1708,ENSG00000064703,2,4,3,9,DDX20,homo_sapiens
,ENSMUSG00000027905,1,6,3,10,Ddx20,mus_musculus
,ENSXETG00000013568,1,4,3,8,ddx20,xenopus_tropicalis
,FBgn0011802,2,3,6,11,Gem3,drosophila_melanogaster
,WBGene00020284,4,5,8,17,mel-46,caenorhabditis_elegans
1709,ENSG00000064995,2,1,0,3,TAF11,homo_sapiens
,ENSXETG00000030212,1,1,0,2,taf11,xenopus_tropicalis
,FBgn0011291,1,1,0,2,Taf11,drosophila_melanogaster
,WBGene00006393,2,3,0,5,taf-11.1,caenorhabditis_elegans
,WBGene00006394,1,3,0,4,taf-11.2,caenorhabditis_elegans
,WBGene00006395,1,3,0,4,taf-11.3,caenorhabditis_elegans
1710,ENSG00000065526,3,3,8,14,SPEN,homo_sapiens
,ENSMUSG00000040761,2,3,10,15,Spen,mus_musculus
,ENSXETG00000023114,1,3,0,11,SPEN,xenopus_tropicalis
,FBgn0016977,8,2,32,42,spen,drosophila_melanogaster
1711,ENSG00000065717,11,6,29,46,TLE2,homo_sapiens
,ENSMUSG00000034771,8,7,19,34,Tle2,mus_musculus
,FBgn0001139,10,1,50,61,gro,drosophila_melanogaster
1712,ENSG00000067560,4,12,3,19,RHOA,homo_sapiens
,ENSMUSG00000036463,1,12,1,14,4930544G11Rik,mus_musculus
,ENSXETG00000005934,1,10,0,11,rhoa,xenopus_tropicalis
,FBgn0014020,6,4,6,16,Rho1,drosophila_melanogaster
,WBGene00004357,1,1,1,2,rho-1,caenorhabditis_elegans
1713,ENSG00000069399,2,6,12,20,BCL3,homo_sapiens
,ENSMUSG00000053175,2,6,8,16,Bcl3,mus_musculus
,ENSXETG00000030363,1,6,6,13,BCL3,xenopus_tropicalis
1714,ENSG00000070061,2,1,0,3,IKBKAP,homo_sapiens
,ENSMUSG00000028431,1,1,0,2,Ikbkap,mus_musculus
,ENSXETG00000009534,1,1,0,2,ikbkap,xenopus_tropicalis
,FBgn0037926,3,1,0,4,Elp1,drosophila_melanogaster
,WBGene00022463,1,1,0,2,elpc-1,caenorhabditis_elegans
1715,ENSG00000071282,5,7,11,23,LMCD1,homo_sapiens
,ENSMUSG00000057604,1,9,3,13,Lmcd1,mus_musculus
,ENSXETG00000015748,2,6,2,10,lmcd1,xenopus_tropicalis
,FBgn0034223,1,3,4,8,Tes,drosophila_melanogaster
,WBGene00015217,1,2,4,7,tes-1,caenorhabditis_elegans
1716,ENSG00000071794,5,1,15,21,HLTF,homo_sapiens
,ENSMUSG00000002428,1,1,3,5,Hltf,mus_musculus
,ENSXETG00000029917,2,1,3,6,HLTF,xenopus_tropicalis
1717,ENSG00000074319,2,1,4,7,TSG101,homo_sapiens
,ENSMUSG00000014402,3,1,4,8,Tsg101,mus_musculus
,ENSXETG00000014566,1,1,0,2,tsg101,xenopus_tropicalis
,FBgn0036666,1,1,2,4,TSG101,drosophila_melanogaster
,WBGene00015658,1,1,2,4,tsg-101,caenorhabditis_elegans
1718,ENSG00000074800,3,2,0,5,ENO1,homo_sapiens
,ENSMUSG00000063524,5,2,0,7,Eno1,mus_musculus
,ENSXETG00000011897,2,1,0,3,eno1,xenopus_tropicalis
,FBgn0000579,6,1,0,7,Eno,drosophila_melanogaster
1719,ENSG00000077080,2,5,0,7,ACTL6B,homo_sapiens
,ENSMUSG00000029712,5,6,0,11,Actl6b,mus_musculus
,FBgn0025716,1,2,0,3,Bap55,drosophila_melanogaster
,WBGene00022774,2,2,0,4,swsn-6,caenorhabditis_elegans
1720,ENSG00000078699,8,4,14,26,CBFA2T2,homo_sapiens
,ENSMUSG00000038533,6,4,8,18,Cbfa2t2,mus_musculus
,ENSXETG00000021431,2,4,4,10,cbfa2t2,xenopus_tropicalis
,FBgn0005636,4,2,8,14,nvy,drosophila_melanogaster
1721,ENSG00000080603,4,4,6,14,SRCAP,homo_sapiens
,ENSMUSG00000053877,8,3,15,26,Srcap,mus_musculus
,ENSMUSG00000107023,0,3,0,3,Gm42715,mus_musculus
,ENSXETG00000018840,1,4,7,12,0,xenopus_tropicalis
,FBgn0020306,4,1,15,20,dom,drosophila_melanogaster
,WBGene00007027,4,1,9,14,ssl-1,caenorhabditis_elegans
1722,ENSG00000080839,3,3,0,6,RBL1,homo_sapiens
,ENSMUSG00000027641,1,3,0,4,Rbl1,mus_musculus
,ENSXETG00000007414,2,4,0,6,rbl1,xenopus_tropicalis
,FBgn0015799,1,2,0,3,Rbf,drosophila_melanogaster
,FBgn0038390,1,2,0,1,Rbf2,drosophila_melanogaster
,WBGene00003020,1,1,0,2,lin-35,caenorhabditis_elegans
1723,ENSG00000083544,6,2,10,18,TDRD3,homo_sapiens
,ENSMUSG00000022019,5,2,7,14,Tdrd3,mus_musculus
,ENSXETG00000012815,2,2,2,6,tdrd3,xenopus_tropicalis
,FBgn0036450,1,1,2,4,Tdrd3,drosophila_melanogaster
,WBGene00021748,1,2,1,4,Y50D4C.3,caenorhabditis_elegans
1724,ENSG00000084676,6,3,10,19,NCOA1,homo_sapiens
,ENSMUSG00000020647,1,3,2,6,Ncoa1,mus_musculus
,ENSXETG00000021173,1,3,3,7,ncoa1,xenopus_tropicalis
1725,ENSG00000085721,5,1,0,6,RRN3,homo_sapiens
,ENSMUSG00000022682,1,1,0,2,Rrn3,mus_musculus
,ENSXETG00000005536,1,1,0,2,rrn3,xenopus_tropicalis
,FBgn0032988,1,1,0,2,Tif-IA,drosophila_melanogaster
,WBGene00007980,2,1,0,3,C36E8.1,caenorhabditis_elegans
1726,ENSG00000087077,4,11,6,21,TRIP6,homo_sapiens
,ENSMUSG00000023348,2,11,3,16,Trip6,mus_musculus
,FBgn0011642,5,4,15,24,Zyx,drosophila_melanogaster
,WBGene00006999,7,2,21,30,zyx-1,caenorhabditis_elegans
1727,ENSG00000087095,2,6,1,9,NLK,homo_sapiens
,ENSMUSG00000017376,2,6,1,9,Nlk,mus_musculus
,ENSXETG00000012503,3,7,5,15,nlk,xenopus_tropicalis
,FBgn0011817,7,2,6,16,nmo,drosophila_melanogaster
,WBGene00003048,6,5,6,17,lit-1,caenorhabditis_elegans
1728,ENSG00000087152,7,2,5,14,ATXN7L3,homo_sapiens
,ENSMUSG00000059995,5,2,5,12,Atxn7l3,mus_musculus
,ENSXETG00000027265,1,1,0,1,atxn7l3,xenopus_tropicalis
,FBgn0036804,1,1,0,2,Sgf11,drosophila_melanogaster
1729,ENSG00000087206,7,1,4,12,UIMC1,homo_sapiens
,ENSMUSG00000025878,3,1,3,7,Uimc1,mus_musculus
,ENSXETG00000003513,3,1,5,9,sh2d4b,xenopus_tropicalis
1730,ENSG00000087842,2,1,0,3,PIR,homo_sapiens
,ENSMUSG00000031379,2,1,0,3,Pir,mus_musculus
,ENSXETG00000022439,1,1,0,2,pir,xenopus_tropicalis
1731,ENSG00000088038,6,1,0,7,CNOT3,homo_sapiens
,ENSMUSG00000035632,4,1,0,5,Cnot3,mus_musculus
,ENSXETG00000003166,2,1,3,6,cnot3,xenopus_tropicalis
,FBgn0033029,2,1,0,3,Not3,drosophila_melanogaster
,WBGene00003826,4,1,0,5,ntl-3,caenorhabditis_elegans
1732,ENSG00000088305,6,4,18,28,DNMT3B,homo_sapiens
,ENSMUSG00000027478,10,3,27,43,Dnmt3b,mus_musculus
1733,ENSG00000092377,3,4,24,31,TBL1Y,homo_sapiens
,ENSMUSG00000025246,1,3,8,12,Tbl1x,mus_musculus
,ENSXETG00000015786,2,3,13,18,tbl1x,xenopus_tropicalis
,FBgn0263933,1,2,8,11,ebi,drosophila_melanogaster
1734,ENSG00000095564,2,3,4,9,BTAF1,homo_sapiens
,ENSMUSG00000040565,1,3,2,6,Btaf1,mus_musculus
,ENSXETG00000004491,1,5,0,6,0,xenopus_tropicalis
,ENSXETG00000012188,1,5,3,9,btaf1,xenopus_tropicalis
,FBgn0022787,2,2,4,8,Hel89B,drosophila_melanogaster
1735,ENSG00000097007,3,13,6,22,ABL1,homo_sapiens
,ENSMUSG00000026842,4,13,7,24,Abl1,mus_musculus
,ENSXETG00000001464,1,13,3,17,abl1,xenopus_tropicalis
,FBgn0000017,10,3,30,43,Abl,drosophila_melanogaster
,WBGene00000018,3,3,9,15,abl-1,caenorhabditis_elegans
1736,ENSG00000099917,14,1,0,15,MED15,homo_sapiens
,ENSMUSG00000012114,2,1,0,3,Med15,mus_musculus
,ENSXETG00000004253,1,1,1,3,med15,xenopus_tropicalis
,FBgn0027592,1,1,0,2,MED15,drosophila_melanogaster
1737,ENSG00000100084,2,1,8,11,HIRA,homo_sapiens
,ENSMUSG00000022702,2,1,8,11,Hira,mus_musculus
,ENSXETG00000018598,1,1,4,6,hira,xenopus_tropicalis
,FBgn0022786,1,1,4,6,Hira,drosophila_melanogaster
,WBGene00019627,2,1,6,8,K10D2.1,caenorhabditis_elegans
1738,ENSG00000100201,2,5,6,13,DDX17,homo_sapiens
,ENSMUSG00000055065,1,4,3,8,Ddx17,mus_musculus
,ENSXETG00000006900,1,4,4,9,ddx17,xenopus_tropicalis
,FBgn0003261,12,6,36,54,Rm62,drosophila_melanogaster
,FBgn0029979,2,6,6,14,CG10777,drosophila_melanogaster
,FBgn0035720,3,6,9,18,CG10077,drosophila_melanogaster
,WBGene00010260,5,3,15,23,ddx-17,caenorhabditis_elegans
1739,ENSG00000100207,4,2,0,6,TCF20,homo_sapiens
,ENSMUSG00000041852,2,3,0,5,Tcf20,mus_musculus
,ENSXETG00000013417,1,2,2,5,tcf20,xenopus_tropicalis
,FBgn0034300,4,1,0,5,CG5098,drosophila_melanogaster
1740,ENSG00000100320,12,3,12,27,RBFOX2,homo_sapiens
,ENSMUSG00000033565,4,3,4,11,Rbfox2,mus_musculus
,ENSXETG00000000231,2,2,3,7,rbfox2,xenopus_tropicalis
,FBgn0052062,8,1,8,17,A2bp1,drosophila_melanogaster
,WBGene00001484,1,3,1,5,fox-1,caenorhabditis_elegans
,WBGene00004984,2,3,2,7,spn-4,caenorhabditis_elegans
,WBGene00011279,5,3,5,13,asd-1,caenorhabditis_elegans
1741,ENSG00000100393,3,6,7,16,EP300,homo_sapiens
,ENSMUSG00000055024,4,6,7,17,Ep300,mus_musculus
,ENSXETG00000022974,1,6,11,18,EP300,xenopus_tropicalis
,FBgn0050417,1,5,2,8,CG30417,drosophila_melanogaster
,WBGene00000366,3,6,15,24,cbp-1,caenorhabditis_elegans
,WBGene00009595,3,6,3,12,F40F12.7,caenorhabditis_elegans
,WBGene00010545,2,6,4,12,cbp-2,caenorhabditis_elegans
1742,ENSG00000100395,2,10,6,18,L3MBTL2,homo_sapiens
,ENSMUSG00000022394,4,10,16,30,L3mbtl2,mus_musculus
,ENSXETG00000022981,1,9,4,14,l3mbtl2,xenopus_tropicalis
1743,ENSG00000100410,1,1,0,2,PHF5A,homo_sapiens
,ENSMUSG00000061360,1,1,0,2,Phf5a,mus_musculus
,ENSXETG00000006893,2,1,0,3,phf5a,xenopus_tropicalis
,FBgn0031822,1,1,0,2,CG9548,drosophila_melanogaster
,WBGene00004016,1,1,0,2,phf-5,caenorhabditis_elegans
1744,ENSG00000100603,4,1,0,5,SNW1,homo_sapiens
,ENSMUSG00000021039,1,1,0,2,Snw1,mus_musculus
,ENSXETG00000011087,1,1,0,2,snw1,xenopus_tropicalis
,FBgn0004856,2,1,0,3,Bx42,drosophila_melanogaster
,WBGene00004806,1,1,0,2,skp-1,caenorhabditis_elegans
1745,ENSG00000100815,3,1,2,6,TRIP11,homo_sapiens
,ENSMUSG00000021188,4,1,2,7,Trip11,mus_musculus
,ENSXETG00000027050,1,2,0,3,TRIP11,xenopus_tropicalis
,FBgn0027287,3,1,3,7,Gmap,drosophila_melanogaster
,WBGene00013730,1,1,0,2,sql-1,caenorhabditis_elegans
1746,ENSG00000100823,13,2,10,25,APEX1,homo_sapiens
,ENSMUSG00000035960,4,2,3,9,Apex1,mus_musculus
,ENSXETG00000024773,1,2,0,3,apex1,xenopus_tropicalis
,FBgn0004584,2,1,2,5,Rrp1,drosophila_melanogaster
,WBGene00001372,3,1,2,6,exo-3,caenorhabditis_elegans
1747,ENSG00000100906,4,6,11,21,NFKBIA,homo_sapiens
,ENSMUSG00000021025,1,6,4,11,Nfkbia,mus_musculus
,ENSXETG00000017950,1,6,4,11,nfkbia,xenopus_tropicalis
,FBgn0000250,5,1,25,31,cact,drosophila_melanogaster
1748,ENSG00000101161,1,1,2,4,PRPF6,homo_sapiens
,ENSMUSG00000002455,3,1,4,8,Prpf6,mus_musculus
,ENSXETG00000012054,2,1,2,5,prpf6,xenopus_tropicalis
,FBgn0036828,2,1,4,7,CG6841,drosophila_melanogaster
,WBGene00013343,1,1,4,6,prp-6,caenorhabditis_elegans
1749,ENSG00000101255,4,4,3,11,TRIB3,homo_sapiens
,ENSMUSG00000032715,1,4,1,6,Trib3,mus_musculus
,FBgn0028978,1,1,1,3,trbl,drosophila_melanogaster
,WBGene00010700,1,1,1,3,nipi-3,caenorhabditis_elegans
1750,ENSG00000101577,3,3,0,6,LPIN2,homo_sapiens
,ENSMUSG00000024052,3,3,0,6,Lpin2,mus_musculus
,ENSXETG00000001617,2,3,0,5,lpin2,xenopus_tropicalis
,FBgn0263593,11,1,0,12,Lpin,drosophila_melanogaster
,WBGene00010425,1,1,0,2,lpin-1,caenorhabditis_elegans
1751,ENSG00000101773,13,2,0,15,RBBP8,homo_sapiens
,ENSMUSG00000041238,2,2,0,4,Rbbp8,mus_musculus
,ENSXETG00000031362,1,2,0,3,rbbp8,xenopus_tropicalis
1752,ENSG00000102054,8,3,28,39,RBBP7,homo_sapiens
,ENSMUSG00000031353,5,3,22,25,Rbbp7,mus_musculus
,ENSXETG00000026983,1,3,6,10,rbbp7,xenopus_tropicalis
1753,ENSG00000102103,8,1,8,17,PQBP1,homo_sapiens
,ENSMUSG00000031157,5,1,5,11,Pqbp1,mus_musculus
,WBGene00020295,1,2,0,3,pqbp-1.2,caenorhabditis_elegans
,WBGene00020647,1,2,1,4,pqbp-1.1,caenorhabditis_elegans
1754,ENSG00000102243,3,1,0,4,VGLL1,homo_sapiens
,ENSMUSG00000031131,4,1,0,5,Vgll1,mus_musculus
,ENSXETG00000019748,1,1,0,2,vgll1,xenopus_tropicalis
1755,ENSG00000102387,3,2,0,5,TAF7L,homo_sapiens
,ENSMUSG00000009596,2,3,0,5,Taf7l,mus_musculus
,ENSMUSG00000074734,1,3,0,4,4933416C03Rik,mus_musculus
,FBgn0024909,2,1,0,3,Taf7,drosophila_melanogaster
,WBGene00006388,1,2,0,3,taf-7.1,caenorhabditis_elegans
,WBGene00006389,1,2,0,3,taf-7.2,caenorhabditis_elegans
1756,ENSG00000102931,3,1,0,4,ARL2BP,homo_sapiens
,ENSMUSG00000031776,2,1,0,3,Arl2bp,mus_musculus
,ENSXETG00000018410,1,1,0,2,arl2bp,xenopus_tropicalis
1757,ENSG00000103168,9,1,0,10,TAF1C,homo_sapiens
,ENSMUSG00000031832,1,1,0,2,Taf1c,mus_musculus
,ENSXETG00000031615,1,1,0,2,TAF1C,xenopus_tropicalis
1758,ENSG00000103275,10,1,9,20,UBE2I,homo_sapiens
,ENSMUSG00000015120,12,1,10,23,Ube2i,mus_musculus
,ENSXETG00000004027,1,1,1,3,ube2i,xenopus_tropicalis
,FBgn0010602,4,1,4,9,lwr,drosophila_melanogaster
,WBGene00006706,1,2,1,4,ubc-9,caenorhabditis_elegans
1759,ENSG00000103316,6,1,0,1,CRYM,homo_sapiens
,ENSMUSG00000030905,1,1,0,2,Crym,mus_musculus
,ENSXETG00000016698,1,1,0,2,crym,xenopus_tropicalis
,FBgn0030799,1,1,0,2,CG4872,drosophila_melanogaster
1760,ENSG00000103363,5,1,5,11,TCEB2,homo_sapiens
,ENSMUSG00000055839,1,2,1,4,Tceb2,mus_musculus
,ENSXETG00000018362,1,1,1,3,tceb2,xenopus_tropicalis
,FBgn0023212,1,1,1,3,EloB,drosophila_melanogaster
,WBGene00001235,1,1,0,2,elb-1,caenorhabditis_elegans
1761,ENSG00000103479,4,3,0,7,RBL2,homo_sapiens
,ENSMUSG00000031666,1,3,0,4,Rbl2,mus_musculus
,ENSXETG00000000346,1,4,0,1,rbl2,xenopus_tropicalis
,FBgn0015799,1,2,0,3,Rbf,drosophila_melanogaster
,FBgn0038390,1,2,0,1,Rbf2,drosophila_melanogaster
,WBGene00003020,1,1,0,2,lin-35,caenorhabditis_elegans
1762,ENSG00000103671,3,1,0,4,TRIP4,homo_sapiens
,ENSMUSG00000032386,5,1,0,6,Trip4,mus_musculus
,ENSXETG00000010649,2,1,0,3,trip4,xenopus_tropicalis
,FBgn0031115,3,1,0,4,CG11710,drosophila_melanogaster
,WBGene00000208,1,1,0,2,asc-1,caenorhabditis_elegans
1763,ENSG00000104221,3,1,3,7,BRF2,homo_sapiens
,ENSMUSG00000031487,1,1,1,3,Brf2,mus_musculus
,ENSXETG00000034155,1,1,1,3,brf2,xenopus_tropicalis
1764,ENSG00000104313,7,0,0,4,EYA1,homo_sapiens
,ENSMUSG00000025932,8,4,0,12,Eya1,mus_musculus
,ENSXETG00000015955,2,4,0,6,eya1,xenopus_tropicalis
,FBgn0000320,3,1,0,4,eya,drosophila_melanogaster
,WBGene00001377,2,1,0,3,eya-1,caenorhabditis_elegans
1765,ENSG00000104825,5,6,22,33,NFKBIB,homo_sapiens
,ENSMUSG00000030595,3,6,13,22,Nfkbib,mus_musculus
,FBgn0000250,5,1,25,31,cact,drosophila_melanogaster
1766,ENSG00000104881,7,8,13,28,PPP1R13L,homo_sapiens
,ENSMUSG00000040734,4,8,4,16,Ppp1r13l,mus_musculus
,ENSXETG00000018235,1,9,6,16,ppp1r13l,xenopus_tropicalis
,FBgn0034606,3,3,12,18,ASPP,drosophila_melanogaster
,WBGene00000146,4,3,16,23,ape-1,caenorhabditis_elegans
1767,ENSG00000104884,6,1,6,12,ERCC2,homo_sapiens
,ENSMUSG00000030400,4,1,3,8,Ercc2,mus_musculus
,ENSXETG00000018229,2,1,2,5,ercc2,xenopus_tropicalis
,FBgn0261850,1,1,1,3,Xpd,drosophila_melanogaster
,WBGene00021759,1,2,1,4,Y50D7A.11,caenorhabditis_elegans
1768,ENSG00000104964,4,6,0,10,AES,homo_sapiens
,ENSXETG00000014365,1,4,0,5,aes,xenopus_tropicalis
,FBgn0001139,10,1,50,61,gro,drosophila_melanogaster
1769,ENSG00000104973,11,2,0,13,MED25,homo_sapiens
,ENSMUSG00000002968,8,2,0,10,Med25,mus_musculus
,ENSXETG00000000296,1,1,3,5,med25,xenopus_tropicalis
,FBgn0038760,1,2,0,3,MED25,drosophila_melanogaster
,FBgn0039170,1,2,0,3,CG13609,drosophila_melanogaster
1770,ENSG00000105085,6,2,4,12,MED26,homo_sapiens
,ENSMUSG00000045248,1,1,1,3,Med26,mus_musculus
,ENSXETG00000021451,1,1,0,2,med26,xenopus_tropicalis
,FBgn0039923,2,1,2,4,MED26,drosophila_melanogaster
1771,ENSG00000105173,5,11,0,16,CCNE1,homo_sapiens
,ENSMUSG00000002068,2,11,0,13,Ccne1,mus_musculus
,ENSXETG00000012929,1,25,0,26,ccne1,xenopus_tropicalis
,FBgn0010382,6,5,0,11,CycE,drosophila_melanogaster
,WBGene00000871,2,6,0,2,cye-1,caenorhabditis_elegans
1772,ENSG00000105176,8,1,0,9,URI1,homo_sapiens
,ENSMUSG00000030421,4,1,0,5,Uri1,mus_musculus
,ENSXETG00000012924,2,1,0,2,uri1,xenopus_tropicalis
1773,ENSG00000105204,7,10,6,23,DYRK1B,homo_sapiens
,ENSMUSG00000002409,3,9,3,15,Dyrk1b,mus_musculus
,ENSXETG00000032961,2,7,6,15,DYRK1B,xenopus_tropicalis
,FBgn0259168,5,4,5,14,mnb,drosophila_melanogaster
,WBGene00003149,1,5,1,7,mbk-1,caenorhabditis_elegans
1774,ENSG00000105329,2,9,2,13,TGFB1,homo_sapiens
,ENSMUSG00000002603,1,9,1,11,Tgfb1,mus_musculus
,ENSXETG00000018738,1,6,0,7,tgfb1,xenopus_tropicalis
,FBgn0031461,3,3,3,9,daw,drosophila_melanogaster
1775,ENSG00000105662,4,3,0,7,CRTC1,homo_sapiens
,ENSMUSG00000003575,1,3,0,4,Crtc1,mus_musculus
,ENSXETG00000011199,2,2,0,4,crtc1,xenopus_tropicalis
1776,ENSG00000106290,15,2,1,17,TAF6,homo_sapiens
,ENSMUSG00000036980,5,2,0,7,Taf6,mus_musculus
,ENSXETG00000004009,2,2,0,4,taf6,xenopus_tropicalis
,FBgn0010417,2,2,0,2,Taf6,drosophila_melanogaster
,FBgn0014342,3,2,0,5,mia,drosophila_melanogaster
,WBGene00006387,1,2,0,3,taf-6.1,caenorhabditis_elegans
,WBGene00021363,1,2,0,3,taf-6.2,caenorhabditis_elegans
1777,ENSG00000106624,4,8,2,14,AEBP1,homo_sapiens
,ENSMUSG00000020473,2,8,2,12,Aebp1,mus_musculus
,ENSXETG00000032698,1,8,6,15,AEBP1,xenopus_tropicalis
,FBgn0004648,11,2,0,13,svr,drosophila_melanogaster
,WBGene00001189,3,3,0,6,egl-21,caenorhabditis_elegans
,WBGene00012073,1,3,0,4,cpd-2,caenorhabditis_elegans
,WBGene00019074,1,3,0,4,cpd-1,caenorhabditis_elegans
1778,ENSG00000106829,12,6,20,38,TLE4,homo_sapiens
,ENSMUSG00000024642,2,7,10,19,Tle4,mus_musculus
,ENSXETG00000010266,2,4,10,16,tle4,xenopus_tropicalis
,WBGene00006773,2,1,8,11,unc-37,caenorhabditis_elegans
1779,ENSG00000107223,3,1,3,7,EDF1,homo_sapiens
,ENSMUSG00000015092,1,1,1,3,Edf1,mus_musculus
,ENSXETG00000003971,1,1,1,3,edf1,xenopus_tropicalis
,FBgn0262732,5,1,5,11,mbf1,drosophila_melanogaster
,WBGene00003148,1,1,1,2,mbf-1,caenorhabditis_elegans
1780,ENSG00000107438,1,4,2,7,PDLIM1,homo_sapiens
,ENSMUSG00000055044,2,4,3,9,Pdlim1,mus_musculus
,ENSXETG00000008826,1,3,2,6,pdlim1,xenopus_tropicalis
1781,ENSG00000107882,3,1,0,4,SUFU,homo_sapiens
,ENSMUSG00000025231,4,1,0,5,Sufu,mus_musculus
,ENSXETG00000015219,1,1,0,2,sufu,xenopus_tropicalis
,FBgn0005355,1,1,0,2,Su(fu),drosophila_melanogaster
1784,ENSG00000108510,2,2,0,4,MED13,homo_sapiens
,ENSMUSG00000034297,1,2,0,3,Med13,mus_musculus
,ENSXETG00000010728,1,2,0,3,med13,xenopus_tropicalis
,FBgn0003415,4,1,0,5,skd,drosophila_melanogaster
,WBGene00002295,1,1,0,2,let-19,caenorhabditis_elegans
1785,ENSG00000108561,4,1,0,5,C1QBP,homo_sapiens
,ENSMUSG00000018446,1,1,0,2,C1qbp,mus_musculus
,ENSXETG00000021363,1,1,0,2,c1qbp,xenopus_tropicalis
,FBgn0034259,1,1,0,2,P32,drosophila_melanogaster
,WBGene00010303,1,1,0,2,cri-3,caenorhabditis_elegans
1786,ENSG00000108590,3,1,0,4,MED31,homo_sapiens
,ENSMUSG00000020801,1,1,0,2,Med31,mus_musculus
,ENSXETG00000017618,1,1,0,2,med31,xenopus_tropicalis
,FBgn0037262,5,1,0,6,MED31,drosophila_melanogaster
,WBGene00007026,3,1,0,4,mdt-31,caenorhabditis_elegans
1787,ENSG00000108654,16,5,12,33,DDX5,homo_sapiens
,ENSMUSG00000020719,3,4,6,13,Ddx5,mus_musculus
,ENSXETG00000012580,1,4,3,8,ddx5,xenopus_tropicalis
,FBgn0003261,12,6,36,54,Rm62,drosophila_melanogaster
,FBgn0029979,2,6,6,14,CG10777,drosophila_melanogaster
,FBgn0035720,3,6,9,18,CG10077,drosophila_melanogaster
,WBGene00010260,5,3,15,23,ddx-17,caenorhabditis_elegans
1788,ENSG00000109118,9,1,9,19,PHF12,homo_sapiens
,ENSMUSG00000037791,3,1,5,9,Phf12,mus_musculus
,ENSXETG00000014345,1,1,3,5,phf12,xenopus_tropicalis
,FBgn0029861,1,1,3,5,CG3815,drosophila_melanogaster
1789,ENSG00000109819,5,3,2,10,PPARGC1A,homo_sapiens
,ENSMUSG00000029167,3,3,1,7,Ppargc1a,mus_musculus
,ENSXETG00000020468,1,3,2,6,ppargc1a,xenopus_tropicalis
,FBgn0037248,3,1,3,7,srl,drosophila_melanogaster
1790,ENSG00000109854,8,1,0,9,HTATIP2,homo_sapiens
,ENSMUSG00000039745,2,1,0,3,Htatip2,mus_musculus
,ENSXETG00000014192,1,1,0,2,htatip2,xenopus_tropicalis
,WBGene00050941,1,1,0,2,C33F10.14,caenorhabditis_elegans
1791,ENSG00000110315,3,1,3,7,RNF141,homo_sapiens
,ENSMUSG00000030788,7,1,4,12,Rnf141,mus_musculus
,ENSXETG00000008400,2,1,2,5,rnf141,xenopus_tropicalis
,WBGene00010028,1,1,1,3,F54B11.5,caenorhabditis_elegans
1792,ENSG00000110330,9,7,29,45,BIRC2,homo_sapiens
,ENSMUSG00000057367,3,9,10,22,Birc2,mus_musculus
,ENSXETG00000022183,1,8,5,14,birc2,xenopus_tropicalis
,FBgn0015247,2,2,8,12,Diap2,drosophila_melanogaster
,FBgn0260635,6,2,18,26,Diap1,drosophila_melanogaster
1793,ENSG00000110395,4,3,8,15,CBL,homo_sapiens
,ENSMUSG00000034342,7,3,12,22,Cbl,mus_musculus
,ENSXETG00000021588,1,2,3,6,cbl,xenopus_tropicalis
,FBgn0020224,2,1,3,6,Cbl,drosophila_melanogaster
,WBGene00004829,3,1,6,10,sli-1,caenorhabditis_elegans
1794,ENSG00000110422,5,10,4,19,HIPK3,homo_sapiens
,ENSMUSG00000027177,3,9,3,15,Hipk3,mus_musculus
,ENSXETG00000017947,2,7,4,13,hipk3,xenopus_tropicalis
,FBgn0035142,3,4,2,6,hipk,drosophila_melanogaster
,WBGene00001994,4,5,4,12,hpk-1,caenorhabditis_elegans
1795,ENSG00000110711,3,2,4,9,AIP,homo_sapiens
,ENSMUSG00000024847,3,2,4,9,Aip,mus_musculus
,ENSXETG00000017438,1,2,2,5,aip,xenopus_tropicalis
,FBgn0030345,2,1,4,7,CG1847,drosophila_melanogaster
,WBGene00016966,1,1,2,4,C56C10.10,caenorhabditis_elegans
1796,ENSG00000110777,2,1,0,3,POU2AF1,homo_sapiens
,ENSMUSG00000032053,1,1,0,2,Pou2af1,mus_musculus
,ENSXETG00000010155,1,1,0,2,pou2af1,xenopus_tropicalis
1797,ENSG00000110801,4,2,0,6,PSMD9,homo_sapiens
,ENSMUSG00000029440,3,1,0,4,Psmd9,mus_musculus
,ENSXETG00000003768,1,1,0,2,psmd9,xenopus_tropicalis
,FBgn0038166,1,1,0,2,CG9588,drosophila_melanogaster
,WBGene00016623,1,1,0,2,psmd-9,caenorhabditis_elegans
1798,ENSG00000111596,20,1,0,21,CNOT2,homo_sapiens
,ENSMUSG00000020166,7,1,0,8,Cnot2,mus_musculus
,ENSXETG00000011385,4,1,0,5,cnot2,xenopus_tropicalis
,FBgn0017550,3,3,0,6,Rga,drosophila_melanogaster
,FBgn0028852,1,3,0,4,CG15262,drosophila_melanogaster
,FBgn0035924,1,3,0,4,CG6576,drosophila_melanogaster
,WBGene00003825,10,2,0,12,ntl-2,caenorhabditis_elegans
,WBGene00006499,2,2,0,4,tag-153,caenorhabditis_elegans
1799,ENSG00000111676,2,5,0,7,ATN1,homo_sapiens
,ENSMUSG00000004263,2,6,0,8,Atn1,mus_musculus
,ENSMUSG00000107478,0,6,0,6,Atn1,mus_musculus
,ENSXETG00000023922,1,4,4,9,atn1,xenopus_tropicalis
,FBgn0010825,9,2,18,29,Gug,drosophila_melanogaster
1800,ENSG00000111727,2,8,3,13,HCFC2,homo_sapiens
,ENSMUSG00000020246,2,8,5,15,Hcfc2,mus_musculus
,ENSXETG00000019643,2,10,0,12,hcfc2,xenopus_tropicalis
,FBgn0039904,5,4,0,9,Hcf,drosophila_melanogaster
,WBGene00001827,1,3,2,6,hcf-1,caenorhabditis_elegans
1801,ENSG00000111802,2,1,0,3,TDP2,homo_sapiens
,ENSMUSG00000035958,1,1,0,2,Tdp2,mus_musculus
,ENSXETG00000014826,1,1,0,2,tdp2,xenopus_tropicalis
,WBGene00013405,1,1,0,2,tdpt-1,caenorhabditis_elegans
1802,ENSG00000111837,5,3,5,13,MAK,homo_sapiens
,ENSMUSG00000021363,3,3,3,9,Mak,mus_musculus
,ENSXETG00000001069,2,3,2,7,mak,xenopus_tropicalis
,FBgn0259712,2,1,2,5,CG42366,drosophila_melanogaster
,WBGene00001121,2,1,1,5,dyf-5,caenorhabditis_elegans
1803,ENSG00000111912,9,4,0,13,NCOA7,homo_sapiens
,ENSMUSG00000039697,2,4,0,6,Ncoa7,mus_musculus
,ENSXETG00000011699,1,4,0,5,ncoa7,xenopus_tropicalis
,FBgn0013576,24,2,0,26,mtd,drosophila_melanogaster
,WBGene00018700,5,2,0,7,lmd-3,caenorhabditis_elegans
1804,ENSG00000112214,3,15,11,29,FHL5,homo_sapiens
,ENSMUSG00000028259,2,14,8,24,Fhl5,mus_musculus
,ENSXETG00000001065,1,10,3,14,fhl5,xenopus_tropicalis
,FBgn0050178,1,7,3,11,CG30178,drosophila_melanogaster
,FBgn0051624,3,7,9,16,CG31624,drosophila_melanogaster
,FBgn0051988,2,7,6,15,CG31988,drosophila_melanogaster
,FBgn0085354,3,7,8,18,CG34325,drosophila_melanogaster
,WBGene00006407,7,5,41,53,lim-9,caenorhabditis_elegans
1805,ENSG00000112237,11,7,0,18,CCNC,homo_sapiens
,ENSMUSG00000028252,4,7,0,11,Ccnc,mus_musculus
,ENSXETG00000026026,1,7,0,8,ccnc,xenopus_tropicalis
,FBgn0004597,1,5,0,5,CycC,drosophila_melanogaster
,WBGene00000506,1,5,0,6,cic-1,caenorhabditis_elegans
1806,ENSG00000112282,6,1,0,1,MED23,homo_sapiens
,ENSMUSG00000019984,5,1,0,6,Med23,mus_musculus
,ENSXETG00000008243,1,1,0,2,med23,xenopus_tropicalis
,FBgn0034795,1,1,0,2,MED23,drosophila_melanogaster
,WBGene00006349,2,1,0,3,sur-2,caenorhabditis_elegans
1807,ENSG00000112312,6,1,0,7,GMNN,homo_sapiens
,ENSMUSG00000006715,4,1,0,5,Gmnn,mus_musculus
,ENSXETG00000014814,1,1,0,2,gmnn,xenopus_tropicalis
1808,ENSG00000112559,8,2,0,10,MDFI,homo_sapiens
,ENSMUSG00000032717,7,2,0,9,Mdfi,mus_musculus
1809,ENSG00000113300,4,6,12,22,CNOT6,homo_sapiens
,ENSMUSG00000020362,2,6,8,16,Cnot6,mus_musculus
,FBgn0011725,6,4,15,25,twin,drosophila_melanogaster
,WBGene00000376,6,3,16,25,ccr-4,caenorhabditis_elegans
1810,ENSG00000113645,6,3,5,11,WWC1,homo_sapiens
,ENSMUSG00000018849,1,2,2,5,Wwc1,mus_musculus
,ENSXETG00000016462,1,3,2,6,wwc1,xenopus_tropicalis
,FBgn0262127,2,1,4,7,kibra,drosophila_melanogaster
1811,ENSG00000113649,2,4,18,24,TCERG1,homo_sapiens
,ENSMUSG00000024498,1,4,9,14,Tcerg1,mus_musculus
,ENSXETG00000002324,3,4,24,31,tcerg1,xenopus_tropicalis
,FBgn0261641,7,2,42,51,CG42724,drosophila_melanogaster
,WBGene00022855,7,3,45,55,tcer-1,caenorhabditis_elegans
1812,ENSG00000114062,20,8,10,38,UBE3A,homo_sapiens
,ENSMUSG00000025326,11,7,5,23,Ube3a,mus_musculus
,ENSXETG00000024326,1,7,1,9,ube3a,xenopus_tropicalis
,FBgn0061469,1,4,1,6,Ube3a,drosophila_melanogaster
1813,ENSG00000115041,3,14,9,26,KCNIP3,homo_sapiens
,ENSMUSG00000079056,3,13,9,25,Kcnip3,mus_musculus
,ENSXETG00000004341,1,17,3,21,kcnip3,xenopus_tropicalis
,FBgn0039380,3,6,9,18,CG5890,drosophila_melanogaster
,FBgn0265595,6,6,15,30,CG44422,drosophila_melanogaster
,WBGene00008998,3,5,9,17,ncs-4,caenorhabditis_elegans
,WBGene00015867,1,5,3,9,ncs-7,caenorhabditis_elegans
1814,ENSG00000115289,2,7,2,11,PCGF1,homo_sapiens
,ENSMUSG00000069678,5,6,2,12,Pcgf1,mus_musculus
1815,ENSG00000115593,3,3,5,11,SMYD1,homo_sapiens
,ENSMUSG00000055027,6,3,6,15,Smyd1,mus_musculus
,ENSXETG00000001940,2,1,4,7,smyd1,xenopus_tropicalis
,FBgn0011566,1,1,1,3,Bzd,drosophila_melanogaster
,WBGene00009370,1,4,1,6,set-10,caenorhabditis_elegans
,WBGene00011068,1,4,1,6,set-14,caenorhabditis_elegans
,WBGene00022499,1,4,1,6,set-30,caenorhabditis_elegans
,WBGene00044070,2,4,2,8,set-18,caenorhabditis_elegans
1816,ENSG00000115641,10,15,28,53,FHL2,homo_sapiens
,ENSMUSG00000008136,3,14,8,25,Fhl2,mus_musculus
,ENSXETG00000002577,1,10,3,14,fhl2,xenopus_tropicalis
,FBgn0050178,1,7,3,11,CG30178,drosophila_melanogaster
,FBgn0051624,3,7,9,16,CG31624,drosophila_melanogaster
,FBgn0051988,2,7,6,15,CG31988,drosophila_melanogaster
,FBgn0085354,3,7,8,18,CG34325,drosophila_melanogaster
,WBGene00006407,7,5,41,53,lim-9,caenorhabditis_elegans
1817,ENSG00000115942,3,1,0,4,ORC2,homo_sapiens
,ENSMUSG00000026037,4,1,0,5,Orc2,mus_musculus
,ENSXETG00000004151,2,1,0,3,orc2,xenopus_tropicalis
,FBgn0015270,1,1,0,2,Orc2,drosophila_melanogaster
,WBGene00003882,1,1,0,2,orc-2,caenorhabditis_elegans
1818,ENSG00000116030,8,4,6,18,SUMO1,homo_sapiens
,ENSMUSG00000026021,2,4,2,8,Sumo1,mus_musculus
,ENSXETG00000022072,1,3,1,5,sumo1,xenopus_tropicalis
,WBGene00004888,1,1,1,3,smo-1,caenorhabditis_elegans
1819,ENSG00000116455,2,1,3,6,WDR77,homo_sapiens
,ENSMUSG00000000561,2,1,6,9,Wdr77,mus_musculus
,ENSXETG00000006758,1,1,3,5,wdr77,xenopus_tropicalis
1820,ENSG00000116560,1,3,2,6,SFPQ,homo_sapiens
,ENSMUSG00000028820,1,3,2,6,Sfpq,mus_musculus
,ENSXETG00000009682,3,2,11,14,sfpq,xenopus_tropicalis
,FBgn0004227,4,2,8,14,nonA,drosophila_melanogaster
,FBgn0015520,2,2,4,8,nonA-l,drosophila_melanogaster
,WBGene00017778,4,1,5,10,nono-1,caenorhabditis_elegans
1821,ENSG00000116830,2,1,3,6,TTF2,homo_sapiens
,ENSMUSG00000033222,2,1,2,5,Ttf2,mus_musculus
,ENSXETG00000022003,1,1,1,3,TTF2,xenopus_tropicalis
,FBgn0002542,1,2,2,5,lds,drosophila_melanogaster
,FBgn0037531,3,2,6,9,CG10445,drosophila_melanogaster
,WBGene00010061,2,3,4,9,F54E12.2,caenorhabditis_elegans
,WBGene00019095,1,3,0,3,F59A7.8,caenorhabditis_elegans
,WBGene00020742,1,3,2,6,T23H2.3,caenorhabditis_elegans
1823,ENSG00000117505,2,1,0,3,DR1,homo_sapiens
,ENSMUSG00000029265,1,1,0,2,Dr1,mus_musculus
,ENSXETG00000022989,2,1,2,5,dr1,xenopus_tropicalis
,FBgn0028926,1,1,0,2,NC2beta,drosophila_melanogaster
,WBGene00001092,1,1,0,2,dro-1,caenorhabditis_elegans
1824,ENSG00000117724,2,1,0,3,CENPF,homo_sapiens
,ENSMUSG00000026605,3,1,0,4,Cenpf,mus_musculus
,ENSXETG00000023124,2,1,1,4,cenpf,xenopus_tropicalis
1825,ENSG00000119401,3,7,16,26,TRIM32,homo_sapiens
,ENSMUSG00000051675,4,7,18,22,Trim32,mus_musculus
,ENSXETG00000021741,1,6,7,14,trim32,xenopus_tropicalis
1826,ENSG00000119760,5,1,0,6,SUPT7L,homo_sapiens
,ENSMUSG00000053134,4,1,0,5,Supt7l,mus_musculus
,ENSXETG00000022502,1,1,0,2,supt7l,xenopus_tropicalis
1827,ENSG00000120533,3,1,0,4,ENY2,homo_sapiens
,ENSMUSG00000022338,1,1,0,2,Eny2,mus_musculus
,ENSXETG00000027483,1,1,0,2,eny2,xenopus_tropicalis
,FBgn0000618,1,2,0,3,e(y)2,drosophila_melanogaster
,FBgn0040670,2,2,0,4,e(y)2b,drosophila_melanogaster
1828,ENSG00000120616,3,2,0,5,EPC1,homo_sapiens
,ENSMUSG00000024240,4,2,0,6,Epc1,mus_musculus
,ENSXETG00000011660,0,2,2,6,epc1,xenopus_tropicalis
,FBgn0000581,5,1,0,6,E(Pc),drosophila_melanogaster
,WBGene00007030,1,1,0,2,epc-1,caenorhabditis_elegans
1829,ENSG00000121022,3,1,0,4,COPS5,homo_sapiens
,ENSMUSG00000025917,2,1,0,3,Cops5,mus_musculus
,ENSXETG00000023263,1,1,0,2,cops5,xenopus_tropicalis
,FBgn0027053,2,1,0,3,CSN5,drosophila_melanogaster
,WBGene00000817,1,1,0,2,csn-5,caenorhabditis_elegans
1830,ENSG00000121060,2,6,4,12,TRIM25,homo_sapiens
,ENSMUSG00000000275,3,6,5,14,Trim25,mus_musculus
,ENSXETG00000032524,2,76,4,82,TRIM25,xenopus_tropicalis
1831,ENSG00000121390,3,3,6,12,PSPC1,homo_sapiens
,ENSMUSG00000021938,2,3,4,9,Pspc1,mus_musculus
,FBgn0004227,4,2,8,14,nonA,drosophila_melanogaster
,FBgn0015520,2,2,4,8,nonA-l,drosophila_melanogaster
,WBGene00017778,4,1,5,10,nono-1,caenorhabditis_elegans
1832,ENSG00000121481,3,2,3,5,RNF2,homo_sapiens
,ENSMUSG00000026484,5,2,3,10,Rnf2,mus_musculus
,ENSXETG00000026022,1,2,1,4,rnf2,xenopus_tropicalis
,FBgn0003330,1,1,1,3,Sce,drosophila_melanogaster
,WBGene00020496,2,1,1,4,spat-3,caenorhabditis_elegans
1833,ENSG00000121653,2,2,4,8,MAPK8IP1,homo_sapiens
,ENSMUSG00000027223,2,2,4,8,Mapk8ip1,mus_musculus
,ENSXETG00000001025,1,2,2,5,mapk8ip1,xenopus_tropicalis
,FBgn0040281,2,1,4,7,Aplip1,drosophila_melanogaster
,WBGene00002176,3,1,5,9,jip-1,caenorhabditis_elegans
1834,ENSG00000121741,4,8,0,12,ZMYM2,homo_sapiens
,ENSMUSG00000021945,1,7,0,8,Zmym2,mus_musculus
,ENSXETG00000002643,2,5,1,8,zmym2,xenopus_tropicalis
,FBgn0010328,5,1,0,6,woc,drosophila_melanogaster
1835,ENSG00000122779,3,5,15,23,TRIM24,homo_sapiens
,ENSMUSG00000029833,3,5,14,22,Trim24,mus_musculus
,ENSXETG00000011567,2,4,12,18,trim24,xenopus_tropicalis
,FBgn0023097,6,1,30,37,bon,drosophila_melanogaster
1836,ENSG00000122882,6,1,0,7,ECD,homo_sapiens
,ENSMUSG00000021810,1,1,0,2,Ecd,mus_musculus
,ENSXETG00000023586,1,1,0,2,ecd,xenopus_tropicalis
,FBgn0000543,1,1,0,2,ecd,drosophila_melanogaster
1837,ENSG00000123064,4,1,8,13,DDX54,homo_sapiens
,ENSMUSG00000029599,1,1,3,5,Ddx54,mus_musculus
,ENSXETG00000016410,1,1,4,6,ddx54,xenopus_tropicalis
,FBgn0052344,1,1,3,5,CG32344,drosophila_melanogaster
,WBGene00022378,2,1,3,6,Y94H6A.5,caenorhabditis_elegans
1838,ENSG00000123124,4,11,15,30,WWP1,homo_sapiens
,ENSMUSG00000041058,2,11,12,25,Wwp1,mus_musculus
,ENSXETG00000029963,1,11,5,17,WWP1,xenopus_tropicalis
,FBgn0003557,5,5,30,40,Su(dx),drosophila_melanogaster
,WBGene00007009,6,3,22,31,wwp-1,caenorhabditis_elegans
1839,ENSG00000123349,6,1,0,7,PFDN5,homo_sapiens
,ENSMUSG00000001289,6,1,0,7,Pfdn5,mus_musculus
,ENSXETG00000012667,1,1,0,2,pfdn5,xenopus_tropicalis
,FBgn0038976,2,1,0,3,CG7048,drosophila_melanogaster
,WBGene00020112,1,1,0,2,pfd-5,caenorhabditis_elegans
1840,ENSG00000123374,4,10,4,18,CDK2,homo_sapiens
,ENSMUSG00000025358,2,8,2,12,Cdk2,mus_musculus
,ENSXETG00000009444,2,7,2,11,cdk2,xenopus_tropicalis
,FBgn0004107,3,6,3,12,Cdk2,drosophila_melanogaster
1841,ENSG00000123908,3,8,4,15,AGO2,homo_sapiens
,ENSMUSG00000036698,1,7,2,10,Ago2,mus_musculus
,ENSXETG00000023755,1,7,3,11,ago2,xenopus_tropicalis
,FBgn0262739,4,5,8,17,AGO1,drosophila_melanogaster
,WBGene00000105,2,25,4,31,alg-1,caenorhabditis_elegans
,WBGene00000106,0,25,4,31,alg-2,caenorhabditis_elegans
1842,ENSG00000124151,3,3,6,12,NCOA3,homo_sapiens
,ENSMUSG00000027678,2,3,4,9,Ncoa3,mus_musculus
,ENSXETG00000003480,1,3,5,9,ncoa3,xenopus_tropicalis
1843,ENSG00000124422,5,8,7,20,USP22,homo_sapiens
,ENSMUSG00000042506,1,8,2,11,Usp22,mus_musculus
,FBgn0013717,2,2,4,8,not,drosophila_melanogaster
1844,ENSG00000124641,6,1,0,7,MED20,homo_sapiens
,ENSMUSG00000023984,0,2,0,2,Gm20517,mus_musculus
,ENSMUSG00000092558,1,2,0,3,Med20,mus_musculus
,ENSXETG00000011847,1,1,0,2,med20,xenopus_tropicalis
,FBgn0013531,2,1,0,3,MED20,drosophila_melanogaster
,WBGene00007020,2,1,0,3,mdt-20,caenorhabditis_elegans
1845,ENSG00000124795,5,1,0,6,DEK,homo_sapiens
,ENSMUSG00000021377,3,1,0,4,Dek,mus_musculus
,ENSXETG00000014181,2,1,3,6,dek,xenopus_tropicalis
,FBgn0026533,5,1,0,6,Dek,drosophila_melanogaster
1846,ENSG00000125107,13,1,0,14,CNOT1,homo_sapiens
,ENSMUSG00000036550,2,1,0,3,Cnot1,mus_musculus
,ENSXETG00000015900,2,0,0,3,cnot1,xenopus_tropicalis
,FBgn0085436,6,1,0,7,Not1,drosophila_melanogaster
,WBGene00002845,1,1,0,1,let-711,caenorhabditis_elegans
1847,ENSG00000125651,4,1,0,5,GTF2F1,homo_sapiens
,ENSMUSG00000002658,1,1,0,2,Gtf2f1,mus_musculus
,ENSXETG00000005579,2,1,2,5,gtf2f1,xenopus_tropicalis
,FBgn0010282,1,1,0,2,TfIIFalpha,drosophila_melanogaster
,WBGene00015296,1,1,0,2,C01F1.1,caenorhabditis_elegans
1848,ENSG00000125686,2,1,0,3,MED1,homo_sapiens
,ENSMUSG00000018160,3,1,0,4,Med1,mus_musculus
,ENSXETG00000023696,2,2,4,6,med1,xenopus_tropicalis
,FBgn0037109,3,1,0,4,MED1,drosophila_melanogaster
1849,ENSG00000125817,1,10,2,13,CENPB,homo_sapiens
,ENSMUSG00000068267,1,7,2,10,Cenpb,mus_musculus
1850,ENSG00000125931,10,3,0,13,CITED1,homo_sapiens
,ENSMUSG00000051159,5,3,0,8,Cited1,mus_musculus
1851,ENSG00000126752,1,8,1,10,SSX1,homo_sapiens
,ENSMUSG00000023165,2,14,2,18,Ssxb2,mus_musculus
,ENSMUSG00000035371,1,14,1,16,Ssx9,mus_musculus
,ENSMUSG00000062814,2,14,2,18,Ssxa1,mus_musculus
,ENSMUSG00000068218,1,14,1,16,Ssxb9,mus_musculus
,ENSMUSG00000068219,1,14,1,16,Ssxb10,mus_musculus
,ENSMUSG00000071816,1,14,1,16,Ssxb5,mus_musculus
,ENSMUSG00000079697,1,14,1,16,Gm5751,mus_musculus
,ENSMUSG00000079699,1,14,1,16,Gm6592,mus_musculus
,ENSMUSG00000079701,2,14,2,18,Ssxb3,mus_musculus
,ENSMUSG00000079702,1,14,1,16,Ssxb6,mus_musculus
,ENSMUSG00000079703,2,14,2,18,Ssxb8,mus_musculus
,ENSMUSG00000079704,1,14,1,16,Gm14459,mus_musculus
,ENSMUSG00000079705,1,14,1,16,Ssxb1,mus_musculus
,ENSMUSG00000095316,1,14,1,16,Gm21876,mus_musculus
1852,ENSG00000127511,5,2,11,18,SIN3B,homo_sapiens
,ENSMUSG00000031622,2,2,5,9,Sin3b,mus_musculus
,ENSXETG00000013501,1,2,0,3,sin3b,xenopus_tropicalis
,FBgn0022764,10,1,30,41,Sin3A,drosophila_melanogaster
,WBGene00004117,2,1,2,5,sin-3,caenorhabditis_elegans
1853,ENSG00000127870,3,4,3,10,RNF6,homo_sapiens
,ENSMUSG00000029634,7,4,3,14,Rnf6,mus_musculus
,FBgn0037705,3,1,3,7,mura,drosophila_melanogaster
1854,ENSG00000129315,2,7,0,9,CCNT1,homo_sapiens
,ENSMUSG00000011960,2,7,0,9,Ccnt1,mus_musculus
,ENSXETG00000009784,1,7,2,10,ccnt1,xenopus_tropicalis
,FBgn0025455,4,5,0,9,CycT,drosophila_melanogaster
,WBGene00000507,4,5,0,9,cit-1.1,caenorhabditis_elegans
,WBGene00000508,2,5,0,7,cit-1.2,caenorhabditis_elegans
1855,ENSG00000129465,2,5,1,8,RIPK3,homo_sapiens
,ENSMUSG00000022221,3,5,3,11,Ripk3,mus_musculus
,ENSXETG00000025849,1,5,1,2,ripk3,xenopus_tropicalis
1856,ENSG00000129474,0,11,13,31,AJUBA,homo_sapiens
,ENSMUSG00000022178,1,11,3,15,Ajuba,mus_musculus
,FBgn0030530,4,4,12,20,jub,drosophila_melanogaster
1857,ENSG00000129559,2,2,2,6,NEDD8,homo_sapiens
,ENSMUSG00000010376,2,6,2,10,Nedd8,mus_musculus
,ENSXETG00000027217,1,2,1,4,nedd8,xenopus_tropicalis
,FBgn0032725,2,2,2,6,Nedd8,drosophila_melanogaster
,WBGene00003587,1,2,1,4,ned-8,caenorhabditis_elegans
1858,ENSG00000129993,8,4,6,18,CBFA2T3,homo_sapiens
,ENSMUSG00000006362,4,4,7,15,Cbfa2t3,mus_musculus
,ENSXETG00000011259,1,4,2,7,cbfa2t3,xenopus_tropicalis
,FBgn0005636,4,2,8,14,nvy,drosophila_melanogaster
1859,ENSG00000130254,2,3,2,7,SAFB2,homo_sapiens
,ENSMUSG00000042625,6,3,2,11,Safb2,mus_musculus
,ENSXETG00000008755,2,2,6,10,safb,xenopus_tropicalis
,FBgn0039229,4,1,5,10,Saf-B,drosophila_melanogaster
1860,ENSG00000130589,2,6,0,8,HELZ2,homo_sapiens
,ENSMUSG00000027580,3,6,0,9,Helz2,mus_musculus
,ENSXETG00000023714,2,7,0,9,HELZ2,xenopus_tropicalis
,WBGene00004880,1,1,0,2,smg-2,caenorhabditis_elegans
1861,ENSG00000130699,3,2,2,7,TAF4,homo_sapiens
,ENSMUSG00000039117,1,2,1,4,Taf4a,mus_musculus
,ENSXETG00000001996,2,2,5,9,taf4,xenopus_tropicalis
,FBgn0010280,9,1,9,19,Taf4,drosophila_melanogaster
,WBGene00006385,1,1,1,3,taf-4,caenorhabditis_elegans
1862,ENSG00000130726,6,5,12,23,TRIM28,homo_sapiens
,ENSMUSG00000005566,1,5,4,10,Trim28,mus_musculus
,ENSXETG00000019245,1,4,4,9,trim28,xenopus_tropicalis
1863,ENSG00000130758,1,14,2,17,MAP3K10,homo_sapiens
,ENSMUSG00000040390,3,14,6,23,Map3k10,mus_musculus
,ENSXETG00000016998,1,13,2,16,map3k10,xenopus_tropicalis
,FBgn0030018,4,8,8,20,slpr,drosophila_melanogaster
1864,ENSG00000130956,2,2,0,4,HABP4,homo_sapiens
,ENSMUSG00000021476,1,2,0,3,Habp4,mus_musculus
,ENSXETG00000014841,2,2,0,4,habp4,xenopus_tropicalis
,FBgn0024183,4,3,0,7,vig,drosophila_melanogaster
,FBgn0046214,4,3,0,7,vig2,drosophila_melanogaster
,FBgn0265047,1,3,0,4,fdy,drosophila_melanogaster
1865,ENSG00000131051,8,5,9,22,RBM39,homo_sapiens
,ENSMUSG00000027620,7,4,9,20,Rbm39,mus_musculus
,ENSXETG00000007434,1,5,3,9,rbm39,xenopus_tropicalis
,FBgn0031883,7,5,4,16,Caper,drosophila_melanogaster
,WBGene00021921,4,5,6,15,Y55F3AM.3,caenorhabditis_elegans
1866,ENSG00000131263,2,4,2,8,RLIM,homo_sapiens
,ENSMUSG00000056537,2,4,1,8,Rlim,mus_musculus
,ENSXETG00000004580,2,3,6,11,rlim,xenopus_tropicalis
,FBgn0037705,3,1,3,7,mura,drosophila_melanogaster
1867,ENSG00000131470,4,1,0,5,PSMC3IP,homo_sapiens
,ENSMUSG00000019303,1,1,0,2,Psmc3ip,mus_musculus
,ENSXETG00000009986,1,1,0,2,psmc3ip,xenopus_tropicalis
1868,ENSG00000131475,3,1,0,4,VPS25,homo_sapiens
,ENSMUSG00000078656,5,1,0,6,Vps25,mus_musculus
,ENSXETG00000024599,1,1,0,2,vps25,xenopus_tropicalis
,FBgn0022027,1,1,0,2,Vps25,drosophila_melanogaster
,WBGene00012193,2,1,0,3,vps-25,caenorhabditis_elegans
1869,ENSG00000132274,7,21,9,37,TRIM22,homo_sapiens
,ENSXETG00000007266,1,2,3,6,0,xenopus_tropicalis
,ENSXETG00000033046,1,2,3,6,0,xenopus_tropicalis
1870,ENSG00000132341,7,3,6,16,RAN,homo_sapiens
,ENSMUSG00000029430,2,4,2,6,Ran,mus_musculus
,ENSXETG00000027832,1,2,0,3,ran,xenopus_tropicalis
,FBgn0020255,4,2,4,10,Ran,drosophila_melanogaster
,WBGene00004302,1,1,1,3,ran-1,caenorhabditis_elegans
1871,ENSG00000132382,5,1,0,6,MYBBP1A,homo_sapiens
,ENSMUSG00000040463,1,1,0,2,Mybbp1a,mus_musculus
1872,ENSG00000132522,6,1,0,7,GPS2,homo_sapiens
,ENSMUSG00000023170,4,1,0,5,Gps2,mus_musculus
,ENSXETG00000027787,1,0,0,1,gps2,xenopus_tropicalis
1873,ENSG00000132570,2,2,0,4,PCBD2,homo_sapiens
,ENSMUSG00000021496,2,2,0,4,Pcbd2,mus_musculus
,FBgn0024841,1,1,0,2,Pcd,drosophila_melanogaster
,WBGene00020397,1,1,0,2,pcbd-1,caenorhabditis_elegans
1874,ENSG00000132664,1,1,0,2,POLR3F,homo_sapiens
,ENSMUSG00000027427,2,1,0,3,Polr3f,mus_musculus
,ENSXETG00000024898,1,1,0,2,polr3f,xenopus_tropicalis
,FBgn0038951,2,1,0,3,CG5380,drosophila_melanogaster
,WBGene00021112,1,1,0,2,W09C3.4,caenorhabditis_elegans
1875,ENSG00000132964,3,2,2,7,CDK8,homo_sapiens
,ENSMUSG00000029635,4,2,4,10,Cdk8,mus_musculus
,ENSXETG00000009787,2,2,2,6,cdk8,xenopus_tropicalis
,FBgn0015618,1,1,1,3,Cdk8,drosophila_melanogaster
,WBGene00000409,1,1,1,3,cdk-8,caenorhabditis_elegans
1876,ENSG00000133111,1,1,0,2,RFXAP,homo_sapiens
,ENSMUSG00000036615,1,1,0,2,Rfxap,mus_musculus
,ENSXETG00000001824,1,1,0,2,rfxap,xenopus_tropicalis
1877,ENSG00000133398,1,1,0,2,MED10,homo_sapiens
,ENSMUSG00000021598,1,1,0,2,Med10,mus_musculus
,ENSXETG00000026404,1,1,0,2,med10,xenopus_tropicalis
,FBgn0036581,2,1,0,3,MED10,drosophila_melanogaster
,WBGene00007014,2,1,0,3,mdt-10,caenorhabditis_elegans
1878,ENSG00000133639,2,6,0,2,BTG1,homo_sapiens
,ENSMUSG00000036478,1,9,0,10,Btg1,mus_musculus
,ENSMUSG00000068173,1,9,0,10,Btg1-ps1,mus_musculus
,ENSMUSG00000098348,1,9,0,10,Btg1-ps2,mus_musculus
,ENSXETG00000026594,1,9,0,10,btg1,xenopus_tropicalis
,FBgn0028397,4,1,0,5,Tob,drosophila_melanogaster
1879,ENSG00000133773,2,1,0,3,CCDC59,homo_sapiens
,ENSMUSG00000019897,1,1,0,2,Ccdc59,mus_musculus
,ENSXETG00000014539,1,1,1,3,ccdc59,xenopus_tropicalis
1880,ENSG00000133895,14,1,0,15,MEN1,homo_sapiens
,ENSMUSG00000024947,10,1,0,11,Men1,mus_musculus
,ENSXETG00000008433,1,1,0,2,men1,xenopus_tropicalis
,FBgn0031885,3,1,0,4,Mnn1,drosophila_melanogaster
1881,ENSG00000133997,5,1,0,6,MED6,homo_sapiens
,ENSMUSG00000002679,4,1,0,5,Med6,mus_musculus
,ENSXETG00000002222,1,1,0,2,med6,xenopus_tropicalis
,FBgn0024330,5,1,0,6,MED6,drosophila_melanogaster
,WBGene00003164,1,1,0,2,mdt-6,caenorhabditis_elegans
1882,ENSG00000134013,8,8,11,27,LOXL2,homo_sapiens
,ENSMUSG00000034205,2,8,8,14,Loxl2,mus_musculus
,ENSXETG00000007773,1,7,4,12,loxl2,xenopus_tropicalis
,ENSXETG00000019030,1,7,2,10,loxl3,xenopus_tropicalis
,FBgn0034660,1,2,2,5,lox2,drosophila_melanogaster
,FBgn0039848,1,2,1,4,lox,drosophila_melanogaster
1883,ENSG00000134058,7,7,7,21,CDK7,homo_sapiens
,ENSMUSG00000069089,1,7,1,9,Cdk7,mus_musculus
,ENSXETG00000000481,2,4,2,8,cdk7,xenopus_tropicalis
,FBgn0263237,1,3,1,5,Cdk7,drosophila_melanogaster
,WBGene00000408,2,3,2,7,cdk-7,caenorhabditis_elegans
1884,ENSG00000134086,2,2,0,2,VHL,homo_sapiens
,ENSMUSG00000033933,1,1,0,2,Vhl,mus_musculus
,ENSXETG00000001448,1,1,0,2,vhl,xenopus_tropicalis
1885,ENSG00000134480,3,1,0,4,CCNH,homo_sapiens
,ENSMUSG00000021548,5,1,0,6,Ccnh,mus_musculus
,ENSXETG00000011718,2,1,0,3,ccnh,xenopus_tropicalis
,FBgn0022936,1,1,0,2,CycH,drosophila_melanogaster
,WBGene00021714,1,1,0,2,cyh-1,caenorhabditis_elegans
1886,ENSG00000134504,8,10,0,18,KCTD1,homo_sapiens
,ENSMUSG00000036225,2,11,0,13,Kctd1,mus_musculus
,ENSXETG00000006930,1,10,0,11,kctd1,xenopus_tropicalis
,FBgn0034636,2,2,0,4,CG10440,drosophila_melanogaster
1887,ENSG00000134759,7,1,44,52,ELP2,homo_sapiens
,ENSMUSG00000024271,1,1,6,8,Elp2,mus_musculus
,ENSXETG00000018920,2,1,16,19,elp2,xenopus_tropicalis
,FBgn0033540,1,1,10,12,Elp2,drosophila_melanogaster
,WBGene00013738,1,1,6,8,elpc-2,caenorhabditis_elegans
1888,ENSG00000135144,1,5,3,9,DTX1,homo_sapiens
,ENSMUSG00000029603,1,5,3,9,Dtx1,mus_musculus
,ENSXETG00000016413,1,6,4,11,dtx1,xenopus_tropicalis
,FBgn0000524,1,1,3,5,dx,drosophila_melanogaster
1889,ENSG00000135801,4,4,18,26,TAF5L,homo_sapiens
,ENSMUSG00000038697,2,4,12,18,Taf5l,mus_musculus
,ENSXETG00000023330,1,4,6,11,taf5l,xenopus_tropicalis
,FBgn0039067,1,5,6,12,wda,drosophila_melanogaster
1890,ENSG00000135999,5,2,0,7,EPC2,homo_sapiens
,ENSMUSG00000069495,2,2,0,4,Epc2,mus_musculus
,ENSXETG00000024611,1,2,1,4,epc2,xenopus_tropicalis
,FBgn0000581,5,1,0,6,E(Pc),drosophila_melanogaster
,WBGene00007030,1,1,0,2,epc-1,caenorhabditis_elegans
1891,ENSG00000136146,3,1,0,4,MED4,homo_sapiens
,ENSMUSG00000022109,1,1,0,2,Med4,mus_musculus
,ENSXETG00000000549,1,1,0,2,med4,xenopus_tropicalis
,FBgn0035754,1,1,0,2,MED4,drosophila_melanogaster
,WBGene00007012,1,1,0,2,mdt-4,caenorhabditis_elegans
1892,ENSG00000136492,4,4,3,11,BRIP1,homo_sapiens
,ENSMUSG00000034329,1,3,1,5,Brip1,mus_musculus
,ENSXETG00000010720,1,2,1,4,brip1,xenopus_tropicalis
,WBGene00001049,2,3,2,7,dog-1,caenorhabditis_elegans
1893,ENSG00000136518,4,5,0,9,ACTL6A,homo_sapiens
,ENSMUSG00000027671,3,6,0,9,Actl6a,mus_musculus
,ENSXETG00000007260,1,3,0,4,actl6a,xenopus_tropicalis
,FBgn0025716,1,2,0,3,Bap55,drosophila_melanogaster
,WBGene00022774,2,2,0,4,swsn-6,caenorhabditis_elegans
1894,ENSG00000136603,5,4,0,5,SKIL,homo_sapiens
,ENSMUSG00000027660,5,4,0,9,Skil,mus_musculus
,ENSXETG00000009208,1,4,0,5,skil,xenopus_tropicalis
,FBgn0085450,4,2,0,6,Snoo,drosophila_melanogaster
1895,ENSG00000136715,5,1,0,6,SAP130,homo_sapiens
,ENSMUSG00000024260,2,1,0,3,Sap130,mus_musculus
,ENSXETG00000002957,2,1,2,5,sap130,xenopus_tropicalis
,FBgn0262714,6,1,0,7,Sap130,drosophila_melanogaster
1896,ENSG00000136807,2,3,2,7,CDK9,homo_sapiens
,ENSMUSG00000009555,3,3,2,8,Cdk9,mus_musculus
,ENSXETG00000024742,1,3,1,5,cdk9,xenopus_tropicalis
,FBgn0019949,1,2,1,4,Cdk9,drosophila_melanogaster
,WBGene00000410,2,3,2,7,cdk-9,caenorhabditis_elegans
1897,ENSG00000137486,4,4,0,8,ARRB1,homo_sapiens
,ENSMUSG00000018909,6,4,0,10,Arrb1,mus_musculus
,ENSXETG00000009605,1,4,0,5,arrb1,xenopus_tropicalis
,FBgn0000120,3,4,0,7,Arr1,drosophila_melanogaster
,FBgn0000121,1,4,0,5,Arr2,drosophila_melanogaster
,FBgn0040206,2,4,0,6,krz,drosophila_melanogaster
,FBgn0052683,2,4,0,6,CG32683,drosophila_melanogaster
,WBGene00000195,1,1,0,2,arr-1,caenorhabditis_elegans
1898,ENSG00000137574,1,1,0,2,TGS1,homo_sapiens
,ENSMUSG00000028233,1,2,0,3,Tgs1,mus_musculus
,ENSMUSG00000093862,1,2,0,3,Gm5117,mus_musculus
,ENSXETG00000005648,1,1,0,2,tgs1,xenopus_tropicalis
,FBgn0266195,1,1,0,2,Tgs1,drosophila_melanogaster
,WBGene00011631,5,1,0,6,T08G11.4,caenorhabditis_elegans
1899,ENSG00000137693,9,2,13,24,YAP1,homo_sapiens
,ENSMUSG00000053110,3,2,6,11,Yap1,mus_musculus
,ENSXETG00000032689,1,2,2,5,yap1,xenopus_tropicalis
,FBgn0034970,3,1,5,9,yki,drosophila_melanogaster
1900,ENSG00000137699,10,6,1,17,TRIM29,homo_sapiens
,ENSMUSG00000032013,1,6,1,8,Trim29,mus_musculus
,ENSXETG00000009248,2,76,2,80,trim29,xenopus_tropicalis
1902,ENSG00000138386,9,2,0,11,NAB1,homo_sapiens
,ENSMUSG00000002881,3,2,0,5,Nab1,mus_musculus
,ENSXETG00000015250,2,2,0,4,nab1,xenopus_tropicalis
,FBgn0259986,3,1,0,4,nab,drosophila_melanogaster
,WBGene00003107,1,1,0,1,mab-10,caenorhabditis_elegans
1903,ENSG00000138433,2,1,0,3,CIR1,homo_sapiens
,ENSMUSG00000041777,1,1,0,2,Cir1,mus_musculus
,ENSXETG00000008492,1,1,1,3,cir1,xenopus_tropicalis
,FBgn0036827,1,1,0,2,CG6843,drosophila_melanogaster
,WBGene00018892,2,1,0,3,cir-1,caenorhabditis_elegans
1904,ENSG00000138668,8,8,14,30,HNRNPD,homo_sapiens
,ENSMUSG00000000568,6,11,10,27,Hnrnpd,mus_musculus
,ENSXETG00000012569,1,7,3,11,hnrnpd,xenopus_tropicalis
,FBgn0263396,5,5,8,18,sqd,drosophila_melanogaster
1905,ENSG00000139618,2,1,16,19,BRCA2,homo_sapiens
,ENSMUSG00000041147,3,1,12,16,Brca2,mus_musculus
,ENSXETG00000017011,2,1,10,13,brca2,xenopus_tropicalis
1906,ENSG00000139687,1,3,0,4,RB1,homo_sapiens
,ENSMUSG00000022105,1,3,0,4,Rb1,mus_musculus
,FBgn0015799,1,2,0,3,Rbf,drosophila_melanogaster
,FBgn0038390,1,2,0,1,Rbf2,drosophila_melanogaster
,WBGene00003020,1,1,0,2,lin-35,caenorhabditis_elegans
1907,ENSG00000140307,6,1,0,7,GTF2A2,homo_sapiens
,ENSMUSG00000033543,5,1,0,6,Gtf2a2,mus_musculus
,ENSXETG00000022002,1,2,0,3,gtf2a2,xenopus_tropicalis
,ENSXETG00000026944,1,2,0,3,gtf2a2,xenopus_tropicalis
,FBgn0013347,1,2,0,3,TfIIA-S,drosophila_melanogaster
,FBgn0040338,1,2,0,3,TfIIA-S-2,drosophila_melanogaster
,WBGene00013736,1,2,0,3,Y111B2A.13,caenorhabditis_elegans
,WBGene00015150,1,2,0,3,B0336.13,caenorhabditis_elegans
1908,ENSG00000140396,4,3,2,9,NCOA2,homo_sapiens
,ENSMUSG00000005886,4,3,7,14,Ncoa2,mus_musculus
,ENSXETG00000015926,1,3,3,7,ncoa2,xenopus_tropicalis
1909,ENSG00000140464,18,1,42,61,PML,homo_sapiens
,ENSMUSG00000036986,7,1,17,25,Pml,mus_musculus
1910,ENSG00000140682,7,15,16,38,TGFB1I1,homo_sapiens
,ENSMUSG00000030782,4,14,16,34,Tgfb1i1,mus_musculus
,ENSXETG00000018791,2,10,5,17,tgfb1i1,xenopus_tropicalis
,FBgn0041789,9,7,35,51,Pax,drosophila_melanogaster
,WBGene00016197,3,5,11,14,pxl-1,caenorhabditis_elegans
1911,ENSG00000141052,3,3,9,15,MYOCD,homo_sapiens
,ENSMUSG00000020542,4,3,9,16,Myocd,mus_musculus
,ENSXETG00000011035,1,4,4,9,myocd,xenopus_tropicalis
,FBgn0052296,3,1,12,16,Mrtf,drosophila_melanogaster
1912,ENSG00000141232,2,6,0,8,TOB1,homo_sapiens
,ENSMUSG00000037573,1,9,0,10,Tob1,mus_musculus
,ENSXETG00000011060,1,9,0,10,tob1,xenopus_tropicalis
,FBgn0028397,4,1,0,5,Tob,drosophila_melanogaster
1913,ENSG00000141384,3,2,3,8,TAF4B,homo_sapiens
,ENSMUSG00000054321,1,2,1,4,Taf4b,mus_musculus
,ENSXETG00000032722,1,2,2,5,TAF4B,xenopus_tropicalis
,FBgn0010280,9,1,9,19,Taf4,drosophila_melanogaster
,WBGene00006385,1,1,1,3,taf-4,caenorhabditis_elegans
1914,ENSG00000141736,12,14,7,33,ERBB2,homo_sapiens
,ENSMUSG00000062312,1,14,1,16,Erbb2,mus_musculus
,ENSXETG00000015145,1,15,2,18,ERBB2,xenopus_tropicalis
,FBgn0003731,2,6,2,10,Egfr,drosophila_melanogaster
,WBGene00002299,3,4,3,10,let-23,caenorhabditis_elegans
1915,ENSG00000142279,2,11,6,19,WTIP,homo_sapiens
,ENSMUSG00000036459,1,11,3,15,Wtip,mus_musculus
,ENSXETG00000032866,2,7,5,14,WTIP,xenopus_tropicalis
,FBgn0030530,4,4,12,20,jub,drosophila_melanogaster
1916,ENSG00000142655,2,1,0,3,PEX14,homo_sapiens
,ENSMUSG00000028975,1,1,0,2,Pex14,mus_musculus
,ENSXETG00000006309,1,1,0,2,pex14,xenopus_tropicalis
,FBgn0037020,1,1,0,2,Pex14,drosophila_melanogaster
1917,ENSG00000142684,2,1,2,5,ZNF593,homo_sapiens
,ENSMUSG00000028840,1,1,1,3,Zfp593,mus_musculus
,ENSXETG00000009189,2,1,2,5,znf593,xenopus_tropicalis
,FBgn0029885,1,1,1,3,CG3224,drosophila_melanogaster
,WBGene00013236,1,1,1,3,Y56A3A.18,caenorhabditis_elegans
1918,ENSG00000142856,2,1,0,3,ITGB3BP,homo_sapiens
,ENSMUSG00000028549,1,1,0,2,Itgb3bp,mus_musculus
1919,ENSG00000142867,2,1,2,5,BCL10,homo_sapiens
,ENSMUSG00000028191,1,1,1,3,Bcl10,mus_musculus
,ENSXETG00000003096,1,1,1,3,bcl10,xenopus_tropicalis
1920,ENSG00000143162,1,2,0,3,CREG1,homo_sapiens
,ENSMUSG00000040713,2,2,0,4,Creg1,mus_musculus
,ENSXETG00000023010,1,2,0,3,creg1,xenopus_tropicalis
,FBgn0025456,4,1,0,5,CREG,drosophila_melanogaster
1921,ENSG00000143258,5,6,3,15,USP21,homo_sapiens
,ENSMUSG00000053483,4,6,4,10,Usp21,mus_musculus
,ENSXETG00000017669,1,5,1,7,usp21,xenopus_tropicalis
,FBgn0031187,10,3,9,22,CG14619,drosophila_melanogaster
1922,ENSG00000143321,4,5,2,11,HDGF,homo_sapiens
,ENSXETG00000018516,1,4,2,7,hdgf,xenopus_tropicalis
,FBgn0039743,2,1,2,5,CG7946,drosophila_melanogaster
,WBGene00015501,2,1,2,5,C06A5.3,caenorhabditis_elegans
1923,ENSG00000143498,4,1,0,5,TAF1A,homo_sapiens
,ENSMUSG00000072258,3,1,0,4,Taf1a,mus_musculus
,ENSXETG00000015037,1,1,0,2,taf1a,xenopus_tropicalis
1924,ENSG00000143621,4,5,8,17,ILF2,homo_sapiens
,ENSMUSG00000001016,1,5,2,8,Ilf2,mus_musculus
,ENSXETG00000014290,2,4,2,7,ilf2,xenopus_tropicalis
,FBgn0038046,1,2,1,4,CG5641,drosophila_melanogaster
,WBGene00011253,1,2,1,4,R11H6.5,caenorhabditis_elegans
1925,ENSG00000144560,15,1,0,16,VGLL4,homo_sapiens
,ENSMUSG00000030315,3,1,0,4,Vgll4,mus_musculus
,ENSXETG00000007712,2,1,0,3,vgll4,xenopus_tropicalis
1926,ENSG00000144791,2,11,5,18,LIMD1,homo_sapiens
,ENSMUSG00000025239,1,11,3,15,Limd1,mus_musculus
,ENSXETG00000031781,1,7,3,11,LIMD1,xenopus_tropicalis
,FBgn0030530,4,4,12,20,jub,drosophila_melanogaster
1927,ENSG00000144802,7,6,18,31,NFKBIZ,homo_sapiens
,ENSMUSG00000035356,4,6,16,26,Nfkbiz,mus_musculus
,ENSXETG00000006998,1,6,4,11,0,xenopus_tropicalis
,ENSXETG00000032514,1,6,4,11,nfkbiz,xenopus_tropicalis
,WBGene00007877,2,1,6,9,C33A11.1,caenorhabditis_elegans
1928,ENSG00000145386,2,11,0,13,CCNA2,homo_sapiens
,ENSMUSG00000027715,2,11,0,13,Ccna2,mus_musculus
,ENSXETG00000001016,1,25,0,26,ccna2,xenopus_tropicalis
,FBgn0000404,2,5,0,7,CycA,drosophila_melanogaster
1929,ENSG00000145391,6,1,3,10,SETD7,homo_sapiens
,ENSMUSG00000037111,1,1,0,4,Setd7,mus_musculus
,ENSXETG00000016939,1,1,1,3,setd7,xenopus_tropicalis
1930,ENSG00000145687,10,3,7,20,SSBP2,homo_sapiens
,ENSMUSG00000003992,2,3,2,7,Ssbp2,mus_musculus
,ENSXETG00000027809,2,3,6,11,ssbp2,xenopus_tropicalis
,FBgn0011481,4,1,4,9,Ssdp,drosophila_melanogaster
,WBGene00012990,3,1,2,6,sam-10,caenorhabditis_elegans
1931,ENSG00000145734,2,1,0,3,BDP1,homo_sapiens
,ENSMUSG00000049658,2,1,0,3,Bdp1,mus_musculus
,FBgn0032512,2,1,0,3,CG9305,drosophila_melanogaster
,WBGene00015091,1,1,0,2,B0261.1,caenorhabditis_elegans
1932,ENSG00000145741,4,2,4,10,BTF3,homo_sapiens
,ENSMUSG00000021660,3,2,3,8,Btf3,mus_musculus
,ENSXETG00000016819,1,2,1,4,btf3,xenopus_tropicalis
,FBgn0000181,2,2,2,4,bic,drosophila_melanogaster
,FBgn0031264,4,2,4,10,CG11835,drosophila_melanogaster
,WBGene00002045,2,0,2,5,icd-1,caenorhabditis_elegans
1933,ENSG00000146109,1,1,0,2,ABT1,homo_sapiens
,ENSMUSG00000036376,1,1,0,2,Abt1,mus_musculus
,ENSXETG00000005684,1,1,0,2,abt1,xenopus_tropicalis
,FBgn0030085,1,6,0,7,CG6999,drosophila_melanogaster
,FBgn0030524,1,6,0,7,CG10993,drosophila_melanogaster
,FBgn0052706,1,6,0,7,CG32706,drosophila_melanogaster
,FBgn0052708,1,6,1,8,CG32708,drosophila_melanogaster
,FBgn0085521,1,6,1,8,CG40813,drosophila_melanogaster
,FBgn0085693,1,6,1,8,CG41562,drosophila_melanogaster
,WBGene00019005,1,1,0,2,F57B10.8,caenorhabditis_elegans
1934,ENSG00000146278,3,2,0,5,PNRC1,homo_sapiens
,ENSMUSG00000040128,1,2,0,3,Pnrc1,mus_musculus
1935,ENSG00000147140,9,3,13,25,NONO,homo_sapiens
,ENSMUSG00000031311,2,3,3,8,Nono,mus_musculus
,ENSXETG00000020868,1,2,2,5,nono,xenopus_tropicalis
,FBgn0004227,4,2,8,14,nonA,drosophila_melanogaster
,FBgn0015520,2,2,4,8,nonA-l,drosophila_melanogaster
,WBGene00017778,4,1,5,10,nono-1,caenorhabditis_elegans
1936,ENSG00000147649,4,1,0,5,MTDH,homo_sapiens
,ENSMUSG00000022255,5,1,0,6,Mtdh,mus_musculus
1937,ENSG00000148300,4,4,0,8,REXO4,homo_sapiens
,ENSMUSG00000052406,3,4,0,7,Rexo4,mus_musculus
,ENSXETG00000023096,1,2,1,4,rexo4,xenopus_tropicalis
,FBgn0036405,2,1,0,3,CG6833,drosophila_melanogaster
,WBGene00012465,2,1,0,3,Y17G7B.12,caenorhabditis_elegans
1938,ENSG00000148572,3,1,0,4,NRBF2,homo_sapiens
,ENSMUSG00000075000,2,1,0,3,Nrbf2,mus_musculus
,ENSXETG00000007693,1,1,0,1,nrbf2,xenopus_tropicalis
1939,ENSG00000148677,1,6,5,12,ANKRD1,homo_sapiens
,ENSMUSG00000024803,1,7,5,13,Ankrd1,mus_musculus
,ENSXETG00000021783,1,6,5,12,ankrd1,xenopus_tropicalis
1940,ENSG00000148840,3,3,3,9,PPRC1,homo_sapiens
,ENSMUSG00000055491,7,3,2,12,Pprc1,mus_musculus
,ENSXETG00000001712,3,3,10,13,pprc1,xenopus_tropicalis
,FBgn0037248,3,1,3,7,srl,drosophila_melanogaster
1941,ENSG00000149308,2,1,1,4,NPAT,homo_sapiens
,ENSMUSG00000033054,1,1,1,3,Npat,mus_musculus
,ENSXETG00000014476,1,1,1,3,npat,xenopus_tropicalis
1942,ENSG00000152382,1,1,0,2,TADA1,homo_sapiens
,ENSMUSG00000026563,1,1,0,2,Tada1,mus_musculus
,ENSXETG00000000526,1,1,0,2,tada1,xenopus_tropicalis
,FBgn0051865,2,2,0,4,Ada1-1,drosophila_melanogaster
,FBgn0051866,1,2,0,3,Ada1-2,drosophila_melanogaster
1943,ENSG00000152409,1,2,1,4,JMY,homo_sapiens
,ENSMUSG00000021690,1,2,1,2,Jmy,mus_musculus
,ENSXETG00000000520,2,2,3,7,jmy,xenopus_tropicalis
1944,ENSG00000152944,2,1,0,3,MED21,homo_sapiens
,ENSMUSG00000030291,2,1,0,3,Med21,mus_musculus
,ENSXETG00000003233,1,1,0,2,med21,xenopus_tropicalis
,FBgn0040020,2,1,0,3,MED21,drosophila_melanogaster
,WBGene00007704,1,1,0,2,mdt-21,caenorhabditis_elegans
1945,ENSG00000153487,5,5,4,14,ING1,homo_sapiens
,ENSMUSG00000045969,1,5,1,7,Ing1,mus_musculus
,ENSXETG00000008212,1,4,1,6,ing1,xenopus_tropicalis
,FBgn0038546,1,3,1,5,CG7379,drosophila_melanogaster
1946,ENSG00000153814,4,1,0,5,JAZF1,homo_sapiens
,ENSMUSG00000063568,1,1,0,2,Jazf1,mus_musculus
,ENSXETG00000000754,1,1,0,2,jazf1,xenopus_tropicalis
,FBgn0039831,4,1,3,8,CG12054,drosophila_melanogaster
1947,ENSG00000154342,1,14,0,15,WNT3A,homo_sapiens
,ENSMUSG00000009900,1,14,0,15,Wnt3a,mus_musculus
,ENSXETG00000025910,1,15,1,17,wnt3a,xenopus_tropicalis
1948,ENSG00000154370,5,21,7,33,TRIM11,homo_sapiens
,ENSMUSG00000020455,3,25,8,36,Trim11,mus_musculus
,ENSXETG00000007266,1,2,3,6,0,xenopus_tropicalis
,ENSXETG00000033046,1,2,3,6,0,xenopus_tropicalis
1949,ENSG00000155229,8,1,0,9,MMS19,homo_sapiens
,ENSMUSG00000025159,5,1,0,6,Mms19,mus_musculus
,ENSXETG00000003439,1,1,0,2,mms19,xenopus_tropicalis
,FBgn0037301,1,1,0,2,Mms19,drosophila_melanogaster
,WBGene00016060,1,1,0,2,mms-19,caenorhabditis_elegans
1950,ENSG00000155846,5,3,5,12,PPARGC1B,homo_sapiens
,ENSMUSG00000033871,2,3,2,7,Ppargc1b,mus_musculus
,ENSXETG00000012711,1,3,1,5,ppargc1b,xenopus_tropicalis
,FBgn0037248,3,1,3,7,srl,drosophila_melanogaster
1951,ENSG00000155868,3,1,0,4,MED7,homo_sapiens
,ENSMUSG00000020397,8,1,0,9,Med7,mus_musculus
,ENSXETG00000001505,1,1,0,2,med7,xenopus_tropicalis
,FBgn0051390,1,1,0,2,MED7,drosophila_melanogaster
,WBGene00002324,2,1,0,3,let-49,caenorhabditis_elegans
1952,ENSG00000155974,13,2,48,63,GRIP1,homo_sapiens
,ENSMUSG00000034813,12,2,75,89,Grip1,mus_musculus
,ENSXETG00000007324,1,2,7,10,grip1,xenopus_tropicalis
,FBgn0029830,3,1,12,16,Grip,drosophila_melanogaster
1953,ENSG00000156256,4,8,7,19,USP16,homo_sapiens
,ENSMUSG00000025616,3,8,4,15,Usp16,mus_musculus
,ENSXETG00000020255,1,6,2,9,usp16,xenopus_tropicalis
,FBgn0029763,5,2,10,17,CG4165,drosophila_melanogaster
1954,ENSG00000156374,2,7,2,11,PCGF6,homo_sapiens
,ENSMUSG00000025050,1,6,1,8,Pcgf6,mus_musculus
,ENSXETG00000009480,2,5,1,8,pcgf6,xenopus_tropicalis
1955,ENSG00000156983,6,9,18,33,BRPF1,homo_sapiens
,ENSMUSG00000001632,7,9,28,44,Brpf1,mus_musculus
,ENSXETG00000023658,1,9,3,13,brpf1,xenopus_tropicalis
,FBgn0033155,2,4,8,14,Br140,drosophila_melanogaster
,WBGene00003034,2,4,4,10,lin-49,caenorhabditis_elegans
,WBGene00021810,2,4,2,8,phf-15,caenorhabditis_elegans
1956,ENSG00000157110,9,2,5,16,RBPMS,homo_sapiens
,ENSMUSG00000031586,6,2,5,13,Rbpms,mus_musculus
,ENSXETG00000011290,2,1,2,5,rbpms,xenopus_tropicalis
,FBgn0263995,12,1,13,26,cpo,drosophila_melanogaster
,WBGene00003172,2,1,4,7,mec-8,caenorhabditis_elegans
1957,ENSG00000157216,7,3,4,14,SSBP3,homo_sapiens
,ENSMUSG00000061887,5,3,4,12,Ssbp3,mus_musculus
,ENSXETG00000019994,4,0,8,15,ssbp3,xenopus_tropicalis
,FBgn0011481,4,1,4,9,Ssdp,drosophila_melanogaster
,WBGene00012990,3,1,2,6,sam-10,caenorhabditis_elegans
1958,ENSG00000157450,7,2,4,13,RNF111,homo_sapiens
,ENSMUSG00000032217,2,2,2,6,Rnf111,mus_musculus
,ENSXETG00000010842,2,2,8,12,rnf111,xenopus_tropicalis
,FBgn0037944,4,1,4,9,CG6923,drosophila_melanogaster
,WBGene00012194,1,1,1,3,toe-4,caenorhabditis_elegans
1959,ENSG00000157933,1,4,0,5,SKI,homo_sapiens
,ENSMUSG00000029050,2,4,0,6,Ski,mus_musculus
,ENSXETG00000015978,1,4,1,6,ski,xenopus_tropicalis
,FBgn0085450,4,2,0,6,Snoo,drosophila_melanogaster
1960,ENSG00000159259,1,1,4,6,CHAF1B,homo_sapiens
,ENSMUSG00000022945,4,1,10,15,Chaf1b,mus_musculus
,ENSXETG00000013014,1,1,4,6,chaf1b,xenopus_tropicalis
,FBgn0033526,1,1,4,6,Caf1-105,drosophila_melanogaster
,WBGene00022141,2,1,6,9,chaf-2,caenorhabditis_elegans
1961,ENSG00000159692,11,2,0,13,CTBP1,homo_sapiens
,ENSMUSG00000037373,8,2,0,10,Ctbp1,mus_musculus
,ENSXETG00000021047,1,3,0,4,ctbp1,xenopus_tropicalis
,FBgn0020496,10,1,0,11,CtBP,drosophila_melanogaster
,WBGene00006424,2,1,0,4,ctbp-1,caenorhabditis_elegans
1962,ENSG00000160007,3,12,14,29,ARHGAP35,homo_sapiens
,ENSMUSG00000058230,2,12,5,19,Arhgap35,mus_musculus
,ENSXETG00000018284,1,11,2,14,arhgap35,xenopus_tropicalis
,FBgn0026375,7,3,35,45,RhoGAPp190,drosophila_melanogaster
,WBGene00010374,3,4,3,10,rga-5,caenorhabditis_elegans
1963,ENSG00000160310,11,6,21,38,PRMT2,homo_sapiens
,ENSMUSG00000020230,3,6,6,15,Prmt2,mus_musculus
,ENSXETG00000031494,2,6,2,10,PRMT2,xenopus_tropicalis
,FBgn0032329,1,8,1,10,Art8,drosophila_melanogaster
1964,ENSG00000160563,3,1,0,4,MED27,homo_sapiens
,ENSMUSG00000026799,7,1,0,8,Med27,mus_musculus
,ENSXETG00000001486,1,1,0,2,med27,xenopus_tropicalis
,FBgn0037359,1,1,0,2,MED27,drosophila_melanogaster
1965,ENSG00000160633,5,3,8,16,SAFB,homo_sapiens
,ENSMUSG00000071054,3,3,4,10,Safb,mus_musculus
,ENSXETG00000008755,2,2,6,10,safb,xenopus_tropicalis
,FBgn0039229,4,1,5,10,Saf-B,drosophila_melanogaster
1966,ENSG00000160783,3,2,0,5,PMF1,homo_sapiens
,ENSMUSG00000028066,2,1,0,3,Pmf1,mus_musculus
,ENSXETG00000030207,2,1,0,3,0,xenopus_tropicalis
1967,ENSG00000160949,2,8,10,12,TONSL,homo_sapiens
,ENSMUSG00000059323,4,8,7,19,Tonsl,mus_musculus
,ENSXETG00000020475,1,8,5,6,tonsl,xenopus_tropicalis
,FBgn0035812,2,3,26,31,CG7457,drosophila_melanogaster
,WBGene00010498,1,1,4,6,K02B12.5,caenorhabditis_elegans
1968,ENSG00000161021,1,3,0,4,MAML1,homo_sapiens
,ENSMUSG00000050567,2,3,0,5,Maml1,mus_musculus
,ENSXETG00000011243,1,3,2,6,maml1,xenopus_tropicalis
1969,ENSG00000161547,5,4,5,14,SRSF2,homo_sapiens
,ENSMUSG00000034120,2,4,2,8,Srsf2,mus_musculus
,ENSXETG00000025271,1,3,3,7,srsf2,xenopus_tropicalis
,FBgn0265298,4,1,3,8,SC35,drosophila_melanogaster
,WBGene00004701,2,1,2,5,rsp-4,caenorhabditis_elegans
1970,ENSG00000162227,3,2,0,5,TAF6L,homo_sapiens
,ENSMUSG00000003680,7,2,0,9,Taf6l,mus_musculus
,ENSXETG00000010304,1,2,0,3,taf6l,xenopus_tropicalis
,FBgn0010417,2,2,0,2,Taf6,drosophila_melanogaster
,FBgn0014342,3,2,0,5,mia,drosophila_melanogaster
,WBGene00006387,1,2,0,3,taf-6.1,caenorhabditis_elegans
,WBGene00021363,1,2,0,3,taf-6.2,caenorhabditis_elegans
1971,ENSG00000162552,3,14,0,17,WNT4,homo_sapiens
,ENSMUSG00000036856,1,14,0,15,Wnt4,mus_musculus
,ENSXETG00000004742,1,15,1,17,wnt4,xenopus_tropicalis
,WBGene00000857,2,2,0,4,cwn-1,caenorhabditis_elegans
1972,ENSG00000163161,2,1,2,5,ERCC3,homo_sapiens
,ENSMUSG00000024382,1,1,2,4,Ercc3,mus_musculus
,ENSXETG00000033646,1,1,2,4,ERCC3,xenopus_tropicalis
,FBgn0001179,2,1,4,7,hay,drosophila_melanogaster
,WBGene00013441,1,1,2,4,xpb-1,caenorhabditis_elegans
1973,ENSG00000163346,3,2,0,5,PBXIP1,homo_sapiens
,ENSMUSG00000042613,4,2,0,6,Pbxip1,mus_musculus
,ENSXETG00000031731,1,2,0,3,PBXIP1,xenopus_tropicalis
1974,ENSG00000163349,11,10,7,28,HIPK1,homo_sapiens
,ENSMUSG00000008730,3,9,3,15,Hipk1,mus_musculus
,ENSXETG00000001698,2,7,2,11,hipk1,xenopus_tropicalis
,FBgn0035142,3,4,2,6,hipk,drosophila_melanogaster
,WBGene00001994,4,5,4,12,hpk-1,caenorhabditis_elegans
1975,ENSG00000163563,2,4,3,9,MNDA,homo_sapiens
1976,ENSG00000163565,11,4,21,36,IFI16,homo_sapiens
,ENSMUSG00000026536,1,13,2,16,Mnda,mus_musculus
,ENSMUSG00000054203,1,13,2,16,Ifi205,mus_musculus
,ENSMUSG00000073489,1,13,3,17,Ifi204,mus_musculus
,ENSMUSG00000090272,4,13,7,24,Mndal,mus_musculus
1977,ENSG00000163602,1,2,1,4,RYBP,homo_sapiens
,ENSMUSG00000072872,1,0,1,2,Rybp,mus_musculus
,ENSXETG00000015914,2,2,5,9,rybp,xenopus_tropicalis
,FBgn0034763,2,1,2,5,RYBP,drosophila_melanogaster
1978,ENSG00000163877,1,3,1,5,SNIP1,homo_sapiens
,ENSMUSG00000050213,1,3,1,5,Snip1,mus_musculus
,ENSXETG00000017464,1,3,2,6,snip1,xenopus_tropicalis
,FBgn0039943,1,3,1,5,CG17168,drosophila_melanogaster
,WBGene00016323,2,3,2,7,C32E8.5,caenorhabditis_elegans
1979,ENSG00000163935,4,10,6,20,SFMBT1,homo_sapiens
,ENSMUSG00000006527,5,10,19,34,Sfmbt1,mus_musculus
,ENSXETG00000032066,2,9,7,18,sfmbt1,xenopus_tropicalis
,WBGene00003041,3,2,12,17,lin-61,caenorhabditis_elegans
,WBGene00021661,2,2,8,12,mbtr-1,caenorhabditis_elegans
1980,ENSG00000164442,4,3,0,7,CITED2,homo_sapiens
,ENSMUSG00000039910,1,3,0,4,Cited2,mus_musculus
,ENSXETG00000027807,1,2,1,4,cited2,xenopus_tropicalis
1981,ENSG00000164509,8,6,21,35,IL31RA,homo_sapiens
,ENSMUSG00000050377,1,6,3,10,Il31ra,mus_musculus
1982,ENSG00000164611,4,2,0,6,PTTG1,homo_sapiens
,ENSMUSG00000020415,7,1,0,8,Pttg1,mus_musculus
1983,ENSG00000164751,5,1,3,9,PEX2,homo_sapiens
,ENSMUSG00000040374,6,1,6,13,Pex2,mus_musculus
,ENSXETG00000017165,1,1,1,3,pex2,xenopus_tropicalis
,FBgn0035876,1,1,1,3,Pex2,drosophila_melanogaster
,WBGene00004192,0,1,1,3,prx-2,caenorhabditis_elegans
1984,ENSG00000164754,8,2,0,10,RAD21,homo_sapiens
,ENSMUSG00000022314,1,2,0,3,Rad21,mus_musculus
,ENSXETG00000020783,1,1,1,3,rad21,xenopus_tropicalis
,FBgn0260987,2,1,0,3,vtd,drosophila_melanogaster
,WBGene00000591,1,2,0,3,coh-1,caenorhabditis_elegans
,WBGene00004737,1,2,0,3,scc-1,caenorhabditis_elegans
1985,ENSG00000164758,2,1,0,3,MED30,homo_sapiens
,ENSMUSG00000038622,1,1,0,2,Med30,mus_musculus
,ENSXETG00000020788,1,1,0,2,med30,xenopus_tropicalis
,FBgn0035149,1,1,0,2,MED30,drosophila_melanogaster
1986,ENSG00000164985,6,5,5,16,PSIP1,homo_sapiens
,ENSMUSG00000028484,5,5,4,14,Psip1,mus_musculus
,ENSXETG00000003303,1,4,2,7,psip1,xenopus_tropicalis
,FBgn0039743,2,1,2,5,CG7946,drosophila_melanogaster
,WBGene00015501,2,1,2,5,C06A5.3,caenorhabditis_elegans
1987,ENSG00000165417,2,5,0,7,GTF2A1,homo_sapiens
,ENSMUSG00000020962,2,5,0,7,Gtf2a1,mus_musculus
,ENSMUSG00000094374,1,5,0,6,Gm5435,mus_musculus
,FBgn0011289,3,2,0,5,TfIIA-L,drosophila_melanogaster
,WBGene00004136,4,2,0,6,pqn-51,caenorhabditis_elegans
1988,ENSG00000165583,5,8,4,17,SSX5,homo_sapiens
,ENSMUSG00000023165,2,14,2,18,Ssxb2,mus_musculus
,ENSMUSG00000035371,1,14,1,16,Ssx9,mus_musculus
,ENSMUSG00000062814,2,14,2,18,Ssxa1,mus_musculus
,ENSMUSG00000068218,1,14,1,16,Ssxb9,mus_musculus
,ENSMUSG00000068219,1,14,1,16,Ssxb10,mus_musculus
,ENSMUSG00000071816,1,14,1,16,Ssxb5,mus_musculus
,ENSMUSG00000079697,1,14,1,16,Gm5751,mus_musculus
,ENSMUSG00000079699,1,14,1,16,Gm6592,mus_musculus
,ENSMUSG00000079701,2,14,2,18,Ssxb3,mus_musculus
,ENSMUSG00000079702,1,14,1,16,Ssxb6,mus_musculus
,ENSMUSG00000079703,2,14,2,18,Ssxb8,mus_musculus
,ENSMUSG00000079704,1,14,1,16,Gm14459,mus_musculus
,ENSMUSG00000079705,1,14,1,16,Ssxb1,mus_musculus
,ENSMUSG00000095316,1,14,1,16,Gm21876,mus_musculus
1989,ENSG00000165584,3,8,3,14,SSX3,homo_sapiens
,ENSMUSG00000023165,2,14,2,18,Ssxb2,mus_musculus
,ENSMUSG00000035371,1,14,1,16,Ssx9,mus_musculus
,ENSMUSG00000062814,2,14,2,18,Ssxa1,mus_musculus
,ENSMUSG00000068218,1,14,1,16,Ssxb9,mus_musculus
,ENSMUSG00000068219,1,14,1,16,Ssxb10,mus_musculus
,ENSMUSG00000071816,1,14,1,16,Ssxb5,mus_musculus
,ENSMUSG00000079697,1,14,1,16,Gm5751,mus_musculus
,ENSMUSG00000079699,1,14,1,16,Gm6592,mus_musculus
,ENSMUSG00000079701,2,14,2,18,Ssxb3,mus_musculus
,ENSMUSG00000079702,1,14,1,16,Ssxb6,mus_musculus
,ENSMUSG00000079703,2,14,2,18,Ssxb8,mus_musculus
,ENSMUSG00000079704,1,14,1,16,Gm14459,mus_musculus
,ENSMUSG00000079705,1,14,1,16,Ssxb1,mus_musculus
,ENSMUSG00000095316,1,14,1,16,Gm21876,mus_musculus
1990,ENSG00000165671,11,13,26,50,NSD1,homo_sapiens
,ENSMUSG00000021488,1,13,8,22,Nsd1,mus_musculus
,ENSXETG00000007233,1,11,2,14,nsd1,xenopus_tropicalis
,FBgn0039559,2,7,12,21,Mes-4,drosophila_melanogaster
1991,ENSG00000165916,8,1,0,9,PSMC3,homo_sapiens
,ENSMUSG00000002102,4,1,0,5,Psmc3,mus_musculus
,ENSXETG00000007916,1,1,0,2,psmc3,xenopus_tropicalis
,FBgn0028684,1,1,0,2,Rpt5,drosophila_melanogaster
,WBGene00004505,1,1,0,2,rpt-5,caenorhabditis_elegans
1992,ENSG00000166012,3,1,0,4,TAF1D,homo_sapiens
,ENSMUSG00000031939,2,1,0,3,Taf1d,mus_musculus
,ENSXETG00000026163,1,1,1,3,taf1d,xenopus_tropicalis
1993,ENSG00000166200,5,2,0,7,COPS2,homo_sapiens
,ENSMUSG00000027206,3,2,0,5,Cops2,mus_musculus
,ENSXETG00000008784,1,2,0,3,cops2,xenopus_tropicalis
,FBgn0013746,4,2,0,6,alien,drosophila_melanogaster
,WBGene00000814,2,3,0,5,csn-2,caenorhabditis_elegans
1994,ENSG00000166228,1,2,0,2,PCBD1,homo_sapiens
,ENSMUSG00000020098,1,2,0,3,Pcbd1,mus_musculus
,ENSXETG00000008191,1,1,0,2,pcbd1,xenopus_tropicalis
,FBgn0024841,1,1,0,2,Pcd,drosophila_melanogaster
,WBGene00020397,1,1,0,2,pcbd-1,caenorhabditis_elegans
1995,ENSG00000166313,16,3,37,56,APBB1,homo_sapiens
,ENSMUSG00000037032,15,3,26,44,Apbb1,mus_musculus
,WBGene00001410,4,1,12,17,feh-1,caenorhabditis_elegans
1996,ENSG00000166407,3,4,6,13,LMO1,homo_sapiens
,ENSMUSG00000036111,3,4,6,13,Lmo1,mus_musculus
,FBgn0265598,5,2,10,17,Bx,drosophila_melanogaster
1997,ENSG00000166886,2,2,0,4,NAB2,homo_sapiens
,ENSMUSG00000025402,4,2,0,6,Nab2,mus_musculus
,ENSXETG00000004428,0,2,0,4,nab2,xenopus_tropicalis
,FBgn0259986,3,1,0,4,nab,drosophila_melanogaster
,WBGene00003107,1,1,0,1,mab-10,caenorhabditis_elegans
1998,ENSG00000166913,4,7,0,11,YWHAB,homo_sapiens
,ENSMUSG00000018326,2,7,0,9,Ywhab,mus_musculus
,ENSXETG00000022830,1,6,0,7,ywhab,xenopus_tropicalis
,FBgn0004907,12,2,0,2,14-3-3zeta,drosophila_melanogaster
,WBGene00001502,3,3,0,6,ftt-2,caenorhabditis_elegans
,WBGene00003920,4,3,0,7,par-5,caenorhabditis_elegans
1999,ENSG00000167193,3,2,5,9,CRK,homo_sapiens
,ENSMUSG00000017776,5,2,9,16,Crk,mus_musculus
,ENSXETG00000022904,1,2,2,5,crk,xenopus_tropicalis
,FBgn0024811,7,1,12,20,Crk,drosophila_melanogaster
,WBGene00000416,3,1,2,6,ced-2,caenorhabditis_elegans
2000,ENSG00000167286,4,2,4,10,CD3D,homo_sapiens
,ENSMUSG00000032094,1,2,1,4,Cd3d,mus_musculus
,ENSXETG00000010117,1,1,1,3,cd3g,xenopus_tropicalis
2001,ENSG00000168036,10,2,45,57,CTNNB1,homo_sapiens
,ENSMUSG00000006932,6,2,21,29,Ctnnb1,mus_musculus
,ENSXETG00000013848,1,2,9,12,ctnnb1,xenopus_tropicalis
,FBgn0000117,6,1,54,61,arm,drosophila_melanogaster
2002,ENSG00000168066,11,5,12,28,SF1,homo_sapiens
,ENSMUSG00000024949,8,5,10,23,Sf1,mus_musculus
,ENSXETG00000008434,2,5,8,15,sf1,xenopus_tropicalis
,FBgn0025571,3,10,2,15,SF1,drosophila_melanogaster
,WBGene00013808,1,8,2,11,sfa-1,caenorhabditis_elegans
2003,ENSG00000168283,4,7,4,15,BMI1,homo_sapiens
,ENSMUSG00000026739,6,6,6,18,Bmi1,mus_musculus
,ENSXETG00000007387,1,5,1,7,bmi1,xenopus_tropicalis
,FBgn0005624,3,3,3,9,Psc,drosophila_melanogaster
,FBgn0265623,3,3,3,9,Su(z)2,drosophila_melanogaster
2004,ENSG00000168453,2,4,1,7,HR,homo_sapiens
,ENSMUSG00000022096,3,4,3,10,Hr,mus_musculus
,FBgn0037703,2,1,2,4,JHDM2,drosophila_melanogaster
2005,ENSG00000168556,2,5,1,8,ING2,homo_sapiens
,ENSMUSG00000063049,0,5,2,7,Ing2,mus_musculus
,ENSXETG00000019052,1,4,1,6,ing2,xenopus_tropicalis
,FBgn0038546,1,3,1,5,CG7379,drosophila_melanogaster
2006,ENSG00000169252,1,14,1,2,ADRB2,homo_sapiens
,ENSMUSG00000045730,1,23,1,25,Adrb2,mus_musculus
,FBgn0029909,1,6,1,8,CG12796,drosophila_melanogaster
2007,ENSG00000169375,11,2,10,23,SIN3A,homo_sapiens
,ENSMUSG00000042557,7,2,16,25,Sin3a,mus_musculus
,ENSXETG00000015283,1,2,1,4,sin3a,xenopus_tropicalis
,FBgn0022764,10,1,30,41,Sin3A,drosophila_melanogaster
,WBGene00004117,2,1,2,5,sin-3,caenorhabditis_elegans
2008,ENSG00000169946,4,2,6,12,ZFPM2,homo_sapiens
,ENSMUSG00000022306,1,2,0,5,Zfpm2,mus_musculus
,ENSXETG00000006505,1,2,2,3,zfpm2,xenopus_tropicalis
2009,ENSG00000170162,2,2,0,4,VGLL2,homo_sapiens
,ENSMUSG00000049641,2,2,0,4,Vgll2,mus_musculus
,ENSXETG00000014041,1,2,0,3,vgll2,xenopus_tropicalis
,FBgn0003975,1,1,0,2,vg,drosophila_melanogaster
2010,ENSG00000170515,4,3,0,7,PA2G4,homo_sapiens
,ENSMUSG00000025364,2,2,0,4,Pa2g4,mus_musculus
,ENSXETG00000009471,1,2,0,3,pa2g4,xenopus_tropicalis
,FBgn0035630,3,2,0,5,CG10576,drosophila_melanogaster
,WBGene00021088,2,4,0,6,W08E12.7,caenorhabditis_elegans
2011,ENSG00000171105,3,14,4,25,INSR,homo_sapiens
,ENSMUSG00000005534,2,14,6,20,Insr,mus_musculus
,ENSXETG00000013518,1,15,3,19,insr,xenopus_tropicalis
,FBgn0013984,4,9,12,16,InR,drosophila_melanogaster
,WBGene00000898,2,5,4,11,daf-2,caenorhabditis_elegans
2012,ENSG00000171222,3,2,3,8,SCAND1,homo_sapiens
,ENSMUSG00000046229,1,2,1,4,Scand1,mus_musculus
2013,ENSG00000171316,4,9,7,20,CHD7,homo_sapiens
,ENSMUSG00000041235,5,9,8,22,Chd7,mus_musculus
,ENSXETG00000026004,1,10,8,19,chd8,xenopus_tropicalis
2014,ENSG00000171456,8,3,0,11,ASXL1,homo_sapiens
,ENSMUSG00000042548,1,3,0,4,Asxl1,mus_musculus
,ENSXETG00000033607,1,3,1,5,ASXL1,xenopus_tropicalis
,FBgn0261823,4,1,0,5,Asx,drosophila_melanogaster
2015,ENSG00000171566,4,4,13,21,PLRG1,homo_sapiens
,ENSMUSG00000027998,2,4,12,18,Plrg1,mus_musculus
,ENSXETG00000022434,1,3,6,10,plrg1,xenopus_tropicalis
,FBgn0030365,1,3,6,10,Tango4,drosophila_melanogaster
,WBGene00006481,2,3,12,17,plrg-1,caenorhabditis_elegans
2016,ENSG00000171634,12,8,24,44,BPTF,homo_sapiens
,ENSMUSG00000040481,6,8,16,30,Bptf,mus_musculus
,ENSXETG00000001592,1,8,7,16,bptf,xenopus_tropicalis
,FBgn0000541,9,5,30,44,E(bx),drosophila_melanogaster
,FBgn0261934,6,5,4,15,dikar,drosophila_melanogaster
,WBGene00009180,11,4,26,41,nurf-1,caenorhabditis_elegans
2017,ENSG00000171681,20,2,4,26,ATF7IP,homo_sapiens
,ENSMUSG00000030213,8,2,1,11,Atf7ip,mus_musculus
,ENSXETG00000031812,1,1,3,5,ATF7IP,xenopus_tropicalis
,FBgn0027499,2,1,0,3,wde,drosophila_melanogaster
2018,ENSG00000171703,7,4,15,26,TCEA2,homo_sapiens
,ENSMUSG00000059540,3,4,9,16,Tcea2,mus_musculus
,FBgn0010422,2,2,6,10,TfIIS,drosophila_melanogaster
,FBgn0030663,1,2,2,5,CG8117,drosophila_melanogaster
,WBGene00012000,1,1,3,5,T24H10.1,caenorhabditis_elegans
2019,ENSG00000171794,1,1,0,1,UTF1,homo_sapiens
,ENSMUSG00000047751,1,1,0,2,Utf1,mus_musculus
2020,ENSG00000171855,1,17,0,18,IFNB1,homo_sapiens
,ENSMUSG00000048806,1,31,0,32,Ifnb1,mus_musculus
2021,ENSG00000172349,6,8,14,28,IL16,homo_sapiens
,ENSMUSG00000001741,4,8,6,18,Il16,mus_musculus
,ENSXETG00000031478,1,9,2,12,IL16,xenopus_tropicalis
,FBgn0000008,4,6,8,18,a,drosophila_melanogaster
2022,ENSG00000172530,15,1,7,23,BANP,homo_sapiens
,ENSMUSG00000025316,9,1,6,16,Banp,mus_musculus
,ENSXETG00000016600,2,1,0,3,banp,xenopus_tropicalis
2023,ENSG00000172534,3,8,8,19,HCFC1,homo_sapiens
,ENSMUSG00000031386,3,8,8,19,Hcfc1,mus_musculus
,ENSXETG00000014251,1,10,3,14,hcfc1,xenopus_tropicalis
,FBgn0039904,5,4,0,9,Hcf,drosophila_melanogaster
,WBGene00001827,1,3,2,6,hcf-1,caenorhabditis_elegans
2024,ENSG00000173611,2,1,0,3,SCAI,homo_sapiens
,ENSMUSG00000035236,2,1,0,3,Scai,mus_musculus
,ENSXETG00000016827,1,1,0,2,scai,xenopus_tropicalis
,FBgn0035677,4,1,0,5,CG13293,drosophila_melanogaster
2025,ENSG00000173801,10,2,39,51,JUP,homo_sapiens
,ENSMUSG00000001552,2,2,18,22,Jup,mus_musculus
,ENSXETG00000006970,1,2,9,12,jup,xenopus_tropicalis
,WBGene00000238,1,2,0,3,bar-1,caenorhabditis_elegans
,WBGene00001979,3,2,3,8,hmp-2,caenorhabditis_elegans
2026,ENSG00000174429,1,1,0,2,ABRA,homo_sapiens
,ENSMUSG00000042895,1,1,0,2,Abra,mus_musculus
,ENSXETG00000006498,1,1,0,2,abra,xenopus_tropicalis
,FBgn0023540,4,2,0,6,CG3630,drosophila_melanogaster
,FBgn0035384,2,2,0,4,CG2113,drosophila_melanogaster
,WBGene00009475,3,2,0,5,F36F2.1,caenorhabditis_elegans
,WBGene00044078,1,2,0,3,tag-243,caenorhabditis_elegans
2027,ENSG00000175029,7,2,0,9,CTBP2,homo_sapiens
,ENSMUSG00000030970,12,2,0,14,Ctbp2,mus_musculus
,ENSXETG00000023631,1,3,0,4,ctbp2,xenopus_tropicalis
,FBgn0020496,10,1,0,11,CtBP,drosophila_melanogaster
,WBGene00006424,2,1,0,4,ctbp-1,caenorhabditis_elegans
2028,ENSG00000175104,2,6,8,16,TRAF6,homo_sapiens
,ENSMUSG00000027164,1,6,4,10,Traf6,mus_musculus
,ENSXETG00000007549,1,6,4,11,traf6,xenopus_tropicalis
,FBgn0265464,1,3,2,6,Traf6,drosophila_melanogaster
,WBGene00022454,1,2,1,4,Y110A7A.2,caenorhabditis_elegans
2029,ENSG00000175221,13,1,18,32,MED16,homo_sapiens
,ENSMUSG00000013833,5,1,10,16,Med16,mus_musculus
,ENSXETG00000021641,1,1,2,4,med16,xenopus_tropicalis
,FBgn0034707,1,1,0,2,MED16,drosophila_melanogaster
2030,ENSG00000175550,5,1,0,6,DRAP1,homo_sapiens
,ENSMUSG00000024914,5,1,0,6,Drap1,mus_musculus
,ENSXETG00000018519,1,1,0,2,drap1,xenopus_tropicalis
,FBgn0034650,1,1,0,2,NC2alpha,drosophila_melanogaster
,WBGene00009584,4,1,0,5,drap-1,caenorhabditis_elegans
2031,ENSG00000176396,1,2,0,3,EID2,homo_sapiens
,ENSMUSG00000046058,1,2,0,3,Eid2,mus_musculus
2032,ENSG00000176788,3,1,0,4,BASP1,homo_sapiens
,ENSMUSG00000045763,1,1,0,2,Basp1,mus_musculus
,ENSXETG00000021380,1,1,0,2,basp1,xenopus_tropicalis
2033,ENSG00000177200,11,9,20,40,CHD9,homo_sapiens
,ENSMUSG00000056608,2,9,6,17,Chd9,mus_musculus
,ENSXETG00000000349,2,10,11,23,chd9,xenopus_tropicalis
,FBgn0266557,6,4,15,25,kis,drosophila_melanogaster
,WBGene00007053,1,4,5,10,chd-7,caenorhabditis_elegans
2034,ENSG00000177425,5,1,0,6,PAWR,homo_sapiens
,ENSMUSG00000035873,1,1,0,2,Pawr,mus_musculus
,ENSXETG00000004074,0,1,0,3,pawr,xenopus_tropicalis
2035,ENSG00000177469,1,4,0,5,PTRF,homo_sapiens
,ENSMUSG00000004044,1,4,0,5,Ptrf,mus_musculus
,ENSXETG00000007639,1,3,2,6,ptrf,xenopus_tropicalis
2036,ENSG00000177565,18,4,29,51,TBL1XR1,homo_sapiens
,ENSMUSG00000027630,8,3,37,48,Tbl1xr1,mus_musculus
,ENSXETG00000001521,2,3,17,22,tbl1xr1,xenopus_tropicalis
,FBgn0263933,1,2,8,11,ebi,drosophila_melanogaster
2037,ENSG00000178028,8,1,0,9,DMAP1,homo_sapiens
,ENSMUSG00000009640,1,1,0,2,Dmap1,mus_musculus
,ENSXETG00000001057,1,1,0,2,dmap1,xenopus_tropicalis
,FBgn0034537,1,1,0,2,DMAP1,drosophila_melanogaster
,WBGene00013676,2,1,0,1,ekl-4,caenorhabditis_elegans
2038,ENSG00000178568,5,14,3,22,ERBB4,homo_sapiens
,ENSMUSG00000062209,3,14,2,19,Erbb4,mus_musculus
,ENSXETG00000000413,1,15,2,18,erbb4,xenopus_tropicalis
,FBgn0003731,2,6,2,10,Egfr,drosophila_melanogaster
,WBGene00002299,3,4,3,10,let-23,caenorhabditis_elegans
2039,ENSG00000179218,3,4,0,7,CALR,homo_sapiens
,ENSMUSG00000003814,1,5,0,6,Calr,mus_musculus
,ENSXETG00000007937,1,4,1,6,calr,xenopus_tropicalis
,FBgn0005585,2,4,0,6,Crc,drosophila_melanogaster
,WBGene00000802,2,2,0,4,crt-1,caenorhabditis_elegans
2040,ENSG00000179222,4,37,4,45,MAGED1,homo_sapiens
,ENSMUSG00000025151,1,32,1,34,Maged1,mus_musculus
,ENSXETG00000022031,1,1,1,3,ndnl2,xenopus_tropicalis
2041,ENSG00000179583,6,4,15,25,CIITA,homo_sapiens
,ENSMUSG00000022504,1,4,1,6,Ciita,mus_musculus
,ENSXETG00000024094,1,3,1,5,ciita,xenopus_tropicalis
2042,ENSG00000179833,1,2,1,4,SERTAD2,homo_sapiens
,ENSMUSG00000049800,3,2,3,8,Sertad2,mus_musculus
,ENSXETG00000014022,1,3,1,5,sertad2,xenopus_tropicalis
2043,ENSG00000179862,1,3,0,4,CITED4,homo_sapiens
,ENSMUSG00000070803,1,3,0,4,Cited4,mus_musculus
,ENSXETG00000019718,1,2,1,4,cited4,xenopus_tropicalis
2044,ENSG00000179950,12,16,27,55,PUF60,homo_sapiens
,ENSMUSG00000002524,2,16,6,24,Puf60,mus_musculus
,ENSXETG00000012469,2,13,8,23,puf60,xenopus_tropicalis
,FBgn0028577,10,10,30,50,pUf68,drosophila_melanogaster
,WBGene00004389,3,5,6,14,rnp-6,caenorhabditis_elegans
2045,ENSG00000180182,3,1,0,4,MED14,homo_sapiens
,ENSMUSG00000064127,3,1,0,4,Med14,mus_musculus
,ENSXETG00000015502,1,1,1,3,med14,xenopus_tropicalis
,FBgn0035145,2,1,0,3,MED14,drosophila_melanogaster
,WBGene00004343,2,1,0,3,rgr-1,caenorhabditis_elegans
2046,ENSG00000180530,4,1,0,5,NRIP1,homo_sapiens
,ENSMUSG00000048490,3,1,0,4,Nrip1,mus_musculus
,ENSXETG00000023130,1,1,0,2,nrip1,xenopus_tropicalis
2047,ENSG00000180628,3,7,3,13,PCGF5,homo_sapiens
,ENSMUSG00000024805,2,6,2,10,Pcgf5,mus_musculus
,ENSXETG00000032043,1,5,1,7,PCGF5,xenopus_tropicalis
2048,ENSG00000181163,6,3,0,6,NPM1,homo_sapiens
,ENSXETG00000008403,2,4,1,7,npm1,xenopus_tropicalis
2049,ENSG00000181222,3,2,0,5,POLR2A,homo_sapiens
,ENSMUSG00000005198,2,2,0,4,Polr2a,mus_musculus
,ENSXETG00000012465,1,2,2,5,polr2a,xenopus_tropicalis
,FBgn0003277,1,0,0,3,RpII215,drosophila_melanogaster
,WBGene00000123,1,2,0,3,ama-1,caenorhabditis_elegans
2050,ENSG00000181788,2,3,3,8,SIAH2,homo_sapiens
,ENSMUSG00000036432,1,4,2,7,Siah2,mus_musculus
,ENSXETG00000020096,1,2,3,6,siah2,xenopus_tropicalis
,FBgn0003410,3,3,6,12,sina,drosophila_melanogaster
,WBGene00021369,1,1,2,4,siah-1,caenorhabditis_elegans
2051,ENSG00000182606,8,3,0,11,TRAK1,homo_sapiens
,ENSMUSG00000032536,1,3,0,4,Trak1,mus_musculus
,ENSXETG00000013857,1,3,0,4,trak1,xenopus_tropicalis
,FBgn0262872,6,1,0,7,milt,drosophila_melanogaster
,WBGene00020838,5,1,0,6,T27A3.1,caenorhabditis_elegans
2052,ENSG00000182944,15,3,15,33,EWSR1,homo_sapiens
,ENSMUSG00000009079,5,3,6,14,Ewsr1,mus_musculus
,ENSXETG00000024796,1,3,5,9,ewsr1,xenopus_tropicalis
,FBgn0011571,4,2,6,12,caz,drosophila_melanogaster
,FBgn0037939,1,2,2,5,CG14718,drosophila_melanogaster
2053,ENSG00000183337,11,8,24,43,BCOR,homo_sapiens
,ENSMUSG00000040363,7,8,15,30,Bcor,mus_musculus
,ENSXETG00000015528,2,8,6,16,bcor,xenopus_tropicalis
,FBgn0036814,2,3,6,11,CG14073,drosophila_melanogaster
2054,ENSG00000183576,4,2,6,12,SETD3,homo_sapiens
,ENSMUSG00000056770,3,2,5,10,Setd3,mus_musculus
,ENSXETG00000011436,2,2,0,4,setd3,xenopus_tropicalis
,FBgn0052732,1,2,1,4,CG32732,drosophila_melanogaster
,WBGene00022173,1,2,1,4,set-27,caenorhabditis_elegans
2055,ENSG00000184384,2,3,0,5,MAML2,homo_sapiens
,ENSMUSG00000031925,3,3,0,6,Maml2,mus_musculus
,ENSXETG00000007075,1,3,1,5,maml2,xenopus_tropicalis
2056,ENSG00000184634,5,2,0,7,MED12,homo_sapiens
,ENSMUSG00000079487,4,2,0,6,Med12,mus_musculus
,ENSXETG00000031593,1,1,1,3,MED12,xenopus_tropicalis
,FBgn0001324,2,1,0,3,kto,drosophila_melanogaster
,WBGene00001081,1,1,0,2,dpy-22,caenorhabditis_elegans
2057,ENSG00000185619,8,7,5,20,PCGF3,homo_sapiens
,ENSMUSG00000033623,2,6,2,10,Pcgf3,mus_musculus
,ENSXETG00000004916,1,5,1,7,pcgf3,xenopus_tropicalis
,FBgn0002283,2,3,2,7,l(3)73Ah,drosophila_melanogaster
,WBGene00008684,2,1,1,4,mig-32,caenorhabditis_elegans
2058,ENSG00000185651,3,11,3,17,UBE2L3,homo_sapiens
,ENSMUSG00000038965,3,13,3,19,Ube2l3,mus_musculus
,ENSXETG00000022422,2,8,2,12,ube2l3,xenopus_tropicalis
,FBgn0017456,1,10,1,12,Ubc84D,drosophila_melanogaster
,FBgn0026316,1,10,1,12,Ubc10,drosophila_melanogaster
,WBGene00006713,1,3,1,5,ubc-18,caenorhabditis_elegans
2059,ENSG00000186141,2,1,0,3,POLR3C,homo_sapiens
,ENSMUSG00000028099,4,1,0,5,Polr3c,mus_musculus
,FBgn0038057,2,1,0,3,CG12267,drosophila_melanogaster
,WBGene00016750,2,1,0,3,C48E7.2,caenorhabditis_elegans
2060,ENSG00000186174,3,2,0,5,BCL9L,homo_sapiens
,ENSMUSG00000063382,1,2,0,3,Bcl9l,mus_musculus
,ENSXETG00000010069,1,2,0,3,bcl9l,xenopus_tropicalis
2061,ENSG00000186260,7,3,18,28,MKL2,homo_sapiens
,ENSMUSG00000009569,4,3,8,15,Mkl2,mus_musculus
,ENSXETG00000010993,1,4,5,10,mkl2,xenopus_tropicalis
,FBgn0052296,3,1,12,16,Mrtf,drosophila_melanogaster
2062,ENSG00000187323,7,11,32,50,DCC,homo_sapiens
,ENSMUSG00000060534,2,11,20,33,Dcc,mus_musculus
,ENSXETG00000030451,1,9,7,17,DCC,xenopus_tropicalis
,FBgn0011592,3,6,30,39,fra,drosophila_melanogaster
,WBGene00006776,1,2,10,13,unc-40,caenorhabditis_elegans
2063,ENSG00000187325,1,2,0,3,TAF9B,homo_sapiens
,ENSMUSG00000047242,3,3,0,6,Taf9b,mus_musculus
,ENSXETG00000010138,1,1,0,2,taf9b,xenopus_tropicalis
,FBgn0000617,1,1,0,1,e(y)1,drosophila_melanogaster
,WBGene00006391,1,1,0,2,taf-9,caenorhabditis_elegans
2064,ENSG00000187735,5,4,9,18,TCEA1,homo_sapiens
,ENSMUSG00000033813,2,4,6,12,Tcea1,mus_musculus
,ENSXETG00000008099,2,3,2,7,tcea1,xenopus_tropicalis
,FBgn0010422,2,2,6,10,TfIIS,drosophila_melanogaster
,FBgn0030663,1,2,2,5,CG8117,drosophila_melanogaster
,WBGene00012000,1,1,3,5,T24H10.1,caenorhabditis_elegans
2065,ENSG00000187754,1,8,1,10,SSX7,homo_sapiens
,ENSMUSG00000023165,2,14,2,18,Ssxb2,mus_musculus
,ENSMUSG00000035371,1,14,1,16,Ssx9,mus_musculus
,ENSMUSG00000062814,2,14,2,18,Ssxa1,mus_musculus
,ENSMUSG00000068218,1,14,1,16,Ssxb9,mus_musculus
,ENSMUSG00000068219,1,14,1,16,Ssxb10,mus_musculus
,ENSMUSG00000071816,1,14,1,16,Ssxb5,mus_musculus
,ENSMUSG00000079697,1,14,1,16,Gm5751,mus_musculus
,ENSMUSG00000079699,1,14,1,16,Gm6592,mus_musculus
,ENSMUSG00000079701,2,14,2,18,Ssxb3,mus_musculus
,ENSMUSG00000079702,1,14,1,16,Ssxb6,mus_musculus
,ENSMUSG00000079703,2,14,2,18,Ssxb8,mus_musculus
,ENSMUSG00000079704,1,14,1,16,Gm14459,mus_musculus
,ENSMUSG00000079705,1,14,1,16,Ssxb1,mus_musculus
,ENSMUSG00000095316,1,14,1,16,Gm21876,mus_musculus
2066,ENSG00000188779,4,4,0,8,SKOR1,homo_sapiens
,ENSMUSG00000022245,3,4,0,7,Skor1,mus_musculus
,ENSXETG00000007811,1,4,1,6,skor1,xenopus_tropicalis
,FBgn0039932,3,2,0,5,fuss,drosophila_melanogaster
2067,ENSG00000188976,1,1,0,2,NOC2L,homo_sapiens
,ENSMUSG00000095567,2,1,0,1,Noc2l,mus_musculus
,ENSXETG00000031054,1,1,1,3,NOC2L,xenopus_tropicalis
,FBgn0032925,1,1,0,2,CG9246,drosophila_melanogaster
,WBGene00007413,1,1,0,2,pro-2,caenorhabditis_elegans
2068,ENSG00000188986,2,1,0,3,NELFB,homo_sapiens
,ENSMUSG00000013465,4,1,0,5,Nelfb,mus_musculus
,ENSXETG00000000383,2,1,0,3,nelfb,xenopus_tropicalis
,FBgn0027553,1,1,0,2,NELF-B,drosophila_melanogaster
2069,ENSG00000189266,4,2,0,6,PNRC2,homo_sapiens
,ENSMUSG00000028675,3,2,0,5,Pnrc2,mus_musculus
,ENSXETG00000005273,1,1,0,2,pnrc2,xenopus_tropicalis
2070,ENSG00000189308,6,2,6,14,LIN54,homo_sapiens
,ENSMUSG00000035310,6,2,6,14,Lin54,mus_musculus
,ENSXETG00000000369,1,1,1,3,lin54,xenopus_tropicalis
,FBgn0033846,2,1,2,5,mip120,drosophila_melanogaster
,WBGene00003037,2,1,2,5,lin-54,caenorhabditis_elegans
2071,ENSG00000196284,4,1,0,5,SUPT3H,homo_sapiens
,ENSMUSG00000038954,3,1,0,4,Supt3,mus_musculus
,ENSXETG00000001404,1,1,0,2,supt3h,xenopus_tropicalis
,FBgn0037981,1,1,0,2,Spt3,drosophila_melanogaster
2072,ENSG00000196419,6,1,6,13,XRCC6,homo_sapiens
,ENSMUSG00000022471,6,1,2,9,Xrcc6,mus_musculus
,ENSXETG00000004548,2,1,0,3,xrcc6,xenopus_tropicalis
,FBgn0011774,2,1,0,3,Irbp,drosophila_melanogaster
,WBGene00000519,1,1,0,2,cku-70,caenorhabditis_elegans
2073,ENSG00000196531,13,3,12,28,NACA,homo_sapiens
,ENSMUSG00000061315,2,2,2,6,Naca,mus_musculus
,ENSXETG00000004407,1,2,1,4,naca.2,xenopus_tropicalis
,FBgn0086904,4,2,4,10,Nacalpha,drosophila_melanogaster
,WBGene00022042,4,1,3,8,icd-2,caenorhabditis_elegans
2074,ENSG00000196588,10,3,26,36,MKL1,homo_sapiens
,ENSMUSG00000042292,5,3,16,24,Mkl1,mus_musculus
,ENSXETG00000022963,3,4,13,20,mkl1,xenopus_tropicalis
,FBgn0052296,3,1,12,16,Mrtf,drosophila_melanogaster
2075,ENSG00000196781,5,6,8,19,TLE1,homo_sapiens
,ENSMUSG00000008305,7,7,16,30,Tle1,mus_musculus
,ENSXETG00000013999,2,4,7,13,tle1,xenopus_tropicalis
,WBGene00006773,2,1,8,11,unc-37,caenorhabditis_elegans
2076,ENSG00000196782,3,3,0,6,MAML3,homo_sapiens
,ENSMUSG00000061143,2,3,0,5,Maml3,mus_musculus
,ENSXETG00000016965,2,3,4,9,maml3,xenopus_tropicalis
2077,ENSG00000196924,8,3,158,169,FLNA,homo_sapiens
,ENSMUSG00000031328,6,3,109,118,Flna,mus_musculus
,ENSXETG00000014268,1,3,26,30,flna,xenopus_tropicalis
,FBgn0014141,10,3,176,189,cher,drosophila_melanogaster
,FBgn0028371,10,3,120,133,jbug,drosophila_melanogaster
,FBgn0039500,1,3,3,6,CG5984,drosophila_melanogaster
,WBGene00016006,4,2,65,71,fln-2,caenorhabditis_elegans
,WBGene00022048,21,2,307,330,fln-1,caenorhabditis_elegans
2078,ENSG00000197157,2,1,5,8,SND1,homo_sapiens
,ENSMUSG00000001424,3,1,8,12,Snd1,mus_musculus
,ENSXETG00000023043,2,1,10,13,snd1,xenopus_tropicalis
,FBgn0035121,2,1,10,13,Tudor-SN,drosophila_melanogaster
,WBGene00006626,1,1,5,7,tsn-1,caenorhabditis_elegans
2079,ENSG00000197223,4,1,0,5,C1D,homo_sapiens
,ENSMUSG00000000581,2,1,0,3,C1d,mus_musculus
,ENSXETG00000025934,1,1,0,2,c1d,xenopus_tropicalis
2080,ENSG00000197299,2,5,5,12,BLM,homo_sapiens
,ENSMUSG00000030528,3,5,6,14,Blm,mus_musculus
,ENSXETG00000007847,3,5,4,12,blm,xenopus_tropicalis
,FBgn0002906,1,3,3,3,Blm,drosophila_melanogaster
,WBGene00001865,1,4,3,8,him-6,caenorhabditis_elegans
2081,ENSG00000197579,2,1,2,5,TOPORS,homo_sapiens
,ENSMUSG00000036822,1,2,1,4,Topors,mus_musculus
,ENSXETG00000014724,1,1,3,5,topors,xenopus_tropicalis
,FBgn0267351,2,1,2,5,Topors,drosophila_melanogaster
2082,ENSG00000197724,3,6,3,12,PHF2,homo_sapiens
,ENSMUSG00000038025,1,7,2,10,Phf2,mus_musculus
,ENSXETG00000022559,1,8,3,12,phf2,xenopus_tropicalis
,ENSXETG00000033790,1,8,0,9,0,xenopus_tropicalis
,WBGene00005013,1,3,1,5,jmjd-1.1,caenorhabditis_elegans
,WBGene00017920,3,3,3,9,jmjd-1.2,caenorhabditis_elegans
2083,ENSG00000198646,5,1,0,6,NCOA6,homo_sapiens
,ENSMUSG00000038369,4,1,0,5,Ncoa6,mus_musculus
,ENSXETG00000019466,1,1,2,4,ncoa6,xenopus_tropicalis
2084,ENSG00000198728,2,2,0,4,LDB1,homo_sapiens
,ENSMUSG00000025223,6,2,0,8,Ldb1,mus_musculus
,ENSXETG00000001714,2,2,0,4,ldb1,xenopus_tropicalis
,FBgn0013764,2,1,0,3,Chi,drosophila_melanogaster
,WBGene00002261,4,1,0,5,ldb-1,caenorhabditis_elegans
2086,ENSG00000204209,7,1,0,8,DAXX,homo_sapiens
,ENSMUSG00000002307,6,1,0,7,Daxx,mus_musculus
,ENSXETG00000020372,1,1,1,3,daxx,xenopus_tropicalis
,FBgn0031820,2,1,0,3,DLP,drosophila_melanogaster
2087,ENSG00000204227,1,2,1,4,RING1,homo_sapiens
,ENSMUSG00000024325,1,2,1,4,Ring1,mus_musculus
,ENSXETG00000020370,1,2,1,4,ring1,xenopus_tropicalis
,FBgn0003330,1,1,1,3,Sce,drosophila_melanogaster
,WBGene00020496,2,1,1,4,spat-3,caenorhabditis_elegans
2088,ENSG00000204713,3,21,6,30,TRIM27,homo_sapiens
,ENSMUSG00000021326,0,25,3,29,Trim27,mus_musculus
,ENSXETG00000007266,1,2,3,6,0,xenopus_tropicalis
,ENSXETG00000033046,1,2,3,6,0,xenopus_tropicalis
2089,ENSG00000206206,7,1,0,8,DAXX,homo_sapiens
2090,ENSG00000206279,7,1,0,8,DAXX,homo_sapiens
2091,ENSG00000206287,1,1,1,3,RING1,homo_sapiens
2092,ENSG00000213024,14,2,0,16,NUP62,homo_sapiens
,ENSMUSG00000109511,5,2,0,7,Nup62,mus_musculus
,ENSXETG00000009637,1,1,1,3,nup62,xenopus_tropicalis
,FBgn0034118,2,1,0,3,Nup62,drosophila_melanogaster
2093,ENSG00000213523,2,1,0,3,SRA1,homo_sapiens
,ENSXETG00000032326,1,1,0,2,sra1,xenopus_tropicalis
2094,ENSG00000214114,2,2,0,4,MYCBP,homo_sapiens
,ENSMUSG00000028647,2,1,0,3,Mycbp,mus_musculus
,ENSXETG00000027114,1,1,0,2,mycbp,xenopus_tropicalis
2095,ENSG00000215474,3,4,0,7,SKOR2,homo_sapiens
,ENSMUSG00000091519,1,4,0,5,Skor2,mus_musculus
,FBgn0039932,3,2,0,5,fuss,drosophila_melanogaster
2096,ENSG00000215641,3,1,6,10,TRIM27,homo_sapiens
2098,ENSG00000221926,10,6,7,23,TRIM16,homo_sapiens
,ENSMUSG00000047821,3,6,3,12,Trim16,mus_musculus
,ENSXETG00000009231,1,76,2,79,trim16,xenopus_tropicalis
2099,ENSG00000226788,1,1,1,3,RING1,homo_sapiens
2100,ENSG00000227046,7,1,0,8,DAXX,homo_sapiens
2101,ENSG00000228520,1,1,0,2,RING1,homo_sapiens
2102,ENSG00000229006,3,1,6,10,TRIM27,homo_sapiens
2103,ENSG00000230989,2,0,0,2,HSBP1,homo_sapiens
,ENSMUSG00000031839,1,1,0,2,Hsbp1,mus_musculus
,ENSXETG00000025864,1,1,0,2,hsbp1,xenopus_tropicalis
,FBgn0032429,3,1,0,4,CG5446,drosophila_melanogaster
,WBGene00002002,4,1,0,5,hsb-1,caenorhabditis_elegans
2104,ENSG00000231115,1,1,1,3,RING1,homo_sapiens
2105,ENSG00000231617,6,1,0,7,DAXX,homo_sapiens
2106,ENSG00000233948,5,1,6,12,TRIM27,homo_sapiens
2107,ENSG00000234495,3,1,6,10,TRIM27,homo_sapiens
2108,ENSG00000235107,1,1,1,3,RING1,homo_sapiens
2109,ENSG00000237071,3,1,6,10,TRIM27,homo_sapiens
2110,ENSG00000237462,2,1,4,7,TRIM27,homo_sapiens
2111,ENSG00000239306,5,4,12,21,RBM14,homo_sapiens
,ENSMUSG00000006456,3,4,8,15,Rbm14,mus_musculus
,ENSXETG00000026650,2,3,4,9,rbm14,xenopus_tropicalis
,FBgn0011640,5,1,15,21,lark,drosophila_melanogaster
,WBGene00004384,3,1,1,5,rnp-1,caenorhabditis_elegans
2112,ENSG00000242441,5,5,0,10,GTF2A1L,homo_sapiens
,ENSMUSG00000024154,2,5,0,7,Gtf2a1l,mus_musculus
2113,ENSG00000253506,1,3,1,5,NACA2,homo_sapiens
,ENSMUSG00000061315,2,2,2,6,Naca,mus_musculus
,ENSXETG00000004407,1,2,1,4,naca.2,xenopus_tropicalis
,FBgn0086904,4,2,4,10,Nacalpha,drosophila_melanogaster
,WBGene00022042,4,1,3,8,icd-2,caenorhabditis_elegans
2114,ENSG00000253729,4,2,7,13,PRKDC,homo_sapiens
,ENSMUSG00000022672,1,2,3,6,Prkdc,mus_musculus
,ENSXETG00000004851,1,2,3,6,prkdc,xenopus_tropicalis
,FBgn0004367,1,1,3,5,mei-41,drosophila_melanogaster
,WBGene00000226,3,1,9,13,atl-1,caenorhabditis_elegans
2115,ENSG00000255302,2,1,0,3,EID1,homo_sapiens
,ENSMUSG00000091337,1,1,0,2,Eid1,mus_musculus
2121,ENSG00000262024,4,1,0,5,TCF20,homo_sapiens
2127,ENSG00000265972,2,5,0,7,TXNIP,homo_sapiens
,ENSMUSG00000038393,2,5,0,7,Txnip,mus_musculus
,ENSXETG00000011050,1,5,0,6,txnip,xenopus_tropicalis
,FBgn0037465,1,13,0,14,CG1105,drosophila_melanogaster
,FBgn0037517,1,13,0,14,CG10086,drosophila_melanogaster
,FBgn0037518,1,13,0,13,CG2641,drosophila_melanogaster
,FBgn0037519,2,13,0,15,CG3014,drosophila_melanogaster
,FBgn0037521,3,13,0,16,CG2993,drosophila_melanogaster
,FBgn0037853,1,13,0,14,CG14696,drosophila_melanogaster
,FBgn0037856,1,13,0,14,Leash,drosophila_melanogaster
,FBgn0042101,1,13,0,14,CG18744,drosophila_melanogaster
,FBgn0042102,1,13,0,14,CG18745,drosophila_melanogaster
,FBgn0042103,1,0,0,14,CG18746,drosophila_melanogaster
,FBgn0042104,1,13,0,14,CG18747,drosophila_melanogaster
,FBgn0042105,2,13,0,15,CG18748,drosophila_melanogaster
,WBGene00009852,1,16,0,17,arrd-24,caenorhabditis_elegans
,WBGene00011052,1,16,0,17,arrd-11,caenorhabditis_elegans
,WBGene00011053,1,16,0,17,arrd-12,caenorhabditis_elegans
,WBGene00011054,1,16,0,17,arrd-13,caenorhabditis_elegans
,WBGene00011055,1,16,0,17,arrd-14,caenorhabditis_elegans
,WBGene00011732,1,16,0,17,arrd-17,caenorhabditis_elegans
,WBGene00012464,1,16,0,17,arrd-7,caenorhabditis_elegans
,WBGene00012467,1,16,0,17,arrd-8,caenorhabditis_elegans
,WBGene00013043,2,16,0,18,arrd-16,caenorhabditis_elegans
,WBGene00014161,1,16,0,17,arrd-5,caenorhabditis_elegans
,WBGene00015440,1,16,0,17,arrd-20,caenorhabditis_elegans
,WBGene00015441,1,16,0,17,arrd-21,caenorhabditis_elegans
,WBGene00018060,1,16,0,17,arrd-18,caenorhabditis_elegans
,WBGene00018061,2,16,0,18,arrd-19,caenorhabditis_elegans
,WBGene00020612,1,16,0,17,arrd-22,caenorhabditis_elegans
2128,ENSG00000266412,7,1,0,8,NCOA4,homo_sapiens
,ENSMUSG00000021908,1,2,0,3,Gm6768,mus_musculus
,ENSMUSG00000056234,7,2,0,9,Ncoa4,mus_musculus
,ENSXETG00000032751,1,1,0,2,NCOA4,xenopus_tropicalis
2148,ENSG00000004487,4,4,2,10,KDM1A,homo_sapiens
,ENSMUSG00000036940,5,4,4,13,Kdm1a,mus_musculus
,ENSXETG00000003698,2,5,3,10,kdm1a,xenopus_tropicalis
,FBgn0260397,3,7,2,12,Su(var)3-3,drosophila_melanogaster
2149,ENSG00000005302,8,0,7,16,MSL3,homo_sapiens
,ENSMUSG00000031358,2,2,2,6,Msl3,mus_musculus
,ENSMUSG00000047669,1,2,1,4,Msl3l2,mus_musculus
,ENSXETG00000007544,1,2,0,3,0,xenopus_tropicalis
,ENSXETG00000032258,1,2,0,3,0,xenopus_tropicalis
,FBgn0002775,1,1,1,3,msl-3,drosophila_melanogaster
2150,ENSG00000009954,2,8,10,20,BAZ1B,homo_sapiens
,ENSMUSG00000002748,1,8,5,14,Baz1b,mus_musculus
,ENSXETG00000010334,1,8,6,15,baz1b,xenopus_tropicalis
2151,ENSG00000010803,12,10,24,49,SCMH1,homo_sapiens
,ENSMUSG00000000085,6,10,10,26,Scmh1,mus_musculus
,ENSXETG00000012966,1,9,2,12,scmh1,xenopus_tropicalis
,FBgn0003334,2,3,8,13,Scm,drosophila_melanogaster
2152,ENSG00000015171,15,2,45,62,ZMYND11,homo_sapiens
,ENSMUSG00000021156,14,2,30,47,Zmynd11,mus_musculus
,ENSXETG00000016884,2,2,8,12,zmynd11,xenopus_tropicalis
,FBgn0033752,1,2,2,5,CG8569,drosophila_melanogaster
,WBGene00000262,1,2,1,4,bra-1,caenorhabditis_elegans
,WBGene00017757,1,2,1,4,bra-2,caenorhabditis_elegans
2153,ENSG00000025293,6,2,4,12,PHF20,homo_sapiens
,ENSMUSG00000038116,2,2,1,5,Phf20,mus_musculus
,ENSXETG00000025472,2,3,4,9,phf20,xenopus_tropicalis
,FBgn0038016,1,1,3,5,MBD-R2,drosophila_melanogaster
2154,ENSG00000048052,16,6,0,22,HDAC9,homo_sapiens
,ENSMUSG00000004698,1,6,0,7,Hdac9,mus_musculus
,ENSXETG00000013445,1,6,2,9,hdac9,xenopus_tropicalis
,FBgn0041210,8,2,0,10,HDAC4,drosophila_melanogaster
,WBGene00001837,2,5,0,7,hda-4,caenorhabditis_elegans
2155,ENSG00000048649,7,1,4,12,RSF1,homo_sapiens
,ENSMUSG00000035623,1,1,1,3,Rsf1,mus_musculus
,ENSXETG00000010445,1,1,1,3,rsf1,xenopus_tropicalis
,FBgn0026577,2,1,4,5,CG8677,drosophila_melanogaster
2156,ENSG00000055609,8,8,30,49,KMT2C,homo_sapiens
,ENSMUSG00000038056,5,9,33,47,Kmt2c,mus_musculus
,ENSXETG00000009730,1,8,2,11,kmt2c,xenopus_tropicalis
,FBgn0023518,2,5,8,15,trr,drosophila_melanogaster
,WBGene00019584,1,4,3,8,set-12,caenorhabditis_elegans
2158,ENSG00000061273,17,6,0,23,HDAC7,homo_sapiens
,ENSMUSG00000022475,10,6,0,16,Hdac7,mus_musculus
,ENSXETG00000010661,1,6,1,8,hdac7,xenopus_tropicalis
,FBgn0041210,8,2,0,10,HDAC4,drosophila_melanogaster
,WBGene00001837,2,5,0,7,hda-4,caenorhabditis_elegans
2159,ENSG00000066117,6,3,0,9,SMARCD1,homo_sapiens
,ENSMUSG00000023018,1,3,0,4,Smarcd1,mus_musculus
,ENSXETG00000013357,1,3,0,4,smarcd1,xenopus_tropicalis
,FBgn0025463,1,1,0,2,Bap60,drosophila_melanogaster
,WBGene00015971,2,2,0,2,swsn-2.2,caenorhabditis_elegans
,WBGene00044072,1,2,0,3,ham-3,caenorhabditis_elegans
2160,ENSG00000066135,1,7,2,10,KDM4A,homo_sapiens
,ENSMUSG00000033326,4,4,8,16,Kdm4a,mus_musculus
,ENSXETG00000003483,1,3,4,8,kdm4a,xenopus_tropicalis
,FBgn0033233,2,2,4,8,Kdm4A,drosophila_melanogaster
,FBgn0053182,5,2,10,17,Kdm4B,drosophila_melanogaster
,WBGene00012982,1,1,2,4,jmjd-2,caenorhabditis_elegans
2161,ENSG00000068024,7,6,0,13,HDAC4,homo_sapiens
,ENSMUSG00000026313,4,6,0,10,Hdac4,mus_musculus
,ENSXETG00000004880,1,6,2,9,hdac4,xenopus_tropicalis
,FBgn0041210,8,2,0,10,HDAC4,drosophila_melanogaster
,WBGene00001837,2,5,0,7,hda-4,caenorhabditis_elegans
2162,ENSG00000068903,9,2,9,20,SIRT2,homo_sapiens
,ENSMUSG00000015149,4,2,4,10,Sirt2,mus_musculus
,ENSXETG00000002409,1,3,1,5,sirt2,xenopus_tropicalis
,FBgn0038788,2,1,2,5,Sirt2,drosophila_melanogaster
2163,ENSG00000071243,4,5,2,11,ING3,homo_sapiens
,ENSMUSG00000029670,4,5,2,11,Ing3,mus_musculus
,ENSXETG00000022722,2,4,0,6,ing3,xenopus_tropicalis
,FBgn0030945,1,3,1,5,Ing3,drosophila_melanogaster
,WBGene00013095,1,2,1,4,ing-3,caenorhabditis_elegans
,WBGene00021545,4,2,2,8,Y43H11AL.1,caenorhabditis_elegans
2164,ENSG00000074266,6,1,11,18,EED,homo_sapiens
,ENSMUSG00000030619,3,1,8,12,Eed,mus_musculus
,ENSXETG00000010440,1,1,3,5,eed,xenopus_tropicalis
,FBgn0000588,1,2,3,6,esc,drosophila_melanogaster
,FBgn0032391,2,2,6,10,escl,drosophila_melanogaster
,WBGene00003224,1,1,2,4,mes-6,caenorhabditis_elegans
2165,ENSG00000080503,31,2,48,79,SMARCA2,homo_sapiens
,ENSMUSG00000024921,27,2,37,66,Smarca2,mus_musculus
,ENSXETG00000015299,3,2,13,18,smarca2,xenopus_tropicalis
,FBgn0000212,6,1,30,37,brm,drosophila_melanogaster
,WBGene00004204,1,1,5,6,swsn-4,caenorhabditis_elegans
2166,ENSG00000082014,4,3,0,7,SMARCD3,homo_sapiens
,ENSMUSG00000028949,2,3,0,5,Smarcd3,mus_musculus
,ENSXETG00000014415,1,3,0,4,smarcd3,xenopus_tropicalis
,FBgn0025463,1,1,0,2,Bap60,drosophila_melanogaster
,WBGene00015971,2,2,0,2,swsn-2.2,caenorhabditis_elegans
,WBGene00044072,1,2,0,3,ham-3,caenorhabditis_elegans
2167,ENSG00000083168,6,5,12,23,KAT6A,homo_sapiens
,ENSMUSG00000031540,2,5,6,13,Kat6a,mus_musculus
,FBgn0034975,2,5,2,9,enok,drosophila_melanogaster
,WBGene00045419,14,4,0,18,lsy-12,caenorhabditis_elegans
2168,ENSG00000085231,5,1,0,6,AK6,homo_sapiens
,ENSXETG00000018174,1,1,0,2,ak6,xenopus_tropicalis
,FBgn0033754,1,1,0,2,Ak6,drosophila_melanogaster
,WBGene00008458,1,1,0,2,E02H1.6,caenorhabditis_elegans
2169,ENSG00000089094,14,6,17,37,KDM2B,homo_sapiens
,ENSMUSG00000029475,8,7,17,32,Kdm2b,mus_musculus
,ENSXETG00000020966,3,8,10,21,kdm2b,xenopus_tropicalis
,FBgn0037659,4,1,8,13,Kdm2,drosophila_melanogaster
2170,ENSG00000094631,11,6,2,19,HDAC6,homo_sapiens
,ENSMUSG00000031161,5,6,2,13,Hdac6,mus_musculus
,ENSXETG00000023355,1,6,1,8,hdac6,xenopus_tropicalis
,FBgn0026428,7,2,5,14,HDAC6,drosophila_melanogaster
,WBGene00018319,4,5,3,12,hda-6,caenorhabditis_elegans
2171,ENSG00000094916,4,3,7,14,CBX5,homo_sapiens
,ENSMUSG00000009575,4,3,7,14,Cbx5,mus_musculus
,ENSXETG00000021279,1,3,2,6,cbx5,xenopus_tropicalis
,FBgn0003607,2,5,4,11,Su(var)205,drosophila_melanogaster
,FBgn0030082,3,5,6,14,HP1b,drosophila_melanogaster
,FBgn0031613,1,5,1,7,HP6,drosophila_melanogaster
,FBgn0037675,1,5,1,7,HP1e,drosophila_melanogaster
,FBgn0039019,1,5,1,2,HP1c,drosophila_melanogaster
,WBGene00001995,1,1,1,3,hpl-1,caenorhabditis_elegans
2172,ENSG00000096968,1,14,4,19,JAK2,homo_sapiens
,ENSMUSG00000024789,2,14,8,24,Jak2,mus_musculus
,ENSXETG00000000586,1,15,4,20,jak2,xenopus_tropicalis
,FBgn0004864,1,6,3,10,hop,drosophila_melanogaster
2173,ENSG00000099954,4,8,4,16,CECR2,homo_sapiens
,ENSMUSG00000071226,4,8,3,14,Cecr2,mus_musculus
,ENSXETG00000000873,2,8,4,14,cecr2,xenopus_tropicalis
2174,ENSG00000099956,7,1,0,1,SMARCB1,homo_sapiens
,ENSMUSG00000000902,2,1,0,3,Smarcb1,mus_musculus
,ENSXETG00000022368,2,1,0,3,smarcb1,xenopus_tropicalis
,FBgn0011715,1,1,0,2,Snr1,drosophila_melanogaster
,WBGene00011111,2,1,0,3,snfc-5,caenorhabditis_elegans
2175,ENSG00000100307,3,5,3,11,CBX7,homo_sapiens
,ENSMUSG00000053411,7,5,5,17,Cbx7,mus_musculus
,ENSXETG00000006911,1,5,1,7,cbx7,xenopus_tropicalis
,FBgn0003042,1,1,1,3,Pc,drosophila_melanogaster
2176,ENSG00000100429,4,6,0,10,HDAC10,homo_sapiens
,ENSMUSG00000062906,2,6,0,8,Hdac10,mus_musculus
,ENSXETG00000031474,1,6,0,7,HDAC10,xenopus_tropicalis
,FBgn0026428,7,2,5,14,HDAC6,drosophila_melanogaster
,WBGene00018319,4,5,3,12,hda-6,caenorhabditis_elegans
2177,ENSG00000100888,7,9,11,27,CHD8,homo_sapiens
,ENSMUSG00000053754,4,9,9,22,Chd8,mus_musculus
,ENSXETG00000017194,4,10,22,36,CHD8,xenopus_tropicalis
,FBgn0266557,6,4,15,25,kis,drosophila_melanogaster
,WBGene00007053,1,4,5,10,chd-7,caenorhabditis_elegans
2178,ENSG00000101040,20,2,69,91,ZMYND8,homo_sapiens
,ENSMUSG00000039671,11,2,35,48,Zmynd8,mus_musculus
,ENSXETG00000033492,1,2,3,6,ZMYND8,xenopus_tropicalis
,FBgn0039863,2,2,7,11,CG1815,drosophila_melanogaster
2179,ENSG00000101849,8,4,34,46,TBL1X,homo_sapiens
,ENSMUSG00000025246,1,3,8,12,Tbl1x,mus_musculus
,ENSXETG00000015786,2,3,13,18,tbl1x,xenopus_tropicalis
,FBgn0263933,1,2,8,11,ebi,drosophila_melanogaster
2180,ENSG00000101945,2,13,10,25,SUV39H1,homo_sapiens
,ENSMUSG00000039231,3,13,12,28,Suv39h1,mus_musculus
,FBgn0263755,1,7,4,12,Su(var)3-9,drosophila_melanogaster
2181,ENSG00000102038,3,2,9,14,SMARCA1,homo_sapiens
,ENSMUSG00000031099,6,2,12,20,Smarca1,mus_musculus
,ENSXETG00000001526,1,2,2,5,smarca1,xenopus_tropicalis
,FBgn0011604,3,1,9,13,Iswi,drosophila_melanogaster
,WBGene00002169,1,1,3,5,isw-1,caenorhabditis_elegans
2182,ENSG00000103510,4,5,0,9,KAT8,homo_sapiens
,ENSMUSG00000030801,2,5,0,7,Kat8,mus_musculus
,ENSXETG00000001943,2,3,0,5,kat8,xenopus_tropicalis
,FBgn0014340,1,5,0,6,mof,drosophila_melanogaster
,FBgn0039585,1,5,0,6,CG1894,drosophila_melanogaster
,WBGene00007914,1,4,0,5,mys-4,caenorhabditis_elegans
,WBGene00010537,1,4,0,5,mys-2,caenorhabditis_elegans
2183,ENSG00000104885,5,1,2,8,DOT1L,homo_sapiens
,ENSMUSG00000061589,3,1,2,6,Dot1l,mus_musculus
,ENSXETG00000013658,1,1,1,3,dot1l,xenopus_tropicalis
,FBgn0264495,5,1,5,11,gpp,drosophila_melanogaster
,WBGene00010067,1,5,1,7,dot-1.2,caenorhabditis_elegans
,WBGene00010120,1,5,1,7,dot-1.4,caenorhabditis_elegans
,WBGene00012302,1,5,1,7,dot-1.3,caenorhabditis_elegans
,WBGene00021474,7,5,2,14,dot-1.1,caenorhabditis_elegans
,WBGene00022512,1,5,1,7,dot-1.5,caenorhabditis_elegans
2184,ENSG00000106462,6,8,12,26,EZH2,homo_sapiens
,ENSMUSG00000029687,6,9,9,24,Ezh2,mus_musculus
,ENSXETG00000020146,1,8,2,11,ezh2,xenopus_tropicalis
,FBgn0000629,3,5,6,14,E(z),drosophila_melanogaster
,WBGene00003220,1,4,2,7,mes-2,caenorhabditis_elegans
2185,ENSG00000107077,6,7,7,13,KDM4C,homo_sapiens
,ENSMUSG00000028397,3,4,4,11,Kdm4c,mus_musculus
,ENSXETG00000000532,1,3,2,6,kdm4c,xenopus_tropicalis
,FBgn0033233,2,2,4,8,Kdm4A,drosophila_melanogaster
,FBgn0053182,5,2,10,17,Kdm4B,drosophila_melanogaster
,WBGene00012982,1,1,2,4,jmjd-2,caenorhabditis_elegans
2186,ENSG00000108604,6,3,0,9,SMARCD2,homo_sapiens
,ENSMUSG00000078619,3,3,0,6,Smarcd2,mus_musculus
,ENSXETG00000014231,1,3,2,6,smarcd2,xenopus_tropicalis
,FBgn0025463,1,1,0,2,Bap60,drosophila_melanogaster
,WBGene00015971,2,2,0,2,swsn-2.2,caenorhabditis_elegans
,WBGene00044072,1,2,0,3,ham-3,caenorhabditis_elegans
2187,ENSG00000108773,1,8,2,11,KAT2A,homo_sapiens
,ENSMUSG00000020918,2,8,4,14,Kat2a,mus_musculus
,ENSXETG00000002303,1,8,2,11,kat2a,xenopus_tropicalis
,FBgn0020388,1,5,2,8,Gcn5,drosophila_melanogaster
,WBGene00021636,1,4,2,7,pcaf-1,caenorhabditis_elegans
2188,ENSG00000108799,9,8,10,27,EZH1,homo_sapiens
,ENSMUSG00000006920,3,9,5,17,Ezh1,mus_musculus
,ENSXETG00000020191,1,8,2,11,ezh1,xenopus_tropicalis
,FBgn0000629,3,5,6,14,E(z),drosophila_melanogaster
,WBGene00003220,1,4,2,7,mes-2,caenorhabditis_elegans
2189,ENSG00000108840,7,6,0,13,HDAC5,homo_sapiens
,ENSMUSG00000008855,7,6,0,13,Hdac5,mus_musculus
,ENSXETG00000003365,1,6,1,8,HDAC5,xenopus_tropicalis
,FBgn0041210,8,2,0,10,HDAC4,drosophila_melanogaster
,WBGene00001837,2,5,0,7,hda-4,caenorhabditis_elegans
2190,ENSG00000109111,3,1,4,8,SUPT6H,homo_sapiens
,ENSMUSG00000002052,0,1,2,3,Supt6,mus_musculus
,ENSXETG00000019265,2,1,3,6,supt6h,xenopus_tropicalis
,FBgn0028982,2,1,2,5,Spt6,drosophila_melanogaster
,WBGene00001259,1,1,1,3,emb-5,caenorhabditis_elegans
2191,ENSG00000111642,5,9,18,32,CHD4,homo_sapiens
,ENSMUSG00000063870,5,9,18,32,Chd4,mus_musculus
,ENSXETG00000018961,1,10,6,17,0,xenopus_tropicalis
,ENSXETG00000026410,2,10,5,17,chd4,xenopus_tropicalis
,FBgn0023395,1,4,5,10,Chd3,drosophila_melanogaster
,FBgn0262519,4,4,24,32,Mi-2,drosophila_melanogaster
,WBGene00000482,1,4,5,10,chd-3,caenorhabditis_elegans
,WBGene00002637,1,4,6,11,let-418,caenorhabditis_elegans
2192,ENSG00000111653,9,5,5,19,ING4,homo_sapiens
,ENSMUSG00000030330,2,5,2,9,Ing4,mus_musculus
,FBgn0032516,2,3,2,7,CG9293,drosophila_melanogaster
2193,ENSG00000112511,4,3,4,11,PHF1,homo_sapiens
,ENSMUSG00000024193,1,3,1,5,Phf1,mus_musculus
,ENSXETG00000020362,1,3,2,6,phf1,xenopus_tropicalis
,FBgn0003044,2,1,2,5,Pcl,drosophila_melanogaster
2194,ENSG00000112983,11,1,9,21,BRD8,homo_sapiens
,ENSMUSG00000003778,4,2,4,10,Brd8,mus_musculus
,ENSXETG00000006726,2,1,3,6,brd8,xenopus_tropicalis
,FBgn0039654,1,1,1,3,Brd8,drosophila_melanogaster
2195,ENSG00000114166,1,8,2,11,KAT2B,homo_sapiens
,ENSMUSG00000000708,3,8,2,13,Kat2b,mus_musculus
,ENSXETG00000014008,1,8,2,11,kat2b,xenopus_tropicalis
,FBgn0020388,1,5,2,8,Gcn5,drosophila_melanogaster
,WBGene00021636,1,4,2,7,pcaf-1,caenorhabditis_elegans
2196,ENSG00000116478,2,4,0,6,HDAC1,homo_sapiens
,ENSMUSG00000028800,1,5,0,6,Hdac1,mus_musculus
,ENSMUSG00000061062,1,5,0,6,Gm10093,mus_musculus
,ENSXETG00000005253,1,4,0,5,hdac1,xenopus_tropicalis
,FBgn0015805,1,2,0,3,Rpd3,drosophila_melanogaster
,WBGene00001834,1,3,0,4,hda-1,caenorhabditis_elegans
,WBGene00001836,2,3,0,5,hda-3,caenorhabditis_elegans
2197,ENSG00000117222,2,1,4,7,RBBP5,homo_sapiens
,ENSMUSG00000026439,6,1,7,14,Rbbp5,mus_musculus
,ENSXETG00000000933,1,1,2,4,rbbp5,xenopus_tropicalis
,FBgn0036973,1,1,2,4,Rbbp5,drosophila_melanogaster
,WBGene00017683,1,1,2,4,rbbp-5,caenorhabditis_elegans
2198,ENSG00000118058,8,8,22,38,KMT2A,homo_sapiens
,ENSMUSG00000002028,3,9,19,31,Kmt2a,mus_musculus
,ENSXETG00000010087,2,8,24,34,kmt2a,xenopus_tropicalis
,FBgn0003862,5,5,40,50,trx,drosophila_melanogaster
2199,ENSG00000119048,3,3,3,9,UBE2B,homo_sapiens
,ENSMUSG00000020390,2,3,2,7,Ube2b,mus_musculus
,ENSXETG00000026236,1,4,1,6,ube2b,xenopus_tropicalis
,FBgn0004436,2,2,2,6,Ubc6,drosophila_melanogaster
,WBGene00006701,1,1,1,3,ubc-1,caenorhabditis_elegans
2200,ENSG00000119403,8,3,0,11,PHF19,homo_sapiens
,ENSMUSG00000026873,2,3,1,6,Phf19,mus_musculus
,ENSXETG00000019597,1,3,1,5,phf19,xenopus_tropicalis
,FBgn0003044,2,1,2,5,Pcl,drosophila_melanogaster
2201,ENSG00000120656,2,1,0,3,TAF12,homo_sapiens
,ENSMUSG00000028899,2,1,0,3,Taf12,mus_musculus
,ENSXETG00000020616,1,1,0,2,taf12,xenopus_tropicalis
,FBgn0011290,4,1,0,5,Taf12,drosophila_melanogaster
,WBGene00006396,3,1,0,4,taf-12,caenorhabditis_elegans
2202,ENSG00000122565,5,3,7,15,CBX3,homo_sapiens
,ENSMUSG00000029836,5,3,8,16,Cbx3,mus_musculus
,ENSXETG00000012175,1,3,2,6,cbx3,xenopus_tropicalis
,FBgn0003607,2,5,4,11,Su(var)205,drosophila_melanogaster
,FBgn0030082,3,5,6,14,HP1b,drosophila_melanogaster
,FBgn0031613,1,5,1,7,HP6,drosophila_melanogaster
,FBgn0037675,1,5,1,7,HP1e,drosophila_melanogaster
,FBgn0039019,1,5,1,2,HP1c,drosophila_melanogaster
,WBGene00001995,1,1,1,3,hpl-1,caenorhabditis_elegans
2203,ENSG00000122728,1,2,2,5,TAF1L,homo_sapiens
,ENSMUSG00000031314,3,1,4,7,Taf1,mus_musculus
,ENSXETG00000023137,1,1,3,5,taf1,xenopus_tropicalis
,FBgn0010355,6,0,12,19,Taf1,drosophila_melanogaster
,WBGene00006382,1,1,2,4,taf-1,caenorhabditis_elegans
2204,ENSG00000124177,5,9,7,21,CHD6,homo_sapiens
,ENSMUSG00000057133,3,9,6,18,Chd6,mus_musculus
,ENSXETG00000021445,1,10,5,16,chd6,xenopus_tropicalis
2205,ENSG00000126856,1,3,2,6,PRDM7,homo_sapiens
,WBGene00011887,1,1,1,3,set-17,caenorhabditis_elegans
2206,ENSG00000127616,10,2,36,53,SMARCA4,homo_sapiens
,ENSMUSG00000032187,4,2,18,24,Smarca4,mus_musculus
,ENSXETG00000009355,2,2,8,12,smarca4,xenopus_tropicalis
,FBgn0000212,6,1,30,37,brm,drosophila_melanogaster
,WBGene00004204,1,1,5,6,swsn-4,caenorhabditis_elegans
2207,ENSG00000129691,6,1,5,12,ASH2L,homo_sapiens
,ENSMUSG00000031575,5,1,5,11,Ash2l,mus_musculus
,ENSXETG00000009007,1,1,1,3,ash2l,xenopus_tropicalis
,FBgn0000139,3,1,3,7,ash2,drosophila_melanogaster
,WBGene00012458,3,1,2,6,ash-2,caenorhabditis_elegans
2208,ENSG00000129873,2,12,2,16,CDY2B,homo_sapiens
,ENSMUSG00000059288,2,9,2,13,Cdyl,mus_musculus
,ENSXETG00000030044,1,11,1,13,0,xenopus_tropicalis
2209,ENSG00000130816,9,1,12,22,DNMT1,homo_sapiens
,ENSMUSG00000004099,3,1,12,16,Dnmt1,mus_musculus
,ENSXETG00000022035,1,1,3,5,dnmt1,xenopus_tropicalis
2210,ENSG00000135679,21,2,24,47,MDM2,homo_sapiens
,ENSMUSG00000020184,2,2,4,8,Mdm2,mus_musculus
,ENSXETG00000001434,2,2,4,8,mdm2,xenopus_tropicalis
2211,ENSG00000137948,16,6,23,45,BRDT,homo_sapiens
,ENSMUSG00000029279,2,6,5,13,Brdt,mus_musculus
,ENSXETG00000008571,1,6,4,11,brdt,xenopus_tropicalis
,FBgn0004656,9,5,27,41,fs(1)h,drosophila_melanogaster
2212,ENSG00000141570,3,5,3,11,CBX8,homo_sapiens
,ENSMUSG00000025578,1,5,1,7,Cbx8,mus_musculus
,ENSXETG00000012826,2,5,2,8,cbx8,xenopus_tropicalis
,FBgn0003042,1,1,1,3,Pc,drosophila_melanogaster
2213,ENSG00000141582,3,5,2,10,CBX4,homo_sapiens
,ENSMUSG00000039989,1,5,1,7,Cbx4,mus_musculus
,ENSXETG00000012825,1,5,1,7,cbx4,xenopus_tropicalis
,FBgn0003042,1,1,1,3,Pc,drosophila_melanogaster
2214,ENSG00000141867,6,6,13,25,BRD4,homo_sapiens
,ENSMUSG00000024002,6,6,17,29,Brd4,mus_musculus
,ENSXETG00000013039,2,6,19,27,brd4,xenopus_tropicalis
,FBgn0004656,9,5,27,41,fs(1)h,drosophila_melanogaster
2215,ENSG00000142453,4,6,2,12,CARM1,homo_sapiens
,ENSMUSG00000032185,3,6,3,12,Carm1,mus_musculus
,ENSXETG00000009357,1,6,0,7,carm1,xenopus_tropicalis
,FBgn0037770,2,8,2,12,Art4,drosophila_melanogaster
2216,ENSG00000143033,4,3,4,11,MTF2,homo_sapiens
,ENSMUSG00000029267,5,3,4,12,Mtf2,mus_musculus
,ENSXETG00000023001,1,3,1,4,mtf2,xenopus_tropicalis
,FBgn0003044,2,1,2,5,Pcl,drosophila_melanogaster
2217,ENSG00000146247,1,3,8,12,PHIP,homo_sapiens
,ENSMUSG00000032253,2,3,13,18,Phip,mus_musculus
,ENSXETG00000011747,1,4,10,15,phip,xenopus_tropicalis
,FBgn0011785,1,1,9,11,BRWD3,drosophila_melanogaster
2218,ENSG00000147099,12,4,0,16,HDAC8,homo_sapiens
,ENSMUSG00000067567,1,5,0,6,Hdac8,mus_musculus
,ENSXETG00000020527,3,4,0,7,hdac8,xenopus_tropicalis
,WBGene00001835,1,3,0,3,hda-2,caenorhabditis_elegans
2219,ENSG00000147133,5,2,7,12,TAF1,homo_sapiens
,ENSMUSG00000031314,3,1,4,7,Taf1,mus_musculus
,ENSXETG00000023137,1,1,3,5,taf1,xenopus_tropicalis
,FBgn0010355,6,0,12,19,Taf1,drosophila_melanogaster
,WBGene00006382,1,1,2,4,taf-1,caenorhabditis_elegans
2220,ENSG00000147548,8,13,23,44,WHSC1L1,homo_sapiens
,ENSMUSG00000054823,6,13,29,48,Whsc1l1,mus_musculus
,ENSXETG00000015186,2,11,8,21,WHSC1L1,xenopus_tropicalis
,FBgn0039559,2,7,12,21,Mes-4,drosophila_melanogaster
2221,ENSG00000148835,1,4,9,14,TAF5,homo_sapiens
,ENSMUSG00000025049,1,4,9,14,Taf5,mus_musculus
,ENSXETG00000011394,2,4,17,23,taf5,xenopus_tropicalis
,FBgn0010356,1,5,8,14,Taf5,drosophila_melanogaster
,FBgn0011569,1,5,6,12,can,drosophila_melanogaster
,WBGene00006386,3,3,15,21,taf-5,caenorhabditis_elegans
2222,ENSG00000150459,6,1,0,7,SAP18,homo_sapiens
,ENSMUSG00000021963,5,2,0,7,Sap18,mus_musculus
,ENSMUSG00000061104,1,2,0,3,Gm10094,mus_musculus
,ENSXETG00000009598,1,1,0,2,sap18,xenopus_tropicalis
,FBgn0024491,3,1,0,3,Bin1,drosophila_melanogaster
,WBGene00007625,3,1,0,4,C16C10.4,caenorhabditis_elegans
2223,ENSG00000152455,7,13,20,40,SUV39H2,homo_sapiens
,ENSMUSG00000026646,3,13,12,28,Suv39h2,mus_musculus
,ENSXETG00000005401,1,11,4,16,suv39h2,xenopus_tropicalis
,FBgn0263755,1,7,4,12,Su(var)3-9,drosophila_melanogaster
2224,ENSG00000153046,5,12,2,18,CDYL,homo_sapiens
,ENSMUSG00000059288,2,9,2,13,Cdyl,mus_musculus
,ENSXETG00000030044,1,11,1,13,0,xenopus_tropicalis
2225,ENSG00000153147,1,2,3,6,SMARCA5,homo_sapiens
,ENSMUSG00000031715,1,2,3,6,Smarca5,mus_musculus
,ENSXETG00000017566,1,2,2,5,smarca5,xenopus_tropicalis
,FBgn0011604,3,1,9,13,Iswi,drosophila_melanogaster
,WBGene00002169,1,1,3,5,isw-1,caenorhabditis_elegans
2226,ENSG00000153922,3,9,8,20,CHD1,homo_sapiens
,ENSMUSG00000023852,4,9,9,22,Chd1,mus_musculus
,ENSXETG00000023875,2,10,11,23,chd1,xenopus_tropicalis
,FBgn0250786,3,4,12,19,Chd1,drosophila_melanogaster
2227,ENSG00000154832,6,1,11,18,CXXC1,homo_sapiens
,ENSMUSG00000024560,1,1,2,4,Cxxc1,mus_musculus
,ENSXETG00000021938,4,1,18,23,cxxc1,xenopus_tropicalis
,FBgn0030120,1,3,1,5,CG17440,drosophila_melanogaster
,FBgn0030121,2,3,4,9,Cfp1,drosophila_melanogaster
,FBgn0031513,2,3,2,7,CG3347,drosophila_melanogaster
,WBGene00009924,13,1,0,14,cfp-1,caenorhabditis_elegans
2228,ENSG00000155827,4,2,1,7,RNF20,homo_sapiens
,ENSMUSG00000028309,5,2,2,4,Rnf20,mus_musculus
,ENSXETG00000011951,1,2,1,4,rnf20,xenopus_tropicalis
,FBgn0086694,2,1,2,5,Bre1,drosophila_melanogaster
,WBGene00007008,2,1,2,5,rfp-1,caenorhabditis_elegans
2229,ENSG00000156650,5,5,15,25,KAT6B,homo_sapiens
,ENSMUSG00000021767,6,5,13,24,Kat6b,mus_musculus
,FBgn0034975,2,5,2,9,enok,drosophila_melanogaster
,WBGene00045419,14,4,0,18,lsy-12,caenorhabditis_elegans
2230,ENSG00000158161,5,4,0,9,EYA3,homo_sapiens
,ENSMUSG00000028886,5,4,0,9,Eya3,mus_musculus
,WBGene00001377,2,1,0,3,eya-1,caenorhabditis_elegans
2231,ENSG00000158806,9,3,0,12,NPM2,homo_sapiens
,ENSMUSG00000047911,1,4,0,5,Npm2,mus_musculus
,ENSXETG00000010542,2,4,1,7,npm2,xenopus_tropicalis
2232,ENSG00000162521,9,3,37,46,RBBP4,homo_sapiens
,ENSMUSG00000057236,2,3,6,11,Rbbp4,mus_musculus
,ENSXETG00000000984,2,3,11,16,rbbp4,xenopus_tropicalis
,FBgn0263979,2,1,12,15,Caf1,drosophila_melanogaster
,WBGene00003036,1,2,6,9,lin-53,caenorhabditis_elegans
,WBGene00004312,1,2,5,8,rba-1,caenorhabditis_elegans
2233,ENSG00000163104,4,1,14,19,SMARCAD1,homo_sapiens
,ENSMUSG00000029920,4,1,4,9,Smarcad1,mus_musculus
,ENSXETG00000019214,2,1,4,7,smarcad1,xenopus_tropicalis
,FBgn0032157,1,1,2,4,Etl1,drosophila_melanogaster
,WBGene00010845,1,1,2,4,M03C11.8,caenorhabditis_elegans
2234,ENSG00000163159,2,1,0,3,VPS72,homo_sapiens
,ENSMUSG00000008958,1,1,0,2,Vps72,mus_musculus
,FBgn0032321,2,1,0,3,YL-1,drosophila_melanogaster
,WBGene00007645,1,1,0,2,C17E4.6,caenorhabditis_elegans
2235,ENSG00000163348,2,2,2,6,PYGO2,homo_sapiens
,ENSMUSG00000047824,2,2,2,6,Pygo2,mus_musculus
,FBgn0043900,1,1,1,3,pygo,drosophila_melanogaster
2236,ENSG00000163517,15,1,0,16,HDAC11,homo_sapiens
,ENSMUSG00000034245,3,1,0,4,Hdac11,mus_musculus
,FBgn0051119,2,1,0,3,HdacX,drosophila_melanogaster
,WBGene00007953,1,1,0,2,hda-11,caenorhabditis_elegans
2237,ENSG00000163872,2,2,1,5,YEATS2,homo_sapiens
,ENSMUSG00000041215,2,2,2,6,Yeats2,mus_musculus
,ENSXETG00000013847,1,2,1,4,yeats2,xenopus_tropicalis
,FBgn0027490,1,2,1,4,D12,drosophila_melanogaster
2238,ENSG00000164105,1,2,0,3,SAP30,homo_sapiens
,ENSMUSG00000031609,1,2,0,3,Sap30,mus_musculus
,ENSXETG00000016915,2,2,0,4,sap30,xenopus_tropicalis
,FBgn0030788,2,1,0,3,Sap30,drosophila_melanogaster
2239,ENSG00000165097,3,4,2,9,KDM1B,homo_sapiens
,ENSMUSG00000038080,3,4,4,11,Kdm1b,mus_musculus
,ENSXETG00000015429,1,5,2,8,kdm1b,xenopus_tropicalis
,WBGene00000137,1,5,1,7,amx-1,caenorhabditis_elegans
2240,ENSG00000166164,4,2,2,8,BRD7,homo_sapiens
,ENSMUSG00000031660,1,2,1,4,Brd7,mus_musculus
,ENSXETG00000018460,2,2,4,8,brd7,xenopus_tropicalis
,FBgn0031947,1,1,1,3,CG7154,drosophila_melanogaster
,WBGene00007256,4,1,4,9,swsn-9,caenorhabditis_elegans
2241,ENSG00000166337,2,1,0,3,TAF10,homo_sapiens
,ENSMUSG00000043866,1,2,0,3,Taf10,mus_musculus
,ENSMUSG00000071151,1,2,0,3,Gm4799,mus_musculus
,ENSXETG00000004906,1,1,0,2,taf10,xenopus_tropicalis
,FBgn0026324,1,2,0,3,Taf10b,drosophila_melanogaster
,FBgn0028398,1,2,0,3,Taf10,drosophila_melanogaster
,WBGene00006392,3,1,0,4,taf-10,caenorhabditis_elegans
2242,ENSG00000167548,3,8,12,23,KMT2D,homo_sapiens
,ENSMUSG00000048154,4,9,20,33,Kmt2d,mus_musculus
,ENSXETG00000011176,1,8,13,14,kmt2d,xenopus_tropicalis
,FBgn0023518,2,5,8,15,trr,drosophila_melanogaster
2243,ENSG00000168395,2,5,1,8,ING5,homo_sapiens
,ENSMUSG00000026283,2,5,2,9,Ing5,mus_musculus
,ENSXETG00000002976,1,4,1,6,ing5,xenopus_tropicalis
,FBgn0032516,2,3,2,7,CG9293,drosophila_melanogaster
2244,ENSG00000169925,4,6,5,15,BRD3,homo_sapiens
,ENSMUSG00000026918,0,6,19,25,Brd3,mus_musculus
,ENSXETG00000019589,3,6,8,17,brd3,xenopus_tropicalis
,FBgn0004656,9,5,27,41,fs(1)h,drosophila_melanogaster
2245,ENSG00000170004,8,9,22,39,CHD3,homo_sapiens
,ENSMUSG00000018474,6,9,20,35,Chd3,mus_musculus
,ENSXETG00000012991,2,10,9,21,chd3,xenopus_tropicalis
,FBgn0023395,1,4,5,10,Chd3,drosophila_melanogaster
,FBgn0262519,4,4,24,32,Mi-2,drosophila_melanogaster
,WBGene00000482,1,4,5,10,chd-3,caenorhabditis_elegans
,WBGene00002637,1,4,6,11,let-418,caenorhabditis_elegans
2246,ENSG00000171148,4,1,0,5,TADA3,homo_sapiens
,ENSMUSG00000048930,4,1,0,5,Tada3,mus_musculus
,ENSXETG00000023674,1,1,0,2,tada3,xenopus_tropicalis
,FBgn0030891,2,1,0,3,dik,drosophila_melanogaster
2247,ENSG00000171720,2,4,0,6,HDAC3,homo_sapiens
,ENSMUSG00000024454,1,5,0,6,Hdac3,mus_musculus
,ENSXETG00000002708,1,4,0,5,hdac3,xenopus_tropicalis
,FBgn0025825,1,2,0,3,Hdac3,drosophila_melanogaster
2248,ENSG00000172352,2,12,2,16,CDY1B,homo_sapiens
,ENSMUSG00000059288,2,9,2,13,Cdyl,mus_musculus
,ENSXETG00000030044,1,11,1,13,0,xenopus_tropicalis
2249,ENSG00000172943,14,6,16,36,PHF8,homo_sapiens
,ENSMUSG00000023350,1,7,2,10,4921501E09Rik,mus_musculus
,ENSMUSG00000041229,9,7,15,31,Phf8,mus_musculus
,ENSXETG00000022032,1,8,2,11,phf8,xenopus_tropicalis
,WBGene00005013,1,3,1,5,jmjd-1.1,caenorhabditis_elegans
,WBGene00017920,3,3,3,9,jmjd-1.2,caenorhabditis_elegans
2250,ENSG00000172977,11,5,0,16,KAT5,homo_sapiens
,ENSMUSG00000024926,1,5,0,6,Kat5,mus_musculus
,ENSXETG00000020586,1,3,0,4,kat5,xenopus_tropicalis
,FBgn0026080,0,5,0,8,Tip60,drosophila_melanogaster
2251,ENSG00000173120,4,6,11,21,KDM2A,homo_sapiens
,ENSMUSG00000054611,6,7,10,23,Kdm2a,mus_musculus
,ENSXETG00000015793,1,7,4,12,kdm2a,xenopus_tropicalis
,ENSXETG00000031050,1,7,0,8,0,xenopus_tropicalis
,FBgn0037659,4,1,8,13,Kdm2,drosophila_melanogaster
2252,ENSG00000173575,10,9,17,36,CHD2,homo_sapiens
,ENSMUSG00000078671,7,9,8,24,Chd2,mus_musculus
,ENSXETG00000024129,1,10,4,15,chd2,xenopus_tropicalis
,FBgn0250786,3,4,12,19,Chd1,drosophila_melanogaster
2253,ENSG00000173894,2,5,2,9,CBX2,homo_sapiens
,ENSMUSG00000025577,1,5,1,7,Cbx2,mus_musculus
,ENSXETG00000003005,1,5,1,7,cbx2,xenopus_tropicalis
,FBgn0003042,1,1,1,3,Pc,drosophila_melanogaster
2254,ENSG00000175792,4,1,0,5,RUVBL1,homo_sapiens
,ENSMUSG00000030079,2,2,0,4,Ruvbl1,mus_musculus
,ENSMUSG00000079076,1,2,0,3,Gm3086,mus_musculus
,ENSXETG00000002064,2,1,0,2,ruvbl1,xenopus_tropicalis
,FBgn0040078,1,1,0,2,pont,drosophila_melanogaster
,WBGene00007784,1,1,0,2,ruvb-1,caenorhabditis_elegans
2255,ENSG00000178691,2,1,0,3,SUZ12,homo_sapiens
,ENSMUSG00000017548,2,1,0,3,Suz12,mus_musculus
,ENSXETG00000020055,2,1,0,3,suz12,xenopus_tropicalis
,FBgn0020887,2,1,0,3,Su(z)12,drosophila_melanogaster
2256,ENSG00000178913,2,2,0,4,TAF7,homo_sapiens
,ENSMUSG00000051316,1,3,0,4,Taf7,mus_musculus
,ENSXETG00000018171,2,1,0,3,taf7,xenopus_tropicalis
,FBgn0024909,2,1,0,3,Taf7,drosophila_melanogaster
,WBGene00006388,1,2,0,3,taf-7.1,caenorhabditis_elegans
,WBGene00006389,1,2,0,3,taf-7.2,caenorhabditis_elegans
2257,ENSG00000181090,12,13,18,43,EHMT1,homo_sapiens
,ENSMUSG00000036893,11,13,40,72,Ehmt1,mus_musculus
,ENSXETG00000016933,2,11,16,29,ehmt1,xenopus_tropicalis
,FBgn0040372,2,7,13,22,G9a,drosophila_melanogaster
,WBGene00018023,1,6,2,9,set-11,caenorhabditis_elegans
2258,ENSG00000181555,2,13,4,19,SETD2,homo_sapiens
,ENSMUSG00000044791,3,13,7,23,Setd2,mus_musculus
,ENSXETG00000023876,1,11,9,21,setd2,xenopus_tropicalis
,FBgn0030486,2,7,8,17,Set2,drosophila_melanogaster
,WBGene00016603,2,6,8,16,met-1,caenorhabditis_elegans
2259,ENSG00000183207,4,1,0,5,RUVBL2,homo_sapiens
,ENSMUSG00000003868,1,1,0,2,Ruvbl2,mus_musculus
,ENSXETG00000025105,2,1,0,3,ruvbl2,xenopus_tropicalis
,FBgn0040075,3,1,0,4,rept,drosophila_melanogaster
,WBGene00020687,1,1,0,2,ruvb-2,caenorhabditis_elegans
2260,ENSG00000183495,5,4,10,19,EP400,homo_sapiens
,ENSMUSG00000029505,6,3,11,20,Ep400,mus_musculus
,ENSXETG00000002041,3,4,10,17,ep400,xenopus_tropicalis
,FBgn0020306,4,1,15,20,dom,drosophila_melanogaster
,WBGene00007027,4,1,9,14,ssl-1,caenorhabditis_elegans
2261,ENSG00000183741,2,5,2,9,CBX6,homo_sapiens
,ENSMUSG00000089715,4,5,4,13,Cbx6,mus_musculus
,ENSXETG00000006910,1,5,1,7,cbx6,xenopus_tropicalis
,FBgn0003042,1,1,1,3,Pc,drosophila_melanogaster
2262,ENSG00000183955,3,1,6,10,KMT5A,homo_sapiens
,ENSMUSG00000049327,3,1,6,10,Setd8,mus_musculus
,ENSXETG00000005820,1,1,1,3,setd8,xenopus_tropicalis
,FBgn0011474,3,1,6,10,pr-set7,drosophila_melanogaster
,WBGene00004781,2,1,3,6,set-1,caenorhabditis_elegans
2263,ENSG00000185658,6,3,33,42,BRWD1,homo_sapiens
,ENSMUSG00000022914,7,3,42,52,Brwd1,mus_musculus
,ENSXETG00000023728,1,4,9,14,brwd1,xenopus_tropicalis
,FBgn0011785,1,1,9,11,BRWD3,drosophila_melanogaster
2264,ENSG00000187531,2,2,2,6,SIRT7,homo_sapiens
,ENSMUSG00000025138,3,2,2,7,Sirt7,mus_musculus
,ENSXETG00000005388,1,2,1,4,sirt7,xenopus_tropicalis
,FBgn0039631,1,2,1,4,Sirt7,drosophila_melanogaster
2265,ENSG00000196235,9,1,0,10,SUPT5H,homo_sapiens
,ENSMUSG00000003435,2,1,0,3,Supt5,mus_musculus
,ENSXETG00000002888,2,1,5,8,supt5h,xenopus_tropicalis
,FBgn0040273,1,1,0,2,Spt5,drosophila_melanogaster
,WBGene00005015,1,1,0,2,spt-5,caenorhabditis_elegans
2266,ENSG00000196363,3,12,9,24,WDR5,homo_sapiens
,ENSMUSG00000026917,2,11,6,19,Wdr5,mus_musculus
,ENSXETG00000019588,1,11,7,19,wdr5,xenopus_tropicalis
,FBgn0040066,2,8,14,24,wds,drosophila_melanogaster
,WBGene00006474,1,6,7,14,wdr-5.1,caenorhabditis_elegans
2267,ENSG00000196367,6,1,15,22,TRRAP,homo_sapiens
,ENSMUSG00000045482,5,1,12,18,Trrap,mus_musculus
,ENSXETG00000020075,1,1,3,5,trrap,xenopus_tropicalis
,FBgn0053554,1,1,3,5,Nipped-A,drosophila_melanogaster
,WBGene00007028,3,1,6,10,trr-1,caenorhabditis_elegans
2268,ENSG00000196591,12,4,0,16,HDAC2,homo_sapiens
,ENSMUSG00000019777,2,5,0,5,Hdac2,mus_musculus
,ENSXETG00000007339,1,4,0,5,hdac2,xenopus_tropicalis
,FBgn0015805,1,2,0,3,Rpd3,drosophila_melanogaster
,WBGene00001834,1,3,0,4,hda-1,caenorhabditis_elegans
,WBGene00001836,2,3,0,5,hda-3,caenorhabditis_elegans
2269,ENSG00000197323,4,5,18,27,TRIM33,homo_sapiens
,ENSMUSG00000033014,4,5,13,22,Trim33,mus_musculus
,ENSXETG00000021457,1,4,6,11,trim33,xenopus_tropicalis
,FBgn0023097,6,1,30,37,bon,drosophila_melanogaster
2270,ENSG00000198604,4,8,12,24,BAZ1A,homo_sapiens
,ENSMUSG00000035021,5,8,11,24,Baz1a,mus_musculus
,ENSXETG00000012293,1,8,5,14,baz1a,xenopus_tropicalis
,FBgn0027620,1,5,4,10,Acf1,drosophila_melanogaster
,WBGene00019217,1,4,4,9,athp-2,caenorhabditis_elegans
2271,ENSG00000198625,12,2,11,25,MDM4,homo_sapiens
,ENSMUSG00000054387,5,2,6,13,Mdm4,mus_musculus
,ENSXETG00000000035,1,2,1,4,mdm4,xenopus_tropicalis
2272,ENSG00000198730,2,1,15,18,CTR9,homo_sapiens
,ENSMUSG00000005609,1,1,11,13,Ctr9,mus_musculus
,ENSXETG00000013673,2,1,7,10,ctr9,xenopus_tropicalis
,FBgn0035205,2,2,20,24,CG2469,drosophila_melanogaster
,WBGene00007184,4,1,20,25,ctr-9,caenorhabditis_elegans
2273,ENSG00000204256,9,6,19,34,BRD2,homo_sapiens
,ENSMUSG00000024335,5,6,11,22,Brd2,mus_musculus
,ENSXETG00000017067,2,6,9,17,brd2,xenopus_tropicalis
,FBgn0004656,9,5,27,41,fs(1)h,drosophila_melanogaster
2274,ENSG00000204371,5,13,38,56,EHMT2,homo_sapiens
,ENSMUSG00000013787,6,13,43,62,Ehmt2,mus_musculus
,ENSXETG00000010928,2,11,9,22,ehmt2,xenopus_tropicalis
,FBgn0040372,2,7,13,22,G9a,drosophila_melanogaster
,WBGene00018023,1,6,2,9,set-11,caenorhabditis_elegans
2275,ENSG00000206376,5,1,38,44,EHMT2,homo_sapiens
2276,ENSG00000213246,4,1,0,5,SUPT4H1,homo_sapiens
,ENSMUSG00000020485,1,1,0,2,Supt4a,mus_musculus
,ENSXETG00000025331,1,1,0,2,supt4h1,xenopus_tropicalis
,FBgn0028683,1,1,0,2,spt4,drosophila_melanogaster
,WBGene00005014,1,1,0,2,spt-4,caenorhabditis_elegans
2277,ENSG00000215077,5,1,13,19,BRD2,homo_sapiens
2278,ENSG00000224143,5,1,38,39,EHMT2,homo_sapiens
2279,ENSG00000225553,7,1,4,12,PHF1,homo_sapiens
2280,ENSG00000227333,5,1,38,44,EHMT2,homo_sapiens
2281,ENSG00000230678,5,1,5,11,BRD2,homo_sapiens
2282,ENSG00000232045,5,1,38,44,EHMT2,homo_sapiens
2283,ENSG00000234507,5,1,13,19,BRD2,homo_sapiens
2284,ENSG00000234704,5,1,13,19,BRD2,homo_sapiens
2285,ENSG00000235307,5,1,13,19,BRD2,homo_sapiens
2286,ENSG00000236227,5,1,9,15,BRD2,homo_sapiens
2287,ENSG00000236759,5,1,38,44,EHMT2,homo_sapiens
2288,ENSG00000238134,5,1,38,44,EHMT2,homo_sapiens
2301,ENSG00000272333,1,8,8,17,KMT2B,homo_sapiens
,ENSMUSG00000006307,3,9,24,36,Kmt2b,mus_musculus
,ENSXETG00000017567,2,8,8,25,kmt2b,xenopus_tropicalis
,FBgn0003862,5,5,40,50,trx,drosophila_melanogaster
